shipment_id,order_id,carrier_name,origin_hub,destination_zone,vehicle_type,dispatch_timestamp,promised_sla_timestamp,actual_delivery_timestamp,dest_latitude,dest_longitude,cargo_weight_kg,length_cm,width_cm,height_cm,transit_distance_km,freight_cost_usd,scheduled_days,package_volume_m3,density_kg_m3,delivery_status,actual_transit_hours
SHP-10000000,ORD-500000,DHL Express,WH-04,Zone-Suburban-B,SPRINTER_VAN,2026-10-03 09:51:33.445887164,2026-10-05 09:51:33.445887164,2026-10-03 20:48:29.821988340,18.405264268846793,73.85796759740312,4.356424440180271,23.297810637976042,46.72604135359537,27.540568338991285,65.78991756750322,70.27,2,0.029981061021832033,144.82283178171457,ON_TIME,10.948993361437777
SHP-10000001,ORD-500001,DHL Express,WH-04,Zone-Industrial-C,EV_CARGO_VAN,2026-10-03 07:29:03.754743882,2026-10-05 07:29:03.754743882,2026-10-04 02:34:47.425459040,18.616015479860533,73.90015716635801,1.764032771387269,89.2383484152687,43.6218433153648,50.875048796846514,1441.3943228731955,1007.34,2,0.1980434011638928,8.902808577148441,ON_TIME,19.095464087543892
SHP-10000002,ORD-500002,UPS Ground,WH-12,Zone-Industrial-C,RIGID_TRUCK_24FT,2026-10-01 12:53:39.488293542,2026-10-02 12:53:39.488293542,2026-10-02 16:09:30.016814077,18.58537106966993,73.75184963204809,2.9804439335746236,29.816876211691934,14.504874238257283,48.74511488389752,127.4263858894735,106.12,1,0.021081776667821742,140.70792928821498,LATE,27.26403570014861
SHP-10000003,ORD-500003,UPS Ground,WH-04,Zone-Metro-A,SPRINTER_VAN,2026-10-04 00:25:30.767351583,2026-10-08 00:25:30.767351583,2026-10-04 10:38:30.212674996,18.60831563575346,73.83714187667019,1.8467846810217454,31.34880402339214,20.03510511260603,16.624668597240444,1553.0516598367324,1073.14,4,0.010441565058749271,175.19074926060946,ON_TIME,10.216512589836944
SHP-10000004,ORD-500004,FedEx Freight,WH-04,Zone-Metro-A,EV_CARGO_VAN,2026-10-02 22:55:47.994799047,2026-10-04 22:55:47.994799047,2026-10-04 02:15:25.937888470,18.464298328585993,73.90185895522379,36.28747571559805,93.93769690889198,48.244067101367044,15.112040202181666,1633.7893418748536,1145.69,2,0.06848680738298187,529.0736965342682,ON_TIME,27.32720641372861
SHP-10000005,ORD-500005,FedEx Freight,WH-10,Zone-Metro-A,HEAVY_FREIGHT_TRAILER,2026-10-02 08:11:17.655078369,2026-10-06 08:11:17.655078369,2026-10-03 01:12:08.408195245,18.60621291721836,73.98797798751117,35.98085313972805,73.15326528350562,27.606307001468448,44.475244670667635,1456.6199222986936,1031.95,4,0.08981737855399032,400.1546054651001,ON_TIME,17.01409808802111
SHP-10000006,ORD-500006,FedEx Freight,WH-06,Zone-Suburban-B,SPRINTER_VAN,2026-10-03 12:28:14.800841983,2026-10-04 12:28:14.800841983,2026-10-04 20:54:57.128850530,18.578912985307976,73.85213718311891,22.412932688679387,72.44798277462738,75.81987206060852,35.276119210048826,1520.5367068679493,1055.55,1,0.19377160940883043,115.60709047097087,LATE,32.445091113485276
SHP-10000007,ORD-500007,BlueDart Logistics,WH-10,Zone-Suburban-B,EV_CARGO_VAN,2026-10-02 00:31:49.126817703,2026-10-06 00:31:49.126817703,2026-10-02 14:57:25.060291876,18.5098368937666,73.79074306636983,6.045822930611108,60.5378482795173,22.996936484462132,35.64632508751269,1044.008632918802,732.57,4,0.04962628093808434,121.58204507871683,ON_TIME,14.426648187270278
SHP-10000008,ORD-500008,UPS Ground,WH-01,Zone-Industrial-C,SPRINTER_VAN,2026-10-03 07:55:57.749762406,2026-10-07 07:55:57.749762406,2026-10-04 05:00:06.624575662,18.531347743490322,73.88355477449171,4.058926037300411,69.05452636821764,11.50919738863872,46.3883427902645,498.8585244669143,364.95,4,0.03686770018979734,109.79655257052283,ON_TIME,21.06913189257111
SHP-10000009,ORD-500009,UPS Ground,WH-07,Zone-Metro-A,EV_CARGO_VAN,2026-10-01 08:51:33.145002726,2026-10-05 08:51:33.145002726,2026-10-02 00:52:31.767098609,18.57037615098202,73.82143809027492,1.5017619711859362,72.16812058532204,43.56728270432953,52.023393616198454,1194.2585828908568,834.27,4,0.16357033689339048,9.175529296821422,ON_TIME,16.016283915523054
SHP-10000010,ORD-500010,FedEx Freight,WH-01,Zone-Metro-A,RIGID_TRUCK_24FT,2026-10-03 18:26:14.563348323,2026-10-07 18:26:14.563348323,2026-10-04 09:53:06.389273491,18.547987652826265,73.8036948498287,27.038836857573813,106.94349231014013,83.96223329561916,18.143014533479423,819.8775510023522,594.24,4,0.16291001827995205,165.87223989594025,ON_TIME,15.447729423657778
SHP-10000011,ORD-500011,UPS Ground,WH-01,Zone-Suburban-B,RIGID_TRUCK_24FT,2026-10-02 14:16:05.883547925,2026-10-06 14:16:05.883547925,2026-10-03 09:43:37.939617452,18.59254841979081,73.89760081475701,25.593721261595938,36.18246420942003,57.54043947298573,35.55467507348026,21.808598969206543,37.9,4,0.07402322969650217,345.28610486064247,ON_TIME,19.4589044637575
SHP-10000013,ORD-500013,FedEx Freight,WH-02,Zone-Metro-A,SPRINTER_VAN,2026-10-01 21:55:44.842893892,2026-10-03 21:55:44.842893892,2026-10-02 05:13:42.437309016,18.562212986474858,73.95880605108482,2.38618533190778,20.43575633200499,11.265100860089374,53.003679415725145,1208.8834053239027,839.92,2,0.012202022421753573,193.96691455287115,ON_TIME,7.299331781978889
SHP-10000014,ORD-500014,FedEx Freight,WH-07,Zone-Suburban-B,SPRINTER_VAN,2026-10-03 06:44:57.506321069,2026-10-05 06:44:57.506321069,2026-10-05 00:30:21.916186572,18.53508384485936,73.79557313471727,6.022701634160204,77.52888588688562,46.37113298066701,20.807516358618415,37.51816651264758,37.57,2,0.07480514944590369,80.40437378086781,ON_TIME,41.75678051819528
SHP-10000015,ORD-500015,FedEx Freight,WH-06,Zone-Metro-A,RIGID_TRUCK_24FT,2026-10-03 13:36:04.679511537,2026-10-04 13:36:04.679511537,2026-10-03 18:30:39.708804728,18.5383061482042,73.94146986458746,7.819525155661101,67.15900717811488,25.48495016038227,10.72846211286319,1154.0602977667938,806.41,1,0.018362234430175334,423.5416457977909,ON_TIME,4.909730359219722
SHP-10000016,ORD-500016,DHL Express,WH-05,Zone-Rural-D,EV_CARGO_VAN,2026-10-02 16:04:16.858040436,2026-10-03 16:04:16.858040436,2026-10-03 02:36:29.271164281,18.540814615174778,73.80746715859334,1.0829553472840212,25.567724365430777,58.58155640849845,17.805278963277896,1211.353643626582,839.98,1,0.026668694967098342,40.45603824224872,ON_TIME,10.536781423290277
SHP-10000017,ORD-500017,UPS Ground,WH-12,Zone-Rural-D,SPRINTER_VAN,2026-10-03 02:28:34.818716817,2026-10-04 02:28:34.818716817,2026-10-03 17:56:36.930890745,18.664441589146694,73.8226753151733,50.12861100154548,49.63119883622779,53.7256370298476,57.002473270799,302.60172880309227,246.0,1,0.15199525801667,329.58694212577797,ON_TIME,15.467253381646666
SHP-10000018,ORD-500018,DHL Express,WH-01,Zone-Metro-A,SPRINTER_VAN,2026-10-02 14:51:19.679454765,2026-10-03 14:51:19.679454765,2026-10-03 12:21:18.011098118,18.645588232340984,73.98001287672088,1.782360090298397,31.973004506464363,29.89103315403887,30.436384183936784,804.3143523176645,560.08,1,0.029088239175108534,61.06432387392445,ON_TIME,21.499536567598057
SHP-10000019,ORD-500019,DHL Express,WH-09,Zone-Metro-A,EV_CARGO_VAN,2026-10-03 22:22:28.482911633,2026-10-05 22:22:28.482911633,2026-10-05 20:11:06.088398682,18.58887098835116,73.97776253767844,3.5411818328228457,46.49076533808184,15.166205066400373,28.021558480581366,1784.4433204342256,1234.29,2,0.01975767809903665,178.3280912885096,ON_TIME,45.79516401284843
SHP-10000020,ORD-500020,UPS Ground,,Zone-Suburban-B,SPRINTER_VAN,2026-10-02 17:50:47.691589311,2026-10-03 17:50:47.691589311,2026-10-02 22:45:38.485356429,18.61494608068071,73.7921576911363,1.0765589006991276,,,,1637.1398006960003,1130.83,1,,,ON_TIME,4.914109379755001
SHP-10000021,ORD-500021,FedEx Freight,WH-08,Zone-Metro-A,RIGID_TRUCK_24FT,2026-10-03 18:36:36.817380269,2026-10-04 18:36:36.817380269,2026-10-04 06:25:57.575677495,18.412840790820432,73.76604796398087,7.069051325107823,79.91528969365025,53.909807094470665,7.805807560674313,767.0897752134686,554.53,1,0.0336291194765802,209.58303788559365,ON_TIME,11.822432860340555
SHP-10000022,ORD-500022,DHL Express,WH-12,Zone-Industrial-C,RIGID_TRUCK_24FT,2026-10-03 15:41:50.453503648,2026-10-10 15:41:50.453503648,2026-10-03 19:49:27.764668011,18.6231975158139,73.82327952580924,6.697654779517584,15.719064575538486,73.15946871314713,41.778276121109805,655.0174406283978,469.09,7,0.04804495123773895,139.11437455704709,ON_TIME,4.127030878989722
SHP-10000023,ORD-500023,DHL Express,WH-01,Zone-Industrial-C,EV_CARGO_VAN,2026-10-02 11:33:22.849693494,2026-10-03 11:33:22.849693494,2026-10-03 04:20:32.998238488,18.545849406536092,73.89544376494445,29.258933413504142,38.98826700949175,29.485001172753723,37.440488779874805,240.0602916354613,196.67,1,0.043040428934023864,678.2253708754456,ON_TIME,16.786152373609443
SHP-10000024,ORD-500024,DHL Express,WH-06,Zone-Industrial-C,EV_CARGO_VAN,2026-10-01 22:33:57.900289457,2026-10-05 22:33:57.900289457,2026-10-02 18:11:13.070027222,18.49532426936444,73.96922291945408,2.89481233887435,15.984346972389009,58.964654858530906,36.654056417247205,76.67753738481369,72.22,4,0.034546869781624905,83.55191557332617,ON_TIME,19.6208804827125
SHP-10000025,ORD-500025,BlueDart Logistics,WH-04,Zone-Industrial-C,EV_CARGO_VAN,2026-10-02 11:14:16.488759492,2026-10-03 11:14:16.488759492,2026-10-04 09:29:09.124369766,18.441933089781443,73.77970934722512,2.4537428848395586,82.91250738302467,18.90103753965137,11.067758181345935,558.7365849385407,407.21,1,0.017344642602423264,140.658822353787,LATE,45.79516401284843
SHP-10000026,ORD-500026,FedEx Freight,WH-10,Zone-Suburban-B,RIGID_TRUCK_24FT,2026-10-03 17:29:15.543800937,2026-10-10 17:29:15.543800937,2026-10-04 11:16:25.205500100,18.422562637105596,73.85373962555063,9.936392361426215,59.59507119527044,31.885743093763278,24.36336432609444,1740.2407919371542,1209.96,7,0.04629607204551356,214.1645170237434,ON_TIME,17.78601713865639
SHP-10000027,ORD-500027,DHL Express,,Zone-Metro-A,EV_CARGO_VAN,2026-10-01 22:23:22.353284386,2026-10-05 22:23:22.353284386,2026-10-03 06:48:15.776293564,18.413465705649017,73.81793744668013,0.7478590112808328,109.43177572236698,59.24043339080272,49.679697625208135,1773.9315235512804,1234.15,4,0.32206283933232815,2.321369568354767,ON_TIME,32.41483972477167
SHP-10000028,ORD-500028,UPS Ground,WH-04,Zone-Industrial-C,SPRINTER_VAN,2026-10-02 19:45:33.900846328,2026-10-06 19:45:33.900846328,2026-10-03 19:47:38.430059982,18.44853885246707,73.753732241809,44.602228662055964,84.69040979715254,71.91859788585948,14.62011731541505,1505.4105479791958,1067.68,4,0.08904843755114633,500.314193801397,ON_TIME,24.034591448237222
SHP-10000029,ORD-500029,FedEx Freight,WH-09,Zone-Suburban-B,EV_CARGO_VAN,2026-10-03 16:02:20.277071425,2026-10-07 16:02:20.277071425,2026-10-04 04:25:53.153093589,18.409043138439323,73.94711156519826,1.8478679495905403,64.20172955724878,34.06941263075102,53.547798804034,656.8160072495018,465.48,4,0.11712591510168302,15.763305818407813,ON_TIME,12.392465561712221
SHP-10000030,ORD-500030,UPS Ground,WH-03,Zone-Industrial-C,SPRINTER_VAN,2026-10-02 07:27:01.361553275,2026-10-03 07:27:01.361553275,2026-10-02 14:01:52.696329931,18.619792672732757,73.95332105329192,79.86972079921922,91.44701567977285,69.91401674173758,11.681306519189675,275.98538363732035,244.86,1,0.07468359433995311,1068.0112597442892,ON_TIME,6.580926326848889
SHP-10000031,ORD-500031,FedEx Freight,WH-08,Zone-Metro-A,EV_CARGO_VAN,2026-10-03 04:14:20.737911099,2026-10-10 04:14:20.737911099,2026-10-03 23:54:08.443755206,18.47458423570652,73.80530726544383,3.488758612471449,81.95634686723723,60.83143452049619,14.303213156819348,1106.5905281632386,778.02,7,0.07130898598079366,48.8560167120955,ON_TIME,19.663251623363056
SHP-10000032,ORD-500032,FedEx Freight,WH-06,Zone-Metro-A,RIGID_TRUCK_24FT,2026-10-01 23:41:07.703993452,2026-10-05 23:41:07.703993452,2026-10-02 05:55:12.696408921,18.5106221280796,73.78781006251009,1.6286365591558374,38.15873687541878,36.15060786306999,31.276247863455065,1200.2762032449614,841.6,4,0.04314438083463511,37.6612296840064,ON_TIME,6.234720115408056
SHP-10000033,ORD-500033,DHL Express,,,EV_CARGO_VAN,2026-10-01 13:52:05.232239427,2026-10-05 13:52:05.232239427,2026-10-03 04:01:54.524100421,18.646814864144766,73.78614021340555,18.16864343872208,65.37453610861408,75.72977033083295,56.99149474466956,792.3662202734203,568.45,4,0.28215341267821015,64.36996905130668,ON_TIME,38.16369218360945
SHP-10000034,ORD-500034,UPS Ground,WH-08,Zone-Metro-A,SPRINTER_VAN,2026-10-03 15:11:44.391144068,2026-10-07 15:11:44.391144068,2026-10-04 05:59:46.120262956,18.434397248957374,73.86598679744107,16.955808591426553,67.81987885923672,48.19217995265734,23.1251222979983,1283.246810236781,893.01,4,0.07558186773917078,224.0405674165294,ON_TIME,14.800480310802222
SHP-10000035,ORD-500035,BlueDart Logistics,WH-05,,EV_CARGO_VAN,2026-10-01 13:07:32.667187536,2026-10-03 13:07:32.667187536,2026-10-03 00:53:13.220296962,18.650678209070865,73.81162389685895,17.456291258874053,57.86701136774133,58.61851169095617,41.20198964569269,1384.4013058278895,968.58,2,0.13976036602762817,124.81228066731728,ON_TIME,35.76126475261833
SHP-10000036,ORD-500036,DHL Express,WH-02,,SPRINTER_VAN,2026-10-02 01:32:22.057604628,2026-10-06 01:32:22.057604628,2026-10-02 13:34:29.857689099,18.591862105165085,73.87783891062213,10.182866906013752,32.02329917125939,47.17235064276101,37.376919079399194,1451.2673376504456,1011.69,4,0.05646210834829811,180.0298327514544,ON_TIME,12.035500023464166
SHP-10000037,ORD-500037,FedEx Freight,WH-02,Zone-Industrial-C,RIGID_TRUCK_24FT,2026-10-03 19:34:04.362181736,2026-10-05 19:34:04.362181736,2026-10-04 15:09:09.589725252,18.50260885438138,73.84621293428796,132.6436641791318,36.22005990749926,43.9539970368076,13.229245007530663,935.2239286750983,712.02,2,0.021061175088961194,6268.25606902737,ON_TIME,19.584785428754444
SHP-10000038,ORD-500038,UPS Ground,WH-03,Zone-Industrial-C,EV_CARGO_VAN,2026-10-02 06:56:44.839210790,2026-10-04 06:56:44.839210790,2026-10-03 01:47:15.248075771,18.435342163920303,73.80272257622525,1.7870896263708662,41.69950309081635,73.59832879291423,18.649179576678982,1467.03574915479,1024.07,2,0.05723458834151521,31.16948561182672,ON_TIME,18.8417802402725
SHP-10000039,ORD-500039,DHL Express,WH-04,Zone-Suburban-B,RIGID_TRUCK_24FT,2026-10-04 04:03:33.354594070,2026-10-05 04:03:33.354594070,2026-10-04 20:01:45.892782994,18.427447809202274,73.93779794738933,,,,,58.82567148326157,49.53,1,,,ON_TIME,15.970149496923334
SHP-10000040,ORD-500040,FedEx Freight,WH-11,Zone-Rural-D,SPRINTER_VAN,2026-10-04 04:32:27.139573384,2026-10-11 04:32:27.139573384,2026-10-04 16:57:15.146390604,18.500654303823794,73.78759097258396,1.309066332295554,102.10966975610339,12.74719167727935,15.165629300920473,1262.5832260660422,879.79,7,0.019739757995466633,65.98197077780256,ON_TIME,12.413335227005554
SHP-10000041,ORD-500041,DHL Express,WH-08,Zone-Metro-A,EV_CARGO_VAN,2026-10-02 01:18:57.144501561,2026-10-03 01:18:57.144501561,2026-10-02 22:32:20.778270944,18.442102591815413,73.94972557870511,65.51470050019536,80.17911920043049,75.98369826587209,43.22554393653123,445.09521305878195,349.83,1,0.26334324070151943,248.68620779845085,ON_TIME,21.22323160260639
SHP-10000042,ORD-500042,FedEx Freight,WH-07,Zone-Suburban-B,SPRINTER_VAN,2026-10-01 08:57:01.555207171,2026-10-02 08:57:01.555207171,2026-10-01 17:57:26.490162539,18.48031308894258,73.89036159592257,13.778751522822056,80.51364499952473,71.87679647883873,58.05819654301674,509.2162961219066,375.47,1,0.33598643382678683,40.997642677607715,ON_TIME,9.006926376491112
SHP-10000043,ORD-500043,FedEx Freight,WH-02,Zone-Suburban-B,EV_CARGO_VAN,2026-10-03 08:45:52.403266034,2026-10-05 08:45:52.403266034,2026-10-03 16:15:24.446172217,18.415886740135395,73.9580092856691,58.62953143073003,69.37140831186653,37.49203559272095,11.572829571125295,179.81253674317398,175.95,2,0.030099486693119883,1941.4082108914504,ON_TIME,7.492234140606389
SHP-10000044,ORD-500044,FedEx Freight,WH-11,Zone-Suburban-B,SPRINTER_VAN,2026-10-02 14:28:15.701486450,2026-10-06 14:28:15.701486450,2026-10-04 03:21:26.019269535,18.57850252650901,73.75118976001748,26.32592087354042,80.48452677530062,23.908835402890844,26.955009460302296,365.61698048426354,282.79,4,0.05186929028079171,506.5668730764003,ON_TIME,36.88619938419028
SHP-10000046,ORD-500046,DHL Express,WH-01,Zone-Metro-A,EV_CARGO_VAN,2026-10-03 08:56:29.914679108,2026-10-04 08:56:29.914679108,2026-10-04 02:06:21.264927743,18.627019693937687,73.76287889831278,6.015873493127235,51.590232075276866,15.907067772672944,17.185883457249858,775.4870599756675,544.76,1,0.014103583538924064,423.54617598024447,ON_TIME,17.164263957954166
SHP-10000047,ORD-500047,UPS Ground,WH-09,Zone-Suburban-B,SPRINTER_VAN,2026-10-01 08:14:40.536441809,2026-10-02 08:14:40.536441809,2026-10-03 08:46:56.559272842,18.46545249288339,73.98752467975946,2.0059948295176504,82.68993075327356,41.781606665410635,11.544221419982446,1717.2328027898038,1180.84,1,0.03988434024916155,50.16951178929894,LATE,45.79516401284843
SHP-10000048,ORD-500048,UPS Ground,WH-07,Zone-Rural-D,RIGID_TRUCK_24FT,2026-10-03 20:39:14.982175589,2026-10-07 20:39:14.982175589,2026-10-04 10:28:18.803344962,18.639392973801456,73.92568487209763,54.19122416893791,49.15525541586518,16.439674115502335,40.72531511953062,311.4093328183628,255.8,4,0.032909979726569484,1641.6618434127602,ON_TIME,13.81772810260361
SHP-10000049,ORD-500049,FedEx Freight,WH-02,Zone-Metro-A,HEAVY_FREIGHT_TRAILER,2026-10-01 15:58:58.735546168,2026-10-08 15:58:58.735546168,2026-10-03 06:50:05.591117003,18.45696459586776,73.83004307265534,23.587484077326756,96.15743588094847,54.843225649657214,46.048893045089144,387.06015177707894,292.18,7,0.24284270345795986,97.09072856105952,ON_TIME,38.85190432523194
SHP-10000050,ORD-500050,UPS Ground,WH-06,Zone-Rural-D,SPRINTER_VAN,2026-10-01 15:09:59.238971151,2026-10-05 15:09:59.238971151,2026-10-02 09:35:56.752862990,18.61640996911039,73.82996262321144,10.823276965546965,96.51271765455333,12.040628785722248,42.22366505126809,1037.260944312101,732.18,4,0.049067015165428565,220.1328864306832,ON_TIME,18.432642747733055
SHP-10000051,ORD-500051,BlueDart Logistics,WH-07,Zone-Industrial-C,HEAVY_FREIGHT_TRAILER,2026-10-01 18:38:54.259633457,2026-10-03 18:38:54.259633457,2026-10-02 03:05:46.520890270,18.49992240388756,73.96537309492966,5.50149395732569,100.71531041523107,57.19287817257337,55.85610516905341,654.4408101357536,464.27,2,0.32174225202039825,17.09375920280662,ON_TIME,8.447850349114722
SHP-10000052,ORD-500052,DHL Express,WH-03,Zone-Industrial-C,SPRINTER_VAN,2026-10-04 03:08:21.040121143,2026-10-11 03:08:21.040121143,2026-10-06 09:48:15.526943776,18.574935998466703,73.97571003211317,15.002748464355,15.519015802978442,60.49041799670474,13.01233447949298,1195.5161533604753,846.27,7,0.012215351800899374,1218.2151762208994,ON_TIME,45.79516401284843
SHP-10000053,ORD-500053,BlueDart Logistics,WH-12,Zone-Suburban-B,EV_CARGO_VAN,2026-10-03 07:54:29.498177796,2026-10-05 07:54:29.498177796,2026-10-04 15:13:08.261440725,18.41159854429652,73.97289332025969,2.858299235053462,43.32818727462901,46.53583559688633,22.59149553617534,787.721606174151,550.87,2,0.04555153516937806,62.61124022332418,ON_TIME,31.310767573035832
SHP-10000054,ORD-500054,UPS Ground,WH-11,Zone-Industrial-C,RIGID_TRUCK_24FT,2026-10-03 15:41:55.501992174,2026-10-05 15:41:55.501992174,2026-10-04 06:53:57.740194924,18.548573330306276,73.95218507314158,12.649178292360208,27.722813364151627,23.125549697320892,23.951504533635077,1503.7157224615191,1046.86,2,0.015355436456428425,818.4290575048108,ON_TIME,15.20062172298611
SHP-10000055,ORD-500055,FedEx Freight,WH-09,Zone-Metro-A,SPRINTER_VAN,2026-10-02 10:37:46.988301929,2026-10-04 10:37:46.988301929,,18.444606368410618,73.95475800520909,7.78407282510524,58.1286887995649,17.604545397040543,17.764515711579755,805.2055728124519,568.85,2,0.018178946600611912,425.84909268484097,EXCEPTION_OR_IN_TRANSIT,
SHP-10000056,ORD-500056,FedEx Freight,WH-06,Zone-Industrial-C,SPRINTER_VAN,2026-10-02 06:12:52.258969284,2026-10-04 06:12:52.258969284,2026-10-02 18:51:49.324135081,18.545896068174706,73.89319197571939,3.386748890049373,62.06771605453329,33.49692611027524,12.821271928633163,1063.9777973215291,750.42,2,0.0266564205333823,126.57705412515624,ON_TIME,12.649184768276944
SHP-10000057,ORD-500057,FedEx Freight,WH-06,Zone-Metro-A,SPRINTER_VAN,2026-10-01 22:52:58.254558197,2026-10-05 22:52:58.254558197,2026-10-03 03:04:20.181024060,18.442407739265843,73.75705776323727,20.791675706295536,39.31088406881727,44.89050097000093,31.768691175944504,602.1325416436134,437.03,4,0.05606174166471941,370.21066459120846,ON_TIME,28.189424018295277
SHP-10000058,ORD-500058,FedEx Freight,WH-09,Zone-Rural-D,RIGID_TRUCK_24FT,2026-10-02 16:36:23.968938576,2026-10-04 16:36:23.968938576,2026-10-02 20:04:56.526913954,18.53112673604181,73.77169332051474,86.74502519251324,83.72741674428168,58.165623763363335,50.89417954260856,1306.0273349122463,941.64,2,0.24785757676852146,349.8381712025411,ON_TIME,3.475710548716111
SHP-10000059,ORD-500059,DHL Express,WH-07,,RIGID_TRUCK_24FT,2026-10-02 21:43:54.007732056,2026-10-04 21:43:54.007732056,2026-10-03 06:12:24.266452827,18.433186246069685,73.91238831235155,1.6257855119270832,40.62812313295209,10.093759563887472,57.499684908182495,1215.4014760789826,847.56,2,0.023580074903908885,68.65626559562587,ON_TIME,8.475071866880834
SHP-10000060,ORD-500060,DHL Express,WH-01,Zone-Metro-A,SPRINTER_VAN,2026-10-03 03:29:16.039474794,2026-10-05 03:29:16.039474794,2026-10-04 10:33:58.927237213,18.465985455320286,73.85029129008176,28.04017088454835,96.11968065191907,63.32979394265224,12.113734772017372,741.6878982387182,532.18,2,0.07373920563888929,379.74637784808834,ON_TIME,31.07857993400528
SHP-10000061,ORD-500061,FedEx Freight,WH-07,Zone-Metro-A,EV_CARGO_VAN,2026-10-02 00:30:45.116236461,2026-10-03 00:30:45.116236461,2026-10-02 14:29:37.956178351,18.578523680651156,73.8918274077104,3.425177130233958,31.87763997346975,63.45339490939574,50.273647544000475,519.3470049291165,374.48,1,0.10169074295935542,33.64920061150959,ON_TIME,13.981344428302778
SHP-10000062,ORD-500062,BlueDart Logistics,WH-11,Zone-Industrial-C,SPRINTER_VAN,2026-10-04 02:18:11.137770055,2026-10-06 02:18:11.137770055,2026-10-04 21:07:21.942467324,18.692998191163042,73.80776940565553,18.18906174071657,49.88735300270194,43.34033548693749,50.35196176309012,1140.7238409197096,,2,0.1088677194959963,166.9215601174885,ON_TIME,18.819667971463613
SHP-10000063,ORD-500063,DHL Express,WH-06,Zone-Metro-A,SPRINTER_VAN,2026-10-01 18:13:21.402735289,2026-10-02 18:13:21.402735289,,18.534755430517592,73.9123542934108,4.303374830939479,74.11258705030897,35.75548343109638,26.39379668539118,1745.512731249832,1223.2,1,0.06994175002943202,61.44013861919742,EXCEPTION_OR_IN_TRANSIT,
SHP-10000064,ORD-500064,DHL Express,WH-01,Zone-Rural-D,EV_CARGO_VAN,2026-10-04 03:31:37.302899454,2026-10-05 03:31:37.302899454,2026-10-06 10:11:09.636348641,18.60615210778285,73.81070738604834,6.298716575386989,72.50683169400907,73.17314235027689,11.051629327999978,255.79787816089365,,1,0.05863500200748892,107.23957368016912,LATE,45.79516401284843
SHP-10000065,ORD-500065,UPS Ground,WH-10,Zone-Metro-A,RIGID_TRUCK_24FT,2026-10-01 07:04:10.706953944,2026-10-05 07:04:10.706953944,2026-10-02 18:43:22.915435100,18.561827401313312,73.86520319949383,7.092468213239632,22.412765640488633,68.8440611523421,59.45044037162939,1480.7763445191401,1029.46,4,0.09173118579339842,77.23376489111499,ON_TIME,35.65339124476556
SHP-10000066,ORD-500066,FedEx Freight,WH-03,Zone-Metro-A,SPRINTER_VAN,2026-10-02 16:38:27.779318926,2026-10-06 16:38:27.779318926,,18.54950738028833,73.86967997489779,46.22921634953022,95.39456815814007,83.7457066388293,41.05761667908503,1010.0188784212705,727.32,4,0.3280045993695333,140.89780039158728,EXCEPTION_OR_IN_TRANSIT,
SHP-10000067,ORD-500067,BlueDart Logistics,WH-04,,EV_CARGO_VAN,2026-10-02 06:00:08.943639813,2026-10-06 06:00:08.943639813,2026-10-02 18:38:36.643461999,18.419411259051955,73.7944170574598,8.081253713059107,71.81616867582864,37.894810400421406,59.02076322728693,977.9787197295531,689.79,4,0.16062265193817574,50.280738997311204,ON_TIME,12.641027728385
SHP-10000068,ORD-500068,FedEx Freight,WH-03,Zone-Industrial-C,EV_CARGO_VAN,2026-10-02 14:20:12.788890721,2026-10-04 14:20:12.788890721,2026-10-03 22:26:57.496697926,18.443289220682583,73.96905193159691,6.007371089039875,97.636657127181,78.01244536428239,31.601053362656216,1779.5754632446497,1237.85,2,0.24070125372908666,24.947424467309734,ON_TIME,32.11241883533472
SHP-10000069,ORD-500069,BlueDart Logistics,WH-05,Zone-Industrial-C,EV_CARGO_VAN,2026-10-02 23:05:16.258871820,2026-10-06 23:05:16.258871820,2026-10-05 10:44:40.234656878,18.66491731876977,73.88145526406828,8.17052339465461,97.42537993164751,16.555141441971422,26.73561499652008,1125.5978779310074,798.44,4,0.043121631331712845,189.03782996871018,ON_TIME,45.79516401284843
SHP-10000070,ORD-500070,BlueDart Logistics,WH-10,Zone-Metro-A,HEAVY_FREIGHT_TRAILER,2026-10-02 13:21:44.709756894,2026-10-09 13:21:44.709756894,2026-10-03 19:55:48.459508946,18.52304929451254,73.96669594448458,87.82093327939191,66.86227558562794,40.85995496881392,18.59520117837496,1538.491767401776,1099.05,7,0.05080189566284033,1725.2978918720978,ON_TIME,30.567708264458886
SHP-10000071,ORD-500071,FedEx Freight,WH-07,Zone-Industrial-C,EV_CARGO_VAN,2026-10-02 11:52:08.303598173,2026-10-06 11:52:08.303598173,2026-10-05 07:20:17.553874322,18.584299742975436,73.81563392387397,17.674169494991443,101.5242384445866,44.903058906149425,59.096460097461076,957.6091834335303,680.79,4,0.26940592005674135,65.57989335176886,ON_TIME,45.79516401284843
SHP-10000072,ORD-500072,FedEx Freight,WH-03,Zone-Suburban-B,EV_CARGO_VAN,2026-10-03 10:45:21.909275129,2026-10-07 10:45:21.909275129,2026-10-03 19:47:07.284967339,18.558469969814485,73.79308398636704,4.338221872927939,95.59874088727831,43.06557371525936,18.929149820425053,471.2304890148542,341.44,4,0.07793158660723846,55.595715293651494,ON_TIME,9.02927102561389
SHP-10000073,ORD-500073,BlueDart Logistics,WH-11,Zone-Suburban-B,SPRINTER_VAN,2026-10-03 07:22:59.130502411,2026-10-05 07:22:59.130502411,2026-10-03 17:02:14.441876818,18.51366471386537,73.75450416190503,54.477200259102396,106.02167973336825,56.88236413233428,6.306951591992769,1288.4731189400054,920.69,2,0.03803573530213595,1428.5079290460455,ON_TIME,9.6542531595575
SHP-10000074,ORD-500074,UPS Ground,WH-11,Zone-Industrial-C,EV_CARGO_VAN,2026-10-03 17:59:43.916303691,2026-10-10 17:59:43.916303691,2026-10-04 01:35:17.664017086,18.51634496278328,73.77346616493163,11.208547411985663,95.7973478631436,22.76558791286267,33.18576274736628,1708.7991503680792,1192.24,7,0.07237426397918963,154.65555352454635,ON_TIME,7.592707698165278
SHP-10000075,ORD-500075,UPS Ground,WH-11,Zone-Suburban-B,EV_CARGO_VAN,2026-10-01 23:59:49.367937277,2026-10-03 23:59:49.367937277,2026-10-02 21:54:41.244802184,18.566639501772602,73.78686765122166,,,,,1558.180915731319,1087.7,2,,,ON_TIME,21.914410240251943
SHP-10000076,ORD-500076,BlueDart Logistics,WH-03,Zone-Suburban-B,EV_CARGO_VAN,2026-10-03 01:53:09.789728253,2026-10-04 01:53:09.789728253,2026-10-03 20:19:08.574522719,18.442342540442723,73.76971389059449,14.475345559698976,59.589245664306596,51.382301390472946,19.37603768860955,376.5923082692756,286.54,1,0.05932618347315822,243.5853139759049,ON_TIME,18.432995776240556
SHP-10000077,ORD-500077,FedEx Freight,WH-06,Zone-Metro-A,SPRINTER_VAN,2026-10-03 00:08:02.488373827,2026-10-05 00:08:02.488373827,2026-10-03 15:01:55.545489503,18.516177712076328,73.97421982378555,7.53680985986941,35.142950735903135,77.81571610099483,39.90344640646454,,,2,0.10912291250663934,69.00392680346506,ON_TIME,14.898071421021111
SHP-10000078,ORD-500078,DHL Express,,Zone-Industrial-C,SPRINTER_VAN,2026-10-02 08:37:16.040578200,2026-10-03 08:37:16.040578200,2026-10-03 12:26:54.376182746,18.534092670820822,73.97785957698544,0.15588180247600736,,,,962.0266787636195,679.38,1,,,LATE,27.82731544570722
SHP-10000079,ORD-500079,FedEx Freight,WH-10,Zone-Metro-A,EV_CARGO_VAN,2026-10-02 16:59:46.114861174,2026-10-09 16:59:46.114861174,2026-10-04 05:37:53.371183862,18.695537867102836,73.98434066806877,13.422021992021879,83.64217271237719,57.24910851947473,27.123798857428007,1062.6068566438878,744.0,7,0.12988067858409713,103.26167041309813,ON_TIME,36.63534897852444
SHP-10000080,ORD-500080,BlueDart Logistics,WH-01,Zone-Industrial-C,SPRINTER_VAN,2026-10-02 04:35:32.331544844,2026-10-04 04:35:32.331544844,2026-10-02 10:41:33.004909910,18.505436430785714,73.98996520914392,2.4832218797596837,41.766047098859424,40.93433851411247,6.267508214172437,368.2303423747749,267.81,2,0.01071534262955001,229.60177636674672,ON_TIME,6.1001870458516665
SHP-10000081,ORD-500081,UPS Ground,WH-01,Zone-Metro-A,HEAVY_FREIGHT_TRAILER,2026-10-01 16:12:46.067862322,2026-10-03 16:12:46.067862322,2026-10-02 03:22:07.294847090,18.59337366876426,73.87295875125498,1.9597289989839848,47.39459366178604,47.88242963120931,37.39890107041816,434.76268094787247,317.3,2,0.0848718803910901,23.0632650467916,ON_TIME,11.155896384657778
SHP-10000082,ORD-500082,DHL Express,WH-06,Zone-Suburban-B,EV_CARGO_VAN,2026-10-01 21:23:37.273803780,2026-10-05 21:23:37.273803780,,18.44122464994794,73.88250615920624,0.8765933936522143,80.17745862643595,65.7853383085214,11.713906641587352,1406.7315048871321,982.76,4,0.06178501511165661,14.164873226105101,EXCEPTION_OR_IN_TRANSIT,
SHP-10000083,ORD-500083,FedEx Freight,WH-12,Zone-Industrial-C,EV_CARGO_VAN,2026-10-01 13:35:49.137147191,2026-10-03 13:35:49.137147191,2026-10-02 01:43:49.721131612,18.419644414549065,73.7827076071434,10.525791701847073,60.392644293598735,27.036381125251722,16.759267239248196,1354.3234119220642,943.88,2,0.027364507218539575,383.2507031017024,ON_TIME,12.133495551228055
SHP-10000084,ORD-500084,DHL Express,WH-07,Zone-Metro-A,EV_CARGO_VAN,2026-10-03 07:10:51.633889280,2026-10-04 07:10:51.633889280,2026-10-03 16:58:08.747666867,18.66146260420037,73.78426300943802,7.560695173691605,22.740843375404985,25.367457641079103,44.4414801336951,1554.4658012879017,1079.26,1,0.025637284669422764,293.7642906314086,ON_TIME,9.788087160440833
SHP-10000085,ORD-500085,DHL Express,WH-07,Zone-Metro-A,SPRINTER_VAN,2026-10-03 05:34:20.540293892,2026-10-07 05:34:20.540293892,2026-10-04 13:27:16.628744757,18.619220470721704,73.94318910966402,28.188078730103193,28.437554845837415,62.72558633028573,22.228349940115105,1726.7249857810648,1196.1,4,0.03965009264783403,709.132403283572,ON_TIME,31.882246791906947
SHP-10000086,ORD-500086,UPS Ground,WH-02,Zone-Metro-A,RIGID_TRUCK_24FT,2026-10-04 02:26:37.171513503,2026-10-08 02:26:37.171513503,2026-10-04 09:33:21.432953741,18.495249786278368,73.96393227103543,3.4660546337027904,85.83662493366955,49.10243192081351,13.976560859110952,578.5839365431474,426.83,4,0.05890822746258763,58.73849771034619,ON_TIME,7.112294844510555
SHP-10000087,ORD-500087,UPS Ground,WH-09,Zone-Suburban-B,EV_CARGO_VAN,2026-10-03 10:32:12.644817364,2026-10-05 10:32:12.644817364,2026-10-04 00:03:15.060021147,18.551373400869167,73.94617860765777,5.065417571754283,46.21410520577393,27.52293235462678,36.75832808843644,1591.9355301767248,1103.49,2,0.04675467055210903,108.10912790691422,ON_TIME,13.517337556606389
SHP-10000088,ORD-500088,BlueDart Logistics,WH-11,Zone-Industrial-C,SPRINTER_VAN,2026-10-01 09:44:50.281405589,2026-10-05 09:44:50.281405589,2026-10-02 06:06:29.684258032,18.440723255335552,73.95864396624874,97.07469770615641,63.22669569819372,46.30139760020616,16.819747221586734,1236.1296723656305,887.63,4,0.04923954720735828,1967.4825408952906,ON_TIME,20.360945236789725
SHP-10000089,ORD-500089,DHL Express,WH-05,Zone-Metro-A,EV_CARGO_VAN,2026-10-03 21:39:56.349082384,2026-10-04 21:39:56.349082384,2026-10-04 08:59:26.527842482,18.612148088194257,73.81914257885707,0.8437434050509159,87.82904043408494,44.46688043328697,19.903801767728776,1772.3820391131273,1226.41,1,0.07773396818800613,10.840297940519665,ON_TIME,11.325049655582779
SHP-10000090,ORD-500090,FedEx Freight,WH-10,Zone-Industrial-C,SPRINTER_VAN,2026-10-03 20:06:45.402235532,2026-10-04 20:06:45.402235532,2026-10-04 23:28:18.357146209,18.421099177626232,73.86651644607969,38.82547925932061,86.36168140207498,61.85833205614836,39.17366204878306,512.0722987710384,386.88,1,0.2092731286236392,185.43678223919434,LATE,27.359154141854724
SHP-10000091,ORD-500091,UPS Ground,,Zone-Metro-A,RIGID_TRUCK_24FT,2026-10-02 13:55:08.627144283,2026-10-03 13:55:08.627144283,2026-10-03 01:16:50.007482657,18.62710991708236,73.86479984584885,3.540442275455109,30.86642755429102,10.199582771445955,45.69239797501532,507.65622001344803,365.54,1,0.014385094694232922,244.41968452333947,ON_TIME,11.361494538437222
SHP-10000092,ORD-500092,BlueDart Logistics,WH-03,Zone-Suburban-B,EV_CARGO_VAN,2026-10-03 00:10:55.702696837,2026-10-05 00:10:55.702696837,2026-10-04 17:15:55.724361993,18.564050953080994,73.99882085078544,379.06162974737896,24.347417117908353,54.007019932861226,45.68128268575674,1306.4913586972316,1063.07,2,0.06006775489614496,6300.079343190949,ON_TIME,41.08333935143222
SHP-10000093,ORD-500093,UPS Ground,WH-07,Zone-Rural-D,SPRINTER_VAN,2026-10-04 04:16:39.503776876,2026-10-08 04:16:39.503776876,2026-10-04 19:25:53.924677683,18.48365515902603,73.98729450502894,21.46847799759043,71.15946783168354,55.42586128842066,31.52338765289567,1718.419002682352,1202.03,4,0.12433059864425934,172.53375159728756,ON_TIME,15.154005805779724
SHP-10000094,ORD-500094,BlueDart Logistics,WH-04,Zone-Metro-A,EV_CARGO_VAN,2026-10-02 20:19:33.291109444,2026-10-06 20:19:33.291109444,2026-10-03 21:45:57.552159618,18.658772306218435,73.8996215266065,4.24790315824918,85.45512302346776,65.91326028909398,29.986330105518952,1527.5336059574668,1064.42,4,0.16890177560658687,25.135257561658527,ON_TIME,25.44007251393722
SHP-10000095,ORD-500095,DHL Express,WH-10,Zone-Suburban-B,SPRINTER_VAN,2026-10-03 23:10:59.417915082,2026-10-05 23:10:59.417915082,2026-10-05 01:53:23.643595054,18.695821561101656,73.78449328328517,1.6946781684636192,29.158792589563987,76.69228495265868,48.320485132719156,1348.2987072241885,940.19,2,0.10805689894524885,15.66870153443932,ON_TIME,26.70672935554778
SHP-10000096,ORD-500096,UPS Ground,WH-08,Zone-Metro-A,EV_CARGO_VAN,2026-10-01 11:58:43.646024400,2026-10-03 11:58:43.646024400,2026-10-01 22:54:54.777484173,18.47630473035929,73.81464900965767,14.747879994425551,50.3357522960911,43.014234783376665,15.61690988118844,723.8743060294796,514.61,2,0.03381301282393657,434.8737775375759,ON_TIME,10.9364254054925
SHP-10000097,ORD-500097,DHL Express,WH-08,Zone-Metro-A,RIGID_TRUCK_24FT,2026-10-01 19:45:20.644369290,2026-10-05 19:45:20.644369290,2026-10-02 00:05:03.441984401,18.64187384487578,73.84094038874544,0.9123145596913556,,,,1331.2563611822281,922.59,4,,,ON_TIME,4.328554893086388
SHP-10000098,ORD-500098,FedEx Freight,WH-10,Zone-Metro-A,EV_CARGO_VAN,2026-10-02 13:44:03.681339989,2026-10-03 13:44:03.681339989,2026-10-03 10:31:29.113767682,18.625049894912937,73.96830291492336,20.619139026242966,104.7011984482305,17.674028313346472,41.55822863162304,1484.413669479837,1036.31,1,0.07690316736517062,267.7700116991451,ON_TIME,20.79039789658139
SHP-10000099,ORD-500099,FedEx Freight,WH-05,Zone-Metro-A,RIGID_TRUCK_24FT,2026-10-03 00:06:08.964721029,2026-10-04 00:06:08.964721029,2026-10-03 17:20:17.770855928,18.6241570363317,73.79265811426585,1.6947313158824329,58.13662729022001,35.26268836699248,27.522881391409044,1396.5390794551308,968.29,1,0.05642338678092326,29.982833874604403,ON_TIME,17.23577948191639
SHP-10000100,ORD-500100,FedEx Freight,WH-12,Zone-Suburban-B,EV_CARGO_VAN,2026-10-03 16:46:06.259202837,2026-10-10 16:46:06.259202837,2026-10-04 16:22:09.675164114,18.687170683445206,73.80493672915702,2.8184034290723625,22.554013732929135,15.136349833330577,44.04991533135995,1255.9782472498941,878.38,7,0.015037999815782988,186.18070176839842,ON_TIME,23.6009488781325
SHP-10000101,ORD-500101,UPS Ground,WH-07,Zone-Suburban-B,SPRINTER_VAN,2026-10-04 05:09:17.540245114,2026-10-08 05:09:17.540245114,2026-10-04 19:20:52.762169015,18.545985127690596,73.83734617291746,0.31250558170342163,39.481163339225844,70.2115154006091,19.11301229047798,98.62724060751208,85.22,4,0.05298188756908074,5.887235665776335,ON_TIME,14.193117201083611
SHP-10000102,ORD-500102,DHL Express,WH-02,Zone-Suburban-B,EV_CARGO_VAN,2026-10-02 09:59:50.307886090,2026-10-09 09:59:50.307886090,2026-10-02 22:25:43.189723182,18.602250412166995,73.98172754716335,10.550405563695524,37.13214242997563,70.52546108843774,22.86795345867218,1224.5560470650182,852.38,7,0.05988571532558035,175.88196633868264,ON_TIME,12.431356065858889
SHP-10000103,ORD-500103,DHL Express,WH-09,Zone-Metro-A,HEAVY_FREIGHT_TRAILER,2026-10-01 09:24:50.132887510,2026-10-03 09:24:50.132887510,2026-10-03 22:05:14.826309892,18.64716320908774,73.87595302269409,12.619841611709967,37.701553451400414,41.29282429710836,54.317270705196485,891.1055767775892,633.37,2,0.08456132379255293,149.0626539532098,LATE,45.79516401284843
SHP-10000104,ORD-500104,FedEx Freight,WH-10,Zone-Metro-A,EV_CARGO_VAN,2026-10-03 15:41:03.653654148,2026-10-07 15:41:03.653654148,2026-10-03 21:59:58.610871535,18.543860933512907,73.91170900914939,9.337534065234893,61.918762011028754,29.473092540736815,28.191108975187348,1779.364321108322,1245.77,4,0.05144700919407178,181.14599103275938,ON_TIME,6.315265893718611
SHP-10000105,ORD-500105,FedEx Freight,WH-04,Zone-Industrial-C,EV_CARGO_VAN,2026-10-03 01:30:55.482386263,2026-10-04 01:30:55.482386263,2026-10-04 04:00:48.144304409,18.5444293608436,73.84680582626754,1.1425240346383698,,,,1128.0150056470566,,1,,,LATE,26.497961643929443
SHP-10000106,ORD-500106,DHL Express,WH-11,Zone-Rural-D,SPRINTER_VAN,2026-10-01 20:17:42.309018637,2026-10-03 20:17:42.309018637,2026-10-02 07:36:51.771038894,18.495596426220203,73.79713052777711,50.47976224621812,26.638410924593856,73.84278745163849,10.867520676507022,1129.9216969604802,806.0,2,0.021377005623948658,2350.4096953780636,ON_TIME,11.319295005626945
SHP-10000107,ORD-500107,BlueDart Logistics,WH-12,Zone-Metro-A,EV_CARGO_VAN,2026-10-02 17:37:39.535956272,2026-10-04 17:37:39.535956272,2026-10-03 06:50:52.157704371,18.63424771384814,73.80570013435212,7.430124496850801,99.48882062019176,75.8121458789054,14.83560447060173,1839.0734343856002,1273.08,2,0.11189696786654245,66.34219335031166,ON_TIME,13.220172707805279
SHP-10000108,ORD-500108,FedEx Freight,WH-04,Zone-Rural-D,EV_CARGO_VAN,2026-10-03 11:26:46.815642341,2026-10-05 11:26:46.815642341,2026-10-04 00:49:40.697513015,18.605858733905666,73.95066780507896,4.825148822247087,73.8975132117059,29.971721094236052,6.9738250852454335,184.01435761730417,150.94,2,0.015445876454293007,310.3812664685508,ON_TIME,13.381633852964999
SHP-10000109,ORD-500109,FedEx Freight,,Zone-Suburban-B,HEAVY_FREIGHT_TRAILER,2026-10-03 13:28:10.735208192,2026-10-04 13:28:10.735208192,2026-10-03 23:13:28.304935034,18.535341969850315,73.97337050957996,23.662006786214143,71.73891437546051,56.632041135082275,28.34039464689166,519.8693320144487,386.28,1,0.11513912072836084,205.32963664300868,ON_TIME,9.754880479678333
SHP-10000110,ORD-500110,DHL Express,WH-02,Zone-Suburban-B,HEAVY_FREIGHT_TRAILER,2026-10-02 17:58:21.092390079,2026-10-04 17:58:21.092390079,2026-10-03 17:48:39.161680830,18.52580099721962,73.87326891397329,5.320765137690926,108.791504846507,29.399024859279148,59.39060024722632,1217.874008825069,849.8,2,0.18995276700203279,27.996251891633946,ON_TIME,23.838352580764166
SHP-10000111,ORD-500111,FedEx Freight,WH-03,Zone-Suburban-B,EV_CARGO_VAN,2026-10-02 03:58:31.606209400,2026-10-03 03:58:31.606209400,2026-10-03 20:34:53.571433974,18.421776892950735,73.83924863186482,15.32459732704936,74.6736778618469,26.88449703576841,53.06302339583063,591.4042385911806,426.41,1,0.1065274298874323,143.720966952197,LATE,40.606101451270554
SHP-10000112,ORD-500112,FedEx Freight,WH-03,Zone-Metro-A,HEAVY_FREIGHT_TRAILER,2026-10-04 04:06:34.077264377,2026-10-08 04:06:34.077264377,2026-10-05 02:25:48.145736066,18.401950344048522,73.95195878413182,3.53841291261653,103.25111918361257,11.590603797356147,39.80999032172788,648.2239718937261,472.77,4,0.04764231984655421,74.11480891563575,ON_TIME,22.320574575469166
SHP-10000113,ORD-500113,BlueDart Logistics,WH-12,Zone-Metro-A,SPRINTER_VAN,2026-10-03 05:45:43.588759922,2026-10-05 05:45:43.588759922,2026-10-03 23:20:59.214004798,18.55866818995955,73.91827369377023,24.032076831628498,42.19441237418022,53.28695631895469,52.360307057660634,1652.6813993470855,1159.64,2,0.11772753271586045,203.9597730488131,ON_TIME,17.587673679132223
SHP-10000114,ORD-500114,UPS Ground,WH-09,Zone-Suburban-B,EV_CARGO_VAN,2026-10-02 11:23:35.165014560,2026-10-03 11:23:35.165014560,2026-10-02 20:03:14.250126273,18.52524785570548,73.76021849437141,23.302959138922816,37.81230158291727,21.24561573891679,37.67931459938327,1076.852477463146,770.72,1,0.030269512711045325,767.3142259687157,ON_TIME,8.660856975475834
SHP-10000115,ORD-500115,BlueDart Logistics,WH-02,Zone-Metro-A,SPRINTER_VAN,2026-10-02 02:11:36.067713845,2026-10-03 02:11:36.067713845,2026-10-03 01:12:12.690538418,18.63881102797053,73.8376852247207,5.239266428579215,64.06927524832304,10.927838715019897,25.282288418377572,201.06694119403613,162.44,1,0.0177011087106506,294.32247809623817,ON_TIME,23.010173006825834
SHP-10000116,ORD-500116,BlueDart Logistics,WH-06,Zone-Rural-D,SPRINTER_VAN,2026-10-03 10:38:21.893194523,2026-10-04 10:38:21.893194523,2026-10-06 05:26:03.660711710,18.562796216892135,73.92054324455901,10.83423282595931,63.31785002548328,17.863837325261297,14.545052060561341,583.3654325765589,420.77,1,0.016451905078745537,654.5610776774968,LATE,45.79516401284843
SHP-10000117,ORD-500117,FedEx Freight,WH-08,Zone-Suburban-B,HEAVY_FREIGHT_TRAILER,2026-10-01 23:26:13.949097904,2026-10-05 23:26:13.949097904,2026-10-02 12:16:37.172368878,18.681011813014667,73.89341995507274,8.760315768812431,36.515946700970204,33.532689369086036,40.917680796812334,151.79529600593037,128.89,4,0.05010279576254816,174.49856398929325,ON_TIME,12.839784241937222
SHP-10000118,ORD-500118,BlueDart Logistics,WH-02,Zone-Metro-A,EV_CARGO_VAN,2026-10-01 18:21:47.229141979,2026-10-02 18:21:47.229141979,2026-10-02 07:14:32.213128955,18.4588422396583,73.99451682721156,7.7670176262407535,81.46728740549503,60.187239258378376,15.617820201490996,1034.166817675853,735.53,1,0.07657871908907357,101.29300174169869,ON_TIME,12.879162218604446
SHP-10000119,ORD-500119,UPS Ground,WH-12,Zone-Industrial-C,SPRINTER_VAN,2026-10-02 20:08:52.944018968,2026-10-06 20:08:52.944018968,2026-10-03 07:34:01.896114359,18.69704510211551,73.96652884455632,2.169377610912389,17.815212827485862,25.19672899990939,27.958562946003312,330.46694493906904,248.2,4,0.012550182035616593,171.48983349049882,ON_TIME,11.419153359830835
SHP-10000121,ORD-500121,BlueDart Logistics,WH-07,Zone-Suburban-B,EV_CARGO_VAN,2026-10-03 03:16:52.213564201,2026-10-04 03:16:52.213564201,2026-10-03 06:02:31.439416519,18.59272719207199,73.93144225391809,5.684069059416564,58.43189918171351,31.63663077872125,12.107611640895067,1073.1031806270469,759.11,1,0.02238199067456382,252.82765844430023,ON_TIME,2.7608960700883336
SHP-10000122,ORD-500122,DHL Express,,Zone-Industrial-C,EV_CARGO_VAN,2026-10-01 14:29:29.704527401,2026-10-05 14:29:29.704527401,2026-10-02 11:53:20.620412105,18.550556114084994,73.83408165308262,9.802052124891866,80.45571353028251,34.84197170677375,12.096178048123729,121.13242986935202,113.97,4,0.033908438071169694,288.2241196840338,ON_TIME,21.397476634639997
SHP-10000123,ORD-500123,FedEx Freight,WH-06,Zone-Rural-D,HEAVY_FREIGHT_TRAILER,2026-10-03 05:09:20.734303849,2026-10-07 05:09:20.734303849,2026-10-03 14:38:49.943779941,18.507872920374773,73.92052067577148,3.1258534092719823,60.3226599109443,26.348288496398297,17.342132857537855,565.0094697414983,411.71,4,0.027563565954481603,112.99531717694487,ON_TIME,9.491447076692223
SHP-10000124,ORD-500124,FedEx Freight,,Zone-Industrial-C,RIGID_TRUCK_24FT,2026-10-02 02:23:50.460057004,2026-10-03 02:23:50.460057004,2026-10-02 08:10:16.109505757,18.441792754979634,73.90430614652286,9.182825284219867,107.84670937404603,29.03540028038788,35.355451891726446,1144.8286323800012,795.63,1,0.1107110853805393,82.8691935710663,ON_TIME,5.7737915135425
SHP-10000125,ORD-500125,DHL Express,WH-09,Zone-Industrial-C,RIGID_TRUCK_24FT,2026-10-01 06:01:02.968605425,2026-10-05 06:01:02.968605425,2026-10-02 08:50:56.068865484,18.440450245435663,73.87576256478671,0.5785524066655154,,,,628.6459088402563,449.66,4,,,ON_TIME,26.83141673890528
SHP-10000126,ORD-500126,BlueDart Logistics,WH-08,Zone-Industrial-C,SPRINTER_VAN,2026-10-01 15:08:21.826149146,2026-10-03 15:08:21.826149146,2026-10-01 23:16:42.844903296,18.613451748213457,73.96323738858489,9.056482049184247,108.34442901522688,32.10779340371421,32.67588654902504,955.2187168756906,678.48,2,0.11366962428973551,79.60369128160457,ON_TIME,8.139171876152778
SHP-10000127,ORD-500127,BlueDart Logistics,WH-03,Zone-Rural-D,EV_CARGO_VAN,2026-10-04 01:13:13.105934856,2026-10-08 01:13:13.105934856,2026-10-04 14:24:56.395395110,18.51329241489289,73.9271724650358,9.9000155067835,21.17252453550266,74.47130947004672,21.609043608282793,1683.4078976268681,1168.96,4,0.03407196501183614,289.71162481743244,ON_TIME,13.195358183403888
SHP-10000129,ORD-500129,DHL Express,WH-06,Zone-Metro-A,EV_CARGO_VAN,2026-10-01 22:49:11.461103792,2026-10-05 22:49:11.461103792,2026-10-02 05:23:58.868578311,18.4976945459519,73.82040093727576,49.75967906254968,58.150824644566654,75.64511528992124,20.26972969509516,629.3343212194703,471.65,4,0.08916301063994557,557.450154389953,ON_TIME,6.579835409588611
SHP-10000130,ORD-500130,DHL Express,WH-03,Zone-Metro-A,EV_CARGO_VAN,2026-10-03 14:02:33.997658191,2026-10-10 14:02:33.997658191,2026-10-03 20:06:55.888853514,18.69505711652439,73.83703188114865,20.5173777105353,93.10307442532152,17.864426078451746,58.90068065847109,1518.7130743327402,1057.21,7,0.09796555524866689,209.22104258227014,ON_TIME,6.07274755425639
SHP-10000131,ORD-500131,FedEx Freight,WH-01,Zone-Metro-A,RIGID_TRUCK_24FT,2026-10-03 01:49:01.756950694,2026-10-04 01:49:01.756950694,2026-10-03 21:24:27.857980744,18.46162697697858,73.90548783745261,78.0150340170867,90.01352662311481,44.171247313161935,32.09948456280823,597.8744891210231,461.67,1,0.12762786346328572,610.7910357360003,ON_TIME,19.590583619458336
SHP-10000132,ORD-500132,FedEx Freight,WH-07,Zone-Industrial-C,SPRINTER_VAN,2026-10-04 03:54:18.501207806,2026-10-08 03:54:18.501207806,2026-10-05 14:37:11.865891782,18.430844315869315,73.99161610934043,8.713393221101782,91.01996737321404,27.194115473508628,45.900388875953205,155.287436530041,124.33,4,0.11361298694290278,76.62619244604774,ON_TIME,34.714823523326665
SHP-10000133,ORD-500133,DHL Express,WH-07,Zone-Suburban-B,EV_CARGO_VAN,2026-10-02 08:53:58.586951228,2026-10-04 08:53:58.586951228,2026-10-02 14:48:35.268901704,18.493770920056885,73.84289552483429,9.54058731929169,24.000166933739372,64.09116929171111,43.53006073940128,344.57682588851566,257.81,2,0.0669578855382446,142.27390623359994,ON_TIME,5.910189430687778
SHP-10000134,ORD-500134,DHL Express,WH-09,Zone-Suburban-B,EV_CARGO_VAN,2026-10-03 07:03:54.590764450,2026-10-04 07:03:54.590764450,2026-10-04 04:29:58.524972953,18.665675436828575,73.75807341251688,23.760322914506165,93.124741486823,82.76783685444178,31.980765614789863,1755.8948609636013,1221.11,1,0.24649921562227536,96.35198090370524,ON_TIME,21.434426169028608
SHP-10000135,ORD-500135,DHL Express,WH-12,Zone-Metro-A,EV_CARGO_VAN,2026-10-01 10:34:28.459252279,2026-10-02 10:34:28.459252279,2026-10-02 10:33:53.549528962,18.556555583348583,73.86147198885548,7.938806921799919,35.33381495715729,71.15196092877159,18.137413391735887,1727.3921527578518,1202.34,1,0.0455987308995003,173.7205118290654,ON_TIME,23.990302854634166
SHP-10000136,ORD-500136,DHL Express,WH-01,Zone-Industrial-C,SPRINTER_VAN,2026-10-02 10:31:47.312294812,2026-10-03 10:31:47.312294812,2026-10-02 14:50:32.745498695,18.44069503178116,73.88598239063225,6.067179893720387,17.439625066608304,12.645862506325479,33.089505285207565,425.20462285023564,315.03,1,0.00729752974000089,820.1629607398721,ON_TIME,4.312620334411944
SHP-10000137,ORD-500137,UPS Ground,WH-10,Zone-Metro-A,HEAVY_FREIGHT_TRAILER,2026-10-04 03:23:41.537779976,2026-10-08 03:23:41.537779976,2026-10-05 07:01:41.845787101,18.460749714881228,73.95024685217489,46.948890375932,35.68517837001908,33.74947709831756,42.4534393046239,1029.3364427553845,742.5,4,0.05112905902333533,916.4503754509004,ON_TIME,27.633418890868057
SHP-10000138,ORD-500138,DHL Express,WH-03,Zone-Industrial-C,SPRINTER_VAN,2026-10-02 20:48:23.842657471,2026-10-04 20:48:23.842657471,2026-10-04 01:52:44.959010462,18.49337819864487,73.93215011999916,21.50837600046958,60.53208494648411,12.143476783789266,30.29555988097665,264.48256857747924,210.29,2,0.022269356238976884,961.5107279213019,ON_TIME,29.072532320275275
SHP-10000139,ORD-500139,UPS Ground,WH-11,Zone-Suburban-B,RIGID_TRUCK_24FT,2026-10-02 02:43:38.367264391,2026-10-04 02:43:38.367264391,2026-10-02 16:09:19.036660574,18.577050021343812,73.99116567017958,19.91932192456731,85.50057919158604,13.012522519823914,9.50588090495079,1252.0574812042028,881.94,2,0.010576035982506962,1865.7975635531557,ON_TIME,13.427963721161944
SHP-10000140,ORD-500140,UPS Ground,WH-11,Zone-Metro-A,SPRINTER_VAN,2026-10-01 14:39:34.233642934,2026-10-02 14:39:34.233642934,2026-10-03 03:46:28.759404929,18.499713681963286,73.94567069013911,3.1991143111139895,35.7700856791211,15.963647812331041,5.989077625694618,352.592053066032,271.15,1,0.003419889394346038,908.8678514309835,LATE,37.11514604499861
SHP-10000141,ORD-500141,FedEx Freight,WH-07,Zone-Metro-A,EV_CARGO_VAN,2026-10-03 08:39:14.545775052,2026-10-05 08:39:14.545775052,2026-10-04 19:04:33.774086052,18.624116224626796,73.82465710926697,28.00719067573671,25.73571706857578,30.72451967279214,23.033224465731116,103.51479732990808,108.77,2,0.018212774711427022,1529.3799610967992,ON_TIME,34.422007864166666
SHP-10000142,ORD-500142,DHL Express,WH-09,Zone-Metro-A,EV_CARGO_VAN,2026-10-03 04:25:46.686456985,2026-10-10 04:25:46.686456985,2026-10-03 22:00:51.444771999,18.584888066855587,73.91034507774505,9.96170665483379,76.36688922727451,32.81520757285983,13.262315935132156,1528.160331649773,1058.52,7,0.03323530168817091,298.8335533309038,ON_TIME,17.58465508750389
SHP-10000143,ORD-500143,DHL Express,WH-04,Zone-Industrial-C,RIGID_TRUCK_24FT,2026-10-02 08:55:24.914566098,2026-10-04 08:55:24.914566098,2026-10-02 21:11:10.562239683,18.662147121206,73.91806029834913,2.7522394955616782,108.47031345420167,40.034013492616616,54.840463525929756,610.0859034460241,433.34,2,0.23814482212405616,11.552148210501562,ON_TIME,12.262679909329167
SHP-10000144,ORD-500144,DHL Express,WH-06,Zone-Rural-D,RIGID_TRUCK_24FT,2026-10-04 02:28:03.998403624,2026-10-08 02:28:03.998403624,2026-10-04 11:12:20.186237975,18.550288547907808,73.99950512870512,20.828306632129056,72.08267869813372,40.36983208497222,14.670796854670868,211.46417774345832,171.5,4,0.04269151468924651,486.7391767593401,ON_TIME,8.737829953986388
SHP-10000145,ORD-500145,FedEx Freight,WH-11,Zone-Suburban-B,EV_CARGO_VAN,2026-10-01 07:35:54.969126450,2026-10-05 07:35:54.969126450,2026-10-01 23:38:47.739529012,18.49935292423032,73.78468447780669,2.1406865185745927,80.65044959172506,67.85567588823858,26.685549270636137,1544.71546168477,1070.09,4,0.14603909057046935,14.648281375080392,ON_TIME,16.047991778489443
SHP-10000146,ORD-500146,UPS Ground,WH-06,Zone-Metro-A,SPRINTER_VAN,2026-10-02 03:52:05.222342969,2026-10-06 03:52:05.222342969,2026-10-03 03:41:01.594082989,18.69888147034096,73.79783137567262,0.5019846125675363,68.3109071559099,20.60524326841748,44.16426316393148,1413.2865637298207,977.11,4,0.062163976561476125,8.062199690569129,ON_TIME,23.815658816672222
SHP-10000147,ORD-500147,DHL Express,WH-05,Zone-Suburban-B,SPRINTER_VAN,2026-10-04 00:19:01.210848851,2026-10-06 00:19:01.210848851,2026-10-04 13:38:14.091985080,18.506689996542207,73.78887841100217,1.0344646222446023,89.32310220170787,21.830546185319328,49.84819130088336,1268.7480318939574,886.12,2,0.09720258267248527,10.631419987345547,ON_TIME,13.320244760063611
SHP-10000148,ORD-500148,FedEx Freight,WH-07,Zone-Industrial-C,SPRINTER_VAN,2026-10-02 05:06:26.465612398,2026-10-06 05:06:26.465612398,2026-10-02 09:02:56.759360780,18.528580791934154,73.8972650285415,6.698211485582878,107.70141991989726,56.99417887541755,31.2742234247972,1686.8751286942447,1169.58,4,0.1919722542079014,34.87339445879908,ON_TIME,3.9417482634394445
SHP-10000149,ORD-500149,FedEx Freight,WH-11,Zone-Industrial-C,HEAVY_FREIGHT_TRAILER,2026-10-02 00:09:43.934535260,2026-10-04 00:09:43.934535260,2026-10-03 13:40:27.559879806,18.642738167607426,73.78382526805851,,66.69227679339755,52.88066141443725,14.962425528461567,911.1975476682275,640.7,2,0.05276846054085525,,ON_TIME,37.512118151262776
SHP-10000150,ORD-500150,FedEx Freight,WH-05,Zone-Metro-A,SPRINTER_VAN,2026-10-02 20:27:49.930254179,2026-10-06 20:27:49.930254179,2026-10-03 15:04:22.314145194,18.426590870167928,73.91400192722614,13.136119370998822,54.59509861555895,21.550352911158434,19.89923729667192,247.3678425645342,185.18,4,0.023412321129705697,558.690879498176,ON_TIME,18.608995525281944
SHP-10000151,ORD-500151,FedEx Freight,WH-03,Zone-Metro-A,SPRINTER_VAN,2026-10-03 17:18:49.413579403,2026-10-04 17:18:49.413579403,2026-10-04 06:09:44.800106246,18.515947031817554,73.95094351271605,7.980652994646827,96.73259081021202,73.91983201404393,28.043264620263095,124.75470138722969,100.32,1,0.20052215396415962,39.77952004279916,ON_TIME,12.848718479678611
SHP-10000152,ORD-500152,FedEx Freight,WH-09,Zone-Industrial-C,EV_CARGO_VAN,2026-10-01 13:25:35.640419671,2026-10-03 13:25:35.640419671,2026-10-02 18:08:02.076126638,18.425713028031485,73.85819823105172,43.946115624511236,107.12419265719906,34.679456057590556,25.052702412907063,597.2945910098525,441.91,2,0.09307100822315012,471.67156889896125,ON_TIME,28.707343251935274
SHP-10000153,ORD-500153,DHL Express,WH-11,Zone-Suburban-B,EV_CARGO_VAN,2026-10-04 01:53:50.967940174,2026-10-05 01:53:50.967940174,2026-10-05 22:11:55.817906406,18.441791760001827,73.89017127047236,16.648204011834757,27.272255882608956,37.52255114083647,24.177001644331106,171.595065792571,146.72,1,0.024740920925679012,670.1927058841394,LATE,44.301347212842224
SHP-10000154,ORD-500154,BlueDart Logistics,WH-02,Zone-Metro-A,EV_CARGO_VAN,2026-10-03 15:14:42.890802157,2026-10-07 15:14:42.890802157,2026-10-03 17:54:23.022368190,18.4013922476494,73.97818052082282,30.839918502075864,69.9262417200184,41.53450606259414,12.251959096616535,996.2663513579429,712.8,4,0.03558400081151935,864.2505829144657,ON_TIME,2.661147657231389
SHP-10000155,ORD-500155,FedEx Freight,WH-03,Zone-Metro-A,EV_CARGO_VAN,2026-10-01 19:03:00.066238962,2026-10-03 19:03:00.066238962,2026-10-02 16:51:28.434245099,18.40286328777471,73.89239147939438,28.984517795976117,90.28369929186975,34.20264030542018,55.23206386940224,38.64919475896418,63.49,2,0.17055334858969748,169.84441287269263,ON_TIME,21.80788000170472
SHP-10000156,ORD-500156,UPS Ground,WH-02,Zone-Suburban-B,SPRINTER_VAN,2026-10-03 09:15:52.463542563,2026-10-04 09:15:52.463542563,2026-10-03 15:46:12.967084200,18.514086366850854,73.80215138800871,6.193652555234879,65.66724348985713,51.80912892044699,6.636613352974328,827.636948174233,581.89,1,0.022578838296406837,273.1027257342446,ON_TIME,6.5056954282325
SHP-10000157,ORD-500157,BlueDart Logistics,WH-05,Zone-Rural-D,SPRINTER_VAN,2026-10-02 09:43:01.300907654,2026-10-03 09:43:01.300907654,2026-10-03 08:27:49.564170135,18.64274914148433,73.83579844961083,6.834730323964615,53.87371197833013,39.14857923686489,29.20011703316632,340.01001275089,257.51,1,0.061585361871523074,110.79987401548915,ON_TIME,22.746739795133614
SHP-10000158,ORD-500158,FedEx Freight,WH-06,Zone-Rural-D,EV_CARGO_VAN,2026-10-02 10:57:54.780557381,2026-10-09 10:57:54.780557381,2026-10-03 04:50:08.668881898,18.576101308177506,73.88246145083487,3.319617918957685,77.24683300786495,29.45760444589657,58.91768208766977,688.8766646278367,497.48,7,0.13406757747815043,24.74232583873175,ON_TIME,17.870524534588057
SHP-10000159,ORD-500159,UPS Ground,WH-10,Zone-Suburban-B,RIGID_TRUCK_24FT,2026-10-03 14:23:48.791960154,2026-10-07 14:23:48.791960154,2026-10-04 15:15:21.405146904,18.590474213241293,73.7887244213724,24.456620915663954,40.662168978768086,77.83561507830808,41.28481663532561,1252.7126294285265,886.75,4,0.1306649969112076,187.02727406685568,ON_TIME,24.859059218541663
SHP-10000160,ORD-500160,DHL Express,WH-09,Zone-Suburban-B,EV_CARGO_VAN,2026-10-04 03:19:13.822228605,2026-10-06 03:19:13.822228605,2026-10-04 15:12:28.891672405,18.555774771275466,73.90312995883922,2.068565379008666,48.16770557914509,33.12630551051161,24.54758650531958,657.0714111911894,461.22,2,0.039168574094168,52.67737438207313,ON_TIME,11.887519289944445
SHP-10000161,ORD-500161,UPS Ground,WH-08,Zone-Metro-A,EV_CARGO_VAN,2026-10-01 15:07:09.202241992,2026-10-05 15:07:09.202241992,2026-10-01 19:59:08.933965040,18.645937943251166,73.999811522971,3.1168785664665806,109.26628259372774,62.386669410161645,13.035367144924344,639.3827126739956,461.63,4,0.08885896216745581,35.03726314386837,ON_TIME,4.866592145291111
SHP-10000162,ORD-500162,UPS Ground,WH-05,Zone-Suburban-B,EV_CARGO_VAN,2026-10-02 12:17:07.357398989,2026-10-04 12:17:07.357398989,2026-10-03 00:33:23.925769180,18.664113617555852,73.91313374123524,8.297735725529895,75.46420676557706,36.042007776767214,58.012993310516855,1832.9998469590046,1271.56,2,0.15778846883777567,52.55441253316289,ON_TIME,12.271268991719722
SHP-10000163,ORD-500163,UPS Ground,WH-11,Zone-Suburban-B,EV_CARGO_VAN,2026-10-02 16:37:40.064815451,2026-10-04 16:37:40.064815451,,18.654922218443613,73.84310278600361,10.29760697680849,97.92809333955209,42.64149901581039,5.769249903023235,1333.181460370914,933.16,2,0.02409123775905023,425.67507621457,EXCEPTION_OR_IN_TRANSIT,
SHP-10000164,ORD-500164,FedEx Freight,WH-06,Zone-Suburban-B,EV_CARGO_VAN,2026-10-02 09:05:40.022954735,2026-10-09 09:05:40.022954735,2026-10-03 16:54:41.712676769,18.64363963174091,73.83293662292027,18.246938112778345,91.73800873852863,27.69576425509987,42.47631638372289,956.4778263803944,690.55,7,0.10792188193929433,168.91890592160465,ON_TIME,31.817136033898333
SHP-10000165,ORD-500165,BlueDart Logistics,,Zone-Suburban-B,SPRINTER_VAN,2026-10-02 08:08:58.620867245,2026-10-03 08:08:58.620867245,2026-10-02 15:49:38.054287752,18.454813922068983,73.98290083065181,8.585158363863329,76.96589266743229,66.42472145404406,53.407560929493,1076.892446533551,757.13,1,0.27304284301636705,31.43102074012203,ON_TIME,7.677620394585278
SHP-10000166,ORD-500166,DHL Express,WH-08,Zone-Metro-A,SPRINTER_VAN,2026-10-01 09:45:48.038631965,2026-10-03 09:45:48.038631965,2026-10-02 17:49:21.745371843,18.578162867609564,73.96787857264466,5.833173611850173,94.86926283358345,65.29024385696898,6.383826943743321,1151.8956767315744,808.9,2,0.03954166223779881,147.14755342141456,ON_TIME,32.059362983299444
SHP-10000167,ORD-500167,FedEx Freight,WH-02,Zone-Metro-A,HEAVY_FREIGHT_TRAILER,2026-10-03 07:21:31.610449831,2026-10-05 07:21:31.610449831,2026-10-03 18:09:05.836797390,18.57464895882951,73.86808965504969,21.491392971449578,42.280057066189244,11.667995935607514,44.884617524977564,57.16958325326747,68.37,2,0.022142638139909365,966.2249970649009,ON_TIME,10.792840652099722
SHP-10000168,ORD-500168,FedEx Freight,WH-09,Zone-Metro-A,EV_CARGO_VAN,2026-10-02 13:24:26.776917515,2026-10-04 13:24:26.776917515,2026-10-03 10:13:14.673221529,18.55838320112429,73.83835364112507,27.035920685557663,75.52606263716834,14.514553022596887,59.93607686901042,159.52631738540506,138.62,2,0.06570354817938996,410.85809859149,ON_TIME,20.813304528892775
SHP-10000169,ORD-500169,UPS Ground,WH-05,Zone-Metro-A,EV_CARGO_VAN,2026-10-01 20:01:30.553645305,2026-10-03 20:01:30.553645305,2026-10-02 07:49:50.498402524,18.54424383678903,73.92761607089912,1.1737996848930505,,,,1205.210027793526,841.86,2,,,ON_TIME,11.80554021033861
SHP-10000170,ORD-500170,UPS Ground,WH-09,Zone-Metro-A,EV_CARGO_VAN,2026-10-03 16:45:15.883796696,2026-10-05 16:45:15.883796696,2026-10-04 11:15:58.533163632,18.426751143155915,73.82862561888857,32.571978039914256,74.12986207536775,76.6620135428388,27.807342131386932,681.8937625632005,495.18,2,0.1580275817568599,205.98543073906976,ON_TIME,18.511847046371113
SHP-10000171,ORD-500171,FedEx Freight,WH-01,,SPRINTER_VAN,2026-10-03 15:47:03.745920901,2026-10-04 15:47:03.745920901,2026-10-04 21:08:48.969221432,18.430648970171866,73.77985080806313,6.097128901371836,31.020033078943644,47.95653945838978,53.09203956459551,113.90614594627826,100.74,1,0.07898043163193492,77.10034929690043,LATE,29.36256202792528
SHP-10000172,ORD-500172,DHL Express,WH-03,Zone-Suburban-B,EV_CARGO_VAN,2026-10-02 17:01:12.710000641,2026-10-04 17:01:12.710000641,2026-10-03 00:25:38.319334103,18.670684471132187,73.82753805307539,61.41707526372511,41.338088799816504,47.001804366875234,35.479858553244554,558.8293462428887,424.29,2,0.06893611495345194,889.6368995436083,ON_TIME,7.407113703739445
SHP-10000173,ORD-500173,FedEx Freight,WH-11,Zone-Suburban-B,RIGID_TRUCK_24FT,2026-10-02 03:29:18.411369499,2026-10-03 03:29:18.411369499,2026-10-02 14:03:31.985507985,18.589055931736358,73.8585739955293,4.1362212011893424,42.232540285291215,70.93181307878444,46.2192465734467,251.46092673451517,182.34,1,0.13845579181055223,29.85238759881515,ON_TIME,10.570437260690555
SHP-10000174,ORD-500174,UPS Ground,WH-03,Zone-Rural-D,SPRINTER_VAN,2026-10-03 03:56:33.634526440,2026-10-04 03:56:33.634526440,2026-10-03 22:29:17.335031702,18.4786951643494,73.81385284399568,2.7362544035172274,72.18488544441252,20.383761016365924,37.32784455001777,1696.1848420119786,1172.1,1,0.0549241700858861,49.728226691038934,ON_TIME,18.545472362572777
SHP-10000175,ORD-500175,FedEx Freight,WH-11,,SPRINTER_VAN,2026-10-02 02:44:49.033593502,2026-10-03 02:44:49.033593502,2026-10-05 09:05:04.869520742,18.483790116764034,73.80420343145943,19.641275661594598,107.39195364177968,59.027434100946934,7.106010086837209,384.97687151262545,294.81,1,0.04504550578257221,435.06602309851263,LATE,45.79516401284843
SHP-10000176,ORD-500176,UPS Ground,WH-04,Zone-Suburban-B,SPRINTER_VAN,2026-10-01 22:59:33.255539906,2026-10-05 22:59:33.255539906,2026-10-02 08:22:32.972504348,18.583058449494587,73.75153504066617,116.39328794602727,105.63641736230407,45.698724586544465,16.722974351294116,276.1044208102684,259.23,4,0.08072931489559512,1439.9885499013458,ON_TIME,9.383254712345
SHP-10000177,ORD-500177,DHL Express,WH-09,Zone-Industrial-C,EV_CARGO_VAN,2026-10-03 10:35:49.398323623,2026-10-05 10:35:49.398323623,2026-10-06 00:31:55.750140131,18.522080492390696,73.90771069535101,1.2874930835779925,,,,1162.8982858088773,810.14,2,,,LATE,45.79516401284843
SHP-10000178,ORD-500178,DHL Express,WH-09,Zone-Metro-A,EV_CARGO_VAN,2026-10-01 08:54:12.302135670,2026-10-05 08:54:12.302135670,2026-10-03 21:25:02.790182842,18.532397251295528,73.90361223557903,24.681934181780672,43.96029809134339,12.257709348399285,10.867826931077264,971.2741278488185,691.33,4,0.005856156329460745,4143.93659543441,ON_TIME,45.79516401284843
SHP-10000179,ORD-500179,FedEx Freight,WH-07,Zone-Metro-A,EV_CARGO_VAN,2026-10-01 12:49:23.987692166,2026-10-05 12:49:23.987692166,2026-10-02 04:15:36.105517124,18.418194997160025,73.79700630944268,17.67919741666412,18.425879766520875,54.45441622929539,5.847302147343958,1070.5638505177856,751.38,4,0.005867010632413823,2962.823179940001,ON_TIME,15.436699395821666
SHP-10000180,ORD-500180,DHL Express,WH-04,Zone-Suburban-B,SPRINTER_VAN,2026-10-01 06:29:19.494706914,2026-10-05 06:29:19.494706914,2026-10-01 20:02:10.437621073,18.44162175613292,73.9859125179528,8.678580141522108,52.88748103664244,51.75461614116682,28.16407384577841,813.2726960980993,573.18,4,0.07708989405070937,112.43155918598326,ON_TIME,13.547484142821945
SHP-10000181,ORD-500181,FedEx Freight,WH-03,Zone-Industrial-C,EV_CARGO_VAN,2026-10-01 17:00:42.873934430,2026-10-03 17:00:42.873934430,2026-10-02 03:29:56.875292950,18.518005127969097,73.8523927254512,108.63533479829496,94.29404155963454,73.06362471918891,14.82583974647908,870.6571934932541,657.71,2,0.10214209610854945,1062.5303953369448,ON_TIME,10.487222599588888
SHP-10000182,ORD-500182,FedEx Freight,WH-01,Zone-Industrial-C,EV_CARGO_VAN,2026-10-01 10:58:02.210257751,2026-10-03 10:58:02.210257751,2026-10-02 02:41:55.796217999,18.60990592598043,73.75636985839408,0.9085232398684232,101.9964152036833,60.76272231662709,52.063308627168446,1443.429907647024,1000.84,2,0.3226665126966095,2.8148001856760363,ON_TIME,15.731551655624443
SHP-10000183,ORD-500183,BlueDart Logistics,WH-04,Zone-Metro-A,HEAVY_FREIGHT_TRAILER,2026-10-04 05:41:51.973728554,2026-10-06 05:41:51.973728554,,18.414407616279973,73.80494297931621,34.29275369138756,37.46716555895465,76.01202687967282,46.25206456473632,416.2169757095767,313.66,2,0.1317238075830915,260.1408222090086,EXCEPTION_OR_IN_TRANSIT,
SHP-10000184,ORD-500184,FedEx Freight,WH-09,Zone-Metro-A,EV_CARGO_VAN,2026-10-02 02:47:39.544212100,2026-10-06 02:47:39.544212100,2026-10-02 18:26:38.063715254,18.500367337849323,73.9230168710678,29.00405910430696,40.25047498143972,76.54549912319192,36.52473471485228,740.8208586038083,535.61,4,0.11253244093092676,257.5107035289598,ON_TIME,15.649588750876111
SHP-10000185,ORD-500185,UPS Ground,WH-12,Zone-Suburban-B,RIGID_TRUCK_24FT,2026-10-01 16:44:50.268883868,2026-10-03 16:44:50.268883868,2026-10-03 12:15:23.352547698,18.608521585580355,73.80040497470264,37.974253644597894,35.980732568331604,40.61230006747884,31.89617399427175,1772.4830574975706,1235.67,2,0.04660861302573028,813.003238260984,ON_TIME,43.50918990661945
SHP-10000186,ORD-500186,BlueDart Logistics,WH-11,Zone-Metro-A,RIGID_TRUCK_24FT,2026-10-01 23:21:06.230072541,2026-10-05 23:21:06.230072541,2026-10-02 10:24:20.723827424,18.637615237135087,73.76347811471902,32.61808008107491,48.25983891958498,20.307560031385982,19.07277523167867,361.19371877995104,287.18,4,0.018692074550520382,1735.735987710397,ON_TIME,11.054026043023056
SHP-10000187,ORD-500187,UPS Ground,WH-10,Zone-Suburban-B,EV_CARGO_VAN,2026-10-04 01:24:03.748143202,2026-10-08 01:24:03.748143202,2026-10-04 15:27:49.635224624,18.457066211228593,73.90442655534866,11.970359532641112,91.45214286610174,57.2712741866641,31.122330623124203,551.9558676869517,404.84,4,0.1630057197370109,73.39018859634066,ON_TIME,14.062746411506112
SHP-10000188,ORD-500188,UPS Ground,WH-10,Zone-Industrial-C,EV_CARGO_VAN,2026-10-02 19:27:05.529807923,2026-10-03 19:27:05.529807923,2026-10-03 00:53:38.925151622,18.619446139568037,73.87958869764854,6.258311176242122,76.45145963902371,75.53095738063828,40.2676101725426,364.1000068376506,259.36,1,0.23252337966722494,26.903190836599627,ON_TIME,5.442609817694167
SHP-10000189,ORD-500189,FedEx Freight,WH-09,Zone-Industrial-C,EV_CARGO_VAN,2026-10-02 08:16:00.850562996,2026-10-03 08:16:00.850562996,2026-10-03 05:14:16.437452144,18.686623508223708,73.94031645902461,4.338597537376071,89.6643871970515,15.621500814607057,48.02258731060265,49.670722306253296,59.79,1,0.06726486815870471,64.40445377484865,ON_TIME,20.97099635809667
SHP-10000190,ORD-500190,FedEx Freight,WH-04,Zone-Industrial-C,SPRINTER_VAN,2026-10-03 20:53:03.065890069,2026-10-07 20:53:03.065890069,2026-10-04 16:24:48.348561569,18.672043645028932,73.94315784713604,18.27002382767078,70.38795510185409,51.84424548134981,9.492513644277636,507.9474022265901,371.21,4,0.03464017973335808,525.9047007787241,ON_TIME,19.529245186527778
SHP-10000191,ORD-500191,BlueDart Logistics,WH-12,Zone-Rural-D,SPRINTER_VAN,2026-10-02 10:26:21.478126309,2026-10-04 10:26:21.478126309,,18.63681282321325,73.98998381344693,8.95768075052493,39.48464241561895,18.624964499486794,43.96555788100525,97.4071656785956,87.27,2,0.032332274047208925,276.196505292413,EXCEPTION_OR_IN_TRANSIT,
SHP-10000192,ORD-500192,FedEx Freight,WH-09,Zone-Suburban-B,RIGID_TRUCK_24FT,2026-10-02 06:07:14.221333034,2026-10-03 06:07:14.221333034,2026-10-02 20:24:12.630473231,18.6136980058124,73.76425438600464,7.008300355557366,36.65944712019169,12.024699381640147,45.850143221870695,296.3112623353921,228.2,1,0.020211606541632194,345.03919427508737,ON_TIME,14.2828914278325
SHP-10000193,ORD-500193,UPS Ground,WH-08,Zone-Industrial-C,HEAVY_FREIGHT_TRAILER,2026-10-01 20:55:27.629844891,2026-10-05 20:55:27.629844891,2026-10-02 10:31:09.888000598,18.47054149240593,73.75974735495456,4.643917514977089,15.85506705705623,60.97265154556251,35.7434710508671,678.6096447842757,482.69,4,0.034554124169248426,134.00764342785018,ON_TIME,13.595071709918612
SHP-10000194,ORD-500194,DHL Express,WH-02,Zone-Suburban-B,SPRINTER_VAN,2026-10-02 09:12:04.936757319,2026-10-03 09:12:04.936757319,2026-10-03 07:59:21.824560310,18.590170968114432,73.99679926200692,5.533623541206705,89.19330300303689,61.13872089041229,16.787555763676067,50.08559697274525,54.45,1,0.09154530242040003,60.38087490641455,ON_TIME,22.788024389719723
SHP-10000195,ORD-500195,DHL Express,WH-06,Zone-Metro-A,EV_CARGO_VAN,2026-10-02 04:48:04.585079587,2026-10-09 04:48:04.585079587,2026-10-02 20:56:26.757512410,18.592982198143087,73.91121196942424,22.92963022975192,95.47651648564819,55.04935337472715,34.655152312564624,1395.934168180657,972.22,7,0.18214472529717718,125.81779907408426,ON_TIME,16.139492342450833
SHP-10000196,ORD-500196,UPS Ground,WH-06,Zone-Metro-A,EV_CARGO_VAN,2026-10-03 06:45:57.186250078,2026-10-07 06:45:57.186250078,2026-10-04 02:56:48.070548116,18.522046399627804,73.92884263491689,9.228887923028582,87.98684696469955,74.44171029263478,32.64876849984207,1474.292607308427,1030.97,4,0.21384588708096613,43.1365521859085,ON_TIME,20.180801193899445
SHP-10000197,ORD-500197,BlueDart Logistics,WH-11,Zone-Metro-A,RIGID_TRUCK_24FT,2026-10-02 02:50:59.837050652,2026-10-06 02:50:59.837050652,2026-10-02 21:45:39.101282914,18.547904638510282,73.77412050493379,,,,,768.178568844951,535.1,4,,,ON_TIME,18.910906731183886
SHP-10000198,ORD-500198,BlueDart Logistics,WH-07,Zone-Suburban-B,EV_CARGO_VAN,2026-10-02 23:33:30.174272727,2026-10-03 23:33:30.174272727,2026-10-04 09:41:24.437468143,18.60820854645241,73.76745317271208,,,,,1821.816070089907,1258.4,1,,,LATE,34.131739776504446
SHP-10000199,ORD-500199,BlueDart Logistics,WH-05,Zone-Suburban-B,EV_CARGO_VAN,2026-10-01 10:44:39.249176287,2026-10-02 10:44:39.249176287,,18.685630460713124,73.79006339848394,19.003996205666677,19.347908049275585,74.84015784845855,11.095406146033586,1259.990815416551,878.95,1,0.016066153563336644,1175.5422297092366,EXCEPTION_OR_IN_TRANSIT,
SHP-10000200,ORD-500200,UPS Ground,,Zone-Industrial-C,SPRINTER_VAN,2026-10-01 19:46:22.149415736,2026-10-03 19:46:22.149415736,2026-10-02 14:24:49.530790303,18.48859186253231,73.85679890069937,2.691972915728063,25.03134124210716,47.74575399146973,15.05908666715506,1378.9605727886167,960.34,2,0.017997720770139312,148.74651620052268,ON_TIME,18.64093927071306
SHP-10000201,ORD-500201,FedEx Freight,WH-02,Zone-Metro-A,SPRINTER_VAN,2026-10-02 11:19:59.446401661,2026-10-03 11:19:59.446401661,2026-10-04 07:27:21.155389940,18.47390894558723,73.77754404568324,38.51476994939029,56.845160428603386,30.47896066286779,10.353264864823828,365.4481786983532,287.89,1,0.01793787422287563,2135.2166820492553,LATE,44.12269694118861
SHP-10000202,ORD-500202,FedEx Freight,WH-06,Zone-Metro-A,HEAVY_FREIGHT_TRAILER,2026-10-04 01:27:37.246613133,2026-10-06 01:27:37.246613133,2026-10-04 23:04:14.676000798,18.58054206768966,73.8615834351102,39.768230777813656,60.23396584785981,65.36177334889655,18.33628052173914,1551.2103507463094,1091.39,2,0.0721899148442582,550.1214223794641,ON_TIME,21.61039705212917
SHP-10000203,ORD-500203,BlueDart Logistics,WH-01,Zone-Rural-D,SPRINTER_VAN,2026-10-02 09:09:43.714697508,2026-10-04 09:09:43.714697508,2026-10-03 23:34:06.980804879,18.439239733432405,73.89038397577534,1.6614618423294565,92.53127047877615,77.08027919533015,19.491223050187013,1748.9952795635284,1214.42,2,0.1390179550181019,11.942828243221866,ON_TIME,38.406462807603056
SHP-10000204,ORD-500204,UPS Ground,WH-10,Zone-Metro-A,EV_CARGO_VAN,2026-10-03 05:48:48.012214997,2026-10-04 05:48:48.012214997,2026-10-04 06:12:41.825260179,18.574759849146343,73.75008324197128,3.601351582324902,79.5550547438865,61.72024646522216,18.479172382117497,446.3380861626293,325.87,1,0.09073564846146664,39.646896822150495,LATE,24.398281401439444
SHP-10000205,ORD-500205,FedEx Freight,WH-12,Zone-Suburban-B,HEAVY_FREIGHT_TRAILER,2026-10-02 00:21:58.608051626,2026-10-03 00:21:58.608051626,2026-10-02 05:19:58.673750218,18.426655445521426,73.77856140769799,3.7909946881820975,29.565416969965547,69.39494475088368,16.601098750208187,1273.7213730821666,889.24,1,0.03406031621632105,110.9765689572523,ON_TIME,4.966684916275556
SHP-10000206,ORD-500206,FedEx Freight,WH-04,Zone-Suburban-B,EV_CARGO_VAN,2026-10-01 15:08:47.102892261,2026-10-05 15:08:47.102892261,2026-10-03 05:32:58.872671864,18.547175163881352,73.84379879794197,41.062538218891405,36.48394440673613,31.187293014639437,45.44821250166339,1384.877647443203,986.37,4,0.0517125879844653,792.5205016048026,ON_TIME,38.403269383223055
SHP-10000207,ORD-500207,UPS Ground,WH-11,Zone-Suburban-B,EV_CARGO_VAN,2026-10-01 10:12:52.686740748,2026-10-02 10:12:52.686740748,2026-10-02 04:10:10.423612569,18.58612431241406,73.7633324481742,4.4242597288696315,42.13914288457524,31.658151955790682,50.021096977896484,572.9009377859512,408.97,1,0.06673051380460576,66.20119279353385,ON_TIME,17.954926908839166
SHP-10000208,ORD-500208,FedEx Freight,WH-04,Zone-Metro-A,SPRINTER_VAN,2026-10-02 03:59:23.178822281,2026-10-03 03:59:23.178822281,2026-10-02 19:53:18.044034364,18.421032891781852,73.78338224332803,20.656096583141917,26.748900558211545,74.80929102659744,22.991006911491343,885.0665467278808,622.68,1,0.046006528823291336,448.0080611209927,ON_TIME,15.898573670023056
SHP-10000209,ORD-500209,FedEx Freight,WH-12,Zone-Metro-A,EV_CARGO_VAN,2026-10-01 17:21:05.738145758,2026-10-05 17:21:05.738145758,2026-10-02 13:05:46.041518961,18.462085945584587,73.80794909761399,4.08194275616837,42.326264204126915,56.11471364914115,21.78208904264469,191.2768540013709,150.94,4,0.05173521028122014,78.74845561583948,ON_TIME,19.74452871477861
SHP-10000210,ORD-500210,UPS Ground,WH-10,Zone-Metro-A,SPRINTER_VAN,2026-10-01 18:31:43.508125779,2026-10-08 18:31:43.508125779,2026-10-02 07:40:12.235529769,18.500612285463855,73.8574003535419,32.803671945811914,84.21682477627463,27.562206375530234,51.42177923638794,330.14824967757556,255.46,7,0.1193603113417398,274.5989155508773,ON_TIME,13.141313167775
SHP-10000211,ORD-500211,UPS Ground,WH-11,Zone-Suburban-B,EV_CARGO_VAN,2026-10-03 12:46:28.812733897,2026-10-05 12:46:28.812733897,2026-10-04 07:50:03.225048477,18.510579608555847,73.92870929948418,36.952409312697974,37.933139660191884,49.31213615966591,39.315814591618505,125.16662246354392,113.52,2,0.07354275322005435,501.7793020622036,ON_TIME,19.05955897627222
SHP-10000212,ORD-500212,UPS Ground,WH-01,Zone-Suburban-B,SPRINTER_VAN,2026-10-01 07:08:25.227988911,2026-10-02 07:08:25.227988911,2026-10-01 18:19:59.704582929,18.602831392976245,73.78317215295647,66.94562053047493,94.35916647073671,61.439535360418695,21.139107863398163,1041.5841716222499,759.5,1,0.12255151185454498,545.8197744016979,ON_TIME,11.192910165005
SHP-10000213,ORD-500213,FedEx Freight,,Zone-Metro-A,EV_CARGO_VAN,2026-10-02 22:09:44.384590624,2026-10-04 22:09:44.384590624,2026-10-04 11:48:36.796451308,18.558706402167857,73.93448964297734,7.346834497066331,59.60411453689474,26.3911810938091,44.24867609226202,1161.2332051956212,812.73,2,0.06960418435776415,105.40019318435633,ON_TIME,37.64789218352333
SHP-10000214,ORD-500214,UPS Ground,WH-10,Zone-Suburban-B,RIGID_TRUCK_24FT,2026-10-02 09:19:16.389849826,2026-10-09 09:19:16.389849826,2026-10-03 00:35:43.652575621,18.514632541091597,73.9637651824293,9.055265712612952,45.67889731821694,59.117980615580194,23.952604562824202,1695.8277943512012,1167.86,7,0.06468267125696041,139.77913440301415,ON_TIME,15.274239646054166
SHP-10000215,ORD-500215,FedEx Freight,WH-04,Zone-Industrial-C,RIGID_TRUCK_24FT,2026-10-02 18:28:17.759976295,2026-10-06 18:28:17.759976295,2026-10-03 07:17:44.256322125,18.535202876302495,73.91286969172131,7.637395416384316,54.179719932142945,13.160863736332583,37.260558788819516,1008.5356819261794,716.74,4,0.026568712660458706,286.3803556482937,ON_TIME,12.824026762730554
SHP-10000216,ORD-500216,DHL Express,WH-11,Zone-Metro-A,EV_CARGO_VAN,2026-10-02 22:31:25.597486025,2026-10-06 22:31:25.597486025,2026-10-03 07:32:16.623639213,18.40389300119507,73.76093142385695,9.31529225887288,82.40219035638168,32.77687172531209,59.59487164932908,491.00369954528765,354.16,4,0.1609589558918248,57.837778764252604,ON_TIME,9.01417393144111
SHP-10000217,ORD-500217,BlueDart Logistics,WH-04,Zone-Suburban-B,EV_CARGO_VAN,2026-10-02 04:33:44.906403326,2026-10-04 04:33:44.906403326,2026-10-03 00:08:46.697026692,18.631157583792287,73.86016342173185,5.415519394156236,64.09530680836907,60.547885879458605,21.58769063688183,121.31237863447637,101.69,2,0.08377827234492674,64.56403121760037,ON_TIME,19.58383072871278
SHP-10000218,ORD-500218,UPS Ground,WH-11,Zone-Industrial-C,EV_CARGO_VAN,2026-10-02 03:14:52.216559766,2026-10-04 03:14:52.216559766,2026-10-02 21:49:09.046103746,18.41230140660843,73.91501650040837,32.087565963977106,15.691473077630516,21.201179911742617,56.17893003895832,1638.543710956038,1152.39,2,0.018689479694408713,1707.74105966998,ON_TIME,18.571341539994442
SHP-10000219,ORD-500219,BlueDart Logistics,WH-02,Zone-Metro-A,EV_CARGO_VAN,2026-10-03 10:48:17.759347607,2026-10-04 10:48:17.759347607,2026-10-04 07:58:21.446119272,18.64879524787677,73.99462828365183,3.6225593406940813,102.62076542558214,26.66492729818742,22.6358827856584,892.1411483345621,630.32,1,0.061940269402032976,58.39045148594043,ON_TIME,21.167690769906944
SHP-10000220,ORD-500220,UPS Ground,WH-09,Zone-Metro-A,RIGID_TRUCK_24FT,2026-10-03 20:43:54.995321003,2026-10-07 20:43:54.995321003,2026-10-04 05:09:57.854337081,18.562298956424417,73.98795209701731,7.587528866553084,21.26962028517591,75.9319967768792,34.71576874061529,1367.1978165949863,958.34,4,0.05606751966276836,135.087483159464,ON_TIME,8.434127504466112
SHP-10000221,ORD-500221,UPS Ground,WH-07,Zone-Suburban-B,SPRINTER_VAN,2026-10-01 19:51:57.159133250,2026-10-05 19:51:57.159133250,,18.558345757367356,73.84892578860998,11.371517968002937,104.16902813736665,60.574082457370636,30.299108427947196,38.925502718692535,40.35,4,0.19118565621777842,59.4478341599042,EXCEPTION_OR_IN_TRANSIT,
SHP-10000222,ORD-500222,FedEx Freight,WH-02,Zone-Rural-D,EV_CARGO_VAN,2026-10-01 13:01:42.782730710,2026-10-08 13:01:42.782730710,2026-10-02 13:43:27.765677258,18.611373588331958,73.90398276805627,16.257145169649696,17.674518243905194,47.418903269250535,48.07377592891649,909.1993398571996,643.65,7,0.040290933073709734,402.494914885524,ON_TIME,24.695828596263333
SHP-10000223,ORD-500223,DHL Express,WH-04,Zone-Industrial-C,EV_CARGO_VAN,2026-10-03 22:38:28.673016813,2026-10-05 22:38:28.673016813,2026-10-05 17:48:20.688420025,18.65786785979604,73.9727037868404,2.1619702180570823,88.2430368209576,25.81700440955892,8.360098471509714,610.6781813800244,436.84,2,0.01904573281414032,112.92177944008141,ON_TIME,43.16444872311444
SHP-10000224,ORD-500224,FedEx Freight,WH-01,Zone-Suburban-B,EV_CARGO_VAN,2026-10-02 07:11:32.904177405,2026-10-03 07:11:32.904177405,2026-10-02 15:37:53.496403029,18.682793843943898,73.95776156184405,6.719060518273122,65.79409727741239,35.60572424366936,39.491726723776516,67.74887906421374,75.4,1,0.09251515477710734,72.54817566783295,ON_TIME,8.439053396006667
SHP-10000225,ORD-500225,FedEx Freight,WH-06,Zone-Industrial-C,SPRINTER_VAN,2026-10-02 21:41:41.467659801,2026-10-04 21:41:41.467659801,2026-10-04 19:54:07.587976008,18.563010966173195,73.86985545852819,9.267388165435223,63.04398715739007,53.074787371551935,46.836681939185254,1437.6866193991784,997.3,2,0.15671770225239198,59.096569024584504,ON_TIME,45.79516401284843
SHP-10000226,ORD-500226,UPS Ground,WH-04,Zone-Suburban-B,EV_CARGO_VAN,2026-10-02 07:53:13.583059584,2026-10-06 07:53:13.583059584,2026-10-03 03:39:52.387993475,18.445197469596675,73.8153103327229,23.634959913700463,21.91395774168043,21.648444542850136,30.96796682601656,954.7132380184611,677.43,4,0.014691299428434166,1597.8961164335312,ON_TIME,19.777445814969724
SHP-10000227,ORD-500227,DHL Express,WH-08,Zone-Suburban-B,HEAVY_FREIGHT_TRAILER,2026-10-01 15:03:27.965580896,2026-10-05 15:03:27.965580896,2026-10-02 07:25:37.532956976,18.6635892778519,73.78427498669971,6.9845100739513315,37.68077598210205,46.13080599236417,10.791093359579296,624.3852866176986,448.22,4,0.018757559398581706,370.3825042426563,ON_TIME,16.369324271133333
SHP-10000228,ORD-500228,BlueDart Logistics,WH-04,Zone-Suburban-B,RIGID_TRUCK_24FT,2026-10-03 00:25:54.762370451,2026-10-04 00:25:54.762370451,2026-10-03 13:07:54.367067013,18.412201605511033,73.87199503877082,7.983781955412059,88.86699512119324,40.67307956035168,18.46427574166472,1493.0576134218,1042.44,1,0.06673902058242304,119.44791958114943,ON_TIME,12.699890193489443
SHP-10000229,ORD-500229,UPS Ground,WH-04,Zone-Metro-A,EV_CARGO_VAN,2026-10-02 19:48:36.508778688,2026-10-04 19:48:36.508778688,2026-10-03 02:29:47.252096818,18.642201151215943,73.93071146883582,10.643268843410787,99.66968384263694,45.75155060707137,42.381980355547505,833.445304500606,585.67,2,0.19326363522899198,55.04276350000576,ON_TIME,6.686317588369445
SHP-10000230,ORD-500230,BlueDart Logistics,WH-10,Zone-Industrial-C,SPRINTER_VAN,2026-10-01 20:36:55.930542358,2026-10-03 20:36:55.930542358,2026-10-03 03:51:56.398449796,18.604126487927694,73.99244242830406,31.786658336401196,65.26627470003305,17.917061596022457,54.24905620251733,,,2,0.06343775396115835,500.2798549635999,ON_TIME,31.25012997428833
SHP-10000231,ORD-500231,DHL Express,WH-01,Zone-Suburban-B,HEAVY_FREIGHT_TRAILER,2026-10-02 14:32:04.456373870,2026-10-04 14:32:04.456373870,2026-10-03 00:28:03.017428371,18.671418282226885,73.96545372620577,0.7696017449865229,48.56762265444656,17.987281528377146,28.188473385026874,1747.8947476864423,1205.94,2,0.024625436307057873,31.1259116089628,ON_TIME,9.932933626250277
SHP-10000232,ORD-500232,UPS Ground,WH-12,Zone-Suburban-B,SPRINTER_VAN,2026-10-03 15:22:48.793040855,2026-10-07 15:22:48.793040855,2026-10-04 01:17:09.859069612,18.669238945074234,73.80106023881204,10.249814528726539,20.694604766100028,82.3083214559741,35.82266192930426,481.94487696986454,353.9,4,0.06101810782688154,167.70503690590974,ON_TIME,9.905851674654722
SHP-10000233,ORD-500233,DHL Express,WH-11,Zone-Rural-D,EV_CARGO_VAN,2026-10-03 00:30:38.445925565,2026-10-05 00:30:38.445925565,2026-10-04 07:50:46.297961461,18.41594622563112,73.92994453170562,36.71621468284496,79.80695997630234,83.45258002935765,17.561177019977414,1538.5978095524215,1080.7,2,0.11695913737038058,313.65526440429113,ON_TIME,31.335514454415552
SHP-10000234,ORD-500234,FedEx Freight,WH-09,Zone-Metro-A,EV_CARGO_VAN,2026-10-01 12:58:40.971175765,2026-10-05 12:58:40.971175765,2026-10-01 17:48:50.098109579,18.5828339221527,73.8222753134646,3.344698552397945,41.45242801519685,41.962349343386364,27.67173227202793,1512.5714759413797,1051.33,4,0.04813335300197918,69.34410204201852,ON_TIME,4.835868592726111
SHP-10000235,ORD-500235,UPS Ground,WH-08,Zone-Metro-A,RIGID_TRUCK_24FT,2026-10-02 21:27:27.172081791,2026-10-04 21:27:27.172081791,2026-10-03 03:33:57.336214907,18.43740143655046,73.9208681486084,3.656721974222916,20.226302924253947,69.17465902381281,23.52343942737703,310.44328584102414,233.7,2,0.0329127640090437,110.76691346477904,ON_TIME,6.108378925865555
SHP-10000236,ORD-500236,DHL Express,WH-12,Zone-Metro-A,SPRINTER_VAN,2026-10-03 08:35:49.767175860,2026-10-07 08:35:49.767175860,2026-10-04 00:50:56.777823128,18.423540583523216,73.9164513651152,39.215296749817725,78.2559142643691,59.18435701923077,41.0539051384338,883.2169280727594,643.44,4,0.19014222776473996,206.13350259077444,ON_TIME,16.25194740201889
SHP-10000237,ORD-500237,FedEx Freight,WH-03,Zone-Industrial-C,SPRINTER_VAN,2026-10-03 15:04:28.722778370,2026-10-05 15:04:28.722778370,2026-10-04 10:58:22.644176137,18.534483143749217,73.81810765073139,5.936333951719048,61.14338038570705,18.768764096379172,59.1584423421311,85.88572248023007,79.72,2,0.06788938143168997,87.31266304699915,ON_TIME,19.898311499379723
SHP-10000238,ORD-500238,UPS Ground,WH-01,Zone-Industrial-C,RIGID_TRUCK_24FT,2026-10-03 03:17:47.276382001,2026-10-07 03:17:47.276382001,2026-10-04 01:49:53.914443517,18.42927926195462,73.80859715505431,6.1498640852850315,16.136404221663774,32.25089930010233,49.73168985921274,663.6659747689931,472.36,4,0.025881045148702077,236.70580032813874,ON_TIME,22.535177239310002
SHP-10000239,ORD-500239,FedEx Freight,WH-03,Zone-Metro-A,RIGID_TRUCK_24FT,2026-10-01 16:59:28.996248971,2026-10-03 16:59:28.996248971,2026-10-02 06:30:24.494794036,18.61837071493378,73.77598444064724,12.586479683663432,25.53778371510297,33.52385564833904,15.569052170940184,1355.5391141133616,952.39,2,0.013329054398185101,937.2573310421961,ON_TIME,13.515416262518055
SHP-10000240,ORD-500240,DHL Express,WH-10,Zone-Industrial-C,HEAVY_FREIGHT_TRAILER,2026-10-03 09:07:56.910700169,2026-10-05 09:07:56.910700169,2026-10-06 22:18:36.821470046,18.69068221315228,73.76263490920115,0.25139766025669896,,,,447.7336860628373,331.57,2,,,LATE,45.79516401284843
SHP-10000241,ORD-500241,DHL Express,WH-01,Zone-Suburban-B,EV_CARGO_VAN,2026-10-03 06:46:07.006504329,2026-10-04 06:46:07.006504329,2026-10-03 20:56:56.911431633,18.570874887334927,73.96461276471412,1.018059189817409,,,,227.28113670436574,173.0,1,,,ON_TIME,14.180529146473333
SHP-10000242,ORD-500242,FedEx Freight,WH-08,Zone-Industrial-C,SPRINTER_VAN,2026-10-01 07:45:31.448058212,2026-10-03 07:45:31.448058212,2026-10-01 21:54:45.426742459,18.470550660868504,73.76246234865876,18.090866150463572,97.26649116008407,79.26315202770667,18.580351776344955,944.0930866185464,673.04,2,0.1432479844725456,126.20244516886378,ON_TIME,14.153882967846389
SHP-10000243,ORD-500243,DHL Express,WH-99_INVALID,Zone-Suburban-B,SPRINTER_VAN,2026-10-02 11:38:44.995439391,2026-10-04 11:38:44.995439391,2026-10-02 21:26:30.049750103,18.652961917457617,73.77218529163127,6.727192800169665,44.575996354893604,69.25272354822054,14.471972183321473,998.9809744787358,697.86,2,0.044675110583943176,150.24402424551704,ON_TIME,9.795848419642223
SHP-10000244,ORD-500244,FedEx Freight,WH-11,Zone-Suburban-B,RIGID_TRUCK_24FT,2026-10-02 05:58:20.704012647,2026-10-04 05:58:20.704012647,2026-10-02 23:47:46.691231127,18.65593101247901,73.80971300884205,7.44572453803692,23.42331469146034,74.26357484522302,23.455004570170463,1254.1735757682886,879.46,2,0.040799958958283485,182.04723739775133,ON_TIME,17.823885338466667
SHP-10000245,ORD-500245,FedEx Freight,WH-07,Zone-Rural-D,SPRINTER_VAN,2026-10-03 06:11:51.607054544,2026-10-10 06:11:51.607054544,2026-10-04 06:43:24.414313182,18.619835791709317,73.97191458211557,4.100862761300196,87.17695092596621,76.84214602082571,42.334768297431744,1407.2951786231617,983.28,7,0.2835948549871091,14.455189049820927,ON_TIME,24.52577979406611
SHP-10000246,ORD-500246,DHL Express,WH-01,Zone-Metro-A,EV_CARGO_VAN,2026-10-01 21:33:42.402550990,2026-10-02 21:33:42.402550990,2026-10-03 09:31:07.855662219,18.584539655444004,73.83323509010555,6.488334196757929,64.82058727303726,70.09575044162352,32.46663243042547,1290.897918464436,899.16,1,0.14751694006048344,43.95385918512773,LATE,35.95707030867472
SHP-10000247,ORD-500247,UPS Ground,WH-11,Zone-Metro-A,RIGID_TRUCK_24FT,2026-10-03 00:32:34.002434927,2026-10-07 00:32:34.002434927,2026-10-03 06:47:20.141404420,18.660337736425518,73.79794988936415,37.729380639399395,44.130803076033274,34.96609457928308,56.31000929060697,1565.8676388459355,1106.19,4,0.08689095242088647,433.7161462131617,ON_TIME,6.246149713748055
SHP-10000248,ORD-500248,UPS Ground,WH-08,Zone-Suburban-B,SPRINTER_VAN,2026-10-03 23:45:02.985302233,2026-10-10 23:45:02.985302233,2026-10-04 13:45:55.716170632,18.448987504599266,73.92888887394878,10.573582442137573,53.579342458580456,26.125972850087503,16.70118619166798,421.7020813503893,309.88,7,0.023378528300714158,450.3511594385561,ON_TIME,14.014647463444167
SHP-10000249,ORD-500249,BlueDart Logistics,WH-02,Zone-Rural-D,EV_CARGO_VAN,2026-10-03 15:26:30.374876471,2026-10-04 15:26:30.374876471,2026-10-04 13:25:36.133037782,18.67948003790321,73.82976743871717,32.18242153579908,17.034177582458458,52.88255035157852,25.031503043966712,1059.23127954592,753.91,1,0.0225486471233318,1420.9423353435507,ON_TIME,21.984932822586387
SHP-10000250,ORD-500250,DHL Express,WH-02,Zone-Suburban-B,SPRINTER_VAN,2026-10-04 00:20:41.845227324,2026-10-08 00:20:41.845227324,2026-10-05 00:25:47.685463365,18.68416094476317,73.83334165951905,7.498744906212356,77.95636106624576,61.717623733998906,23.14189172358582,673.8552669403956,483.33,4,0.11134215228386213,67.28822759194183,ON_TIME,24.0849556211225
SHP-10000251,ORD-500251,DHL Express,WH-12,Zone-Metro-A,EV_CARGO_VAN,2026-10-04 04:27:08.746628953,2026-10-06 04:27:08.746628953,2026-10-04 20:58:02.007544832,18.66159771219914,73.93474414898463,9.236686830923821,49.74850045152723,38.99259767223744,17.977999427796146,1780.3625121690184,1229.73,2,0.0348741415105052,264.10045913920123,ON_TIME,16.514794698855276
SHP-10000252,ORD-500252,BlueDart Logistics,WH-09,Zone-Metro-A,EV_CARGO_VAN,2026-10-01 06:46:05.696919997,2026-10-02 06:46:05.696919997,2026-10-02 06:09:52.182355964,18.47519861041344,73.81291320390207,13.338319353531277,82.83356912417233,73.62539874733827,59.62439230194345,821.2337640364461,577.25,1,0.36362857178676006,36.67107944808641,ON_TIME,23.396245954435276
SHP-10000253,ORD-500253,DHL Express,WH-11,Zone-Suburban-B,EV_CARGO_VAN,2026-10-03 02:50:14.538837042,2026-10-05 02:50:14.538837042,2026-10-03 12:33:26.113726221,18.657453515893188,73.97419001192641,16.97719650434817,74.67625886549197,82.04249446134875,26.297404999367995,1775.954209099477,1236.18,2,0.16111437978005494,105.30820220572254,ON_TIME,9.719881913660833
SHP-10000254,ORD-500254,FedEx Freight,WH-11,Zone-Metro-A,SPRINTER_VAN,2026-10-02 11:43:27.971899108,2026-10-09 11:43:27.971899108,2026-10-04 08:59:38.989109051,18.549291463551306,73.89035541949958,3.26451507970975,76.8691476614251,52.7046794603014,56.72799392747791,1425.5426721606368,987.03,7,0.22982574035697326,14.198127946185574,ON_TIME,45.26972700276195
SHP-10000255,ORD-500255,UPS Ground,WH-08,Zone-Industrial-C,SPRINTER_VAN,2026-10-03 19:54:34.283894863,2026-10-04 19:54:34.283894863,2026-10-05 03:15:33.606720834,18.578479071220247,73.88445792779311,8.749786793868626,90.32480754542108,44.24440466621637,26.476041061914422,1332.5365784822689,923.7,1,0.10580798569801875,82.61687479183462,LATE,31.349811896103056
SHP-10000256,ORD-500256,DHL Express,WH-07,,SPRINTER_VAN,2026-10-02 00:07:50.370760766,2026-10-04 00:07:50.370760766,2026-10-02 06:59:28.581069430,18.65218018675124,73.81618805876656,4.013159869628427,74.96001744574386,73.21653377068884,16.22504233073635,915.4941025123179,648.07,2,0.08904810505057216,45.01677144289081,ON_TIME,6.8606139746288894
SHP-10000257,ORD-500257,UPS Ground,WH-06,Zone-Suburban-B,SPRINTER_VAN,2026-10-04 04:38:02.843578627,2026-10-06 04:38:02.843578627,2026-10-04 12:48:35.854478752,18.40887485336357,73.95877358503247,55.19202411587548,54.778963277979784,11.820216024203999,11.556348187549112,826.9290107617967,613.08,2,0.007482725969774,7278.65207524049,ON_TIME,8.175836361145834
SHP-10000258,ORD-500258,UPS Ground,WH-04,Zone-Suburban-B,RIGID_TRUCK_24FT,2026-10-03 02:11:13.105705739,2026-10-07 02:11:13.105705739,2026-10-03 10:30:50.234215503,18.508882777652694,73.89318738771787,1.1398909175563323,,,,979.7955686588319,691.03,4,,,ON_TIME,8.32698014160111
SHP-10000260,ORD-500260,UPS Ground,WH-10,Zone-Metro-A,EV_CARGO_VAN,2026-10-01 12:09:47.404091661,2026-10-05 12:09:47.404091661,,18.644186435140515,73.80157455931119,3.5677817940390275,89.04712424984297,64.90214392359943,58.04170235866047,1674.4892694231019,1161.04,4,0.3354432703909154,10.632851583888069,EXCEPTION_OR_IN_TRANSIT,
SHP-10000261,ORD-500261,Unknown Carrier,WH-08,Zone-Rural-D,RIGID_TRUCK_24FT,2026-10-01 19:12:32.283729497,2026-10-05 19:12:32.283729497,2026-10-02 08:28:12.207694829,18.65460637806488,73.86706397720516,2.311921690083481,87.30530196668907,41.21025236532445,28.000516648205164,1471.9797443777434,1020.37,4,0.10074231758748725,22.926106275549834,ON_TIME,13.26108999037
SHP-10000262,ORD-500262,FedEx Freight,WH-12,Zone-Suburban-B,EV_CARGO_VAN,2026-10-03 12:36:18.232050465,2026-10-07 12:36:18.232050465,2026-10-04 10:42:16.660688133,18.450764770041847,73.9449104556041,6.279710971896833,38.39834487312473,76.66388932933037,18.60558930963964,1484.9655802494308,1028.15,4,0.05477050981141981,114.44601104453163,ON_TIME,22.099563510463334
SHP-10000263,ORD-500263,DHL Express,WH-06,Zone-Suburban-B,HEAVY_FREIGHT_TRAILER,2026-10-01 07:34:58.906512592,2026-10-08 07:34:58.906512592,2026-10-01 23:20:07.512937094,18.611765985468388,73.98482381840424,42.45160508667405,96.95478170632374,36.35937157340403,38.95953727184494,808.1363084360636,587.79,7,0.13734074260770385,308.8720584684512,ON_TIME,15.752390673472778
SHP-10000264,ORD-500264,BlueDart Logistics,WH-08,Zone-Industrial-C,RIGID_TRUCK_24FT,2026-10-03 16:48:54.773943668,2026-10-07 16:48:54.773943668,2026-10-04 12:16:24.876069098,18.443951002151625,73.91587465759423,4.175588647654726,70.95530949010968,57.53840184001881,12.310214550990247,142.661486872871,118.43,4,0.050258360343333384,82.91748617680132,ON_TIME,19.458361701508334
SHP-10000265,ORD-500265,BlueDart Logistics,WH-08,Zone-Suburban-B,SPRINTER_VAN,2026-10-01 07:00:15.585644943,2026-10-02 07:00:15.585644943,2026-10-01 15:13:47.064434045,18.635529402685307,73.87653581238958,1.0355265308653476,60.47525002748389,57.575085274443694,8.968006546149567,1267.4961103485,881.17,1,0.031225412123083364,33.057076050478486,ON_TIME,8.225410774750555
SHP-10000266,ORD-500266,UPS Ground,WH-08,Zone-Suburban-B,HEAVY_FREIGHT_TRAILER,2026-10-03 05:18:45.203084682,2026-10-05 05:18:45.203084682,2026-10-04 05:31:11.579132231,18.473537801336352,73.81268299437801,2.905989147191136,16.662148654422108,23.824891946067716,50.52808435502618,700.1721673394549,502.28,2,0.020058330265385536,144.1582268438719,ON_TIME,24.207326679874722
SHP-10000268,ORD-500268,DHL Express,WH-03,Zone-Industrial-C,EV_CARGO_VAN,2026-10-03 02:01:39.465824816,2026-10-05 02:01:39.465824816,2026-10-03 15:20:38.546732604,18.536500485558392,73.99555993896338,1.296899365746863,75.863722982388,78.70051920220644,33.50402016574926,1446.262049870849,1002.39,2,0.20003623443287633,6.480082776723923,ON_TIME,13.316411363274444
SHP-10000269,ORD-500269,DHL Express,WH-07,Zone-Rural-D,SPRINTER_VAN,2026-10-03 08:06:51.340691578,2026-10-05 08:06:51.340691578,2026-10-04 03:18:24.758388973,18.69587903936583,73.86905561888481,21.44462069363812,23.52604458039643,23.75611403450628,14.718280488128567,279.11312497717165,217.91,2,0.008225861482583096,2575.6638803682013,ON_TIME,19.192616027054164
SHP-10000270,ORD-500270,BlueDart Logistics,WH-02,Zone-Suburban-B,EV_CARGO_VAN,2026-10-02 06:39:29.576813090,2026-10-04 06:39:29.576813090,2026-10-03 00:14:32.701397636,18.573968149224783,73.79053546972247,1.3533266824180379,,,,1117.9535127297893,779.54,2,,,ON_TIME,17.584201273485
SHP-10000271,ORD-500271,BlueDart Logistics,WH-05,Zone-Rural-D,HEAVY_FREIGHT_TRAILER,2026-10-01 13:46:23.866550328,2026-10-03 13:46:23.866550328,2026-10-02 06:28:34.586477341,18.589773809266084,73.77583514536354,5.060006797697574,109.37641537935163,45.97116053004055,25.22768729585157,1284.2891958541647,898.02,2,0.1268488670642987,39.85862114968475,ON_TIME,16.70297775750361
SHP-10000272,ORD-500272,BlueDart Logistics,WH-07,Zone-Metro-A,EV_CARGO_VAN,2026-10-01 11:00:52.208920350,2026-10-08 11:00:52.208920350,2026-10-01 21:06:36.110163662,18.510449054155384,73.81731404564975,24.113810600236103,83.07117053486141,16.914802617838074,32.83804388090492,1056.2368717171762,750.03,7,0.04614180114451336,521.4721313487858,ON_TIME,10.095528123142222
SHP-10000273,ORD-500273,FedEx Freight,WH-09,Zone-Suburban-B,SPRINTER_VAN,2026-10-03 00:24:12.217048212,2026-10-04 00:24:12.217048212,2026-10-03 13:56:18.897251073,18.62035604735423,73.89236050475532,4.939842660098745,66.95273431265241,77.096964173828,47.09868420329153,956.8095197733702,669.16,1,0.2431164635634502,20.310478113707305,ON_TIME,13.535188945239168
SHP-10000274,ORD-500274,DHL Express,WH-12,Zone-Suburban-B,SPRINTER_VAN,2026-10-02 19:29:13.867687881,2026-10-09 19:29:13.867687881,2026-10-03 11:57:18.681331473,18.54846569233145,73.98670132527283,1.80072363030529,65.63812406921228,17.51118537343533,32.557860012950485,430.81233186092004,313.06,7,0.03742204851703433,47.991079950973194,ON_TIME,16.468003789886666
SHP-10000275,ORD-500275,DHL Express,WH-08,Zone-Suburban-B,SPRINTER_VAN,2026-10-03 11:26:18.501564197,2026-10-05 11:26:18.501564197,2026-10-03 18:09:57.283468784,18.405419990528756,73.82479127076604,8.093068444678883,19.15768281452847,56.24181076305958,48.03788597272466,445.59678004613687,318.92,2,0.05175903375781798,156.05899027107918,ON_TIME,6.7274394179408326
SHP-10000276,ORD-500276,BlueDart Logistics,WH-10,Zone-Suburban-B,EV_CARGO_VAN,2026-10-02 18:42:03.444193020,2026-10-06 18:42:03.444193020,2026-10-03 06:52:32.081229531,18.58257447936269,73.8263477928429,4.992961186229637,105.94487155375393,35.48363923339886,11.348802882087263,1423.5989588250154,982.29,4,0.042663663632696115,116.75709614393594,ON_TIME,12.174621399030833
SHP-10000277,ORD-500277,UPS Ground,WH-07,Zone-Metro-A,EV_CARGO_VAN,2026-10-02 12:24:57.948776003,2026-10-06 12:24:57.948776003,2026-10-03 09:34:24.755983039,18.64913787712881,73.87029491477804,38.63439250790302,103.17687772707909,70.32046641032753,8.51795246241734,46.35182586581806,61.84,4,0.06180154552309079,624.1264605177175,ON_TIME,21.15744644639889
SHP-10000278,ORD-500278,UPS Ground,WH-08,Zone-Metro-A,RIGID_TRUCK_24FT,2026-10-02 10:39:44.196598831,2026-10-04 10:39:44.196598831,2026-10-02 17:49:50.016729907,18.471040531018133,73.9796355837748,24.20055816816728,79.82844751416742,54.23580593256539,13.73735302788984,1443.6366952528492,1010.58,2,0.0594766967481123,406.2084588288974,ON_TIME,7.1682833697433335
SHP-10000279,ORD-500279,BlueDart Logistics,WH-01,Zone-Suburban-B,EV_CARGO_VAN,2026-10-01 07:54:15.037153315,2026-10-03 07:54:15.037153315,2026-10-02 18:46:46.020639874,18.466319126525555,73.85476376264727,16.570017486153915,24.406106719747246,39.122960580957866,47.46066697888007,980.2560777589376,696.59,2,0.045317302970240225,364.8393101856235,ON_TIME,34.87527319071083
SHP-10000280,ORD-500280,BlueDart Logistics,WH-04,Zone-Metro-A,RIGID_TRUCK_24FT,2026-10-02 06:09:36.426679773,2026-10-04 06:09:36.426679773,2026-10-03 19:41:39.020150976,18.58266585493578,73.80580734796523,9.261497036427755,34.74422019119663,83.79047384086081,46.76316269612858,1732.7772350833286,1198.27,2,0.13613854066252126,67.98000764974108,ON_TIME,37.534053742000836
SHP-10000281,ORD-500281,DHL Express,WH-05,Zone-Industrial-C,SPRINTER_VAN,2026-10-04 04:16:24.424830348,2026-10-06 04:16:24.424830348,2026-10-04 11:35:37.526305111,18.64539378292765,73.79078272874544,6.940749240258462,32.4714059081806,14.9673241349148,12.77522924808528,1845.0770047147325,1276.94,2,0.00620888989944629,1100.153806911043,ON_TIME,7.320305965211944
SHP-10000282,ORD-500282,DHL Express,WH-06,Zone-Metro-A,RIGID_TRUCK_24FT,2026-10-03 20:53:45.605358061,2026-10-10 20:53:45.605358061,2026-10-05 12:38:23.129030093,18.47488610135307,73.86425384231812,6.8972454147987134,64.35995608461579,53.33397274230075,6.704376203787387,1231.484630670271,861.4,7,0.02301325499674915,298.41082165920824,ON_TIME,39.74375657556444
SHP-10000283,ORD-500283,FedEx Freight,WH-01,Zone-Metro-A,SPRINTER_VAN,2026-10-02 05:42:54.794975269,2026-10-06 05:42:54.794975269,2026-10-02 20:41:40.421615664,18.67967879537291,73.95016935893254,1.1599909480504502,,,,769.7287233442117,551.58,4,,,ON_TIME,14.979340733443056
SHP-10000284,ORD-500284,UPS Ground,WH-02,Zone-Suburban-B,EV_CARGO_VAN,2026-10-03 00:19:16.568993203,2026-10-04 00:19:16.568993203,2026-10-03 21:54:25.353594450,18.678216207004464,73.82283810118109,9.056984846622065,81.10105334669883,61.82144824097628,52.04049807836376,885.2078999345564,626.02,1,0.2609198463720893,34.698452905037506,ON_TIME,21.585773500346388
SHP-10000285,ORD-500285,FedEx Freight,WH-04,Zone-Suburban-B,SPRINTER_VAN,2026-10-03 19:00:19.316442800,2026-10-04 19:00:19.316442800,,18.460161001572377,73.87813065980767,3.486833978608452,66.79683916709196,65.48272237316448,46.47592325306002,387.3479560234711,285.36,1,0.20328749504104848,17.143797252160095,EXCEPTION_OR_IN_TRANSIT,
SHP-10000286,ORD-500286,DHL Express,,Zone-Rural-D,RIGID_TRUCK_24FT,2026-10-02 13:46:18.308085617,2026-10-04 13:46:18.308085617,2026-10-03 19:44:06.817847279,18.479135323617044,73.90075206810563,8.143801151074234,16.67752681905227,12.406835843461444,16.1539439338293,194.39268749634212,152.58,2,0.003342498761329794,2365.6656735958813,ON_TIME,29.963474933795002
SHP-10000287,ORD-500287,UPS Ground,WH-05,Zone-Suburban-B,SPRINTER_VAN,2026-10-01 07:17:34.678284039,2026-10-02 07:17:34.678284039,2026-10-02 04:42:18.618264765,18.610179643284447,73.86261760291447,9.607980036877981,85.68543751838689,11.60223723227218,37.10723434739346,1075.7671168893244,764.74,1,0.036889888868782014,259.74611794486174,ON_TIME,21.41220555020167
SHP-10000288,ORD-500288,DHL Express,WH-07,Zone-Metro-A,HEAVY_FREIGHT_TRAILER,2026-10-01 11:21:53.111703391,2026-10-05 11:21:53.111703391,,18.685519932707326,73.79792256033832,5.039379517782551,32.93872998212511,12.708258398664462,46.65511463440477,1492.4999900626121,1040.84,4,0.019529546013567555,256.72420107420885,EXCEPTION_OR_IN_TRANSIT,
SHP-10000289,ORD-500289,UPS Ground,WH-03,Zone-Industrial-C,SPRINTER_VAN,2026-10-02 18:44:53.793373584,2026-10-03 18:44:53.793373584,2026-10-03 02:27:32.583337282,18.612964806632892,73.98043641948371,27.652544383713803,93.3640863696643,84.3792926632174,19.070578750087176,,,1,0.15023793487275958,183.93590684292616,ON_TIME,7.7107749899161115
SHP-10000290,ORD-500290,FedEx Freight,WH-08,Zone-Suburban-B,EV_CARGO_VAN,2026-10-04 03:47:58.686175187,2026-10-06 03:47:58.686175187,2026-10-04 10:09:52.438364014,18.53347001494616,73.89136230880862,2.484477339756655,48.729316526683,83.46398205556386,34.02464407531991,783.321865230953,561.19,2,0.13838308617904474,17.940655485858215,ON_TIME,6.364931163563055
SHP-10000291,ORD-500291,FedEx Freight,WH-04,Zone-Metro-A,EV_CARGO_VAN,2026-10-03 07:54:39.913343130,2026-10-04 07:54:39.913343130,2026-10-04 02:29:33.025206075,18.45070040392795,73.93228359597848,4.988989320762765,47.16886959825546,35.08816943231964,22.295322218557367,1031.6739903460907,727.22,1,0.03690030307879558,134.83644472149996,ON_TIME,18.581419961929168
SHP-10000292,ORD-500292,BlueDart Logistics,WH-03,Zone-Suburban-B,HEAVY_FREIGHT_TRAILER,2026-10-01 11:06:21.476820877,2026-10-03 11:06:21.476820877,2026-10-02 10:57:49.145397737,18.538302954651886,73.90901075135949,6.085674883384607,16.12264689893,31.823636219937164,17.406647952986162,1680.7161931049652,1166.61,2,0.008931024686791252,673.8631655260002,ON_TIME,23.857685715794446
SHP-10000293,ORD-500293,DHL Express,WH-07,Zone-Rural-D,EV_CARGO_VAN,2026-10-01 19:38:02.339005250,2026-10-05 19:38:02.339005250,2026-10-02 20:44:25.821656469,18.582030337591167,73.9995120054319,36.10947843576192,108.83425337768662,20.94690591383832,58.327412972396885,266.80419644285905,219.89,4,0.13297138694403926,271.35419014567805,ON_TIME,25.106522958671945
SHP-10000294,ORD-500294,FedEx Freight,WH-01,Zone-Suburban-B,RIGID_TRUCK_24FT,2026-10-03 13:32:06.958721807,2026-10-05 13:32:06.958721807,2026-10-04 04:45:57.432704604,18.499285575686994,73.86407753360966,9.367760844159958,73.14041222132707,34.68552243735688,55.192007821280946,447.39126412511996,333.84,2,0.14001734472139554,66.85653987225129,ON_TIME,15.23068721744361
SHP-10000295,ORD-500295,UPS Ground,WH-01,Zone-Metro-A,RIGID_TRUCK_24FT,2026-10-03 18:35:01.185780658,2026-10-10 18:35:01.185780658,2026-10-04 02:20:08.425666485,18.553077346360027,73.85624309332478,8.838693080659306,55.15936578766912,37.76124479104527,29.51172520233179,1700.2589703822723,1176.12,7,0.061469568527262035,143.55619654449376,ON_TIME,7.752011079396389
SHP-10000296,ORD-500296,BlueDart Logistics,WH-03,Zone-Metro-A,EV_CARGO_VAN,2026-10-03 02:28:26.436740082,2026-10-07 02:28:26.436740082,2026-10-03 13:01:46.401286866,18.43906423849861,73.8400349665225,25.651849550946945,24.179033423827207,66.12121125692752,12.522793358518701,84.66642021832352,86.4,4,0.020020778025592448,1274.893521429405,ON_TIME,10.55554570744
SHP-10000297,ORD-500297,FedEx Freight,WH-01,Zone-Metro-A,EV_CARGO_VAN,2026-10-03 04:23:54.485568048,2026-10-05 04:23:54.485568048,2026-10-04 15:10:40.495577882,18.535656431353775,73.84040711483506,4.823635406774734,81.4190660943466,74.9720164689801,45.03490168263568,1217.94053540202,850.03,2,0.27489986554579576,17.540500964250302,ON_TIME,34.77944722495389
SHP-10000298,ORD-500298,UPS Ground,WH-02,Zone-Suburban-B,SPRINTER_VAN,2026-10-01 08:02:25.067139373,2026-10-02 08:02:25.067139373,2026-10-01 20:02:28.729929830,18.427232745678864,73.8189425526793,25.795303491881487,41.85939464923419,66.00513398060411,19.063562157052115,1187.448573354595,832.1,1,0.05267138219657862,488.8123527974202,ON_TIME,12.00101744179361
SHP-10000299,ORD-500299,FedEx Freight,WH-05,Zone-Suburban-B,EV_CARGO_VAN,2026-10-03 17:39:15.043283527,2026-10-07 17:39:15.043283527,2026-10-04 11:42:19.967340246,18.414726624984695,73.99515753128664,14.546631797519003,108.88667774567524,58.48563258216794,14.268479321095198,716.4216490166525,516.92,4,0.09086604572071712,159.9127639578827,ON_TIME,18.051367793533057
SHP-10000300,ORD-500300,FedEx Freight,WH-11,Zone-Metro-A,RIGID_TRUCK_24FT,2026-10-03 14:45:20.933957879,2026-10-10 14:45:20.933957879,2026-10-03 22:55:43.473483171,18.657171974679798,73.96769550857547,39.84515604112718,105.3019991191857,67.44250585665984,25.98409597560015,872.486680015083,628.65,7,0.1845346503115413,215.80540799841683,ON_TIME,8.172927645914443
SHP-10000301,ORD-500301,UPS Ground,WH-08,Zone-Rural-D,SPRINTER_VAN,2026-10-02 00:39:01.909351587,2026-10-06 00:39:01.909351587,2026-10-02 21:07:00.541352397,18.46152447524382,73.82916825123931,5.726661955325189,84.85318448626492,65.3873109363854,34.141739504170644,1583.3391948212716,1097.15,4,0.18942934931676242,30.21517235177206,ON_TIME,20.466286666891666
SHP-10000302,ORD-500302,UPS Ground,WH-07,Zone-Industrial-C,SPRINTER_VAN,2026-10-03 09:01:29.005815059,2026-10-04 09:01:29.005815059,2026-10-03 21:14:15.985055741,18.57254659873838,73.82630726116246,6.338626223988931,107.25183337688206,45.681227029779606,10.359218140122804,315.23703243138004,233.81,1,0.05075390518379366,124.64384398956544,ON_TIME,12.213049789078333
SHP-10000303,ORD-500303,UPS Ground,WH-04,Zone-Suburban-B,RIGID_TRUCK_24FT,2026-10-01 21:28:10.313985359,2026-10-08 21:28:10.313985359,2026-10-03 05:56:27.770378718,18.444694827522998,73.77588349679627,10.703662423959388,25.03521693310747,35.188855184601834,36.446056017668965,437.621025076668,321.91,7,0.03210754022156784,332.3340543961088,ON_TIME,32.47151566482194
SHP-10000304,ORD-500304,UPS Ground,WH-12,Zone-Industrial-C,EV_CARGO_VAN,2026-10-01 08:54:13.577744552,2026-10-03 08:54:13.577744552,2026-10-02 12:05:33.980611828,18.478758271272785,73.96925771512737,8.389965612075523,41.5919592509718,31.208553765819964,5.844160611944184,953.7000562265187,672.82,2,0.007585865973505186,1091.609669098774,ON_TIME,27.189000796465557
SHP-10000305,ORD-500305,UPS Ground,WH-05,Zone-Metro-A,SPRINTER_VAN,2026-10-01 20:28:54.591839425,2026-10-05 20:28:54.591839425,2026-10-02 08:23:48.292619457,18.508401825930843,73.84294151270664,22.673699576341004,39.058112435162016,60.951659463458626,54.052798332619766,765.1120874740554,554.78,4,0.12868116020332085,176.0637933416935,ON_TIME,11.914916883342222
SHP-10000306,ORD-500306,DHL Express,WH-02,Zone-Suburban-B,EV_CARGO_VAN,2026-10-01 18:51:40.604854714,2026-10-08 18:51:40.604854714,2026-10-02 10:00:22.492416552,18.44310293090643,73.89315384803628,6.96052848467139,21.841202553633735,81.94780933339189,55.64079291033766,1067.6966504880475,754.08,7,0.09958804458743964,69.82310179197148,ON_TIME,15.144968767177222
SHP-10000307,ORD-500307,DHL Express,WH-08,Zone-Suburban-B,EV_CARGO_VAN,2026-10-02 06:19:04.280753672,2026-10-03 06:19:04.280753672,2026-10-02 17:48:40.582255319,18.41378868910333,73.97509443222023,2.5284139525441685,107.3615268072883,53.57910392017226,45.31889254315183,1704.5024240403966,1174.46,1,0.26068942462908395,9.695231914178597,ON_TIME,11.493417083790833
SHP-10000308,ORD-500308,BlueDart Logistics,WH-02,Zone-Industrial-C,SPRINTER_VAN,2026-10-02 12:07:42.109667878,2026-10-09 12:07:42.109667878,2026-10-02 18:39:52.722984580,18.663147940605402,73.85202516211855,45.8529454815497,20.697538231454917,78.43948768541996,30.660217471579767,1697.6335086021436,1195.95,7,0.049776994757633655,919.3205345342488,ON_TIME,6.536281476861667
SHP-10000309,ORD-500309,FedEx Freight,WH-05,Zone-Industrial-C,RIGID_TRUCK_24FT,2026-10-02 18:36:53.280676205,2026-10-04 18:36:53.280676205,2026-10-03 04:01:59.425671476,18.40354985076393,73.95171701085572,89.86148288007283,96.38544587946132,11.067202822971064,19.019294880982116,434.77370839615486,359.54,2,0.020288210478814152,4407.521835888928,ON_TIME,9.4183736097975
SHP-10000311,ORD-500311,FedEx Freight,WH-11,Zone-Rural-D,SPRINTER_VAN,2026-10-02 01:29:18.857866203,2026-10-04 01:29:18.857866203,2026-10-02 21:48:17.183461366,18.64152164824843,73.92523523475444,16.058186085799434,50.70737330978865,74.02019934700597,56.2488461073635,309.88223622394094,236.61,2,0.21112272480652286,76.02489789159057,ON_TIME,20.316201554211943
SHP-10000312,ORD-500312,FedEx Freight,WH-07,Zone-Metro-A,SPRINTER_VAN,2026-10-01 08:06:01.037294400,2026-10-08 08:06:01.037294400,2026-10-02 02:12:43.026828730,18.484602501031915,73.85779610179804,22.12185038645811,16.786699449830905,57.324537845777186,13.719353769359175,1717.2787027506968,1195.06,7,0.013201994029082053,1663.0476857900605,ON_TIME,18.11166375953611
SHP-10000313,ORD-500313,UPS Ground,WH-09,Zone-Rural-D,EV_CARGO_VAN,2026-10-03 01:34:02.340483869,2026-10-04 01:34:02.340483869,2026-10-03 15:04:59.908665450,18.61684609033441,73.84818978363867,12.085759487728604,15.579110973277604,80.05457495212971,30.62020941137339,743.2742713042828,533.19,1,0.03818888543282427,315.64667790950455,ON_TIME,13.515991161550279
SHP-10000314,ORD-500314,BlueDart Logistics,WH-99_INVALID,,EV_CARGO_VAN,2026-10-02 10:29:37.059896434,2026-10-06 10:29:37.059896434,2026-10-03 16:39:10.535596631,18.443867724765372,73.99767730989048,,34.37941486592271,54.243474466097474,22.339389981976048,838.5580562961986,591.66,4,0.04165981050633967,,ON_TIME,30.159298805610277
SHP-10000315,ORD-500315,UPS Ground,WH-02,Zone-Metro-A,HEAVY_FREIGHT_TRAILER,2026-10-02 03:30:15.823194852,2026-10-04 03:30:15.823194852,2026-10-02 20:38:32.871075674,18.471184524579016,73.9030874605009,1.8034931521034112,61.91827510321034,28.040267689506198,24.620798397525046,1487.2537550689708,1036.99,2,0.042746753497613324,42.09171068710889,ON_TIME,17.13806885578389
SHP-10000316,ORD-500316,DHL Express,WH-04,Zone-Industrial-C,SPRINTER_VAN,2026-10-03 20:25:11.118301668,2026-10-05 20:25:11.118301668,2026-10-04 22:23:39.290318454,18.571832954979097,73.84184779540574,4.588497803996539,58.501447927589375,26.17879220861457,27.316677972761287,954.8452430253166,670.67,2,0.041835417172551057,109.4181985865626,ON_TIME,25.974492226885
SHP-10000317,ORD-500317,FedEx Freight,WH-05,Zone-Metro-A,SPRINTER_VAN,2026-10-03 11:45:55.865381283,2026-10-04 11:45:55.865381283,2026-10-03 16:57:25.704424872,18.696590751546783,73.8144548692717,10.259200170864432,70.60279477366811,51.68772000195364,57.34879894042361,232.11057632313927,188.44,1,0.2092828278911262,48.99733313468742,ON_TIME,5.1916219565525
SHP-10000318,ORD-500318,FedEx Freight,WH-06,Zone-Suburban-B,SPRINTER_VAN,2026-10-03 19:45:32.830138137,2026-10-07 19:45:32.830138137,2026-10-03 21:02:37.355225645,18.422033341047765,73.75994159255741,27.21711519649839,88.3361344177724,77.98629478721581,19.22504423274515,816.7659279556764,589.82,4,0.13244148004130027,205.347904580645,ON_TIME,1.2845903020855556
SHP-10000319,ORD-500319,FedEx Freight,WH-06,Zone-Suburban-B,EV_CARGO_VAN,2026-10-02 17:38:19.540389469,2026-10-03 17:38:19.540389469,2026-10-03 13:24:52.651776616,18.52016637939455,73.92664158506219,38.42761608280966,50.84868841171954,15.427595931630774,32.09717115014287,1170.903191546125,838.24,1,0.025179364736481694,1520.1179492993026,ON_TIME,19.7758642742075
SHP-10000320,ORD-500320,UPS Ground,WH-12,Zone-Suburban-B,SPRINTER_VAN,2026-10-01 15:25:37.380551260,2026-10-03 15:25:37.380551260,2026-10-01 21:56:26.575659085,18.412924291001776,73.84303935704881,2.123229579433515,30.234551073385152,55.329288415818326,57.33181094139847,1333.906303297433,924.97,2,0.09590787518771302,22.115160608254392,ON_TIME,6.513665307729166
SHP-10000321,ORD-500321,UPS Ground,WH-09,Zone-Rural-D,SPRINTER_VAN,2026-10-03 08:07:40.596242633,2026-10-05 08:07:40.596242633,2026-10-03 22:27:05.446236684,18.45976793279679,73.95531354094469,1.0707844156916773,,,,1198.156705414959,843.03,2,,,ON_TIME,14.323569442791944
SHP-10000322,ORD-500322,UPS Ground,WH-08,Zone-Industrial-C,SPRINTER_VAN,2026-10-01 20:50:14.323759715,2026-10-08 20:50:14.323759715,2026-10-02 10:21:00.381331445,18.67224130805155,73.84096711515558,22.99959071169688,46.60561472646503,18.655155221767686,52.49797370567994,231.05416194908372,184.0,7,0.04564357455757021,502.79391005508165,ON_TIME,13.512793769925
SHP-10000323,ORD-500323,FedEx Freight,WH-04,Zone-Suburban-B,EV_CARGO_VAN,2026-10-02 13:46:06.730228573,2026-10-03 13:46:06.730228573,2026-10-04 11:54:52.348214515,18.42893803113693,73.84333229810626,10.379967985281095,42.25378029036832,18.75772680340097,8.232062587890452,571.3852372474221,410.36,1,0.006524608232162752,1566.880277521305,LATE,45.79516401284843
SHP-10000324,ORD-500324,DHL Express,WH-11,Zone-Industrial-C,EV_CARGO_VAN,2026-10-01 10:40:48.204495551,2026-10-02 10:40:48.204495551,,18.657056776412688,73.94479525160169,10.992894498313092,87.60964365077736,37.459599750219105,57.41667301547798,1360.2918174423896,947.65,1,0.18843131131505478,58.308057275127425,EXCEPTION_OR_IN_TRANSIT,
SHP-10000325,ORD-500325,UPS Ground,WH-12,Zone-Rural-D,EV_CARGO_VAN,2026-10-03 17:25:19.937908037,2026-10-04 17:25:19.937908037,2026-10-04 11:44:19.738455507,18.453340971433022,73.87236666418816,23.679177043304882,103.74324661789872,30.541088016228766,15.3142130864328,1629.7895771897054,1135.7,1,0.048522037071069966,487.0050386554856,ON_TIME,18.31661126318611
SHP-10000326,ORD-500326,UPS Ground,WH-11,Zone-Metro-A,HEAVY_FREIGHT_TRAILER,2026-10-01 15:04:03.814159512,2026-10-03 15:04:03.814159512,2026-10-02 19:24:04.352995282,18.65853545396131,73.97122369265036,3.4146358939612913,101.92132179102191,24.87356191702673,58.89642691022063,98.72863088443339,98.04,2,0.14931105924963062,22.85397018875451,ON_TIME,28.33348300993611
SHP-10000327,ORD-500327,UPS Ground,WH-01,,SPRINTER_VAN,2026-10-03 23:01:22.873827181,2026-10-04 23:01:22.873827181,2026-10-04 19:55:05.892004875,18.561406588940702,73.89753393917614,6.767954203680066,28.057030456431967,24.902063020850893,14.656727589220164,89.617100632618,86.39,1,0.0102403322480302,654.5199942651108,ON_TIME,20.895282827137223
SHP-10000328,ORD-500328,DHL Express,WH-08,Zone-Metro-A,SPRINTER_VAN,2026-10-03 20:13:28.572106195,2026-10-05 20:13:28.572106195,2026-10-04 08:26:15.767649511,18.66346200226805,73.8101612033786,16.91887631700957,62.800024579583464,19.80017743186269,29.44012712872358,1194.5775249251965,841.9,2,0.036607374047986585,460.91219423356097,ON_TIME,12.213109873143333
SHP-10000329,ORD-500329,FedEx Freight,WH-01,Zone-Industrial-C,EV_CARGO_VAN,2026-10-02 15:26:59.852542652,2026-10-06 15:26:59.852542652,2026-10-04 00:26:54.125712728,18.445511093395456,73.892067963575,2.883542631114777,23.822676954176472,55.81405098114643,21.973797036489948,1019.3088313521104,704.88,4,0.029217241821431584,98.35654556721774,ON_TIME,32.99840921391
SHP-10000330,ORD-500330,DHL Express,WH-04,Zone-Metro-A,EV_CARGO_VAN,2026-10-03 11:35:40.238555594,2026-10-07 11:35:40.238555594,2026-10-03 19:35:17.808500187,18.628610965392348,73.75100041898368,4.707561951463184,106.29271609610798,61.60942026880653,28.827728160227426,297.51317485155835,230.71,4,0.1887822009178559,24.923269257702493,ON_TIME,7.993769429053612
SHP-10000331,ORD-500331,BlueDart Logistics,WH-01,Zone-Metro-A,SPRINTER_VAN,2026-10-03 02:36:00.163133665,2026-10-05 02:36:00.163133665,2026-10-03 22:53:22.886193935,18.60420957882417,73.82809934367968,10.235085869466872,35.44664915829974,62.72021701592834,18.7788606959039,1019.7599271590132,712.54,2,0.04174956736473848,244.56849888705727,ON_TIME,20.289645294519445
SHP-10000332,ORD-500332,FedEx Freight,WH-08,Zone-Suburban-B,SPRINTER_VAN,2026-10-03 15:49:17.206493943,2026-10-04 15:49:17.206493943,2026-10-03 21:50:07.380232100,18.56288001621789,73.80198808512445,16.91580790341172,33.7558096027486,49.92654821039546,58.09245768352031,1803.1077373545638,1253.04,1,0.09790386117593222,172.6034841938034,ON_TIME,6.013937149488055
SHP-10000333,ORD-500333,FedEx Freight,WH-09,Zone-Suburban-B,SPRINTER_VAN,2026-10-02 13:05:23.882123708,2026-10-06 13:05:23.882123708,2026-10-03 07:51:56.403935753,18.643176203323293,73.91354696390073,1.5911328400980616,99.44413893561556,81.46797022491751,21.814874124020044,1171.5946050889968,813.83,4,0.17673346776318122,8.997916854907452,ON_TIME,18.775700503345835
SHP-10000334,ORD-500334,FedEx Freight,WH-02,Zone-Suburban-B,EV_CARGO_VAN,2026-10-03 14:34:41.559116135,2026-10-04 14:34:41.559116135,2026-10-04 09:13:14.515272339,18.59448280732811,73.78400964587495,20.095077483086783,106.94580273658667,76.03995831925494,40.930120163532266,837.5214448193829,599.15,1,0.33285005606450163,60.354630122644615,ON_TIME,18.64248782116778
SHP-10000335,ORD-500335,FedEx Freight,WH-05,Zone-Metro-A,SPRINTER_VAN,2026-10-02 15:17:48.806983286,2026-10-06 15:17:48.806983286,2026-10-04 16:11:34.430165942,18.663114077382325,73.82252436169037,15.243805547319923,81.27506463304938,81.822335699971,12.559611927933368,1533.0047128329395,1076.52,4,0.08352287149376118,182.2922996426547,ON_TIME,45.79516401284843
SHP-10000336,ORD-500336,BlueDart Logistics,WH-06,Zone-Suburban-B,EV_CARGO_VAN,2026-10-04 01:44:58.332208852,2026-10-06 01:44:58.332208852,2026-10-04 07:41:44.964940234,18.51431864403567,73.83282713858085,3.284736760051234,26.495478201426366,39.15966085953835,50.34131166674361,403.1677286286546,290.73,2,0.05223182629878698,62.767478079154515,ON_TIME,5.9462868698283335
SHP-10000337,ORD-500337,UPS Ground,WH-05,Zone-Rural-D,EV_CARGO_VAN,2026-10-02 17:01:07.648533878,2026-10-04 17:01:07.648533878,2026-10-03 04:08:46.801310668,18.576976953482145,73.75082330721597,134.16486327090826,61.15628300136402,75.83373699662685,34.83793689302324,773.5319798598665,598.76,2,0.1615682302208685,829.8777260542435,ON_TIME,11.12754243799722
SHP-10000338,ORD-500338,DHL Express,WH-02,Zone-Suburban-B,SPRINTER_VAN,2026-10-02 15:18:30.915285222,2026-10-04 15:18:30.915285222,2026-10-03 19:22:47.178445704,18.661180252772713,73.76169164206321,2.884488032684573,92.57748393585236,67.21560245551629,58.86953684922237,982.0373851483375,689.69,2,0.36632460333511957,7.871982411744655,ON_TIME,28.071184211245
SHP-10000339,ORD-500339,FedEx Freight,WH-06,Zone-Metro-A,EV_CARGO_VAN,2026-10-03 14:31:30.626517262,2026-10-07 14:31:30.626517262,2026-10-04 10:58:28.663404990,18.46444421923124,73.82778153199438,21.789323341789164,69.3853324522833,35.49796772755098,28.28712192583893,939.3443215892885,675.76,4,0.06967226447824236,312.29204763138944,ON_TIME,20.449454691035555
SHP-10000340,ORD-500340,DHL Express,WH-10,Zone-Suburban-B,EV_CARGO_VAN,2026-10-03 17:09:12.937704409,2026-10-04 17:09:12.937704409,2026-10-04 11:38:34.823530242,18.545722406985057,73.80558911329798,14526.37248504215,27.59651119919179,17.99449438781645,15.749633123716322,1704.7473984100982,7278.18,1,0.007821035752523553,1833898.1086424477,ON_TIME,18.489412729398055
SHP-10000341,ORD-500341,DHL Express,WH-01,Zone-Metro-A,SPRINTER_VAN,2026-10-02 21:55:23.578432047,2026-10-04 21:55:23.578432047,2026-10-03 06:45:22.921729169,18.6882225465186,73.77922668465379,5.494115375850334,31.329336202806644,61.19659374226058,24.031044969254097,549.9239811193901,392.67,2,0.04607348876132503,118.9885261702861,ON_TIME,8.833150915867222
SHP-10000342,ORD-500342,FedEx Freight,WH-02,Zone-Industrial-C,SPRINTER_VAN,2026-10-01 18:56:43.593257923,2026-10-02 18:56:43.593257923,,18.542080540448403,73.78854041408849,10.057215879117562,97.09345920430648,20.233924309141024,45.53310833514218,115.85383870104087,103.82,1,0.08945351158207894,112.30398117777627,EXCEPTION_OR_IN_TRANSIT,
SHP-10000343,ORD-500343,DHL Express,WH-05,Zone-Industrial-C,RIGID_TRUCK_24FT,2026-10-02 15:40:42.933464204,2026-10-06 15:40:42.933464204,2026-10-04 04:37:04.497295974,18.47584883355866,73.95888424034503,17.122492795538516,65.06777055031093,32.033185525083404,41.250858654773175,1696.3013018962577,1180.71,4,0.08598031830500046,198.9129818836167,ON_TIME,36.93932328660278
SHP-10000344,ORD-500344,DHL Express,WH-12,Zone-Suburban-B,SPRINTER_VAN,2026-10-04 03:42:04.392754188,2026-10-11 03:42:04.392754188,2026-10-04 19:36:15.837023173,18.50532287162297,73.92082989387818,277.4441697365784,82.05449350783768,47.52734323328405,47.80910741897488,410.9703538202738,410.86,7,0.18644749067475225,1487.257581075189,ON_TIME,15.903178963606944
SHP-10000345,ORD-500345,UPS Ground,WH-09,Zone-Suburban-B,EV_CARGO_VAN,2026-10-03 12:12:54.021235756,2026-10-05 12:12:54.021235756,2026-10-04 09:12:13.311377270,18.665525235812034,73.87102938275041,1.5868465482975298,50.44093999214115,60.99119013613548,9.0408660712315,708.6534161691882,500.52,2,0.027813799201228173,56.84810357981333,ON_TIME,20.98869170597611
SHP-10000346,ORD-500346,UPS Ground,WH-09,Zone-Industrial-C,EV_CARGO_VAN,2026-10-03 16:24:13.346925471,2026-10-05 16:24:13.346925471,2026-10-04 07:39:43.444942805,18.686464911630264,73.97721869405923,0.3487740374794528,65.58613037728995,79.46707428979786,36.92028264396326,987.7788058642258,682.0,2,0.1924262202088585,1.811566430282025,ON_TIME,15.258360560370555
SHP-10000347,ORD-500347,FedEx Freight,WH-05,Zone-Suburban-B,HEAVY_FREIGHT_TRAILER,2026-10-01 08:21:48.369293947,2026-10-08 08:21:48.369293947,2026-10-01 15:59:06.351367218,18.68503229280584,73.75738819773541,2.6853984143751317,107.82479833683071,54.493003363674745,56.26927723699676,1805.6683048676164,1248.83,7,0.33062122899366436,8.119824731379962,ON_TIME,7.6216616870197225
SHP-10000348,ORD-500348,DHL Express,WH-08,Zone-Industrial-C,SPRINTER_VAN,2026-10-02 15:41:09.172714774,2026-10-04 15:41:09.172714774,2026-10-03 21:51:35.154561604,18.60968271759057,73.83623373398595,8.70457560684179,46.32178851197312,60.35598247540711,10.934605571486754,995.8233957133633,694.59,2,0.030570938061546024,283.80532702895164,ON_TIME,30.173883846341667
SHP-10000349,ORD-500349,UPS Ground,WH-01,Zone-Suburban-B,SPRINTER_VAN,2026-10-03 04:33:24.197844038,2026-10-05 04:33:24.197844038,2026-10-04 03:21:52.151991105,18.55288056664738,73.95584592937601,20.057191666016802,79.10491011328607,33.25103876132336,10.188439240213839,834.9521974361045,608.54,2,0.026798859907676855,745.6521107161326,ON_TIME,22.807765040851944
SHP-10000350,ORD-500350,DHL Express,WH-08,Zone-Industrial-C,EV_CARGO_VAN,2026-10-03 17:45:44.471596396,2026-10-05 17:45:44.471596396,2026-10-06 19:21:49.484303838,18.454806680472203,73.90707224864633,10.132612978394762,31.388027933546827,61.546946232140414,44.413240048573265,1084.7275253534347,764.64,2,0.08579915229887451,117.95940596875394,LATE,45.79516401284843
SHP-10000351,ORD-500351,BlueDart Logistics,WH-12,Zone-Suburban-B,SPRINTER_VAN,2026-10-01 09:32:51.731008654,2026-10-05 09:32:51.731008654,2026-10-01 18:02:45.793340570,18.436966303621137,73.99542185862299,7.518526671133581,26.565289099731665,42.83425905475559,22.335035071431104,1796.3453979276992,1245.94,4,0.025415136360690184,294.66927257802064,ON_TIME,8.498350647754444
SHP-10000352,ORD-500352,UPS Ground,WH-08,Zone-Suburban-B,EV_CARGO_VAN,2026-10-03 19:22:32.159158373,2026-10-04 19:22:32.159158373,2026-10-04 23:26:41.229542336,18.417929982292403,73.98612873082205,,,,,1515.3821725143375,1053.09,1,,,LATE,28.0691862177675
SHP-10000353,ORD-500353,FedEx Freight,WH-11,Zone-Rural-D,SPRINTER_VAN,2026-10-02 21:29:05.522803503,2026-10-06 21:29:05.522803503,2026-10-03 04:29:45.528605296,18.40531447285269,73.79248562276875,3.493628500569554,95.19027994878074,39.43378854261057,34.9961482177698,,,4,0.13136550949196535,26.57448721014595,ON_TIME,7.011112722720277
SHP-10000354,ORD-500354,FedEx Freight,WH-10,Zone-Suburban-B,HEAVY_FREIGHT_TRAILER,2026-10-01 20:12:23.781173314,2026-10-03 20:12:23.781173314,2026-10-02 14:25:19.737834073,18.663435016631702,73.99299674929892,66.35516995466448,78.48961105819447,45.120401624241765,59.23366620869481,1488.3919073939362,1059.26,2,0.20977500853532258,316.1651804935923,ON_TIME,18.2155435168775
SHP-10000355,ORD-500355,UPS Ground,WH-02,Zone-Suburban-B,HEAVY_FREIGHT_TRAILER,2026-10-02 04:50:32.552103762,2026-10-03 04:50:32.552103762,2026-10-03 11:51:55.398789428,18.642725894741,73.98638369649352,19.003837026770192,30.028604566725132,42.44408176826934,53.89810293251807,1557.9400719195469,1089.91,1,0.0686951020347231,276.23822720952353,LATE,31.023012968240554
SHP-10000356,ORD-500356,FedEx Freight,WH-12,Zone-Metro-A,SPRINTER_VAN,2026-10-02 02:17:56.139814004,2026-10-06 02:17:56.139814004,2026-10-02 06:34:31.189672684,18.57034641415014,73.84340273626842,54.5725509003506,37.85585673604116,70.83421257305389,42.294002985894146,1281.495763075661,909.46,4,0.11341093774216256,480.7690957880277,ON_TIME,4.276402738522222
SHP-10000357,ORD-500357,UPS Ground,WH-01,Zone-Suburban-B,SPRINTER_VAN,2026-10-02 20:13:18.661687572,2026-10-04 20:13:18.661687572,2026-10-03 10:36:56.151694883,18.699616976361312,73.99572007292224,2.9110002230921106,101.5616922690356,81.5274397758929,19.39210443567328,1219.9950979494317,854.23,2,0.16056788036616734,18.118121783008814,ON_TIME,14.393747224253055
SHP-10000358,ORD-500358,DHL Express,WH-07,Zone-Suburban-B,HEAVY_FREIGHT_TRAILER,2026-10-01 09:43:16.928232965,2026-10-02 09:43:16.928232965,2026-10-01 21:07:29.255112905,18.68591562166049,73.75896103808114,5.914243085230764,42.42688463597685,34.54572257374555,19.404948918275824,822.3319275582642,592.21,1,0.028441200762387965,207.21773882143896,ON_TIME,11.403424133316667
SHP-10000359,ORD-500359,UPS Ground,WH-02,Zone-Metro-A,SPRINTER_VAN,2026-10-01 17:24:52.572283180,2026-10-05 17:24:52.572283180,2026-10-02 03:50:04.599283687,18.59653269121441,73.91518763872833,1.5628326394510008,92.79174903872617,45.62709255715576,53.523409031292026,1191.436121525556,823.43,4,0.22660835769480994,6.8935819364668225,ON_TIME,10.420007500140832
SHP-10000360,ORD-500360,DHL Express,WH-01,Zone-Metro-A,EV_CARGO_VAN,2026-10-03 16:30:50.036843002,2026-10-07 16:30:50.036843002,2026-10-04 13:38:14.793431431,18.539372370112076,73.8165369510661,12.93884835830829,42.16404244648815,62.94447000199268,37.193758590146615,1367.6627988158498,958.11,4,0.09871198628364453,130.9441176616641,ON_TIME,21.12354349678583
SHP-10000361,ORD-500361,UPS Ground,WH-06,Zone-Suburban-B,SPRINTER_VAN,2026-10-01 15:32:50.954401573,2026-10-05 15:32:50.954401573,2026-10-03 01:37:06.447273859,18.445651214833937,73.78236577414883,13.26486727911021,104.24894408572628,77.15362165260483,48.410498012865624,237.7436159605616,183.14,4,0.3893745231850111,34.05836964799116,ON_TIME,34.07097024230167
SHP-10000362,ORD-500362,DHL Express,WH-04,Zone-Industrial-C,EV_CARGO_VAN,2026-10-01 22:48:16.313043546,2026-10-08 22:48:16.313043546,,18.554678141576304,73.89438373123596,100.50494006297406,101.8730267195153,47.027552263451554,29.742531359525657,484.9724668171548,395.45,7,0.1424916818218472,704.8443414009524,EXCEPTION_OR_IN_TRANSIT,
SHP-10000363,ORD-500363,UPS Ground,WH-07,Zone-Suburban-B,SPRINTER_VAN,2026-10-02 14:38:33.660972597,2026-10-06 14:38:33.660972597,2026-10-03 09:26:13.989802587,18.447323101865656,73.8265875770463,9.944064311245265,19.110001494734856,18.167013117004544,10.669050015833962,368.72249354004845,276.6,4,0.003703991674679871,2614.1130585103397,ON_TIME,18.794535786108334
SHP-10000364,ORD-500364,DHL Express,WH-08,Zone-Metro-A,SPRINTER_VAN,2026-10-02 19:13:57.734198975,2026-10-03 19:13:57.734198975,2026-10-03 12:56:44.652564170,18.519535391273855,73.91670633595278,1.461227335353756,,,,1558.1473562332544,1089.55,1,,,ON_TIME,17.713032879220833
SHP-10000365,ORD-500365,DHL Express,WH-01,Zone-Industrial-C,SPRINTER_VAN,2026-10-03 12:58:47.836315989,2026-10-05 12:58:47.836315989,2026-10-04 05:26:38.005164249,18.682794432529825,73.8849952630286,28.02318421643336,31.098867222268673,51.277141408008475,13.863205685859974,1261.8447632353889,898.33,2,0.0221071136111444,1261.901240617341,ON_TIME,16.463935791183335
SHP-10000366,ORD-500366,UPS Ground,WH-02,Zone-Metro-A,EV_CARGO_VAN,2026-10-02 14:12:28.564991875,2026-10-06 14:12:28.564991875,2026-10-02 22:18:30.408656418,18.50259369680069,73.84814735022717,3.016212475175334,35.450804461106245,41.31434544745244,48.000804903402624,840.5309557391745,585.59,4,0.07030326441409944,42.841940644037614,ON_TIME,8.100512129039723
SHP-10000367,ORD-500367,FedEx Freight,WH-07,Zone-Suburban-B,EV_CARGO_VAN,2026-10-03 14:52:12.909772411,2026-10-05 14:52:12.909772411,2026-10-05 00:40:16.339813363,18.44583618209304,73.79545554032873,1.9671769585093384,58.6852951714902,23.991679509105257,43.52815943113996,1530.2904693978044,1065.24,2,0.06128585484254387,32.04609536765746,ON_TIME,33.80095278915333
SHP-10000368,ORD-500368,FedEx Freight,WH-05,Zone-Metro-A,SPRINTER_VAN,2026-10-03 02:31:15.362786182,2026-10-07 02:31:15.362786182,2026-10-03 22:26:38.316708966,18.574718981270863,73.90031254936804,20.954974550993686,69.75022422619776,12.774212150741313,9.862710731342236,1329.4441029062348,936.56,4,0.008787716308523983,2357.7456596917145,ON_TIME,19.92304275632889
SHP-10000370,ORD-500370,FedEx Freight,WH-09,Zone-Metro-A,SPRINTER_VAN,2026-10-01 17:15:21.108831423,2026-10-03 17:15:21.108831423,2026-10-02 02:59:28.549332555,18.458141272740374,73.90000111712732,4.398742937295968,69.66141972764987,84.45528930828569,53.07745288471375,153.17125882796915,128.37,2,0.3122692705543469,14.081868326835506,ON_TIME,9.735400139203334
SHP-10000371,ORD-500371,FedEx Freight,WH-11,Zone-Suburban-B,EV_CARGO_VAN,2026-10-02 13:27:59.141636580,2026-10-09 13:27:59.141636580,2026-10-03 01:40:02.250824444,18.458975976274587,73.90263063894342,48.568994444885014,31.212545277407976,78.94049754224628,43.35503624699816,947.8312672727903,687.91,7,0.10682394153990454,454.23872095810106,ON_TIME,12.200863663295555
SHP-10000372,ORD-500372,FedEx Freight,WH-09,Zone-Metro-A,HEAVY_FREIGHT_TRAILER,2026-10-02 10:34:33.730688679,2026-10-04 10:34:33.730688679,2026-10-03 01:14:30.321304116,18.696864937397446,73.87795934103694,16.714428789022328,17.122077166198522,61.24531831456101,33.111155214143174,1311.002646773157,913.34,2,0.034721915775469736,479.9973929291044,ON_TIME,14.665719615399167
SHP-10000373,ORD-500373,UPS Ground,WH-06,Zone-Suburban-B,HEAVY_FREIGHT_TRAILER,2026-10-03 11:32:06.674689986,2026-10-05 11:32:06.674689986,2026-10-03 17:36:06.885312545,18.47298432185866,73.84706002933207,18.47500642729961,69.26631689436749,73.11473563873218,22.1524806716388,393.37247734730647,297.36,2,0.11218876721685908,164.53120721879085,ON_TIME,6.066725172933055
SHP-10000374,ORD-500374,FedEx Freight,WH-09,Zone-Suburban-B,EV_CARGO_VAN,2026-10-02 23:48:47.066635473,2026-10-09 23:48:47.066635473,2026-10-03 05:18:08.091055280,18.651457610435074,73.8643645104084,1.7302722684620973,64.1544496964203,29.179571385039488,53.790321227224254,613.2580143633671,436.66,7,0.10069544608236003,17.166175017949627,ON_TIME,5.489173449946389
SHP-10000376,ORD-500376,BlueDart Logistics,WH-04,Zone-Suburban-B,SPRINTER_VAN,2026-10-01 18:17:41.065470339,2026-10-02 18:17:41.065470339,2026-10-02 17:23:24.924072737,18.530496771673818,73.93741712552632,,76.73309588694333,14.545316154922407,52.0466469128582,1471.9704863813429,1010.57,1,0.05808963419198517,,ON_TIME,23.09551627844389
SHP-10000377,ORD-500377,FedEx Freight,WH-10,Zone-Industrial-C,RIGID_TRUCK_24FT,2026-10-01 22:19:56.176922768,2026-10-03 22:19:56.176922768,2026-10-02 09:05:17.659137219,18.488488724849123,73.857639865995,5.2966026497680865,100.26120612222577,63.03879454843433,48.06499110200084,919.1930575431246,649.51,2,0.3037873537719014,17.429493475216244,ON_TIME,10.755967281791946
SHP-10000378,ORD-500378,BlueDart Logistics,WH-06,Zone-Metro-A,HEAVY_FREIGHT_TRAILER,2026-10-02 23:26:09.863987180,2026-10-06 23:26:09.863987180,2026-10-03 07:54:59.884145575,18.632147739067698,73.86432409998864,14.734531145049852,58.64951891534686,82.74042542682015,49.892483090447286,917.8951203742367,653.44,4,0.24211256148924512,60.83305941877876,ON_TIME,8.480561155109722
SHP-10000379,ORD-500379,DHL Express,WH-10,Zone-Suburban-B,RIGID_TRUCK_24FT,2026-10-02 12:29:15.338230026,2026-10-06 12:29:15.338230026,2026-10-02 22:10:17.016108896,18.664198263532466,73.87490800193744,9.115517000536196,15.795100095829492,74.55979804133943,59.43886360889054,803.9714428988431,573.7,4,0.069999929581799,130.0360364827382,ON_TIME,9.683799410797223
SHP-10000380,ORD-500380,FedEx Freight,WH-11,Zone-Metro-A,SPRINTER_VAN,2026-10-02 19:04:29.210296686,2026-10-06 19:04:29.210296686,2026-10-03 07:18:23.175405330,18.478338238467725,73.9148285485947,1.559029138627788,74.91200475170113,50.083065607872804,46.18171837301305,432.1467461266277,310.8,4,0.17326562618856597,8.992723487942566,ON_TIME,12.231656974623332
SHP-10000381,ORD-500381,UPS Ground,WH-11,Zone-Metro-A,SPRINTER_VAN,2026-10-01 18:17:19.591230338,2026-10-05 18:17:19.591230338,2026-10-02 07:21:16.167597389,18.428529000804733,73.86648955855388,28.287014607998987,79.13758081230574,69.15551644845824,6.872251464525663,1708.6054824562614,1205.83,4,0.03761045968126132,750.1105753440356,ON_TIME,13.065715657514167
SHP-10000382,ORD-500382,UPS Ground,WH-12,Zone-Suburban-B,EV_CARGO_VAN,2026-10-03 05:43:45.300607711,2026-10-05 05:43:45.300607711,2026-10-06 00:55:24.906741696,18.44107586586568,73.92154477960982,31.723398178654055,64.54202399261712,80.79241074611235,16.29886642394097,596.1184597669694,439.95,2,0.08499053207975477,372.8193654838112,LATE,45.79516401284843
SHP-10000383,ORD-500383,BlueDart Logistics,WH-06,Zone-Suburban-B,EV_CARGO_VAN,2026-10-03 19:22:58.041629866,2026-10-07 19:22:58.041629866,2026-10-05 04:01:17.914776300,18.63784106042987,73.83229695166196,4.460152042388497,80.4839626729155,26.201318345441155,6.935733267884048,1055.0018844950773,742.43,4,0.014625976713564528,302.87648345118737,ON_TIME,32.63885365178722
SHP-10000384,ORD-500384,UPS Ground,WH-04,Zone-Rural-D,SPRINTER_VAN,2026-10-02 00:34:17.920159164,2026-10-06 00:34:17.920159164,,18.530748073395888,73.85265990800528,18.740629469808177,45.74046225743451,69.49438847330336,15.445246346792985,285.45715388999935,,4,0.04909588878650822,380.93893477838174,EXCEPTION_OR_IN_TRANSIT,
SHP-10000385,ORD-500385,BlueDart Logistics,WH-08,Zone-Suburban-B,SPRINTER_VAN,2026-10-02 17:23:20.487335609,2026-10-03 17:23:20.487335609,2026-10-04 04:32:14.491825298,18.439574397523216,73.96601328117596,27.00982946524783,29.136788803152523,30.238521847664003,8.379173087736232,810.1393546780487,576.7,1,0.0073824991458992595,3609.733718452933,LATE,35.14833458046917
SHP-10000386,ORD-500386,DHL Express,WH-05,Zone-Rural-D,SPRINTER_VAN,2026-10-04 04:14:16.683682217,2026-10-05 04:14:16.683682217,2026-10-04 12:49:45.870038996,18.502086461925884,73.83222641367539,0.9584833314551598,,,,1673.190862719022,1162.09,1,,,ON_TIME,8.591440654660833
SHP-10000387,ORD-500387,FedEx Freight,WH-08,Zone-Metro-A,SPRINTER_VAN,2026-10-02 05:59:36.259150748,2026-10-09 05:59:36.259150748,2026-10-02 13:25:22.577865197,18.554270644855915,73.99110918329374,4.863306321222854,38.29271077547523,17.376587926760912,6.551341722319279,1841.6651083824684,1275.72,7,0.004359240872667846,1090.6130572653426,ON_TIME,7.4295329762358335
SHP-10000388,ORD-500388,BlueDart Logistics,WH-09,Zone-Metro-A,EV_CARGO_VAN,2026-10-03 00:50:36.012604238,2026-10-07 00:50:36.012604238,2026-10-03 08:51:07.501548275,18.655615505153502,73.79312623674622,0.6617455561556267,58.35001138199946,23.36638141523811,30.99185047883927,676.8999126761125,485.01,4,0.042255175977191466,15.623723450281044,ON_TIME,8.008746928899166
SHP-10000389,ORD-500389,BlueDart Logistics,WH-09,Zone-Metro-A,SPRINTER_VAN,2026-10-01 12:29:38.725491903,2026-10-05 12:29:38.725491903,2026-10-03 03:38:42.751392369,18.592522976267553,73.8104199539268,19.31442990197585,61.70415940810662,64.04623476038513,54.43624989160066,295.0346241257487,225.41,4,0.21512765454365756,89.73953622701417,ON_TIME,39.151118305684996
SHP-10000390,ORD-500390,Unknown Carrier,WH-05,Zone-Metro-A,EV_CARGO_VAN,2026-10-03 01:37:59.088642671,2026-10-07 01:37:59.088642671,2026-10-03 13:09:21.071406146,18.452809840323997,73.86591993768873,15.42218898985929,60.333957294496905,23.10831278974367,46.17168069161452,589.9619061304662,425.99,4,0.06437329398195497,239.20274639877573,ON_TIME,11.522772989854168
SHP-10000391,ORD-500391,DHL Express,WH-03,Zone-Suburban-B,SPRINTER_VAN,2026-10-01 12:27:12.555640556,2026-10-03 12:27:12.555640556,2026-10-01 19:44:39.572181795,18.4476108137075,73.94935218151385,4.110982944322435,71.85266864959581,21.854072642728326,56.917575800846585,613.4703702953418,440.23,2,0.08937615756303902,45.94500989189334,ON_TIME,7.290837928121945
SHP-10000392,ORD-500392,DHL Express,WH-06,Zone-Suburban-B,RIGID_TRUCK_24FT,2026-10-04 03:03:53.824835934,2026-10-08 03:03:53.824835934,2026-10-04 15:29:30.172378197,18.523700264689996,73.93289386940708,7.53618579281821,17.798102347956593,51.6600158049154,17.465572556608624,1196.6071638908998,837.1,4,0.016058725028991822,466.38492698507224,ON_TIME,12.426763206184166
SHP-10000393,ORD-500393,BlueDart Logistics,WH-02,Zone-Metro-A,SPRINTER_VAN,2026-10-03 09:31:39.759417143,2026-10-05 09:31:39.759417143,2026-10-03 23:36:35.416603146,18.422557854310526,73.7936165044036,5.802257217844234,109.01983701835837,72.62404282818031,34.209719902291155,923.9360596210017,649.28,2,0.2708541338461472,21.41416754002677,ON_TIME,14.082126996111946
SHP-10000394,ORD-500394,DHL Express,WH-12,Zone-Rural-D,HEAVY_FREIGHT_TRAILER,2026-10-03 14:44:51.017084775,2026-10-04 14:44:51.017084775,2026-10-04 10:19:36.196972637,18.62667315858516,73.80917125649196,0.7800402787516716,,,,1424.4289805522287,990.28,1,,,ON_TIME,19.579216635517223
SHP-10000395,ORD-500395,DHL Express,WH-05,Zone-Industrial-C,EV_CARGO_VAN,2026-10-03 08:41:43.850312008,2026-10-07 08:41:43.850312008,2026-10-04 04:03:13.513952255,18.520436146091132,73.8938157472627,42.96521059460512,55.41183927088245,73.08536370291137,32.16008876306187,1300.9954369063703,929.87,4,0.13024174823031356,329.63506457413547,ON_TIME,19.35823990006861
SHP-10000396,ORD-500396,BlueDart Logistics,WH-02,Zone-Metro-A,SPRINTER_VAN,2026-10-03 00:27:37.766151019,2026-10-05 00:27:37.766151019,2026-10-03 10:03:34.985392788,18.502907131834416,73.82379118632467,12.258381429416845,33.17635287757321,70.59650474094809,35.63917062713587,473.9054345746027,349.69,2,0.0834717329735249,146.68095291622393,ON_TIME,9.599227567158056
SHP-10000397,ORD-500397,DHL Express,WH-01,Zone-Metro-A,EV_CARGO_VAN,2026-10-02 14:23:37.392857363,2026-10-06 14:23:37.392857363,2026-10-03 16:04:22.081088389,18.55273249971743,73.85558133111991,7.59033335567015,22.616845632118846,53.43290507195016,6.9902371761725846,1453.4619580100602,1017.41,4,0.008447588145712996,888.0087840307383,ON_TIME,25.67908006417389
SHP-10000398,ORD-500398,BlueDart Logistics,WH-09,Zone-Metro-A,SPRINTER_VAN,2026-10-03 19:48:10.380034067,2026-10-05 19:48:10.380034067,2026-10-04 06:39:24.409900486,18.612687041128854,73.87164854387176,7.6496096778880975,78.85808995948159,58.49220652654526,17.82908743682407,1569.6349113894316,1089.73,2,0.08223815781524998,92.90479506539677,ON_TIME,10.853897185116388
SHP-10000400,ORD-500400,FedEx Freight,WH-05,Zone-Metro-A,SPRINTER_VAN,2026-10-02 17:55:50.176016737,2026-10-03 17:55:50.176016737,2026-10-03 19:37:42.048854945,18.640720834516596,73.81276283110982,1.3442067342358994,,,,1717.053249598883,1189.38,1,,,LATE,25.697742455057778
SHP-10000401,ORD-500401,FedEx Freight,WH-01,Zone-Suburban-B,RIGID_TRUCK_24FT,2026-10-04 01:04:13.884741043,2026-10-06 01:04:13.884741043,2026-10-04 11:54:21.228616373,18.588808769161034,73.79078503588875,3.1567872129933625,51.095666775671674,29.75461983387644,36.31982521181268,1451.0586495861035,1005.82,2,0.055218197591190545,57.06598100542745,ON_TIME,10.835373298702777
SHP-10000402,ORD-500402,DHL Express,WH-06,Zone-Metro-A,EV_CARGO_VAN,2026-10-02 23:59:59.890269023,2026-10-03 23:59:59.890269023,2026-10-03 11:21:28.658916199,18.636391080222477,73.8496408469485,11.652966796483442,71.32769334173246,21.250289554560432,19.89559653717722,1106.3376768329397,778.46,1,0.030156434842816576,385.14011505390783,ON_TIME,11.357991290882223
SHP-10000403,ORD-500403,BlueDart Logistics,WH-04,Zone-Suburban-B,RIGID_TRUCK_24FT,2026-10-02 20:45:49.181243555,2026-10-03 20:45:49.181243555,2026-10-03 20:55:15.254302829,18.609034682069403,73.7705065562139,34.42170889212379,78.81199558498011,39.22444968677361,27.279626419750702,1677.5331030619009,1183.02,1,0.08433106833308007,407.69007868442867,LATE,24.157242516465
SHP-10000404,ORD-500404,DHL Express,WH-09,,EV_CARGO_VAN,2026-10-02 14:43:21.924382028,2026-10-09 14:43:21.924382028,2026-10-03 00:08:21.662210015,18.45793685207912,73.88169129277273,0.5005608588677993,,,,1115.4588866821107,787.44,7,,,ON_TIME,9.4165938411075
SHP-10000405,ORD-500405,BlueDart Logistics,WH-08,Zone-Industrial-C,RIGID_TRUCK_24FT,2026-10-01 21:04:07.387788607,2026-10-02 21:04:07.387788607,2026-10-02 09:52:27.668082844,18.415706335055738,73.95990128980874,29.82320575091806,97.01023043173748,64.66687585972952,57.424878923592544,969.9492920460312,698.97,1,0.36024627969190653,82.76262981379102,ON_TIME,12.805633415065834
SHP-10000407,ORD-500407,FedEx Freight,WH-03,Zone-Metro-A,EV_CARGO_VAN,2026-10-01 23:23:18.414001091,2026-10-03 23:23:18.414001091,2026-10-04 13:53:16.958298781,18.683696849614623,73.77818263303239,6.398794617915438,75.49088550372787,78.48250516015145,8.608129079910485,1634.7028016325905,1130.69,2,0.05100070124739734,125.21931131505441,LATE,45.79516401284843
SHP-10000408,ORD-500408,FedEx Freight,,Zone-Suburban-B,SPRINTER_VAN,2026-10-02 18:42:00.246079644,2026-10-06 18:42:00.246079644,2026-10-03 19:04:26.289627682,18.61807968898944,73.77005444971684,9.398724940780951,24.60586573767894,20.90556872918792,14.156986611208177,237.57254006424608,197.73,4,0.007282348495212926,1273.1348224586718,ON_TIME,24.37390098556611
SHP-10000409,ORD-500409,FedEx Freight,WH-06,Zone-Suburban-B,HEAVY_FREIGHT_TRAILER,2026-10-02 09:21:25.619625727,2026-10-03 09:21:25.619625727,2026-10-03 07:42:56.966902763,18.617261746808783,73.96196532244048,2.3969421122389463,67.0537955404219,14.481145399264449,36.960194265381446,882.2979887316848,618.4,1,0.035888931227591604,66.60220324634938,ON_TIME,22.358707576954444
SHP-10000410,ORD-500410,DHL Express,WH-09,Zone-Metro-A,EV_CARGO_VAN,2026-10-02 14:17:27.371098282,2026-10-06 14:17:27.371098282,2026-10-03 13:30:39.960684561,18.48104412414823,73.77017622373204,2.0374293268274126,70.47604823651876,50.09558406183465,17.783654077106874,999.7657039862901,708.32,4,0.0627858807032802,32.39883586016372,ON_TIME,23.22016377396639
SHP-10000411,ORD-500411,DHL Express,WH-02,Zone-Metro-A,EV_CARGO_VAN,2026-10-04 04:36:24.018511001,2026-10-08 04:36:24.018511001,2026-10-04 12:47:33.646324016,18.56273251266455,73.9958655088461,11.57737368848422,35.542543398746496,10.077035395808881,56.39203839077705,1031.6288582428497,728.2,4,0.02019756803121479,570.382307411403,ON_TIME,8.1860077258375
SHP-10000412,ORD-500412,DHL Express,WH-07,Zone-Industrial-C,RIGID_TRUCK_24FT,2026-10-02 07:13:10.598477489,2026-10-03 07:13:10.598477489,2026-10-03 00:56:50.924263714,18.69767189911138,73.83958282351153,87.6905425284809,52.2108473491675,69.07892073512242,46.5574819479091,1210.173508431877,874.58,1,0.16791742618667496,521.9133783840538,ON_TIME,17.72786827395139
SHP-10000413,ORD-500413,UPS Ground,WH-01,Zone-Suburban-B,EV_CARGO_VAN,2026-10-02 14:33:25.817882139,2026-10-04 14:33:25.817882139,2026-10-03 06:41:12.127573056,18.656843079421005,73.83219053978561,2.899587938744579,93.58332451046122,47.94796665137571,20.031033210109555,941.6523573785131,654.13,2,0.0898818525069376,32.224141401412254,ON_TIME,16.129530469699166
SHP-10000414,ORD-500414,UPS Ground,WH-07,Zone-Suburban-B,EV_CARGO_VAN,2026-10-01 15:36:47.230910650,2026-10-08 15:36:47.230910650,2026-10-02 11:52:51.057831468,18.4913183057656,73.77290793802426,2.87235013033481,29.098860106531525,46.60491820434202,5.335577615476187,484.03175536218595,357.3,7,0.007235843557107672,391.5500798203092,ON_TIME,20.26772970022722
SHP-10000415,ORD-500415,DHL Express,,Zone-Suburban-B,SPRINTER_VAN,2026-10-01 09:27:10.644247667,2026-10-05 09:27:10.644247667,2026-10-02 03:11:28.785456023,18.490313759709366,73.8964103031596,2.078227073072295,56.27808877350482,37.18719840431308,48.96960651616361,1587.0638001044006,1097.2,4,0.10248478997257181,20.258627752008387,ON_TIME,17.738372557876666
SHP-10000416,ORD-500416,DHL Express,WH-05,Zone-Suburban-B,EV_CARGO_VAN,2026-10-03 13:49:46.146182374,2026-10-07 13:49:46.146182374,2026-10-04 10:52:38.889093889,18.545073187344418,73.8964705530882,6.884920937347378,103.60964176508793,38.123037711157195,28.32493402805861,1220.5315525617011,846.55,4,0.11188106140456601,61.482904796494864,ON_TIME,21.0479841420875
SHP-10000417,ORD-500417,DHL Express,WH-01,Zone-Metro-A,HEAVY_FREIGHT_TRAILER,2026-10-02 23:05:21.078978656,2026-10-03 23:05:21.078978656,2026-10-03 12:31:11.753314923,18.521379599850334,73.87345145682254,2.775492879108162,62.89034813146209,42.335025868799185,40.33077415217774,1589.3492015995428,1100.58,1,0.1073792550443961,25.823521738792273,ON_TIME,13.430742871185279
SHP-10000418,ORD-500418,UPS Ground,WH-01,Zone-Metro-A,RIGID_TRUCK_24FT,2026-10-03 12:46:14.685726577,2026-10-05 12:46:14.685726577,2026-10-04 05:51:14.222445209,18.51134591388405,73.82775503680396,2.8481255220077393,83.88770262416227,11.202425831952263,20.783615398171364,519.3679364219324,374.34,2,0.01953131459047879,145.08073358414234,ON_TIME,17.083204644064445
SHP-10000419,ORD-500419,BlueDart Logistics,WH-05,Zone-Metro-A,SPRINTER_VAN,2026-10-01 16:47:24.437471394,2026-10-03 16:47:24.437471394,2026-10-02 00:11:35.933295607,18.58809157264183,73.84214522251635,11.613978560506613,93.55227375777734,16.26593404121535,12.858029264699404,1182.9105728313862,831.11,2,0.0195662574728442,590.5535700701349,ON_TIME,7.403193284503612
SHP-10000420,ORD-500420,BlueDart Logistics,WH-03,Zone-Metro-A,HEAVY_FREIGHT_TRAILER,2026-10-02 23:10:18.017490553,2026-10-03 23:10:18.017490553,2026-10-03 12:31:44.163686919,18.40344774089006,73.83012584841843,1.5944803585608152,34.35856561032178,47.87860150084278,42.14213754821601,1324.651343450414,923.03,1,0.06932550494428925,22.966780865912487,ON_TIME,13.357262832323888
SHP-10000421,ORD-500421,BlueDart Logistics,WH-01,Zone-Rural-D,SPRINTER_VAN,2026-10-02 00:15:44.129349284,2026-10-04 00:15:44.129349284,2026-10-03 16:52:24.144621512,18.62900189080998,73.85653660207012,63.2294921007791,35.730637375628575,21.259169891485307,29.76785234806625,716.6986847560871,530.25,2,0.022611770495883025,2783.9966114592758,ON_TIME,40.61111535339666
SHP-10000422,ORD-500422,FedEx Freight,WH-10,Zone-Suburban-B,EV_CARGO_VAN,2026-10-01 22:25:13.622940485,2026-10-05 22:25:13.622940485,2026-10-02 18:39:05.903137134,18.622015899002733,73.8354470263703,2.2013749843020944,87.06618832934643,68.40719562602487,17.934333558848948,1504.9046892642846,1044.27,4,0.10681606170601682,20.58975002610117,ON_TIME,20.231188943513608
SHP-10000423,ORD-500423,DHL Express,WH-06,Zone-Industrial-C,EV_CARGO_VAN,2026-10-01 06:49:47.542842533,2026-10-03 06:49:47.542842533,2026-10-01 23:03:08.668882995,18.64909770417841,73.91887932996632,35.08330211156788,86.56414012675809,30.586388050339433,12.569539976141176,16.611128160141376,54.62,2,0.03328017467320757,1051.0221248101293,ON_TIME,16.222535011239444
SHP-10000424,ORD-500424,FedEx Freight,WH-04,Zone-Metro-A,SPRINTER_VAN,2026-10-01 15:23:04.315549103,2026-10-05 15:23:04.315549103,2026-10-03 23:47:06.543125611,18.65243520199204,73.82394661808682,96.31055177229337,20.71741546076381,17.342472801199303,36.92637769428984,1105.4625008937394,806.9,4,0.013267323075553018,7204.924368771488,ON_TIME,45.79516401284843
SHP-10000425,ORD-500425,UPS Ground,WH-12,Zone-Suburban-B,EV_CARGO_VAN,2026-10-02 04:16:02.294500721,2026-10-06 04:16:02.294500721,2026-10-02 11:03:26.449049223,18.56991990842814,73.83770955787361,38.00453733639359,45.63733286602161,27.640744442758734,44.90524671141659,1139.7388485072158,813.34,4,0.05664571694382153,669.7340236976514,ON_TIME,6.790042930139444
SHP-10000426,ORD-500426,DHL Express,WH-02,Zone-Metro-A,HEAVY_FREIGHT_TRAILER,2026-10-01 14:24:54.974745171,2026-10-03 14:24:54.974745171,2026-10-01 22:24:38.055318698,18.634022180686987,73.85886497119729,32.73831716835563,52.86058673130161,36.78236726168411,20.61378291677134,993.2036050050119,703.86,2,0.04008015144741027,814.7882969332538,ON_TIME,7.9953001593130555
SHP-10000427,ORD-500427,BlueDart Logistics,WH-12,Zone-Metro-A,RIGID_TRUCK_24FT,2026-10-04 04:58:54.507754515,2026-10-08 04:58:54.507754515,2026-10-06 07:02:37.740206675,18.547718537644155,73.75099045856773,23.462244383388423,93.7588383297596,12.648745644616271,45.43283944409182,1170.0291189579482,823.42,4,0.05388024442543151,434.6450193607264,ON_TIME,45.79516401284843
SHP-10000428,ORD-500428,DHL Express,WH-04,Zone-Metro-A,EV_CARGO_VAN,2026-10-02 04:13:17.582497408,2026-10-03 04:13:17.582497408,2026-10-02 21:09:53.592600853,18.68545895092549,73.87302064355522,11.664217906460829,55.07691426582505,20.62566432897468,15.071720930302455,319.3629632087707,247.73,1,0.017121444018342615,677.3077736127838,ON_TIME,16.943336139845833
SHP-10000429,ORD-500429,FedEx Freight,WH-12,Zone-Industrial-C,SPRINTER_VAN,2026-10-01 15:22:59.966985243,2026-10-05 15:22:59.966985243,2026-10-02 05:25:44.726019298,18.457209558936228,73.81395495079823,37.13516838501611,102.96324458830816,34.28850658581398,23.61286301023101,1270.6283635527666,889.46,4,0.0833641712980816,444.923466050991,ON_TIME,14.045766398348611
SHP-10000430,ORD-500430,FedEx Freight,WH-08,Zone-Industrial-C,SPRINTER_VAN,2026-10-01 20:20:02.135485006,2026-10-02 20:20:02.135485006,2026-10-02 03:52:34.144327274,18.67468512762217,73.76403761350613,6.6015092386964325,109.6777388283608,33.28603553573231,45.968525773997555,629.1801136937908,461.11,1,0.16781900303255853,39.31365193620425,ON_TIME,7.542224678407777
SHP-10000431,ORD-500431,BlueDart Logistics,WH-11,Zone-Suburban-B,HEAVY_FREIGHT_TRAILER,2026-10-03 00:18:52.676786110,2026-10-04 00:18:52.676786110,2026-10-03 22:18:49.518337126,18.477559108380316,73.9777553246912,25.489491624836894,89.16898574096321,70.02900224198794,41.30789358058936,842.8747788545369,597.39,1,0.2579436345217127,98.77977293290728,ON_TIME,21.99912265306
SHP-10000432,ORD-500432,UPS Ground,,Zone-Suburban-B,RIGID_TRUCK_24FT,2026-10-01 10:36:40.081385753,2026-10-05 10:36:40.081385753,2026-10-02 10:02:18.100459477,18.430817012106054,73.83060468347173,34.10134083791403,78.30673550888946,73.24416064844898,19.87879947971519,624.2550110251418,448.77,4,0.11401507537807996,298.83291690367196,ON_TIME,23.42722752047889
SHP-10000433,ORD-500433,FedEx Freight,WH-04,Zone-Rural-D,SPRINTER_VAN,2026-10-03 20:05:42.926532587,2026-10-05 20:05:42.926532587,2026-10-04 04:10:07.281580593,18.53173133422209,73.85652131591817,16.613486558175456,52.230230768776664,24.50639493576625,11.717425085081322,883.0947420320541,627.58,2,0.014998007222229786,1100.3761167708499,ON_TIME,8.073431957779444
SHP-10000434,ORD-500434,FedEx Freight,,Zone-Metro-A,RIGID_TRUCK_24FT,2026-10-04 03:13:40.716858268,2026-10-11 03:13:40.716858268,2026-10-04 18:14:22.348986148,18.584475172724815,73.95683578958456,6.532853005263111,21.36874737494317,19.295491293463556,7.336038372098306,1154.4442383285923,805.62,7,0.003024798854998965,2090.647529140008,ON_TIME,15.011564479966667
SHP-10000435,ORD-500435,UPS Ground,WH-05,Zone-Metro-A,SPRINTER_VAN,2026-10-01 23:45:56.931436985,2026-10-03 23:45:56.931436985,2026-10-02 12:59:17.683208913,18.469296961959984,73.79169724268843,16.212050805002207,69.44818185763239,57.56218632410637,51.08533489556071,1552.8752995060229,1079.67,2,0.20421818223744023,79.34707830437733,ON_TIME,13.222431047757778
SHP-10000436,ORD-500436,FedEx Freight,WH-05,Zone-Metro-A,SPRINTER_VAN,2026-10-02 14:24:24.693618750,2026-10-04 14:24:24.693618750,2026-10-03 09:49:42.404425571,18.56673887234329,73.96257720239534,5.793801878957599,49.36196602667914,70.34676667715735,9.132807226232302,900.5536359427261,638.02,2,0.03171325943906911,182.1190906280533,ON_TIME,19.421586335228053
SHP-10000437,ORD-500437,BlueDart Logistics,WH-05,Zone-Industrial-C,EV_CARGO_VAN,2026-10-01 07:35:37.249706845,2026-10-03 07:35:37.249706845,2026-10-01 15:32:17.663557354,18.64236800708035,73.81040948701934,4.699304228359823,48.33531720407264,82.27923229180986,11.316483371351328,606.0853951354228,429.48,2,0.0450055728001482,104.18455939316623,ON_TIME,7.944559402919167
SHP-10000438,ORD-500438,UPS Ground,WH-07,,EV_CARGO_VAN,2026-10-03 04:07:52.090249295,2026-10-05 04:07:52.090249295,2026-10-04 17:14:11.975584021,18.477125489741116,73.89725947290383,23.22441704640579,80.33237900739638,10.509721355988571,18.074084665143353,908.8371734648564,650.61,2,0.01525942407450676,1512.0630131538053,ON_TIME,37.10552370409055
SHP-10000439,ORD-500439,FedEx Freight,WH-02,Zone-Metro-A,SPRINTER_VAN,2026-10-02 11:48:09.634247231,2026-10-04 11:48:09.634247231,2026-10-03 17:37:33.030127490,18.57409667377426,73.92141959504154,10.755773826359215,59.0457390666804,41.02585850701034,29.511833733191633,1278.0211345616076,897.71,2,0.07148952908411363,150.24227654468564,ON_TIME,29.82316552229417
SHP-10000440,ORD-500440,FedEx Freight,WH-07,Zone-Rural-D,EV_CARGO_VAN,2026-10-02 01:26:39.154413523,2026-10-06 01:26:39.154413523,2026-10-02 14:25:51.748014225,18.501793778857923,73.97625348646694,22.89519761485529,86.44891525328775,65.04908755707892,48.43828941300728,649.2359173420124,464.24,4,0.2723889935522038,84.0224675367264,ON_TIME,12.986831555750555
SHP-10000441,ORD-500441,BlueDart Logistics,WH-07,Zone-Industrial-C,EV_CARGO_VAN,2026-10-01 20:53:32.179071824,2026-10-05 20:53:32.179071824,2026-10-02 11:10:44.237501578,18.558930540259144,73.90190949867103,10.838506072357069,52.82645615511102,72.14194741557658,18.61141792676083,,,4,0.07092817740889375,152.59445571807578,ON_TIME,14.286682897153888
SHP-10000442,ORD-500442,DHL Express,WH-10,Zone-Metro-A,SPRINTER_VAN,2026-10-03 05:05:22.781729150,2026-10-07 05:05:22.781729150,2026-10-03 20:08:19.943374234,18.60007570587249,73.8633079503125,16.632937423228142,29.33202162122345,14.671446151232335,34.89295365978636,1046.4995836620576,742.47,4,0.015015944488292667,1100.3571385241848,ON_TIME,15.049211568078888
SHP-10000443,ORD-500443,DHL Express,WH-11,Zone-Suburban-B,EV_CARGO_VAN,2026-10-02 11:58:03.454443575,2026-10-09 11:58:03.454443575,2026-10-02 21:52:59.263410433,18.505126771544827,73.89306733808544,48.32699237246302,58.82801498807342,61.04608895980955,9.97048871275237,,,7,0.035806220830946714,1345.92255197214,ON_TIME,9.91550249079389
SHP-10000444,ORD-500444,BlueDart Logistics,WH-06,Zone-Suburban-B,SPRINTER_VAN,2026-10-01 18:56:07.687716553,2026-10-03 18:56:07.687716553,2026-10-02 07:15:43.951348777,18.69834486473564,73.80052061568504,7.429607029975824,105.3461888609095,31.670403804922753,30.548105282508864,396.297604242684,292.63,2,0.10191936475061877,72.82545865813933,ON_TIME,12.32673989784
SHP-10000445,ORD-500445,DHL Express,WH-04,,SPRINTER_VAN,2026-10-03 07:36:57.073921384,2026-10-07 07:36:57.073921384,2026-10-03 21:24:39.970494560,18.569132559528892,73.92226858353746,5.560627570170874,91.14483976607303,15.594771949984404,14.770144635751954,270.0410177406755,201.79,4,0.020994032353513287,263.6114080504258,ON_TIME,13.795249048104445
SHP-10000446,ORD-500446,BlueDart Logistics,WH-04,Zone-Metro-A,HEAVY_FREIGHT_TRAILER,2026-10-02 22:41:06.735763110,2026-10-04 22:41:06.735763110,2026-10-04 21:36:05.293803746,18.64733846772788,73.79672017801263,15.11565559214,34.54617923196984,46.682693631600046,16.61553573898108,660.0971489857245,481.48,2,0.02679601906182611,562.0034532766173,ON_TIME,45.79516401284843
SHP-10000447,ORD-500447,BlueDart Logistics,WH-03,Zone-Industrial-C,SPRINTER_VAN,2026-10-03 19:49:27.796637725,2026-10-07 19:49:27.796637725,2026-10-05 02:15:01.877970369,18.617540566873238,73.88931190301956,0.4087790771620982,,,,100.85426203314887,89.0,4,,,ON_TIME,30.42613370351222
SHP-10000448,ORD-500448,DHL Express,WH-01,Zone-Metro-A,EV_CARGO_VAN,2026-10-01 14:27:29.752988786,2026-10-03 14:27:29.752988786,,18.655841594110882,73.91190091534013,21.128843580942146,103.14024904595108,65.27556385462636,46.87412342854716,1084.4408840920637,775.41,2,0.31558181310169714,66.9308230757515,EXCEPTION_OR_IN_TRANSIT,
SHP-10000450,ORD-500450,BlueDart Logistics,WH-04,Zone-Suburban-B,RIGID_TRUCK_24FT,2026-10-03 06:29:35.551143033,2026-10-07 06:29:35.551143033,2026-10-03 14:26:51.740774770,18.4667661129183,73.8625474564944,67.429740346917,39.12527297716892,73.15508237406321,27.8235137066926,705.6516283026186,528.03,4,0.07963681060476487,845.6538433816861,ON_TIME,7.954497119926945
SHP-10000451,ORD-500451,UPS Ground,,Zone-Suburban-B,HEAVY_FREIGHT_TRAILER,2026-10-01 14:16:50.834825842,2026-10-08 14:16:50.834825842,2026-10-02 06:17:16.303098288,18.546223353367086,73.9438333066473,23.28240310105571,39.91115135783015,38.317651386081415,11.526913480582472,506.8315347022088,370.02,7,0.017628127046174023,1313.3030376201177,ON_TIME,16.00707452012389
SHP-10000452,ORD-500452,DHL Express,WH-07,Zone-Industrial-C,SPRINTER_VAN,2026-10-03 08:01:37.533182750,2026-10-07 08:01:37.533182750,2026-10-04 14:55:44.354055215,18.65569860294563,73.79188262207607,27.093833790278747,69.23862318788844,10.998234792298272,20.438039101317045,1170.6567581361353,826.9,4,0.01556362061999118,1729.7299550079376,ON_TIME,30.901894686795835
SHP-10000453,ORD-500453,FedEx Freight,WH-05,Zone-Industrial-C,EV_CARGO_VAN,2026-10-02 13:47:29.057277652,2026-10-09 13:47:29.057277652,2026-10-02 21:02:58.476070366,18.459281974417255,73.78904911968345,27.872030247313095,54.01966537257566,29.48019537808598,32.794567709157604,1574.9353257761002,1107.35,7,0.052225686514647526,532.6643968543227,ON_TIME,7.258171886865
SHP-10000454,ORD-500454,FedEx Freight,WH-08,Zone-Rural-D,HEAVY_FREIGHT_TRAILER,2026-10-04 02:02:20.056416074,2026-10-08 02:02:20.056416074,2026-10-05 02:54:40.770689967,18.69131974963219,73.88119950342998,5.201560930233116,22.587714029648488,45.085877464395764,52.81764782823177,1176.0073170125781,814.33,4,0.05378880100372076,96.52396849345328,ON_TIME,24.872420631636945
SHP-10000455,ORD-500455,DHL Express,WH-02,Zone-Metro-A,EV_CARGO_VAN,2026-10-01 16:11:45.662080159,2026-10-03 16:11:45.662080159,2026-10-04 18:36:49.966017254,18.43828069249454,73.89908519127752,20133.222092318785,74.77223818482314,62.05084595620379,58.254003814733174,1009.1240589016978,9160.13,2,0.27027997331763726,74462.69723781155,LATE,45.79516401284843
SHP-10000456,ORD-500456,FedEx Freight,WH-06,Zone-Industrial-C,SPRINTER_VAN,2026-10-03 04:17:02.414899439,2026-10-05 04:17:02.414899439,2026-10-04 13:04:33.170637165,18.45252338355415,73.90808526018323,1.1849683609865684,,,,1241.7759128739135,856.83,2,,,ON_TIME,32.79187659381277
SHP-10000457,ORD-500457,DHL Express,WH-08,Zone-Metro-A,SPRINTER_VAN,2026-10-02 09:30:09.227783995,2026-10-04 09:30:09.227783995,2026-10-04 02:43:50.220870786,18.45017013500982,73.93641851050594,54.240169981273425,72.60941853801242,50.203629705035354,24.287756977357073,67.12279220324729,83.22,2,0.08853510062536976,611.9490991557403,ON_TIME,41.228053635219716
SHP-10000458,ORD-500458,FedEx Freight,WH-07,Zone-Suburban-B,EV_CARGO_VAN,2026-10-04 02:53:26.362617155,2026-10-05 02:53:26.362617155,2026-10-04 21:50:34.294080174,18.575801785910386,73.82373287194031,1.9235672936435528,63.16579612147245,49.31976905917877,43.13993995319083,237.78848684837612,179.45,1,0.13439482459908497,14.302165896550342,ON_TIME,18.952203184171946
SHP-10000459,ORD-500459,FedEx Freight,WH-06,Zone-Suburban-B,EV_CARGO_VAN,2026-10-02 05:45:29.492859239,2026-10-04 05:45:29.492859239,2026-10-03 12:36:31.604834689,18.67526232447899,73.90565193046311,8.86582546197119,61.89852276890469,22.373676201873742,23.492657470132922,186.47625971477933,149.17,2,0.03253492273513668,271.66681330689096,ON_TIME,30.85058665984722
SHP-10000460,ORD-500460,FedEx Freight,WH-99_INVALID,Zone-Suburban-B,EV_CARGO_VAN,2026-10-04 03:16:38.587740274,2026-10-06 03:16:38.587740274,,18.47653341614993,73.79703478020159,39.2538203033613,21.41214330342683,56.72871250600095,39.40103993791335,192.48639064626502,169.14,2,0.047859786066176184,818.473632246771,EXCEPTION_OR_IN_TRANSIT,
SHP-10000461,ORD-500461,UPS Ground,WH-12,Zone-Suburban-B,SPRINTER_VAN,2026-10-03 22:54:25.132605314,2026-10-05 22:54:25.132605314,2026-10-05 02:29:35.038515945,18.565911056037567,73.80474942726364,56.88854845561424,75.72594245393591,42.94387961540484,18.40716144326221,490.76906853125524,381.12,2,0.05985945868794599,948.7835564307869,ON_TIME,27.58608497517528
SHP-10000462,ORD-500462,BlueDart Logistics,WH-08,,HEAVY_FREIGHT_TRAILER,2026-10-02 01:28:03.334592522,2026-10-09 01:28:03.334592522,2026-10-03 02:37:48.107783690,18.452731753014238,73.76682722209347,6.679138026763681,55.97542456598642,70.59390262393697,19.684378567725787,989.9120545843311,702.86,7,0.07778328786214332,85.75829565112909,ON_TIME,25.162436997546667
SHP-10000463,ORD-500463,UPS Ground,WH-08,Zone-Metro-A,EV_CARGO_VAN,2026-10-03 15:51:18.028553410,2026-10-10 15:51:18.028553410,2026-10-04 11:42:35.056354954,18.58934106886234,73.93675014653468,1.164972773421895,54.055081617140225,61.79584060966749,9.13740739726177,222.7847415711012,180.0,7,0.03052240568260328,38.04315002213302,ON_TIME,19.854729944873334
SHP-10000464,ORD-500464,UPS Ground,WH-08,Zone-Industrial-C,RIGID_TRUCK_24FT,2026-10-04 05:41:00.609107468,2026-10-05 05:41:00.609107468,2026-10-05 20:22:00.049111364,18.436973900853854,73.87674824259639,11.9089149634792,71.66288265976098,18.360188964816597,28.107763371724623,1730.7436513060975,1207.83,1,0.03698262290413667,321.1454323030296,LATE,38.68317777886
SHP-10000465,ORD-500465,DHL Express,WH-03,Zone-Suburban-B,EV_CARGO_VAN,2026-10-02 00:11:30.250162796,2026-10-04 00:11:30.250162796,2026-10-02 11:46:39.532450502,18.547393230253807,73.80954642639989,13.46053956790911,72.593565694922,46.65688075274264,38.999598605261724,1582.1240032788155,1099.6,2,0.13209122466403134,101.82627176743047,ON_TIME,11.585911746585001
SHP-10000466,ORD-500466,DHL Express,WH-05,Zone-Metro-A,SPRINTER_VAN,2026-10-02 13:26:52.642288604,2026-10-04 13:26:52.642288604,2026-10-03 04:00:35.696464218,18.59655454410306,73.88905943142507,15.010363934975455,16.42816309738891,62.68707688706405,48.38372190958416,1797.8823223450208,1250.03,2,0.04982717879963965,300.6451455070758,ON_TIME,14.561959493226112
SHP-10000467,ORD-500467,BlueDart Logistics,WH-01,Zone-Metro-A,EV_CARGO_VAN,2026-10-02 19:27:10.846918104,2026-10-04 19:27:10.846918104,2026-10-03 12:57:01.362727129,18.573738375026654,73.83856004965844,6.254678339692307,26.89646061430463,16.525879435550696,49.569169966073154,90.1150828726457,81.09,2,0.022032884631806828,282.59661782648095,ON_TIME,17.497365502506945
SHP-10000468,ORD-500468,FedEx Freight,WH-06,Zone-Rural-D,HEAVY_FREIGHT_TRAILER,2026-10-02 03:14:06.150400361,2026-10-06 03:14:06.150400361,2026-10-02 11:39:22.486555253,18.442000144810223,73.95930247757232,7.647098188006237,37.469230980248454,69.43727744174737,59.58444472289401,1576.8776977501634,1096.74,4,0.1550245075520838,49.2965187041041,ON_TIME,8.42120448747
SHP-10000469,ORD-500469,UPS Ground,WH-07,Zone-Rural-D,RIGID_TRUCK_24FT,2026-10-01 07:05:56.646436250,2026-10-03 07:05:56.646436250,2026-10-02 02:09:26.736468369,18.448412011454447,73.88203697019884,,,,,1489.2632306614576,1031.9,2,,,ON_TIME,19.05835834225528
SHP-10000470,ORD-500470,FedEx Freight,WH-03,Zone-Rural-D,SPRINTER_VAN,2026-10-01 21:50:57.500095998,2026-10-03 21:50:57.500095998,2026-10-02 03:13:45.632910698,18.601417301447494,73.75745268071346,10.918501286811221,69.79040706781271,47.73135966052673,32.12252226452058,1670.0705791393223,1154.52,2,0.10700625772686229,101.9408344436336,ON_TIME,5.380036892972222
SHP-10000471,ORD-500471,UPS Ground,,,RIGID_TRUCK_24FT,2026-10-02 02:17:58.040421383,2026-10-06 02:17:58.040421383,2026-10-03 10:46:33.872601352,18.642672788826932,73.99627382158494,23.62132630467122,86.9747675765516,80.5420965604477,33.67560164713274,982.3613801587284,705.19,4,0.23590197169278843,100.0895294867277,ON_TIME,32.47662004999139
SHP-10000472,ORD-500472,FedEx Freight,WH-12,Zone-Metro-A,SPRINTER_VAN,2026-10-02 13:56:21.042581674,2026-10-06 13:56:21.042581674,,18.672422320758876,73.76857463455899,12.377741864929328,85.35774152666642,52.8500676116713,49.24933845078407,1460.1401120856876,1026.63,4,0.22217176437909042,55.68742345437435,EXCEPTION_OR_IN_TRANSIT,
SHP-10000473,ORD-500473,BlueDart Logistics,WH-10,Zone-Suburban-B,HEAVY_FREIGHT_TRAILER,2026-10-01 18:19:09.762404753,2026-10-02 18:19:09.762404753,2026-10-02 06:02:26.945095248,18.644083454603834,73.92398954722502,8.561241947849696,96.05237257458433,41.80408387779606,19.64971835738659,106.26528423179514,92.07,1,0.07890111438894305,108.36862257031557,ON_TIME,11.721439636248611
SHP-10000474,ORD-500474,UPS Ground,WH-07,Zone-Industrial-C,SPRINTER_VAN,2026-10-03 20:52:27.529254481,2026-10-07 20:52:27.529254481,2026-10-04 06:26:05.918666324,18.69217716366616,73.85931395980066,34.76349027710701,50.797411820879326,10.5096195549357,8.815477596670686,151.46337707157144,140.2,4,0.00470624385154407,7232.98512328682,ON_TIME,9.560663725511946
SHP-10000475,ORD-500475,Unknown Carrier,WH-11,Zone-Suburban-B,HEAVY_FREIGHT_TRAILER,2026-10-03 08:45:12.965603962,2026-10-05 08:45:12.965603962,2026-10-03 22:52:21.478581395,18.52247554124954,73.81232945163002,12.278206819652189,47.78106728741376,20.006021708055854,22.256734564763082,229.86225886534322,177.89,2,0.021275414425375613,574.4078956932988,ON_TIME,14.119031382620276
SHP-10000476,ORD-500476,FedEx Freight,WH-02,Zone-Suburban-B,SPRINTER_VAN,2026-10-01 12:08:03.963783464,2026-10-03 12:08:03.963783464,2026-10-02 13:51:25.215356113,18.49934972626661,73.91911455861573,9.367092296333974,93.94646329007901,53.39979138234907,59.11603059853435,1693.3819307421063,1175.04,2,0.2965686641102435,31.57425582653757,ON_TIME,25.72256988129139
SHP-10000477,ORD-500477,UPS Ground,WH-10,Zone-Suburban-B,EV_CARGO_VAN,2026-10-03 04:48:23.963335470,2026-10-04 04:48:23.963335470,2026-10-04 04:17:01.933941123,18.408455215703533,73.78147433842625,9.906582820452115,37.572145717382526,47.03687804903036,54.469265880352246,124.42926417596902,106.11,1,0.0962622500846769,102.8056402973867,ON_TIME,23.47721405712583
SHP-10000478,ORD-500478,UPS Ground,WH-02,Zone-Suburban-B,SPRINTER_VAN,2026-10-03 05:03:47.758684336,2026-10-05 05:03:47.758684336,2026-10-03 15:27:32.580894502,18.534968756796427,73.96456167461412,2.111820339114121,58.81137549899266,37.28718817351235,26.738582852065836,196.07483007296588,151.08,2,0.05863532778076022,35.95485747516139,ON_TIME,10.395783947268333
SHP-10000479,ORD-500479,UPS Ground,WH-10,Zone-Suburban-B,EV_CARGO_VAN,2026-10-04 02:50:52.528208428,2026-10-06 02:50:52.528208428,2026-10-04 12:20:10.912114297,18.59541146572397,73.81265299647828,2.439801387710108,33.46093694211372,79.2411914045588,53.19495993097833,1722.0943200330707,1193.0,2,0.14104561220353992,17.285704809525196,ON_TIME,9.4884399738525
SHP-10000480,ORD-500480,UPS Ground,WH-04,Zone-Metro-A,SPRINTER_VAN,2026-10-01 06:13:03.009855516,2026-10-03 06:13:03.009855516,2026-10-02 07:25:15.726478345,18.644622592396743,73.840363414596,7.7750423544704415,101.8148705032253,34.93619030694556,6.801496626416229,209.3875654077273,156.57,2,0.02419308464106891,320.0516718789292,ON_TIME,25.20353239523028
SHP-10000481,ORD-500481,UPS Ground,WH-11,Zone-Suburban-B,SPRINTER_VAN,2026-10-01 23:51:04.090989665,2026-10-05 23:51:04.090989665,2026-10-02 10:08:02.229867682,18.48023661483231,73.90816090907605,3.725125216753768,53.74128624417941,50.286306733307995,22.28122426053103,1610.6120770572372,1114.17,4,0.06021391242404647,61.76228778799305,ON_TIME,10.282816355004723
SHP-10000482,ORD-500482,DHL Express,WH-12,Zone-Suburban-B,SPRINTER_VAN,2026-10-04 00:48:03.551454081,2026-10-08 00:48:03.551454081,2026-10-04 17:53:55.111519122,18.554077382910787,73.75025732889134,8.548078802886467,35.18625533192869,52.65350571430976,44.97465163931495,1462.6797084584823,1038.29,4,0.08332362393514636,102.46592511411102,ON_TIME,17.0976555736225
SHP-10000483,ORD-500483,UPS Ground,WH-02,Zone-Suburban-B,EV_CARGO_VAN,2026-10-04 01:06:49.110871234,2026-10-05 01:06:49.110871234,2026-10-04 18:56:08.751547020,18.598602869384212,73.86818715359722,25.230409116962548,80.74127210404664,49.5601292547942,17.179873805926142,86.03829492209952,81.4,1,0.06874608763551425,366.47556867047655,ON_TIME,17.822122409940555
SHP-10000484,ORD-500484,UPS Ground,WH-06,Zone-Metro-A,EV_CARGO_VAN,2026-10-03 09:52:55.999900869,2026-10-04 09:52:55.999900869,2026-10-04 06:01:29.607196390,18.565480859795226,73.97356223037542,21.049498365370333,38.241244429995476,45.81890436550744,15.911502331801866,52.155515483139936,62.41,1,0.027879687612373062,752.3135589284389,ON_TIME,20.142668693200278
SHP-10000485,ORD-500485,FedEx Freight,,Zone-Industrial-C,SPRINTER_VAN,2026-10-03 13:08:05.852815522,2026-10-07 13:08:05.852815522,2026-10-04 17:51:47.017136040,18.48220621522072,73.9201039103184,14.455293814593078,104.63284230117122,35.27978020089311,52.399415028040536,994.2058488979843,703.57,4,0.19342844135729143,74.69338208488836,ON_TIME,28.72810120014389
SHP-10000486,ORD-500486,FedEx Freight,WH-07,Zone-Metro-A,HEAVY_FREIGHT_TRAILER,2026-10-01 12:35:12.382695364,2026-10-02 12:35:12.382695364,2026-10-01 19:49:22.126580810,18.638884731488517,73.84697509123465,24.870878934972747,49.92361640689409,78.15727247797146,38.87746785922091,1844.8083921233183,1284.02,1,0.151695746546373,163.84437311868152,ON_TIME,7.236039968179445
SHP-10000487,ORD-500487,DHL Express,WH-11,Zone-Suburban-B,EV_CARGO_VAN,2026-10-02 18:59:56.616374518,2026-10-09 18:59:56.616374518,2026-10-02 23:44:49.808861047,18.45200830374158,73.91510610703608,31.074702477343262,78.14086764967452,43.81024463193586,59.39624950716197,1627.2898342619371,1135.79,7,0.20333537000590216,152.7497527909808,ON_TIME,4.748109024035833
SHP-10000488,ORD-500488,DHL Express,WH-08,Zone-Industrial-C,SPRINTER_VAN,2026-10-01 22:40:26.311342108,2026-10-05 22:40:26.311342108,2026-10-02 10:02:45.719044096,18.671493950135908,73.98414235622583,29.75518844436472,47.79826845995427,49.63366505095568,12.406832195353168,581.8267465364212,432.98,4,0.0294340089822255,1007.4889752445167,ON_TIME,11.372057694996666
SHP-10000489,ORD-500489,BlueDart Logistics,WH-05,Zone-Suburban-B,SPRINTER_VAN,2026-10-01 19:02:51.716904649,2026-10-03 19:02:51.716904649,2026-10-04 00:05:05.619902687,18.685779024716442,73.796951329209,28.88738746828124,91.68833038438001,59.23584878726817,24.587062397823065,,,2,0.1335381402538159,216.1612501746588,LATE,45.79516401284843
SHP-10000490,ORD-500490,DHL Express,WH-04,Zone-Metro-A,SPRINTER_VAN,2026-10-03 16:20:30.615132767,2026-10-04 16:20:30.615132767,2026-10-06 05:33:29.222657151,18.509671978622578,73.88295200220966,2.1413201044991768,100.2076603971637,15.0742031823651,22.116735449202647,724.9712210856297,510.76,1,0.033408448738354815,63.9038864860418,LATE,45.79516401284843
SHP-10000491,ORD-500491,UPS Ground,WH-03,Zone-Industrial-C,EV_CARGO_VAN,2026-10-01 15:43:21.885027597,2026-10-02 15:43:21.885027597,2026-10-03 21:47:31.088817960,18.512854537145785,73.80868439530327,0.9329822020416451,89.85224414440468,68.5966106097434,53.407273074540036,1361.4206636334172,950.44,1,0.32917890019979346,2.833410222991963,LATE,45.79516401284843
SHP-10000492,ORD-500492,FedEx Freight,WH-10,Zone-Suburban-B,SPRINTER_VAN,2026-10-02 15:44:34.504309463,2026-10-03 15:44:34.504309463,2026-10-03 06:14:56.091463699,18.622983477675156,73.96355615979267,3.538584897659749,95.6074067791144,48.43804825645267,19.041308602365582,639.0019993934609,453.37,1,0.08818098911381395,40.0832040191317,ON_TIME,14.505996431732221
SHP-10000493,ORD-500493,FedEx Freight,WH-05,Zone-Industrial-C,EV_CARGO_VAN,2026-10-04 01:34:39.479700699,2026-10-05 01:34:39.479700699,2026-10-04 06:44:28.275859432,18.5368865795656,73.9302625629004,5.216626571224762,24.67867865407542,59.288270188372515,24.440354872079354,283.6509988077292,210.7,1,0.03576005597759935,145.47179107816856,ON_TIME,5.163554488536945
SHP-10000494,ORD-500494,DHL Express,WH-07,Zone-Industrial-C,HEAVY_FREIGHT_TRAILER,2026-10-01 19:22:47.668802536,2026-10-05 19:22:47.668802536,2026-10-01 22:57:57.103673585,18.40858304307977,73.95026898006238,27.503636306445618,102.78614431814131,67.90090490602685,12.855863162148513,1385.1834169765657,976.42,4,0.08972456851604368,306.1928018227347,ON_TIME,3.5859541308469445
SHP-10000495,ORD-500495,DHL Express,WH-07,Zone-Suburban-B,EV_CARGO_VAN,2026-10-04 04:24:55.895432950,2026-10-05 04:24:55.895432950,2026-10-04 15:26:54.076349367,18.67596301830257,73.98575296312329,8.038296080527637,74.30856924315162,75.55745430731609,47.64705404570529,853.8327063345023,597.45,1,0.26751754514150045,30.0365062996055,ON_TIME,11.032828032338054
SHP-10000496,ORD-500496,UPS Ground,WH-08,Zone-Suburban-B,EV_CARGO_VAN,2026-10-04 05:35:19.445909266,2026-10-06 05:35:19.445909266,2026-10-04 20:02:48.466899821,18.529225102589727,73.80807719409555,5.0744536459515,97.57566555578897,39.41653127146982,18.07368061773691,153.11929413572634,135.04,2,0.06951307951074424,72.89511800965934,ON_TIME,14.458061386265278
SHP-10000497,ORD-500497,FedEx Freight,WH-11,Zone-Metro-A,EV_CARGO_VAN,2026-10-02 22:00:15.966493678,2026-10-04 22:00:15.966493678,2026-10-04 12:18:09.984630670,18.461048530162092,73.76217979287894,10.981811972931016,80.02149259761447,70.85724195116913,8.757614972772071,1464.1160694884077,1027.79,2,0.04965657246931715,220.71078106722587,ON_TIME,38.29833837138667
SHP-10000498,ORD-500498,UPS Ground,,Zone-Metro-A,EV_CARGO_VAN,2026-10-01 18:15:00.998253919,2026-10-03 18:15:00.998253919,2026-10-02 23:09:25.133503840,18.566699221944635,73.82272593004222,17.167142217256092,34.17552851165249,29.41276716744263,28.930980297999316,1087.8021031405215,769.65,2,0.02908133063725645,588.2919607284261,ON_TIME,28.90670423608917
SHP-10000499,ORD-500499,BlueDart Logistics,WH-06,Zone-Suburban-B,RIGID_TRUCK_24FT,2026-10-02 04:45:34.386954280,2026-10-03 04:45:34.386954280,2026-10-02 23:49:25.580432538,18.465671848777394,73.84978482715707,22.8945161147706,72.90773465633927,59.525173821802476,26.530196817884406,911.4608198440255,646.5,1,0.11513695735344641,198.67338257248676,ON_TIME,19.064220410627225
SHP-10000500,ORD-500500,UPS Ground,WH-11,Zone-Suburban-B,EV_CARGO_VAN,2026-10-02 12:33:48.542229757,2026-10-03 12:33:48.542229757,2026-10-02 21:47:08.039865363,18.46180659990448,73.90628995166821,5.497916295777654,23.639892773698392,17.703047550972954,14.768506236795654,1249.6047412167004,866.7,1,0.006180592477408159,875.3817916946753,ON_TIME,9.222082676557221
SHP-10000501,ORD-500501,UPS Ground,WH-10,Zone-Suburban-B,EV_CARGO_VAN,2026-10-02 04:16:16.838953651,2026-10-03 04:16:16.838953651,2026-10-02 13:04:40.340466534,18.563719398217188,73.94942614061893,2.862177801391223,81.09368787072506,11.502285056805642,12.347865794280853,940.8658010238332,648.13,1,0.011517628812810023,246.36505843905783,ON_TIME,8.806528198023056
SHP-10000502,ORD-500502,DHL Express,WH-08,Zone-Metro-A,SPRINTER_VAN,2026-10-02 02:12:20.742303992,2026-10-06 02:12:20.742303992,2026-10-02 21:36:14.452135288,18.51731268765684,73.83745082201172,20305.2444198407,53.85510840265441,17.18223445844798,54.31064673607934,1203.7962320028616,9374.86,4,0.05025641666415863,403230.52681175055,ON_TIME,19.398252730915555
SHP-10000503,ORD-500503,BlueDart Logistics,WH-12,Zone-Metro-A,EV_CARGO_VAN,2026-10-04 04:00:01.940628879,2026-10-06 04:00:01.940628879,2026-10-05 05:52:13.860539852,18.571897983475967,73.86837424668423,10.424397967898363,29.41465144451985,33.95368649218568,8.73144676031768,1606.443946381461,1111.91,2,0.008720408931793353,1181.849736050604,ON_TIME,25.869977753048055
SHP-10000504,ORD-500504,UPS Ground,WH-03,Zone-Suburban-B,EV_CARGO_VAN,2026-10-01 17:02:32.163266161,2026-10-05 17:02:32.163266161,2026-10-02 14:15:27.258615056,18.69904763104337,73.94636681649655,2.553026783121883,108.02683250749934,12.332096036849821,10.462102618297598,1139.6394085882484,797.8,4,0.01393758457835204,181.87080326190983,ON_TIME,21.215304263581945
SHP-10000505,ORD-500505,FedEx Freight,WH-02,Zone-Metro-A,RIGID_TRUCK_24FT,2026-10-03 10:47:58.593939410,2026-10-05 10:47:58.593939410,2026-10-03 19:11:36.817505090,18.65770544631123,73.80633218158219,28.16166265096296,100.6030203000147,57.28684541404469,18.47760046261233,1224.3457150561571,865.38,2,0.10649065525557522,264.2038608679063,ON_TIME,8.393950990466667
SHP-10000506,ORD-500506,FedEx Freight,WH-11,Zone-Industrial-C,RIGID_TRUCK_24FT,2026-10-01 06:01:46.347022634,2026-10-03 06:01:46.347022634,2026-10-02 07:07:52.321152582,18.402301239786937,73.80428298198461,2.5826228018771875,99.88665277330911,33.74084037866986,57.40615543110762,1140.2674555952,788.1,2,0.19347364685317944,13.34180992021109,ON_TIME,25.10165948054111
SHP-10000507,ORD-500507,BlueDart Logistics,WH-06,Zone-Metro-A,HEAVY_FREIGHT_TRAILER,2026-10-03 00:55:30.547909096,2026-10-05 00:55:30.547909096,2026-10-03 22:36:53.829834531,18.415166712861215,73.8973082474575,1.3923091282708158,,,,988.3084312899991,689.61,2,,,ON_TIME,21.689800534843055
SHP-10000508,ORD-500508,DHL Express,WH-11,Zone-Suburban-B,RIGID_TRUCK_24FT,2026-10-03 23:56:52.426624890,2026-10-07 23:56:52.426624890,2026-10-04 08:08:50.439455743,18.583023832039373,73.85901420762947,10.874540164175146,80.73820688863417,13.443635220220422,49.88081547085852,328.08529137291674,242.0,4,0.054141385411368134,200.48418899521718,ON_TIME,8.199448008570277
SHP-10000509,ORD-500509,UPS Ground,WH-12,Zone-Rural-D,SPRINTER_VAN,2026-10-02 02:43:52.517188962,2026-10-04 02:43:52.517188962,2026-10-02 12:36:29.096628036,18.587876824339688,73.98722420075886,6.480471447166656,77.23255062776329,26.252617491062363,54.062868432535495,628.9755088611946,454.39,2,0.10961552621836361,59.066129202796354,ON_TIME,9.876827621964999
SHP-10000510,ORD-500510,UPS Ground,WH-01,Zone-Metro-A,EV_CARGO_VAN,2026-10-01 19:21:28.332786800,2026-10-02 19:21:28.332786800,2026-10-02 21:05:03.806361142,18.6634572532228,73.83925763574615,15.885995938834066,25.07891458186625,40.6002568997274,25.7827257797987,1285.9342820042286,905.29,1,0.02625223887935893,602.8328754744699,LATE,25.726520437317223
SHP-10000511,ORD-500511,DHL Express,WH-12,Zone-Suburban-B,RIGID_TRUCK_24FT,2026-10-03 04:55:15.402832488,2026-10-05 04:55:15.402832488,2026-10-03 19:02:26.277937353,18.588717152356548,73.93988890087671,4.958582322089049,100.55379235525314,38.69886717205347,21.16419199075133,794.0250841178664,560.8,2,0.08235659815914073,60.13566449247657,ON_TIME,14.119687529129166
SHP-10000512,ORD-500512,DHL Express,WH-06,Zone-Metro-A,RIGID_TRUCK_24FT,2026-10-03 09:18:26.284771743,2026-10-05 09:18:26.284771743,2026-10-05 07:30:20.621335538,18.46831436155472,73.895773185866,14.63997010724394,98.70719764893799,19.824900462725537,42.25577505415744,758.4651238924607,537.69,2,0.08268865153717235,176.83547002418018,ON_TIME,45.79516401284843
SHP-10000513,ORD-500513,BlueDart Logistics,WH-07,Zone-Suburban-B,RIGID_TRUCK_24FT,2026-10-03 07:32:17.510512353,2026-10-05 07:32:17.510512353,2026-10-04 06:18:53.298087017,18.540554868311094,73.76364402298742,30.224241294047463,86.04599951986107,84.56026101862427,43.64490303356226,1407.5369442319654,990.76,2,0.31756346471799857,95.14547516781202,ON_TIME,22.77660765962889
SHP-10000514,ORD-500514,FedEx Freight,WH-08,Zone-Suburban-B,SPRINTER_VAN,2026-10-02 04:59:26.935301540,2026-10-06 04:59:26.935301540,2026-10-02 16:58:34.396240799,18.642695620201355,73.77109638700236,4.271581254265324,103.09492111213663,31.332968562537694,47.898743955328555,22.235565826289363,42.45,4,0.15472587190832685,27.589583069130384,ON_TIME,11.985405816460833
SHP-10000515,ORD-500515,FedEx Freight,WH-12,Zone-Suburban-B,EV_CARGO_VAN,2026-10-02 00:09:30.862639698,2026-10-04 00:09:30.862639698,2026-10-02 16:29:40.174374775,18.67684748937951,73.8007891220475,16.694926879198754,67.54292788280924,64.07740634885974,50.681172973090916,1259.991854690932,876.4,2,0.2193468818283221,76.07730280833768,ON_TIME,16.335919926410277
SHP-10000516,ORD-500516,DHL Express,WH-01,Zone-Suburban-B,RIGID_TRUCK_24FT,2026-10-04 02:49:34.152950161,2026-10-08 02:49:34.152950161,2026-10-04 19:57:44.844341936,18.47107453569001,73.78578815571225,77.8614474113556,57.526021798167754,26.502002290878863,19.761750080678702,911.1983262806482,682.88,4,0.03012787018068023,2575.816521175871,ON_TIME,17.136303164381943
SHP-10000517,ORD-500517,BlueDart Logistics,WH-06,Zone-Rural-D,SPRINTER_VAN,2026-10-04 00:28:39.232543565,2026-10-06 00:28:39.232543565,2026-10-04 10:43:12.253411992,18.561881420503997,73.8323428724111,22.773273968817193,106.95500320579647,75.8388408044563,42.78288810376569,704.4896243307951,507.4,2,0.34702669967876937,65.60507731007598,ON_TIME,10.242505796785277
SHP-10000518,ORD-500518,BlueDart Logistics,WH-09,Zone-Metro-A,HEAVY_FREIGHT_TRAILER,2026-10-02 14:55:36.465284219,2026-10-06 14:55:36.465284219,2026-10-03 00:00:48.777148314,18.44767826505112,73.89474722899968,3.4838382838292694,59.09246284077732,39.08187326122693,12.419814835657153,637.9062920722577,454.65,4,0.028682868634780645,121.03860556899005,ON_TIME,9.086753295581945
SHP-10000519,ORD-500519,FedEx Freight,WH-10,Zone-Metro-A,EV_CARGO_VAN,2026-10-03 18:55:33.450107213,2026-10-07 18:55:33.450107213,2026-10-04 20:52:08.400218136,18.54909990967827,73.90059063575184,13.48838202782624,75.92582190137998,77.56768667418284,33.090223234928445,329.74516038928164,257.91,4,0.19488124185333144,69.17784449220225,ON_TIME,25.943041697478613
SHP-10000520,ORD-500520,UPS Ground,WH-09,Zone-Rural-D,EV_CARGO_VAN,2026-10-02 14:34:02.245402809,2026-10-04 14:34:02.245402809,2026-10-03 19:03:13.373871375,18.42703423622485,73.89694194629068,1.892797821573319,50.440903951551704,35.63761897254783,38.708780408192695,626.3553280919325,446.44,2,0.06958266040248619,27.163110745780113,ON_TIME,28.486424574601667
SHP-10000521,ORD-500521,DHL Express,WH-02,Zone-Suburban-B,EV_CARGO_VAN,2026-10-02 12:33:21.633484394,2026-10-06 12:33:21.633484394,2026-10-03 12:54:15.156147697,18.68251842098514,73.77940215865829,2.2496042461443424,75.45099147187415,10.648286612268508,13.895256517210138,731.4271517388653,517.79,4,0.011163779548090917,199.72019485463252,ON_TIME,24.348200739806387
SHP-10000522,ORD-500522,UPS Ground,WH-04,Zone-Rural-D,RIGID_TRUCK_24FT,2026-10-01 17:17:12.956017737,2026-10-05 17:17:12.956017737,2026-10-03 13:19:14.515616550,18.591416937484784,73.90005635271513,54.060610650258596,83.40940458444032,48.776532330884606,9.207859684574744,816.0311139028465,593.04,4,0.03746145448845734,1439.2576482061272,ON_TIME,44.03376655522584
SHP-10000523,ORD-500523,BlueDart Logistics,WH-05,Zone-Suburban-B,EV_CARGO_VAN,2026-10-02 12:42:04.449842719,2026-10-04 12:42:04.449842719,2026-10-03 00:15:52.792204409,18.656265022514102,73.85243672171434,14.724156672615495,74.34227490241229,49.35909521133223,15.711045745190612,1247.6885738892956,871.73,2,0.057651170576785975,254.95858396564014,ON_TIME,11.563428433802779
SHP-10000524,ORD-500524,BlueDart Logistics,WH-11,Zone-Industrial-C,EV_CARGO_VAN,2026-10-02 20:41:38.470485069,2026-10-04 20:41:38.470485069,2026-10-04 21:31:14.362602246,18.69948855225457,73.97576316631319,57.17153856481366,63.88347941553879,18.987563709147665,28.13238113188019,845.6635336994831,615.53,2,0.03412434299585861,1670.4933845401156,LATE,45.79516401284843
SHP-10000525,ORD-500525,DHL Express,WH-04,Zone-Suburban-B,HEAVY_FREIGHT_TRAILER,2026-10-01 07:37:13.121669515,2026-10-05 07:37:13.121669515,2026-10-01 16:46:34.453720796,18.454799798411614,73.97799604902693,15.05003775323297,43.510525774397124,27.62226800644693,53.83125377984561,1475.5705511625185,1020.88,4,0.0646975985866689,232.26227640370118,ON_TIME,9.155925569800278
SHP-10000526,ORD-500526,DHL Express,WH-03,Zone-Industrial-C,EV_CARGO_VAN,2026-10-02 13:58:34.090941465,2026-10-04 13:58:34.090941465,,18.608243024487894,73.94204345667096,4.690350233769698,76.16533923294122,68.7621693236012,34.255293349409996,1187.8384391814523,819.3,2,0.17940504071453794,26.12935110400959,EXCEPTION_OR_IN_TRANSIT,
SHP-10000527,ORD-500527,FedEx Freight,WH-12,Zone-Rural-D,RIGID_TRUCK_24FT,2026-10-03 14:15:27.531808035,2026-10-04 14:15:27.531808035,2026-10-03 19:29:45.972053590,18.666095888052055,73.92577678777481,9.50499430538728,101.30074504982947,12.756686847149442,46.16710904536948,360.4794321101362,267.96,1,0.059659995220711186,159.05279560820827,ON_TIME,5.238455623765278
SHP-10000528,ORD-500528,FedEx Freight,WH-01,Zone-Suburban-B,EV_CARGO_VAN,2026-10-03 06:57:47.937812210,2026-10-07 06:57:47.937812210,2026-10-03 19:16:16.010646644,18.572781450223538,73.77873817932937,12.450464008666469,15.656696161118399,46.71450150150105,14.57794905602956,521.4442915522037,372.91,4,0.01066223549758378,1156.8659700358453,ON_TIME,12.307798009565001
SHP-10000529,ORD-500529,BlueDart Logistics,WH-99_INVALID,Zone-Metro-A,RIGID_TRUCK_24FT,2026-10-03 03:43:52.691513531,2026-10-04 03:43:52.691513531,2026-10-03 15:35:03.469365833,18.591908913509968,73.77117355289667,128.55199390734685,27.723257605820585,49.78060925601721,10.8288008930374,157.66000467926648,184.46,1,0.014944618620440029,8544.716031065927,ON_TIME,11.852993847861667
SHP-10000530,ORD-500530,BlueDart Logistics,WH-09,Zone-Metro-A,SPRINTER_VAN,2026-10-03 23:29:16.767050922,2026-10-07 23:29:16.767050922,2026-10-04 22:38:05.471215622,18.52230132685514,73.96020842272853,20.981223553206604,26.37845005748629,61.6534045507093,18.17895466977319,1750.2365855490661,1217.87,4,0.029564820333410506,707.2762726149447,ON_TIME,23.14686226797222
SHP-10000531,ORD-500531,Unknown Carrier,WH-11,Zone-Metro-A,HEAVY_FREIGHT_TRAILER,2026-10-01 07:17:53.896946699,2026-10-05 07:17:53.896946699,2026-10-02 02:34:04.483827577,18.602428250114954,73.85675395411437,3.6982578240965798,102.70450377482113,12.80922005501014,22.263422703469747,1641.479784499392,1129.78,4,0.02928897054958381,125.83829086007071,ON_TIME,19.269607466910557
SHP-10000532,ORD-500532,Unknown Carrier,WH-04,Zone-Metro-A,HEAVY_FREIGHT_TRAILER,2026-10-02 22:06:26.734341027,2026-10-09 22:06:26.734341027,2026-10-03 05:40:48.935075987,18.518673374408834,73.86284056880024,7.156128006973335,77.9610304514484,53.9234745317848,35.145611035220966,167.85546237882244,144.77,7,0.14774967594759264,48.40137769060734,ON_TIME,7.572833537488888
SHP-10000533,ORD-500533,UPS Ground,WH-01,Zone-Metro-A,EV_CARGO_VAN,2026-10-03 14:41:20.821507796,2026-10-04 14:41:20.821507796,2026-10-04 03:25:43.963624159,18.542985891445433,73.96194827250326,15.916463276279558,105.4198701146643,10.23235274336374,53.46838262004424,1067.1517171276316,750.22,1,0.05767598594291419,275.4857925229677,ON_TIME,12.739761698989723
SHP-10000534,ORD-500534,BlueDart Logistics,WH-10,Zone-Suburban-B,EV_CARGO_VAN,2026-10-02 20:58:34.131196168,2026-10-04 20:58:34.131196168,2026-10-03 09:53:35.582909850,18.430873522786847,73.9053577397652,2.4456753937774844,70.36726095518068,29.8883775466893,28.435093922755097,1777.2185430661846,1232.11,2,0.059803644899948154,40.82682110349517,ON_TIME,12.917069920467222
SHP-10000535,ORD-500535,DHL Express,WH-11,Zone-Suburban-B,EV_CARGO_VAN,2026-10-02 05:19:13.727228834,2026-10-04 05:19:13.727228834,2026-10-02 10:30:16.772593712,18.402342520054113,73.79485181022552,8.834236387755427,58.8646252301291,47.47631914873609,33.533900331473355,1385.248447921034,973.9,2,0.0937163775226208,94.16518331914206,ON_TIME,5.1841792680216665
SHP-10000536,ORD-500536,BlueDart Logistics,WH-10,Zone-Suburban-B,SPRINTER_VAN,2026-10-01 15:48:36.146471840,2026-10-03 15:48:36.146471840,2026-10-02 00:30:06.769625359,18.416545337241683,73.80275330724685,7.058443748054584,90.27257662236443,78.34610030692129,5.253744479170636,915.9508125180963,645.64,2,0.03715713064605168,189.4521565579179,ON_TIME,8.691839764866389
SHP-10000537,ORD-500537,FedEx Freight,WH-02,Zone-Suburban-B,RIGID_TRUCK_24FT,2026-10-03 21:54:16.348214756,2026-10-04 21:54:16.348214756,2026-10-04 07:52:06.480719452,18.45775649228128,73.75159429225872,16.166763974029614,30.289515410146333,19.49423620041516,6.832163459020765,455.14729361039485,336.36,1,0.004034194169826086,3910.4994371151424,ON_TIME,9.963925695748888
SHP-10000538,ORD-500538,DHL Express,WH-10,Zone-Metro-A,SPRINTER_VAN,2026-10-02 15:53:41.612106866,2026-10-04 15:53:41.612106866,2026-10-04 09:39:05.182736380,18.536981145878517,73.9276675234854,8.015902529383329,51.227121050145534,22.69668467524563,9.607305996015118,524.8701439994213,387.47,2,0.011170278385558367,711.2426379507035,ON_TIME,41.756547397087225
SHP-10000539,ORD-500539,FedEx Freight,WH-10,Zone-Metro-A,SPRINTER_VAN,2026-10-03 21:13:27.459058693,2026-10-05 21:13:27.459058693,2026-10-04 15:50:53.315570927,18.406298221255433,73.87140291462362,1.6859031665050195,59.29605285075125,60.19375482878707,43.44467470134658,1365.2053606859608,947.58,2,0.15506499500455206,10.865228761522921,ON_TIME,18.62384903117611
SHP-10000540,ORD-500540,DHL Express,WH-09,Zone-Metro-A,EV_CARGO_VAN,2026-10-03 00:10:52.870134677,2026-10-04 00:10:52.870134677,2026-10-04 01:28:16.927436332,18.44678099174627,73.98749097820925,8.545740039946342,43.35354747865123,38.11462703667992,31.740525282455454,1446.6973522221901,1012.71,1,0.052448180234544436,162.62675513791612,LATE,25.29001591712639
SHP-10000541,ORD-500541,UPS Ground,WH-10,Zone-Suburban-B,RIGID_TRUCK_24FT,2026-10-03 06:32:30.596626608,2026-10-07 06:32:30.596626608,2026-10-03 12:45:00.472612512,18.63443338116533,73.92850320031206,22.689055354911748,50.272133178805454,56.756605144215385,15.612865919252195,983.7383301579331,698.1,4,0.044547809569990986,508.178465493225,ON_TIME,6.208298884973333
SHP-10000542,ORD-500542,FedEx Freight,WH-11,Zone-Metro-A,HEAVY_FREIGHT_TRAILER,2026-10-03 15:54:24.491214894,2026-10-07 15:54:24.491214894,2026-10-05 03:38:44.490370666,18.628649967478612,73.77578816519164,51.12338753109133,22.419992757819735,84.80906253507004,37.59296912794005,234.3037133877034,201.65,4,0.0714799695198662,714.2135973793985,ON_TIME,35.738888654381114
SHP-10000543,ORD-500543,UPS Ground,WH-08,Zone-Metro-A,EV_CARGO_VAN,2026-10-03 05:27:33.117160354,2026-10-07 05:27:33.117160354,2026-10-04 19:46:09.859461170,18.636919087502648,73.79038536498481,28.632170738809847,33.808440997708004,84.01537460116405,34.95366835004698,1728.450070725681,1208.15,4,0.0992834074741282,288.0980987320591,ON_TIME,38.31020619467111
SHP-10000544,ORD-500544,UPS Ground,WH-02,Zone-Suburban-B,SPRINTER_VAN,2026-10-02 10:39:35.814703980,2026-10-09 10:39:35.814703980,2026-10-02 15:08:47.261278224,18.676462282959033,73.87543116169583,1.329908793871231,,,,1564.6739061336586,1082.69,7,,,ON_TIME,4.486512937290001
SHP-10000545,ORD-500545,DHL Express,WH-07,Zone-Industrial-C,EV_CARGO_VAN,2026-10-02 18:58:53.773114306,2026-10-04 18:58:53.773114306,2026-10-03 05:22:43.977220668,18.435721300220354,73.98121854216568,1.8156759848021522,90.60959115714776,47.794401536862445,40.222702499443045,270.3102758524032,201.9,2,0.1741896897028144,10.417575405051817,ON_TIME,10.397278918433889
SHP-10000546,ORD-500546,FedEx Freight,WH-01,Zone-Metro-A,SPRINTER_VAN,2026-10-03 15:49:09.399995988,2026-10-10 15:49:09.399995988,2026-10-04 14:30:59.814636521,18.448941962868364,73.81181277247094,2.5378280705047764,32.337248710072075,77.8517618972045,47.19351799467806,116.26529870983038,96.86,7,0.11881023782099522,21.3423849536418,ON_TIME,22.697337400148054
SHP-10000547,ORD-500547,UPS Ground,WH-06,Zone-Suburban-B,SPRINTER_VAN,2026-10-02 08:54:10.156819877,2026-10-06 08:54:10.156819877,2026-10-03 09:54:08.057138215,18.500066084380393,73.95639505047811,54.966530103115325,47.93083552850134,16.912574680641818,20.76049242400033,996.9248008940104,714.52,4,0.01682915759807262,3246.8555971960027,ON_TIME,24.99941675509389
SHP-10000548,ORD-500548,UPS Ground,WH-06,Zone-Industrial-C,EV_CARGO_VAN,2026-10-02 09:56:41.081594394,2026-10-04 09:56:41.081594394,2026-10-02 20:31:29.576694121,18.67454235969427,73.82806810503392,16.34603126098454,21.167427378708844,43.92279278776353,42.81188740968692,534.2541313868687,,2,0.039803604250139624,409.6379654959951,ON_TIME,10.580137527701945
SHP-10000549,ORD-500549,BlueDart Logistics,WH-01,Zone-Industrial-C,SPRINTER_VAN,2026-10-01 12:53:22.878082233,2026-10-02 12:53:22.878082233,2026-10-02 02:22:21.470160087,18.63264332290178,73.81747429738894,214.2589866595876,67.92491275852757,38.31830112373442,15.984573435483119,532.6129659039759,470.84,1,0.04160412441708193,5137.597051955549,ON_TIME,13.482942243848333
SHP-10000551,ORD-500551,BlueDart Logistics,WH-02,Zone-Metro-A,SPRINTER_VAN,2026-10-01 12:33:16.612833858,2026-10-03 12:33:16.612833858,2026-10-02 06:13:22.471021769,18.426290745334818,73.76181039801817,10.119545144879124,97.22406402890586,84.56531589417611,55.147579301749616,1764.32316522881,1223.53,2,0.45341146788728315,22.313758000479627,ON_TIME,17.66829394108639
SHP-10000552,ORD-500552,UPS Ground,WH-11,Zone-Metro-A,SPRINTER_VAN,2026-10-03 04:40:15.818794665,2026-10-05 04:40:15.818794665,2026-10-04 16:28:43.937296985,18.58491400784465,73.91518525968345,5.224838507511504,92.81601985768658,65.01619704792834,29.30269180909059,1537.8459528547944,1073.32,2,0.17682840168487265,29.530807138683528,ON_TIME,35.80781069508889
SHP-10000553,ORD-500553,UPS Ground,WH-12,Zone-Rural-D,EV_CARGO_VAN,2026-10-02 11:45:00.008905685,2026-10-04 11:45:00.008905685,2026-10-02 21:42:44.813576169,18.477045749741695,73.7607918785703,14.1399600306773,42.11090569496865,39.15602442946915,18.454214301638984,221.22797986793512,181.54,2,0.030429073725618747,463.1637421351446,ON_TIME,9.962445741801112
SHP-10000554,ORD-500554,BlueDart Logistics,WH-01,Zone-Suburban-B,RIGID_TRUCK_24FT,2026-10-02 11:12:16.545954210,2026-10-06 11:12:16.545954210,2026-10-03 18:43:18.454039907,18.559345769790564,73.95019094664289,24.762409798614225,28.010600473036675,72.17664187490644,26.954718620873493,1623.188534942226,,4,0.054494653268318795,453.5684048933015,ON_TIME,31.517196690471387
SHP-10000555,ORD-500555,DHL Express,WH-12,Zone-Suburban-B,SPRINTER_VAN,2026-10-03 06:55:39.836039639,2026-10-05 06:55:39.836039639,2026-10-03 16:49:17.688951236,18.682541007880292,73.95735108873887,38.595315754479834,29.827902309988353,46.724957553404266,18.75426099606443,1267.2732308602458,896.94,2,0.02613795363219111,1470.9727860456155,ON_TIME,9.893848030999168
SHP-10000556,ORD-500556,FedEx Freight,WH-07,Zone-Industrial-C,EV_CARGO_VAN,2026-10-01 10:49:50.695497664,2026-10-02 10:49:50.695497664,,18.5717851735943,73.97333914366492,6.380160222807763,107.05157458884223,75.4618309275894,5.06816566715065,610.1608003009827,435.03,1,0.04094220235292273,155.4536515351841,EXCEPTION_OR_IN_TRANSIT,
SHP-10000557,ORD-500557,FedEx Freight,WH-04,Zone-Industrial-C,EV_CARGO_VAN,2026-10-03 00:44:48.538941011,2026-10-07 00:44:48.538941011,2026-10-04 04:44:36.644411037,18.67715033092701,73.79652251539852,125.25915826902693,78.95645233069895,29.978488422293378,40.77511364924448,,,4,0.09651449388600004,1296.4841322547945,ON_TIME,27.996695963896112
SHP-10000558,ORD-500558,BlueDart Logistics,WH-01,Zone-Rural-D,RIGID_TRUCK_24FT,2026-10-03 13:35:10.638924034,2026-10-05 13:35:10.638924034,2026-10-04 19:31:41.458279195,18.517911635798463,73.7811245389816,8.55723003102491,19.044224841307734,26.770017054029907,7.33896530792083,1111.1647811432395,785.73,2,0.0037415089018250003,2227.57001212716,ON_TIME,29.9418942653225
SHP-10000559,ORD-500559,UPS Ground,WH-07,,HEAVY_FREIGHT_TRAILER,2026-10-03 17:37:52.746844205,2026-10-10 17:37:52.746844205,2026-10-04 22:13:53.749789648,18.59000540118663,73.87588376163953,37.332082721480674,27.994029229283985,28.546501093558568,16.571490711947707,1571.8551738866015,1098.77,7,0.013242801655136817,2797.9193340634183,ON_TIME,28.60027859595639
SHP-10000560,ORD-500560,UPS Ground,WH-10,Zone-Industrial-C,EV_CARGO_VAN,2026-10-01 18:16:41.476930866,2026-10-02 18:16:41.476930866,2026-10-02 01:16:11.797119794,18.668166992184087,73.81790815539001,13.518687411012227,61.1510061845908,50.38604320937893,44.73472558714016,874.5144452075699,615.84,1,0.1378347236183736,98.00786238869493,ON_TIME,6.991755608035556
SHP-10000561,ORD-500561,FedEx Freight,WH-09,Zone-Metro-A,EV_CARGO_VAN,2026-10-03 22:36:51.017780262,2026-10-10 22:36:51.017780262,2026-10-04 10:45:42.388487563,18.57639619348274,73.90157436806177,5.899238789759958,34.743736407846384,31.8485043366351,41.61487576536809,932.1966118174389,657.5,7,0.04604835982019528,127.8320359108051,ON_TIME,12.147602974250278
SHP-10000562,ORD-500562,FedEx Freight,WH-01,Zone-Rural-D,EV_CARGO_VAN,2026-10-03 05:14:33.067006857,2026-10-04 05:14:33.067006857,2026-10-04 09:19:09.443125806,18.58446960310813,73.87843682264268,0.855284347674047,,,,546.8764340573373,390.69,1,,,LATE,28.076771144152502
SHP-10000563,ORD-500563,FedEx Freight,WH-01,Zone-Metro-A,SPRINTER_VAN,2026-10-03 21:29:36.764372720,2026-10-04 21:29:36.764372720,2026-10-04 14:23:17.820191501,18.614892394624366,73.78621302755636,2.0408567290808666,69.45562616908967,84.5970938879299,41.303010759349235,724.5791677943737,520.81,1,0.2426859229409178,8.405992836650217,ON_TIME,16.894737727439168
SHP-10000564,ORD-500564,DHL Express,WH-06,Zone-Metro-A,EV_CARGO_VAN,2026-10-02 16:56:24.761874963,2026-10-03 16:56:24.761874963,2026-10-03 01:07:24.764361364,18.664632327156475,73.93481762346295,37.04312028475805,73.20005973998335,77.53249205810576,56.181618926668044,1055.5283030576709,749.48,1,0.31885220780286655,116.14003408201248,ON_TIME,8.183334024000278
SHP-10000565,ORD-500565,UPS Ground,WH-04,Zone-Rural-D,EV_CARGO_VAN,2026-10-02 21:01:35.043049194,2026-10-06 21:01:35.043049194,2026-10-03 19:10:40.558372529,18.426454018372254,73.95094609463148,22.260298495514085,58.968427064675126,57.625932811980974,9.097635796000073,1752.6948531764385,1221.33,4,0.030914772779409565,717.7321160415692,ON_TIME,22.151532034259724
SHP-10000566,ORD-500566,DHL Express,WH-03,Zone-Metro-A,SPRINTER_VAN,2026-10-04 00:10:14.721405831,2026-10-08 00:10:14.721405831,2026-10-04 10:30:14.735015025,18.501057814652825,73.99076075559856,18.378525864739032,39.32596366549997,76.86571554429594,27.862852522214993,1115.0164428214316,776.67,4,0.08422434151462449,217.95042255446037,ON_TIME,10.333337113665
SHP-10000567,ORD-500567,DHL Express,WH-04,Zone-Metro-A,SPRINTER_VAN,2026-10-03 22:47:36.553637530,2026-10-05 22:47:36.553637530,2026-10-06 03:35:23.241041714,18.51930541782418,73.84888471909028,58.26396999687839,70.99334325424192,80.1597053130864,45.11886395627778,282.8811164923634,242.99,2,0.2567626780033875,226.82925542071166,LATE,45.79516401284843
SHP-10000568,ORD-500568,FedEx Freight,WH-11,Zone-Metro-A,EV_CARGO_VAN,2026-10-02 14:16:03.298377245,2026-10-09 14:16:03.298377245,2026-10-04 11:09:16.293160509,18.67291289961675,73.83443373387038,2.7869345044049716,83.11215438526952,60.708121889937665,41.72476517478523,24.858988905782603,29.7,7,0.21052575745638552,13.23168893520568,ON_TIME,44.88694299535111
SHP-10000569,ORD-500569,DHL Express,WH-12,Zone-Rural-D,SPRINTER_VAN,2026-10-02 01:45:27.754119968,2026-10-04 01:45:27.754119968,2026-10-03 02:06:39.280204299,18.68680237735486,73.79806566400498,5.122113023451758,50.24006737486586,48.900983401848116,17.458079835822407,1576.1156784249538,1106.35,2,0.04289081327841837,119.14436208219132,ON_TIME,24.353201690091943
SHP-10000570,ORD-500570,DHL Express,WH-06,Zone-Suburban-B,SPRINTER_VAN,2026-10-02 10:18:29.776639057,2026-10-06 10:18:29.776639057,2026-10-04 02:08:22.646308249,18.436114139399535,73.7952162638023,5.555344611515884,62.969644908694356,76.1501344161008,13.96870026231885,681.6301281469893,485.25,4,0.06698197009417535,82.81427339890018,ON_TIME,39.83135268588667
SHP-10000571,ORD-500571,BlueDart Logistics,WH-12,Zone-Industrial-C,EV_CARGO_VAN,2026-10-02 09:55:08.513954911,2026-10-06 09:55:08.513954911,2026-10-03 03:04:15.688804775,18.435732303936632,73.830263321345,1.8103139996057196,94.76997719484316,52.584774768468215,48.133585222251256,590.9073970580129,421.14,4,0.23987169580087733,7.543864677723802,ON_TIME,17.15199301385111
SHP-10000572,ORD-500572,DHL Express,WH-05,Zone-Metro-A,EV_CARGO_VAN,2026-10-02 02:39:15.893995540,2026-10-04 02:39:15.893995540,2026-10-03 05:42:01.031635891,18.68045853827571,73.99545417558856,3.4590867404763115,29.12476737313373,19.51004071404055,57.593456038133816,1483.743803968098,1030.24,2,0.0327260644355087,105.37622465441025,ON_TIME,27.045871566764166
SHP-10000573,ORD-500573,UPS Ground,WH-06,Zone-Industrial-C,RIGID_TRUCK_24FT,2026-10-02 01:20:15.833443104,2026-10-04 01:20:15.833443104,2026-10-03 20:18:30.307631403,18.488731570414778,73.77306466868104,2.491787379037245,66.79631983103954,37.514200034312935,47.2170907148556,1749.5795817271176,1205.39,2,0.11831708186732576,21.042465662420547,ON_TIME,42.9706872745275
SHP-10000574,ORD-500574,BlueDart Logistics,WH-03,Zone-Industrial-C,EV_CARGO_VAN,2026-10-03 19:59:47.513135543,2026-10-10 19:59:47.513135543,2026-10-04 15:17:10.632330701,18.472544325711144,73.81484155051938,1.3718602140392955,48.099202873776676,43.444071380153275,57.97624652087626,1386.9068723908958,966.96,7,0.12114862590402063,11.31443926733857,ON_TIME,19.28975533198833
SHP-10000575,ORD-500575,DHL Express,WH-09,Zone-Metro-A,SPRINTER_VAN,2026-10-01 11:01:48.209841464,2026-10-08 11:01:48.209841464,2026-10-02 00:57:40.399918210,18.41068685972623,73.77149459921876,3.0761829594705636,81.7655020306369,80.15267621016966,38.27474832753735,331.5313611312126,244.69,7,0.250842129413878,12.25853533105645,ON_TIME,13.931163910207223
SHP-10000576,ORD-500576,FedEx Freight,,Zone-Suburban-B,HEAVY_FREIGHT_TRAILER,2026-10-03 06:47:16.818400214,2026-10-10 06:47:16.818400214,2026-10-03 12:13:05.924716155,18.482678780431193,73.81840784818394,8.339583688771013,16.786973100427492,59.43891042293668,56.100437338055436,731.3533036203356,519.26,7,0.05597698217644317,148.71669917134568,ON_TIME,5.430307309983611
SHP-10000577,ORD-500577,FedEx Freight,WH-08,Zone-Metro-A,EV_CARGO_VAN,2026-10-01 18:26:34.957337512,2026-10-08 18:26:34.957337512,2026-10-02 10:01:21.564568526,18.608057928167796,73.77310035813268,77.05512608339961,78.69496348130292,75.64581720969181,42.97396319996878,1407.7745393750533,1016.08,7,0.25582163174774164,301.0887573558134,ON_TIME,15.579613119726112
SHP-10000578,ORD-500578,DHL Express,WH-05,,EV_CARGO_VAN,2026-10-02 06:48:15.927567741,2026-10-03 06:48:15.927567741,2026-10-03 10:53:20.860296527,18.52781084882187,73.877077216689,2.6562167625064648,24.775284731537802,66.81937756299521,54.98866126105976,1678.9296473645138,1154.19,1,0.09103202982690152,29.146906609583368,LATE,28.08470353577389
SHP-10000579,ORD-500579,FedEx Freight,WH-09,Zone-Suburban-B,SPRINTER_VAN,2026-10-01 10:25:51.954447749,2026-10-05 10:25:51.954447749,2026-10-02 16:50:15.937514054,18.555061105495525,73.85958891338008,32.72552353798679,21.15293653439751,33.23956648920122,13.887393238327492,1847.4269175394754,1289.02,4,0.00976442672506141,3317.529183408584,ON_TIME,30.406661962862497
SHP-10000580,ORD-500580,DHL Express,WH-02,Zone-Rural-D,RIGID_TRUCK_24FT,2026-10-02 01:26:17.166672935,2026-10-04 01:26:17.166672935,2026-10-03 00:15:45.594466582,18.675188678984465,73.79351258259663,11.768408461236202,83.83921359106823,63.90317447981374,49.85608686591719,952.2489473199855,671.93,2,0.26710856687736617,44.04203277897615,ON_TIME,22.824563276013055
SHP-10000581,ORD-500581,BlueDart Logistics,WH-12,Zone-Metro-A,HEAVY_FREIGHT_TRAILER,2026-10-03 13:19:34.741633589,2026-10-10 13:19:34.741633589,2026-10-04 00:53:35.915481311,18.434406934801395,73.7937019734438,15.246721747175874,75.83250452588697,24.647480194290594,15.821019052439889,1523.8006161125038,1063.28,7,0.029570752717245328,513.8636654241038,ON_TIME,11.566992735478333
SHP-10000582,ORD-500582,DHL Express,WH-07,Zone-Industrial-C,SPRINTER_VAN,2026-10-03 21:43:15.972122649,2026-10-05 21:43:15.972122649,2026-10-04 02:16:14.968832859,18.421372214572777,73.90652726842985,10.737516107629615,100.01891343480258,40.610935878810075,6.50860060702765,97.70895942483193,88.17,2,0.026437035397210453,404.62380016866285,ON_TIME,4.549721308391667
SHP-10000583,ORD-500583,DHL Express,WH-06,Zone-Industrial-C,EV_CARGO_VAN,2026-10-01 21:56:59.837773093,2026-10-03 21:56:59.837773093,2026-10-02 09:52:07.226039119,18.655579224737167,73.84678033474763,0.976084346096787,,,,537.3458900496311,,2,,,ON_TIME,11.918718962785
SHP-10000584,ORD-500584,UPS Ground,WH-08,Zone-Industrial-C,SPRINTER_VAN,2026-10-02 15:22:31.599935912,2026-10-04 15:22:31.599935912,2026-10-03 04:52:06.633161878,18.632456739229212,73.76404873418332,2.554878378713386,65.35232042508088,55.89468714364212,22.50384793090144,694.8416353526853,,2,0.08220312475088627,31.042301084514705,ON_TIME,13.493064784990555
SHP-10000585,ORD-500585,FedEx Freight,WH-08,Zone-Rural-D,SPRINTER_VAN,2026-10-02 15:51:47.993225323,2026-10-04 15:51:47.993225323,2026-10-03 05:16:52.748890511,18.479120256083508,73.98004814994177,17.96266543749097,82.1666943797723,71.90593794644613,7.394224898340982,1805.0128276281214,1257.45,2,0.04368710100377306,410.22732781380427,ON_TIME,13.417987684774445
SHP-10000586,ORD-500586,FedEx Freight,WH-01,Zone-Suburban-B,SPRINTER_VAN,2026-10-03 20:53:50.719252923,2026-10-04 20:53:50.719252923,2026-10-04 21:28:50.093160456,18.497270237912225,73.85123812145245,9.53937408073043,45.722769753558865,29.10276867625385,58.91674083004877,18.237525418913684,32.51,1,0.07839810271138904,121.52362606525001,LATE,24.583159418759166
SHP-10000587,ORD-500587,FedEx Freight,WH-09,Zone-Metro-A,EV_CARGO_VAN,2026-10-03 12:55:17.514505408,2026-10-07 12:55:17.514505408,2026-10-06 00:42:09.498107748,18.493083350732697,73.89776188871417,1.2525177238856846,,,,578.1421160076461,416.92,4,,,ON_TIME,45.79516401284843
SHP-10000588,ORD-500588,FedEx Freight,WH-04,Zone-Industrial-C,EV_CARGO_VAN,2026-10-02 18:56:29.615000998,2026-10-06 18:56:29.615000998,2026-10-03 12:45:39.854640001,18.594342639406573,73.97135298747959,6.952034733102219,36.8543534433105,25.17432710813774,54.59966952685793,1722.0977331685174,1194.17,4,0.05065667516462425,136.96789063810783,ON_TIME,17.819511010834166
SHP-10000589,ORD-500589,FedEx Freight,WH-09,Zone-Industrial-C,RIGID_TRUCK_24FT,2026-10-03 06:17:37.674362283,2026-10-04 06:17:37.674362283,2026-10-03 20:34:39.267413145,18.418363452096692,73.85053974931841,18.37213549559772,37.611274130154825,50.89781292985054,59.94954222295715,575.6745960108927,422.88,1,0.11476330276700387,159.94782539785527,ON_TIME,14.283775847461667
SHP-10000590,ORD-500590,FedEx Freight,WH-11,Zone-Suburban-B,SPRINTER_VAN,2026-10-03 19:00:34.429973307,2026-10-07 19:00:34.429973307,2026-10-04 08:54:15.267393144,18.546820475579118,73.9551650098528,2.004526584690059,46.88759077642842,42.51509458408235,26.558170516910064,425.67271556719226,309.28,4,0.0529418633262817,37.791405862939136,ON_TIME,13.894677061065833
SHP-10000591,ORD-500591,UPS Ground,WH-11,Zone-Metro-A,EV_CARGO_VAN,2026-10-01 06:41:12.496883421,2026-10-05 06:41:12.496883421,2026-10-02 00:30:58.421501654,18.440161890733823,73.97868805615074,5.607107881419605,104.62895963884398,51.73568933281052,19.010536580376336,1353.9026840193378,938.97,4,0.10290501072135964,54.4352924401656,ON_TIME,17.829423505064725
SHP-10000592,ORD-500592,FedEx Freight,WH-07,Zone-Suburban-B,EV_CARGO_VAN,2026-10-02 11:00:29.096048172,2026-10-04 11:00:29.096048172,2026-10-02 20:36:23.772742470,18.645921562277874,73.79351684591585,55.81472665338574,91.46006587299905,20.165006802120438,15.113641597775583,1381.9328853337524,974.81,2,0.02787398114306252,1995.2371586990814,ON_TIME,9.598521303971667
SHP-10000594,ORD-500594,BlueDart Logistics,WH-02,Zone-Suburban-B,SPRINTER_VAN,2026-10-03 11:18:09.137594752,2026-10-07 11:18:09.137594752,2026-10-04 09:20:46.550588303,18.558271657965836,73.77995811167659,60.58171014929862,109.86791106073504,60.01778731496302,38.334442762618664,1752.4343096126481,1240.52,4,0.2527784241621188,239.56852131623558,ON_TIME,22.043725831541945
SHP-10000595,ORD-500595,DHL Express,WH-10,Zone-Suburban-B,EV_CARGO_VAN,2026-10-02 21:05:04.484227392,2026-10-06 21:05:04.484227392,2026-10-03 15:55:49.762065961,18.408795282633633,73.81878185234483,10713.238702654098,56.209005388269226,51.889809556077054,30.983250481788865,384.57561219790534,4782.86,4,0.09036805923887148,118420.123000173,ON_TIME,18.845910510713612
SHP-10000596,ORD-500596,UPS Ground,WH-04,Zone-Industrial-C,EV_CARGO_VAN,2026-10-02 20:08:03.861407506,2026-10-04 20:08:03.861407506,2026-10-03 18:16:29.162970314,18.417479294062314,73.95205286191256,33.05001737473445,36.57196508462894,51.172731918386475,26.29886081651253,1690.8583028545002,1186.91,2,0.049217985732110066,670.1412655873366,ON_TIME,22.140361545224444
SHP-10000597,ORD-500597,FedEx Freight,WH-07,Zone-Metro-A,EV_CARGO_VAN,2026-10-02 07:02:22.009299070,2026-10-06 07:02:22.009299070,2026-10-03 04:50:24.047944120,18.60251644922004,73.9751711370719,2.61721943606394,68.20039531924866,48.31225840984408,14.254990990252058,1400.6238446534935,979.71,4,0.04696898538227497,55.603905943753794,ON_TIME,21.800566290291666
SHP-10000598,ORD-500598,FedEx Freight,WH-04,Zone-Suburban-B,HEAVY_FREIGHT_TRAILER,2026-10-02 19:28:38.922319880,2026-10-03 19:28:38.922319880,2026-10-03 00:40:31.595453523,18.630031163542398,73.92103469709326,24.444117566674535,98.70776932507128,80.79136825291589,29.302279309584318,688.7669304897391,490.21,1,0.23367793410190207,104.56126948242911,ON_TIME,5.197964759345277
SHP-10000599,ORD-500599,FedEx Freight,WH-02,Zone-Metro-A,SPRINTER_VAN,2026-10-03 05:11:15.325300927,2026-10-05 05:11:15.325300927,2026-10-04 06:03:54.488517860,18.61301067538066,73.77620646238063,3.8268844097284207,59.24452679638493,80.09272734548007,9.688372539348572,1495.0980430515613,1038.69,2,0.04597186764591815,83.06336611182448,ON_TIME,24.877545338036942
SHP-10000600,ORD-500600,FedEx Freight,WH-08,Zone-Metro-A,SPRINTER_VAN,2026-10-02 12:07:19.699560743,2026-10-03 12:07:19.699560743,2026-10-02 22:45:13.828976592,18.621105590937358,73.88074806922619,15.620608568923535,63.012933744364084,37.010872959872074,52.57762673881756,256.82560024847965,192.15,1,0.12261963175748358,127.28695763847068,ON_TIME,10.63170261551361
SHP-10000601,ORD-500601,FedEx Freight,WH-01,Zone-Industrial-C,SPRINTER_VAN,2026-10-03 09:25:08.495544851,2026-10-04 09:25:08.495544851,2026-10-03 17:29:07.455918476,18.431385955164796,73.89315852726244,16.597403218959975,27.77171506314354,36.392125868815356,7.579645865387768,252.74582248915178,196.87,1,0.007660533952446285,2138.693461128164,ON_TIME,8.0663778815625
SHP-10000602,ORD-500602,FedEx Freight,WH-10,Zone-Rural-D,EV_CARGO_VAN,2026-10-03 20:00:31.393305892,2026-10-07 20:00:31.393305892,2026-10-04 04:01:48.241033360,18.608035252329262,73.82046493250016,10676.46151207886,54.9432717939373,51.61738424297958,25.935533395235506,1721.224579568732,5676.2,4,0.0735538981712511,144954.4664595382,ON_TIME,8.021346590963333
SHP-10000603,ORD-500603,FedEx Freight,WH-04,Zone-Suburban-B,RIGID_TRUCK_24FT,2026-10-01 17:08:14.312649516,2026-10-08 17:08:14.312649516,2026-10-02 14:56:05.843310452,18.454524274806726,73.9978239517251,2.692015048054222,51.76450693181492,17.170471310440583,10.507582797363268,186.20657341986671,145.99,7,0.009339360051696671,285.1904189808236,ON_TIME,21.797647405815553
SHP-10000604,ORD-500604,FedEx Freight,WH-01,Zone-Industrial-C,SPRINTER_VAN,2026-10-02 14:30:40.988314276,2026-10-04 14:30:40.988314276,2026-10-03 04:44:27.650522876,18.429404629563034,73.83390698921485,,,,,19.498317389205788,42.07,2,,,ON_TIME,14.229628391277778
SHP-10000605,ORD-500605,DHL Express,WH-07,Zone-Rural-D,EV_CARGO_VAN,2026-10-02 11:22:38.807661093,2026-10-03 11:22:38.807661093,2026-10-02 16:53:17.895716906,18.62714824913645,73.80256369232356,9.300885641280844,99.29337364279898,27.315067435087954,22.200533835535975,727.0380435330499,516.84,1,0.06021240324292672,154.21182279569715,ON_TIME,5.51085779328139
SHP-10000606,ORD-500606,FedEx Freight,WH-01,Zone-Industrial-C,EV_CARGO_VAN,2026-10-03 07:29:50.877209689,2026-10-07 07:29:50.877209689,2026-10-04 05:56:05.143261202,18.66682183513047,73.77753400716301,40.662426897327734,20.63363615517163,26.754225125232136,11.220808695890515,202.87809100625083,171.18,4,0.006194300973640299,6460.197417889071,ON_TIME,22.43729612542028
SHP-10000607,ORD-500607,DHL Express,WH-04,Zone-Metro-A,SPRINTER_VAN,2026-10-01 23:59:25.646994855,2026-10-05 23:59:25.646994855,2026-10-02 06:26:29.701193243,18.615012972221546,73.84462531521828,4.186324170964748,107.35398237524795,57.88791444214509,34.23202143754826,1598.2610745829334,1108.74,4,0.21273483378355748,19.66935626346782,ON_TIME,6.451126166218889
SHP-10000608,ORD-500608,DHL Express,WH-09,Zone-Rural-D,HEAVY_FREIGHT_TRAILER,2026-10-03 04:05:53.037155630,2026-10-07 04:05:53.037155630,2026-10-03 22:06:26.231363814,18.641672035844426,73.92315467291151,1.8824396906279297,15.783448400947922,38.826275075811196,55.3952353976247,1707.9106777081108,1176.99,4,0.033946893205071,55.28961715506999,ON_TIME,18.009220613384446
SHP-10000609,ORD-500609,UPS Ground,WH-01,Zone-Suburban-B,EV_CARGO_VAN,2026-10-03 21:10:45.211456801,2026-10-07 21:10:45.211456801,2026-10-04 16:22:53.093151965,18.697326446536483,73.80785427332312,1.2530861172548253,,,,898.6996576870866,627.26,4,,,ON_TIME,19.20218935976778
SHP-10000610,ORD-500610,FedEx Freight,WH-11,Zone-Metro-A,RIGID_TRUCK_24FT,2026-10-02 12:06:19.710666506,2026-10-04 12:06:19.710666506,2026-10-03 17:20:52.918323920,18.440426773422004,73.9423860543659,6.405671251745872,67.06451276966163,76.56788837408196,18.730807262303443,794.0166776724478,567.3,2,0.09618247291247271,66.52998264356027,ON_TIME,29.242557682614997
SHP-10000611,ORD-500611,BlueDart Logistics,WH-01,Zone-Metro-A,RIGID_TRUCK_24FT,2026-10-03 23:35:35.269434613,2026-10-07 23:35:35.269434613,2026-10-06 03:57:02.253917030,18.68954576572991,73.78385031693043,5.407307843277996,81.732298218011,75.56115159533456,44.581282177812845,1002.754191023241,709.1,4,0.27532448400953224,19.63263310712367,ON_TIME,45.79516401284843
SHP-10000612,ORD-500612,UPS Ground,WH-04,Zone-Suburban-B,EV_CARGO_VAN,2026-10-04 05:30:28.041131557,2026-10-05 05:30:28.041131557,2026-10-04 12:16:51.237792512,18.58035934164703,73.86011698274464,6.291831332830603,32.777620721036705,74.68471926491765,6.66563060625452,427.7457204650846,314.3,1,0.016317379748647467,383.24211470767443,ON_TIME,6.773110183598611
SHP-10000613,ORD-500613,FedEx Freight,WH-10,Zone-Metro-A,EV_CARGO_VAN,2026-10-01 13:38:19.059346509,2026-10-03 13:38:19.059346509,2026-10-02 05:31:54.616466060,18.643975947203504,73.92559343502651,6.327120161151851,77.15009620657767,39.30587066933445,12.251848807688354,559.6612532905775,406.28,2,0.03715313978939926,169.84125893603988,ON_TIME,15.893210310986388
SHP-10000614,ORD-500614,BlueDart Logistics,WH-04,Zone-Metro-A,EV_CARGO_VAN,2026-10-01 22:46:47.386325675,2026-10-03 22:46:47.386325675,2026-10-02 12:31:14.887087418,18.5950507544763,73.78382735067191,48.10079976721863,98.7859785101346,14.27368401328393,32.47098036725788,197.5960393496008,185.01,2,0.04578537603302103,1048.2816950786953,ON_TIME,13.7409724338175
SHP-10000615,ORD-500615,FedEx Freight,WH-02,Zone-Metro-A,SPRINTER_VAN,2026-10-04 02:25:38.431584158,2026-10-06 02:25:38.431584158,2026-10-05 00:13:40.576164184,18.571011336635603,73.89946055249874,7.565375118399906,28.250613284196902,18.005651342082704,17.58160389685937,832.5752674626858,589.04,2,0.008943246638183609,836.5773290376009,ON_TIME,21.80059571667389
SHP-10000616,ORD-500616,FedEx Freight,WH-05,Zone-Industrial-C,EV_CARGO_VAN,2026-10-04 02:59:58.536335975,2026-10-11 02:59:58.536335975,2026-10-04 21:55:08.161821616,18.611085698206505,73.94973812810423,35.07691283372033,27.072753165962546,30.70360598284744,48.904401967807594,1136.2892022168658,803.07,7,0.04065086209598922,860.7649269135993,ON_TIME,18.919340412678054
SHP-10000617,ORD-500617,FedEx Freight,WH-04,Zone-Rural-D,EV_CARGO_VAN,2026-10-01 13:02:05.725780247,2026-10-05 13:02:05.725780247,2026-10-02 02:06:42.454083040,18.496077599353892,73.8988872240723,14.312552467994765,43.87790136919991,26.497750308149097,56.20896946289637,1721.7512238117645,1199.48,4,0.06535223939502642,218.67170016313216,ON_TIME,13.076868972998057
SHP-10000618,ORD-500618,BlueDart Logistics,WH-11,Zone-Metro-A,SPRINTER_VAN,2026-10-01 07:04:47.611297753,2026-10-02 07:04:47.611297753,2026-10-01 19:25:36.831691821,18.677281457047574,73.87786598108188,3.018184562572282,30.363959785162823,75.54892151116266,5.238332406553023,1370.4164876119817,957.33,1,0.012016548132360047,249.09607337023004,ON_TIME,12.347005665018887
SHP-10000619,ORD-500619,BlueDart Logistics,WH-04,Zone-Rural-D,SPRINTER_VAN,2026-10-01 17:35:57.126028064,2026-10-02 17:35:57.126028064,2026-10-02 01:33:29.628612626,18.434587771616734,73.95957488830071,9.117162275119735,25.511355568867977,83.97686352919446,17.81037062805389,1340.991142270757,940.37,1,0.038156290182229734,238.3179924580013,ON_TIME,7.959028495711666
SHP-10000620,ORD-500620,FedEx Freight,WH-10,Zone-Rural-D,EV_CARGO_VAN,2026-10-04 05:42:46.513452678,2026-10-06 05:42:46.513452678,2026-10-05 12:57:56.712307901,18.495409355225938,73.9963550875003,57.66393015308507,79.44030841860271,71.25052467488518,29.175434034192502,578.1020923289598,443.05,2,0.16513773134385862,348.975561962218,ON_TIME,31.25283301533972
SHP-10000621,ORD-500621,FedEx Freight,WH-12,Zone-Industrial-C,SPRINTER_VAN,2026-10-01 18:57:35.900625490,2026-10-03 18:57:35.900625490,2026-10-02 17:07:27.367193655,18.40934870596015,73.7953282380888,30.514511068218066,35.313528321686626,64.73866770618913,35.96936085938137,1644.6830808234618,1156.18,2,0.0822313822247402,370.6303749999304,ON_TIME,22.16429626893472
SHP-10000622,ORD-500622,DHL Express,WH-06,Zone-Metro-A,SPRINTER_VAN,2026-10-02 18:11:00.339662348,2026-10-06 18:11:00.339662348,2026-10-04 00:02:39.514760090,18.481396914293825,73.92283658533188,38.20669631550886,78.36641544318869,54.14681049454857,55.37465276756556,1752.5045704978356,1230.35,4,0.23497079042155047,162.5327257673874,ON_TIME,29.860881971595
SHP-10000623,ORD-500623,DHL Express,WH-12,Zone-Industrial-C,SPRINTER_VAN,2026-10-03 19:05:09.874690788,2026-10-10 19:05:09.874690788,2026-10-04 08:31:34.221905096,18.46546392314242,73.77016438858489,16.540156899503547,96.88327657600254,67.74312243849046,54.05359197834114,1725.4992773642641,1203.47,7,0.35476321960404755,46.60994993496049,ON_TIME,13.440096448418888
SHP-10000624,ORD-500624,UPS Ground,WH-05,Zone-Rural-D,RIGID_TRUCK_24FT,2026-10-01 07:28:08.097490383,2026-10-08 07:28:08.097490383,2026-10-01 18:11:56.614672781,18.414889258203587,73.76071025599349,5.0900282124913945,76.94235518423505,81.02749841442932,40.044355470738125,83.31996275181973,80.85,7,0.24965439431980246,20.38013475740402,ON_TIME,10.730143661777221
SHP-10000625,ORD-500625,DHL Express,,Zone-Industrial-C,EV_CARGO_VAN,2026-10-03 01:31:23.544201392,2026-10-07 01:31:23.544201392,2026-10-03 09:40:55.168611214,18.547532219154586,73.82020474255775,64.5901064530134,26.339871641963086,55.100850243031076,19.156340774613653,1122.7964695267915,802.68,4,0.02780254220988091,2314.846653296724,ON_TIME,8.15878455828389
SHP-10000626,ORD-500626,DHL Express,WH-02,Zone-Metro-A,RIGID_TRUCK_24FT,2026-10-02 01:56:44.996347006,2026-10-06 01:56:44.996347006,2026-10-02 22:42:41.056023655,18.540590812556683,73.99272994713172,17.661459966974437,69.48986953450728,21.595993301487542,48.080829543309875,1194.2477443230923,830.91,4,0.07215503345393745,244.4322439935428,ON_TIME,20.7655721324025
SHP-10000627,ORD-500627,BlueDart Logistics,WH-09,Zone-Suburban-B,SPRINTER_VAN,2026-10-03 20:05:17.210341178,2026-10-05 20:05:17.210341178,2026-10-04 04:27:13.561421423,18.4233236331696,73.88804891284224,27.579765339044915,52.39472500009733,22.289373795153978,16.145847420797747,554.3297644779335,403.26,2,0.018855857036913434,1454.946895059286,ON_TIME,8.365653077845833
SHP-10000628,ORD-500628,FedEx Freight,WH-07,Zone-Suburban-B,SPRINTER_VAN,2026-10-02 02:24:33.129889249,2026-10-03 02:24:33.129889249,2026-10-04 09:05:47.309062074,18.478555159422523,73.81706783598885,10.28044974668006,47.620238988637,53.78971023464396,58.084477825324925,1836.0535926442749,1276.93,1,0.14878216184060336,69.05091664162256,LATE,45.79516401284843
SHP-10000629,ORD-500629,FedEx Freight,WH-05,Zone-Suburban-B,SPRINTER_VAN,2026-10-03 07:26:47.082697070,2026-10-05 07:26:47.082697070,2026-10-03 14:28:31.175860192,18.685996648139906,73.78314652410124,2.611529932425241,45.26048951983405,35.01014048386059,5.32119536536989,547.2025493085113,391.01,2,0.008431838980546572,306.09226667073597,ON_TIME,7.028914767533889
SHP-10000630,ORD-500630,UPS Ground,WH-08,Zone-Metro-A,SPRINTER_VAN,2026-10-03 06:32:37.728730365,2026-10-05 06:32:37.728730365,2026-10-04 02:11:23.705149662,18.433220987353124,73.98004585075333,14.496924012207094,103.29606126286633,78.2685531433727,36.33737771493458,410.1322277367805,305.66,2,0.2937816399473735,49.32912452374743,ON_TIME,19.646104560915834
SHP-10000631,ORD-500631,BlueDart Logistics,WH-09,Zone-Metro-A,EV_CARGO_VAN,2026-10-01 21:56:51.127864418,2026-10-05 21:56:51.127864418,2026-10-03 19:28:52.914802202,18.491505594657838,73.84059164546785,68.90561701276717,85.53820838438413,55.873175037697926,9.861848580689527,901.8597055145865,670.02,4,0.04713264701977904,1458.8557144365082,ON_TIME,45.53382970494
SHP-10000632,ORD-500632,DHL Express,WH-01,Zone-Industrial-C,SPRINTER_VAN,2026-10-01 08:30:19.952605876,2026-10-02 08:30:19.952605876,2026-10-02 08:46:46.573242597,18.410758719536396,73.82667431759675,23.805208240671746,27.715635010128025,60.73694600675202,27.417974160011173,605.9448840178912,447.46,1,0.04615440398039892,514.6581988335554,LATE,24.274061287978054
SHP-10000633,ORD-500633,UPS Ground,WH-03,Zone-Rural-D,SPRINTER_VAN,2026-10-02 11:27:57.489525174,2026-10-04 11:27:57.489525174,2026-10-03 05:53:59.300730589,18.44466616078713,73.96449085799975,17.542076982089615,60.22052057458406,10.436553257567693,39.92134471707294,1710.3661472409574,1179.55,2,0.025090352380903132,696.3807697818593,ON_TIME,18.43383644594861
SHP-10000634,ORD-500634,FedEx Freight,WH-09,Zone-Metro-A,SPRINTER_VAN,2026-10-02 02:49:18.864989553,2026-10-04 02:49:18.864989553,2026-10-02 11:35:04.003065918,18.609819132239735,73.90110070792771,3.2159874749900075,45.231192149122364,47.413641404696726,42.9279172575554,820.8610321565524,583.19,2,0.09206216068400126,34.894879320557,ON_TIME,8.762538354545834
SHP-10000635,ORD-500635,DHL Express,WH-09,Zone-Rural-D,EV_CARGO_VAN,2026-10-03 16:14:47.032699873,2026-10-10 16:14:47.032699873,2026-10-03 22:56:40.822624393,18.51001495019888,73.7921590279104,56.12899244385529,107.90413969186604,42.33735410416838,48.20632083206643,765.8548814882083,564.64,7,0.22022458811948442,254.75591681767233,ON_TIME,6.698274979033333
SHP-10000636,ORD-500636,UPS Ground,,Zone-Metro-A,HEAVY_FREIGHT_TRAILER,2026-10-03 15:37:34.397647625,2026-10-05 15:37:34.397647625,2026-10-04 18:45:11.893445387,18.535622971203736,73.8553776328798,45.45343170825977,107.9127524305511,62.94038925756497,37.633023652062356,1162.3345951394233,826.2,2,0.2556061551858881,177.756502088176,ON_TIME,27.127082166045003
SHP-10000637,ORD-500637,FedEx Freight,WH-10,Zone-Industrial-C,SPRINTER_VAN,2026-10-02 14:54:20.608408328,2026-10-06 14:54:20.608408328,2026-10-04 10:40:40.023180654,18.447093518539194,73.98205776702643,1.0632090220983421,,,,161.08876575956475,128.35,4,,,ON_TIME,43.772059658979444
SHP-10000638,ORD-500638,FedEx Freight,WH-12,Zone-Industrial-C,EV_CARGO_VAN,2026-10-03 01:40:07.968803778,2026-10-07 01:40:07.968803778,2026-10-03 14:01:56.520855761,18.60464205186739,73.97530089364109,27.514099121771128,48.4507460338182,83.24312739153717,53.908928361417935,1402.875156248767,983.94,4,0.2174250383426985,126.48704411868306,ON_TIME,12.363486681106389
SHP-10000639,ORD-500639,DHL Express,WH-09,Zone-Industrial-C,SPRINTER_VAN,2026-10-03 01:30:24.066543811,2026-10-05 01:30:24.066543811,2026-10-03 09:20:58.544833217,18.625456479427374,73.76752744818108,6.690261916495785,71.94434967797183,60.26523861673014,49.610907715752816,1424.3170344773537,984.79,2,0.21510016571982432,31.088553738411342,ON_TIME,7.842910635946112
SHP-10000640,ORD-500640,FedEx Freight,WH-04,Zone-Rural-D,RIGID_TRUCK_24FT,2026-10-03 17:33:19.392072439,2026-10-05 17:33:19.392072439,2026-10-03 20:52:58.015924040,18.45433361485502,73.81715329818816,12.80725950885735,60.53416636111251,59.493874985694205,13.802877473876752,883.2594842294532,627.22,2,0.04970985030605871,257.1230274767462,ON_TIME,3.327395514333611
SHP-10000643,ORD-500643,DHL Express,WH-09,Zone-Metro-A,RIGID_TRUCK_24FT,2026-10-02 01:04:57.050782029,2026-10-09 01:04:57.050782029,2026-10-03 23:34:53.333530626,18.597113727160906,73.93749582925759,2.4100846572694725,46.74222116814765,24.836551694658496,40.04705142443547,1289.8446029022932,887.98,7,0.04649124642690455,51.72827176990368,ON_TIME,45.79516401284843
SHP-10000644,ORD-500644,FedEx Freight,WH-01,Zone-Industrial-C,EV_CARGO_VAN,2026-10-02 20:36:21.038789947,2026-10-03 20:36:21.038789947,2026-10-03 22:04:36.304088237,18.440653180748452,73.823885802789,3.44220462728996,77.10306734155591,70.7899857411046,20.49928727126416,1710.9460282147002,,1,0.11188767311037731,30.737352886127507,LATE,25.47090702730278
SHP-10000645,ORD-500645,BlueDart Logistics,WH-05,Zone-Industrial-C,SPRINTER_VAN,2026-10-02 14:20:19.214148189,2026-10-03 14:20:19.214148189,2026-10-03 10:23:24.725973391,18.54817565025065,73.93949901934633,16.797571672148344,51.44974462114097,22.17396214915206,38.36266072003779,1236.7427412147683,869.5,1,0.04376583776954211,382.9306021783448,ON_TIME,20.051531062556112
SHP-10000646,ORD-500646,UPS Ground,WH-12,Zone-Industrial-C,RIGID_TRUCK_24FT,2026-10-02 13:41:19.303839295,2026-10-06 13:41:19.303839295,2026-10-03 02:22:02.569070100,18.44579245927785,73.91717889326729,3.6393835345901464,81.5199399163458,44.27825897906574,23.839428803156444,805.6962021995556,564.43,4,0.08604987274606388,42.24479292404326,ON_TIME,12.678684786334722
SHP-10000647,ORD-500647,UPS Ground,WH-07,Zone-Metro-A,RIGID_TRUCK_24FT,2026-10-01 12:33:42.798292052,2026-10-05 12:33:42.798292052,2026-10-01 23:49:06.058251720,18.45104441446157,73.93205555235188,15.099986020919886,78.4409497345168,17.51390532493526,42.177055885326844,57.52942081372666,59.41,4,0.057943150104106673,260.1510426955881,ON_TIME,11.256461099907778
SHP-10000648,ORD-500648,BlueDart Logistics,WH-06,Zone-Rural-D,SPRINTER_VAN,2026-10-03 09:44:22.089586898,2026-10-10 09:44:22.089586898,2026-10-05 02:44:36.683767719,18.401308151002453,73.98706092832566,10.295056413601573,63.33721181249507,56.75282338503736,34.963997770073036,1350.6141421312657,947.23,7,0.12568038347226942,81.84945958501794,ON_TIME,41.00405393911694
SHP-10000649,ORD-500649,DHL Express,WH-06,Zone-Metro-A,RIGID_TRUCK_24FT,2026-10-01 21:23:20.549524911,2026-10-05 21:23:20.549524911,2026-10-02 16:07:32.391899691,18.496247276757515,73.85615296519667,157.33255707694457,81.95029911752893,45.13886225538062,56.121983664936316,1785.4237293227209,1300.69,4,0.2076032578170141,757.4871898039945,ON_TIME,18.73662288188333
SHP-10000650,ORD-500650,FedEx Freight,WH-03,Zone-Metro-A,EV_CARGO_VAN,2026-10-01 20:10:50.380950100,2026-10-08 20:10:50.380950100,2026-10-02 00:22:23.567131494,18.426939179821858,73.83564200615287,4.153046458843398,58.791739242041444,57.15242112442863,38.984969876044154,876.2921570591567,615.24,7,0.1309930167793442,31.680150177898547,ON_TIME,4.192551717053889
SHP-10000651,ORD-500651,UPS Ground,WH-05,Zone-Industrial-C,RIGID_TRUCK_24FT,2026-10-02 11:43:06.956615900,2026-10-06 11:43:06.956615900,2026-10-02 22:19:58.325050168,18.518188382602126,73.92096180203292,6.028733845394491,26.033138466761677,60.847056446155975,16.7689926049943,636.4947562548296,458.36,4,0.026562752459526214,226.11070835788794,ON_TIME,10.614269009518889
SHP-10000652,ORD-500652,UPS Ground,WH-05,Zone-Suburban-B,EV_CARGO_VAN,2026-10-01 22:24:00.146147334,2026-10-05 22:24:00.146147334,2026-10-02 07:48:49.246013489,18.579335292885276,73.95188928536945,3.8198673624286257,32.30009406704869,56.45741875234285,44.88104303380366,966.3988257485247,689.34,4,0.0818441696048939,46.6154868716919,ON_TIME,9.413638851709722
SHP-10000653,ORD-500653,BlueDart Logistics,WH-01,Zone-Industrial-C,EV_CARGO_VAN,2026-10-03 00:02:16.062886237,2026-10-05 00:02:16.062886237,2026-10-03 11:34:03.069186387,18.510259584378435,73.79786132292732,50.18280979410581,38.36934774573322,32.05218419555298,21.548307482348505,1350.8675840484036,960.96,2,0.02650056970594394,1886.5313919533226,ON_TIME,11.52972397226389
SHP-10000654,ORD-500654,DHL Express,WH-10,Zone-Suburban-B,EV_CARGO_VAN,2026-10-02 08:44:43.297555495,2026-10-04 08:44:43.297555495,2026-10-03 08:27:18.873261091,18.6115244892506,73.96169990020368,10.255021217800765,21.006748181441175,72.77193679327516,19.981502412184238,13.269092098006588,34.79,2,0.030545757722960466,334.6310217063904,ON_TIME,23.709882140443334
SHP-10000655,ORD-500655,FedEx Freight,WH-06,Zone-Metro-A,SPRINTER_VAN,2026-10-02 14:19:17.918496051,2026-10-09 14:19:17.918496051,2026-10-03 05:39:25.189864433,18.622435530411806,73.76446312274977,7.436064362307003,82.58121595991366,51.37646495313431,26.547714406597688,1642.6951463811467,1140.05,7,0.11263480949963667,65.96067705539492,ON_TIME,15.335353157883889
SHP-10000656,ORD-500656,DHL Express,WH-11,Zone-Industrial-C,EV_CARGO_VAN,2026-10-02 20:40:34.288159764,2026-10-04 20:40:34.288159764,2026-10-03 12:19:09.873918215,18.608981916208243,73.751598438019,22.745313278583964,49.90207154900374,46.73883799126024,5.659817348447161,1641.1349360887555,1143.56,2,0.013200758970514176,1710.0763444407178,ON_TIME,15.643218266236389
SHP-10000657,ORD-500657,DHL Express,WH-11,Zone-Suburban-B,EV_CARGO_VAN,2026-10-01 20:39:16.407427283,2026-10-03 20:39:16.407427283,2026-10-03 11:16:26.638654109,18.68101406788945,73.78960678735154,3.1765905295205714,23.884713151064744,84.02978531761558,58.302736308870415,1006.9056019728068,710.13,2,0.1170151845126861,27.1236436397065,ON_TIME,38.619508674118336
SHP-10000658,ORD-500658,UPS Ground,WH-03,Zone-Metro-A,EV_CARGO_VAN,2026-10-01 17:12:50.820646745,2026-10-03 17:12:50.820646745,2026-10-02 03:40:17.100365045,18.471188283098545,73.9946667967433,1.8029095456157798,92.89602146893013,31.263093002985762,34.2782111247284,236.9321722307674,180.91,2,0.09955136206543824,18.09217162964476,ON_TIME,10.45729992175
SHP-10000659,ORD-500659,UPS Ground,WH-09,Zone-Industrial-C,EV_CARGO_VAN,2026-10-03 21:23:25.357224838,2026-10-05 21:23:25.357224838,2026-10-06 04:37:57.781935730,18.45683693593449,73.88089134440445,12.707328062931671,79.94715702403961,49.602272867137984,47.542164163012814,1246.7790504998359,875.65,2,0.18853133768646443,67.36594363791923,LATE,45.79516401284843
SHP-10000660,ORD-500660,DHL Express,WH-06,Zone-Suburban-B,SPRINTER_VAN,2026-10-02 13:13:41.183773904,2026-10-04 13:13:41.183773904,2026-10-02 23:51:28.030900990,18.582913446772558,73.76164185287853,10.9632778617099,57.961302527131586,61.17434339559936,19.181872230783306,265.3603285265699,212.55,2,0.06801402034920521,160.95479029873215,ON_TIME,10.62967975752389
SHP-10000661,ORD-500661,BlueDart Logistics,WH-12,Zone-Suburban-B,SPRINTER_VAN,2026-10-02 11:40:14.663616754,2026-10-03 11:40:14.663616754,2026-10-03 05:05:49.234990651,18.578463102830256,73.99929392101242,3.7293296847233357,38.50540683380975,19.39194496999252,46.06399723984941,944.8716643332672,667.8,1,0.03439574399870065,108.10984928644554,ON_TIME,17.4262698260825
SHP-10000662,ORD-500662,UPS Ground,WH-03,Zone-Suburban-B,EV_CARGO_VAN,2026-10-01 08:33:50.669350720,2026-10-05 08:33:50.669350720,2026-10-01 22:15:41.882796694,18.55302950010244,73.93622781370675,13.828514432406317,29.415859910320442,36.567979310990154,36.19437762529745,184.09188850129306,144.62,4,0.038933515881579304,354.2728375880756,ON_TIME,13.697559290548332
SHP-10000663,ORD-500663,FedEx Freight,WH-09,Zone-Industrial-C,SPRINTER_VAN,2026-10-02 17:51:15.457630652,2026-10-04 17:51:15.457630652,2026-10-03 11:40:21.107842073,18.40130595744828,73.95950126898781,83.08254543208449,58.54554821673089,70.12665369979946,28.327929557872633,1094.7020917908073,792.63,2,0.11630324349586292,713.7476838009013,ON_TIME,17.818236169839167
SHP-10000664,ORD-500664,FedEx Freight,WH-08,Zone-Industrial-C,RIGID_TRUCK_24FT,2026-10-02 21:54:00.791841571,2026-10-04 21:54:00.791841571,2026-10-03 19:51:17.992991458,18.566571468971798,73.80323513162003,15.443255460152262,99.09834558600342,27.756867594987252,58.38680744080541,596.6114195668607,438.45,2,0.16060223574672514,96.09857254563413,ON_TIME,21.954778097190832
SHP-10000665,ORD-500665,FedEx Freight,WH-04,Zone-Industrial-C,RIGID_TRUCK_24FT,2026-10-02 22:14:11.553751449,2026-10-03 22:14:11.553751449,2026-10-03 20:02:18.062859264,18.679839417061892,73.77636235855908,0.8364020482918773,,,,1539.3622202875301,1066.56,1,,,ON_TIME,21.801808085504167
SHP-10000666,ORD-500666,FedEx Freight,WH-02,Zone-Metro-A,EV_CARGO_VAN,2026-10-03 08:54:22.479088491,2026-10-04 08:54:22.479088491,2026-10-03 18:59:07.593307631,18.50037330673386,73.87877123567941,49.42857248535554,69.02262675419135,57.29729544872283,41.160222003932226,1482.3009799710662,1050.03,1,0.162780850906435,303.4646013345621,ON_TIME,10.079198394205555
SHP-10000667,ORD-500667,FedEx Freight,WH-09,Zone-Industrial-C,SPRINTER_VAN,2026-10-01 18:46:43.291629670,2026-10-02 18:46:43.291629670,2026-10-02 02:42:15.663709501,18.690279757996073,73.94304392107055,98.22187053167276,106.36016954611432,60.33717649807001,5.843820531943384,1847.1949831220224,1313.39,1,0.03750255652005134,2612.106186963552,ON_TIME,7.925658911064167
SHP-10000668,ORD-500668,FedEx Freight,WH-10,Zone-Industrial-C,EV_CARGO_VAN,2026-10-02 00:09:36.236392576,2026-10-06 00:09:36.236392576,2026-10-05 11:50:42.813053341,18.50702700375931,73.90944516307962,17.029718933010766,75.52607460263823,64.62328315358695,21.58003635742566,485.29083510662247,360.23,4,0.10532660933090161,161.53150557616559,ON_TIME,45.79516401284843
SHP-10000669,ORD-500669,DHL Express,WH-04,Zone-Industrial-C,EV_CARGO_VAN,2026-10-03 16:22:21.336587722,2026-10-04 16:22:21.336587722,2026-10-04 04:22:43.094538321,18.441956350755344,73.90776483287954,11.084899582782539,56.79664936480749,74.94829877822083,53.87803613880365,125.59040852886868,119.5,1,0.22934868403661976,48.31101834087399,ON_TIME,12.00604387516639
SHP-10000670,ORD-500670,FedEx Freight,WH-09,Zone-Suburban-B,EV_CARGO_VAN,2026-10-04 02:11:46.623885807,2026-10-11 02:11:46.623885807,2026-10-05 04:06:09.481343116,18.51952102447814,73.93927402092208,1.4092145036004828,,,,826.2400013435768,583.19,7,,,ON_TIME,25.906349293696945
SHP-10000671,ORD-500671,BlueDart Logistics,WH-05,Zone-Rural-D,RIGID_TRUCK_24FT,2026-10-01 15:47:13.768117609,2026-10-02 15:47:13.768117609,2026-10-01 21:34:14.870158434,18.548383393877064,73.80675520638837,3.194203229307187,93.33490230677711,62.99739444728921,34.52147198966074,165.29532966855717,136.98,1,0.20298127234287294,15.72869419448113,ON_TIME,5.783639455784723
SHP-10000672,ORD-500672,FedEx Freight,WH-09,Zone-Industrial-C,EV_CARGO_VAN,2026-10-02 17:49:50.764527752,2026-10-03 17:49:50.764527752,2026-10-03 07:32:32.995547841,18.588839323052976,73.91537982045274,6.244339944248202,71.09904829925,64.91309858276887,54.5087838912307,340.0824762908726,260.11,1,0.2515721843984944,24.81140281422995,ON_TIME,13.71173083891361
SHP-10000673,ORD-500673,UPS Ground,WH-03,Zone-Metro-A,EV_CARGO_VAN,2026-10-01 21:25:14.484710100,2026-10-02 21:25:14.484710100,2026-10-02 12:33:37.402947359,18.5514634486067,73.84802766728384,3.738448509013548,97.8240741043343,32.52055975952427,31.742128226415566,1109.8376598225334,784.66,1,0.10098103089530544,36.98466938752971,ON_TIME,15.139699510349722
SHP-10000674,ORD-500674,DHL Express,WH-12,Zone-Suburban-B,EV_CARGO_VAN,2026-10-01 10:19:30.965237611,2026-10-02 10:19:30.965237611,2026-10-02 08:41:11.484986785,18.561015588221863,73.76743837133009,4.897433179721899,63.886217140695074,82.61184626587308,36.15788853032766,1100.3365047708207,766.89,1,0.19083259807080827,25.65006305474177,ON_TIME,22.361255485881667
SHP-10000675,ORD-500675,BlueDart Logistics,WH-04,Zone-Rural-D,RIGID_TRUCK_24FT,2026-10-02 05:26:10.465242294,2026-10-06 05:26:10.465242294,2026-10-02 08:14:18.385095012,18.40722011150728,73.80053565156085,10.466776821868072,93.85275520959438,74.89143801415464,26.01840659586501,91.6359040671709,88.78,4,0.18287733846847068,57.20258535551729,ON_TIME,2.802199959088333
SHP-10000676,ORD-500676,FedEx Freight,WH-05,Zone-Metro-A,SPRINTER_VAN,2026-10-01 16:20:43.832447747,2026-10-05 16:20:43.832447747,2026-10-02 10:39:55.703132814,18.476086050740196,73.94850093480122,3.9691390315897075,105.44182783854104,31.739599652467305,39.10220201975863,826.0589331067962,589.76,4,0.1308626122853628,30.30742104426794,ON_TIME,18.319964079185276
SHP-10000677,ORD-500677,DHL Express,WH-01,Zone-Rural-D,EV_CARGO_VAN,2026-10-03 09:06:54.652634156,2026-10-07 09:06:54.652634156,2026-10-03 16:54:13.806884986,18.49320899738175,73.97398267452012,55.88800043271577,62.618129367234125,60.63015075152407,22.54508420064806,986.5419574899902,722.09,4,0.08559346329429662,652.1851058905146,ON_TIME,7.788653958563889
SHP-10000678,ORD-500678,UPS Ground,WH-02,Zone-Industrial-C,SPRINTER_VAN,2026-10-02 20:25:41.627223638,2026-10-03 20:25:41.627223638,2026-10-03 16:43:56.524362612,18.696126561364434,73.8207054528821,9.868291755531146,72.47516298060589,63.83504758444705,26.202069764829645,504.6285491131354,365.17,1,0.1212227091868407,81.33919710228095,ON_TIME,20.304138094159445
SHP-10000679,ORD-500679,BlueDart Logistics,WH-07,Zone-Suburban-B,SPRINTER_VAN,2026-10-01 16:21:21.894880688,2026-10-03 16:21:21.894880688,2026-10-02 00:44:26.132878097,18.48867032154611,73.79759023450143,16.53443625350138,72.89941658023432,42.36127272065345,58.14794447639978,1614.815368287158,1121.67,2,0.17956736900485232,92.02804240459953,ON_TIME,8.384510554835833
SHP-10000680,ORD-500680,BlueDart Logistics,WH-04,Zone-Metro-A,SPRINTER_VAN,2026-10-01 06:39:55.419714709,2026-10-03 06:39:55.419714709,2026-10-01 16:05:44.782788323,18.668973654647285,73.7566811260613,16.62920526791358,89.2363120418376,74.78074644557248,11.121977388977458,308.0993143741234,235.72,2,0.07421871266199227,223.75529220405897,ON_TIME,9.430378631559444
SHP-10000681,ORD-500681,FedEx Freight,WH-11,Zone-Metro-A,EV_CARGO_VAN,2026-10-03 16:11:14.307107075,2026-10-10 16:11:14.307107075,,18.49142086016232,73.9869243471467,14.284520682787504,93.18175481685516,61.76720151317798,10.789043988532253,478.67151760142207,349.89,7,0.06209716509379388,229.6651408668919,EXCEPTION_OR_IN_TRANSIT,
SHP-10000682,ORD-500682,FedEx Freight,WH-01,Zone-Rural-D,RIGID_TRUCK_24FT,2026-10-01 18:41:09.590077772,2026-10-02 18:41:09.590077772,2026-10-02 02:59:01.533423206,18.428833099312715,73.92096373125881,9.553845458889246,17.58678503957577,59.36160138645386,7.382381070025865,300.55573483020004,227.0,1,0.007707056145957972,1223.7449405094462,ON_TIME,8.297762040398334
SHP-10000683,ORD-500683,UPS Ground,WH-05,Zone-Metro-A,EV_CARGO_VAN,2026-10-03 01:38:51.353663622,2026-10-07 01:38:51.353663622,2026-10-03 13:43:11.157235982,18.474285219718283,73.98925752626079,8037.026373114121,84.66915858858684,26.563027921353864,22.602448586814717,226.21271305408575,3551.44,4,0.050834471496101916,157791.4943856678,ON_TIME,12.072167658988889
SHP-10000684,ORD-500684,FedEx Freight,WH-05,Zone-Industrial-C,SPRINTER_VAN,2026-10-02 06:15:30.159869492,2026-10-04 06:15:30.159869492,2026-10-02 13:49:45.230879561,18.481848515474287,73.96596229574264,,,,,1627.5637402050975,1124.04,2,,,ON_TIME,7.5708530583525
SHP-10000685,ORD-500685,UPS Ground,WH-01,Zone-Suburban-B,EV_CARGO_VAN,2026-10-03 00:09:17.955211257,2026-10-05 00:09:17.955211257,2026-10-03 05:08:59.987476304,18.693474578166693,73.8351166481726,0.7589064812036259,81.5407967485325,42.54418668492624,10.198360423825044,522.7051453986267,383.55,2,0.0353789983367372,21.390301777990334,ON_TIME,4.995008962513055
SHP-10000686,ORD-500686,UPS Ground,WH-02,Zone-Metro-A,EV_CARGO_VAN,2026-10-02 04:43:37.420113818,2026-10-04 04:43:37.420113818,2026-10-03 12:35:50.218152210,18.602287451670172,73.77817076143887,1.6086960301240592,82.80108763569413,65.02458224342655,35.202204745175635,1339.9991477819199,929.85,2,0.1895324064570166,8.483233747754488,ON_TIME,31.87022167733111
SHP-10000687,ORD-500687,FedEx Freight,WH-06,Zone-Metro-A,EV_CARGO_VAN,2026-10-01 12:15:34.734131432,2026-10-02 12:15:34.734131432,2026-10-01 19:20:30.239973041,18.67950429868629,73.87476419871503,4.705082468966106,18.933271622505597,56.379590894316436,37.0815840980178,798.631577175009,562.04,1,0.039582740963880134,118.56747680934508,ON_TIME,7.0820849560025
SHP-10000689,ORD-500689,FedEx Freight,WH-06,,EV_CARGO_VAN,2026-10-01 19:32:24.780431376,2026-10-02 19:32:24.780431376,2026-10-02 22:21:59.117917625,18.57357954720343,73.78747915703586,3.7356569875476278,92.72706672356536,33.077346391543,58.67824641386908,1717.9878485645208,1196.09,1,0.1799758816109129,20.744904615373216,LATE,26.82620485729139
SHP-10000690,ORD-500690,DHL Express,WH-07,Zone-Suburban-B,RIGID_TRUCK_24FT,2026-10-02 12:49:02.616152355,2026-10-06 12:49:02.616152355,2026-10-02 23:50:37.415441031,18.60261637727367,73.80835815725376,5.241485220594351,103.73067842303485,45.478562834615914,39.064373601081975,1564.3892596254925,1079.52,4,0.18428704877572166,28.426536762730052,ON_TIME,11.026333135743332
SHP-10000691,ORD-500691,DHL Express,WH-08,Zone-Suburban-B,EV_CARGO_VAN,2026-10-03 05:23:47.156664059,2026-10-04 05:23:47.156664059,2026-10-03 15:00:52.158260962,18.58745115810881,73.91641164903612,6.630700882934883,36.7994524543338,65.25497093927447,11.140794367451997,138.79698926839717,119.45,1,0.026752915365501853,246.926666720642,ON_TIME,9.618055999139722
SHP-10000692,ORD-500692,DHL Express,WH-01,Zone-Metro-A,SPRINTER_VAN,2026-10-02 00:59:38.534626095,2026-10-09 00:59:38.534626095,2026-10-02 20:02:37.688083991,18.599878907857534,73.87746936848852,1.5077500448790646,70.02351933351554,65.76768475597555,9.868833378518053,1565.4822598432022,1088.63,7,0.04544878780933807,33.10186982780597,ON_TIME,19.049764849415556
SHP-10000693,ORD-500693,FedEx Freight,WH-06,Zone-Suburban-B,RIGID_TRUCK_24FT,2026-10-01 06:52:08.527229920,2026-10-02 06:52:08.527229920,2026-10-02 16:52:44.819332389,18.47943209938818,73.8256048890282,5.489930388660023,91.41137275730546,46.79074814287276,47.76507750077042,842.4516210859213,580.59,1,0.20430110091848572,26.858614576882264,LATE,34.01008113957472
SHP-10000695,ORD-500695,UPS Ground,WH-07,Zone-Rural-D,SPRINTER_VAN,2026-10-03 01:36:52.859641845,2026-10-07 01:36:52.859641845,2026-10-03 16:31:48.819037266,18.577784743479445,73.7813006622221,6.6746982382004925,73.79456111310752,31.967755252962927,13.905291708860897,1247.849006998473,869.45,4,0.03280322930152604,202.85845431867446,ON_TIME,14.915544276505834
SHP-10000696,ORD-500696,DHL Express,WH-09,Zone-Suburban-B,SPRINTER_VAN,2026-10-04 03:19:36.032045269,2026-10-11 03:19:36.032045269,2026-10-04 08:39:34.152067546,18.410778539516755,73.93892703170465,18.363663759132198,16.77566288489002,29.101928668530192,18.93479849759437,1758.482070756418,1232.95,7,0.009244047104512794,1965.2794505138247,ON_TIME,5.332811117299166
SHP-10000697,ORD-500697,UPS Ground,WH-04,Zone-Suburban-B,EV_CARGO_VAN,2026-10-03 00:26:30.832161769,2026-10-05 00:26:30.832161769,2026-10-03 13:10:39.823214559,18.544850470420506,73.92800878468832,8.324751436655548,83.76915481059876,68.5769807731181,46.26322130108851,185.0210445669966,147.42,2,0.2657653535542212,31.31190779605579,ON_TIME,12.735830847997223
SHP-10000698,ORD-500698,FedEx Freight,WH-10,Zone-Metro-A,RIGID_TRUCK_24FT,2026-10-02 15:55:27.927390814,2026-10-06 15:55:27.927390814,2026-10-03 08:44:19.608968333,18.657918080019357,73.80412566892014,10.359049605581959,88.45803781148742,23.49897355042402,36.13856799931056,1423.7255815999395,989.97,4,0.07512026884218423,137.71620023474983,ON_TIME,16.814355993755278
SHP-10000699,ORD-500699,DHL Express,WH-10,,EV_CARGO_VAN,2026-10-02 23:17:05.701432684,2026-10-04 23:17:05.701432684,2026-10-03 08:43:14.004542741,18.5477103182756,73.90159788894408,7.856902360048467,83.67070312943532,44.86909167963941,37.175003437639646,386.0477605331221,282.06,2,0.13956345552010455,56.25596424483044,ON_TIME,9.43563975279361
SHP-10000700,ORD-500700,UPS Ground,WH-07,Zone-Metro-A,SPRINTER_VAN,2026-10-04 00:48:31.843260237,2026-10-05 00:48:31.843260237,2026-10-04 13:01:38.624106910,18.565697010596647,73.87582565107431,22.012067197737053,87.75187034154588,60.303910263579255,16.550476920835024,710.6901937560239,508.69,1,0.08758149789617353,251.04574768786736,ON_TIME,12.218550235186944
SHP-10000701,ORD-500701,FedEx Freight,,Zone-Metro-A,SPRINTER_VAN,2026-10-03 17:38:35.615339946,2026-10-05 17:38:35.615339946,2026-10-04 00:13:38.255617734,18.460571536154557,73.76520407796245,3.370088783400493,55.93691480449173,82.35896147125277,39.59818899117413,1618.0867038918532,1118.54,2,0.1824251428158653,18.4636961867785,ON_TIME,6.58406674383
SHP-10000702,ORD-500702,DHL Express,WH-02,Zone-Industrial-C,EV_CARGO_VAN,2026-10-02 05:15:16.087687899,2026-10-03 05:15:16.087687899,2026-10-02 22:32:38.394531139,18.63830300319563,73.81953847920903,11.08129578394946,109.40645386291214,84.943043516833,47.38457274739904,1015.1789002146799,711.62,1,0.44035986357758156,25.158468910068187,ON_TIME,17.289529678677777
SHP-10000703,ORD-500703,FedEx Freight,WH-01,Zone-Suburban-B,EV_CARGO_VAN,2026-10-01 23:04:56.331059929,2026-10-08 23:04:56.331059929,2026-10-03 07:44:38.230493397,18.507663486411257,73.99987067600597,4.516010031609094,88.2247570079026,81.46916076665792,53.688872400511585,135.9853189328835,110.79,7,0.3858939734895051,11.699690517919137,ON_TIME,32.66163873151889
SHP-10000704,ORD-500704,FedEx Freight,WH-10,Zone-Suburban-B,SPRINTER_VAN,2026-10-02 00:54:34.632325286,2026-10-03 00:54:34.632325286,,18.686976266043864,73.7748839152777,20.170925443782718,69.97460050159862,63.868175894015124,45.51945286499271,945.793235151325,668.03,1,0.20343326700259434,99.10382583072088,EXCEPTION_OR_IN_TRANSIT,
SHP-10000705,ORD-500705,BlueDart Logistics,WH-11,Zone-Suburban-B,RIGID_TRUCK_24FT,2026-10-02 18:19:05.933494183,2026-10-04 18:19:05.933494183,2026-10-03 05:17:21.846454828,18.698114442477873,73.87660282675554,2.3879687522973856,103.74817062592928,65.98306247665687,36.700660805495886,1463.3618152169377,1014.18,2,0.2512388519146148,9.500993316817688,ON_TIME,10.9710869335125
SHP-10000706,ORD-500706,DHL Express,WH-02,Zone-Industrial-C,HEAVY_FREIGHT_TRAILER,2026-10-03 11:34:17.617758447,2026-10-07 11:34:17.617758447,2026-10-04 10:22:08.960764200,18.67480016277875,73.96233343865364,19.70085781050035,101.27884224851174,66.94075732067631,42.02926189857273,984.0825203131606,702.2,4,0.2849450472071846,69.11489255303849,ON_TIME,22.797595279375834
SHP-10000707,ORD-500707,BlueDart Logistics,WH-04,Zone-Metro-A,SPRINTER_VAN,2026-10-02 18:13:54.418501823,2026-10-04 18:13:54.418501823,2026-10-04 06:23:18.108604585,18.42546302344484,73.82516296825129,11.591433831419275,92.38387120675517,74.69536574097175,31.681130438263274,318.7424212434981,236.01,2,0.21862029924736412,52.996607408212334,ON_TIME,36.15658058410056
SHP-10000708,ORD-500708,FedEx Freight,WH-01,Zone-Industrial-C,SPRINTER_VAN,2026-10-01 10:52:52.825798646,2026-10-05 10:52:52.825798646,2026-10-01 17:06:41.953714638,18.499954946648806,73.81517715974844,1.9785248605252965,68.5510173034578,81.3839097139156,17.47940337146924,829.9854959557435,581.99,4,0.09751671399619473,20.26830016632626,ON_TIME,6.230313309997778
SHP-10000709,ORD-500709,UPS Ground,WH-04,Zone-Suburban-B,HEAVY_FREIGHT_TRAILER,2026-10-03 10:05:52.117554043,2026-10-04 10:05:52.117554043,2026-10-04 00:50:01.528759694,18.683541290530755,73.97269826292258,73.35743463017535,65.07459681893778,43.427960839024564,53.521383502456445,1710.9467864568753,1211.66,1,0.15125448275905098,484.673022516002,ON_TIME,14.735947557125277
SHP-10000710,ORD-500710,BlueDart Logistics,WH-10,Zone-Suburban-B,EV_CARGO_VAN,2026-10-03 16:01:47.457351511,2026-10-05 16:01:47.457351511,2026-10-04 11:47:50.162704903,18.64135998845333,73.82620748674539,17.62656964177807,46.22725353757947,41.23831585315952,34.29424482420839,1221.7789337929796,858.21,2,0.06537628773879105,269.20539099737795,ON_TIME,19.767418153719998
SHP-10000711,ORD-500711,UPS Ground,WH-07,Zone-Suburban-B,EV_CARGO_VAN,2026-10-02 02:50:37.846639031,2026-10-04 02:50:37.846639031,2026-10-02 18:13:58.821565733,18.673355076792227,73.9128733278132,2.4527133019392253,38.8334080148751,44.5348346783973,37.68750711309792,1353.531398962787,937.62,2,0.06517825991308124,37.573202858119096,ON_TIME,15.389159701861667
SHP-10000712,ORD-500712,DHL Express,WH-05,Zone-Metro-A,SPRINTER_VAN,2026-10-03 05:49:01.391622244,2026-10-10 05:49:01.391622244,2026-10-03 09:06:15.891710875,18.571765958092328,73.93507824608274,10.892728667252003,63.67415411263322,59.48628785924456,59.455990256425046,,,7,0.22520377668911915,48.34685342306585,ON_TIME,3.2873611357308334
SHP-10000713,ORD-500713,DHL Express,WH-05,Zone-Industrial-C,RIGID_TRUCK_24FT,2026-10-02 12:42:52.620753298,2026-10-06 12:42:52.620753298,2026-10-03 11:29:26.315544101,18.544119276456257,73.94715443732677,1.2621372311257553,69.88926736263751,68.15840472083235,59.17586230499523,178.69451366734938,144.96,4,0.2818866445571806,4.475875916420652,ON_TIME,22.77602633077861
SHP-10000714,ORD-500714,DHL Express,WH-01,Zone-Suburban-B,RIGID_TRUCK_24FT,2026-10-03 22:00:59.737004553,2026-10-10 22:00:59.737004553,2026-10-05 18:09:55.874993677,18.431948895101335,73.99868990932674,1.153348014152057,38.23001098859033,75.29082931759969,37.24710417499655,1080.8641959381935,760.34,7,0.10721091864406722,10.74772286664998,ON_TIME,44.148927219201106
SHP-10000715,ORD-500715,FedEx Freight,WH-04,Zone-Metro-A,SPRINTER_VAN,2026-10-03 18:51:22.464675263,2026-10-04 18:51:22.464675263,2026-10-04 12:35:46.985895682,18.65184146269693,73.95079801742747,37.9207374037759,102.64711814708048,44.21580657119542,6.86764941096064,702.9321250745962,515.11,1,0.031169686139369643,1212.6996489431451,ON_TIME,17.740144783449722
SHP-10000716,ORD-500716,BlueDart Logistics,WH-09,Zone-Suburban-B,EV_CARGO_VAN,2026-10-02 19:49:51.973961859,2026-10-04 19:49:51.973961859,2026-10-03 04:14:38.862907962,18.623542464526142,73.91425303922189,2.1380378884407896,67.94102968976026,37.25294696350971,26.788114592466385,267.77454282931456,210.01,2,0.06780081381922792,31.48766219699339,ON_TIME,8.413024707250834
SHP-10000717,ORD-500717,UPS Ground,,,SPRINTER_VAN,2026-10-03 07:47:18.237474883,2026-10-04 07:47:18.237474883,2026-10-03 19:34:08.956408459,18.417662980904623,73.97386588943975,23.215170376771137,65.01800591130393,83.75144610266699,56.551130402798904,384.58016816279576,285.55,1,0.30794081204681634,75.36394357135663,ON_TIME,11.780755259326666
SHP-10000718,ORD-500718,FedEx Freight,WH-11,Zone-Suburban-B,EV_CARGO_VAN,2026-10-03 21:36:04.242504929,2026-10-04 21:36:04.242504929,2026-10-06 01:33:34.500380475,18.462824376878583,73.97643615890973,36.624133017789944,56.38564689478332,27.39157157554197,20.856862580680506,1447.772950706062,1017.08,1,0.03221324661278354,1133.4092626675574,LATE,45.79516401284843
SHP-10000719,ORD-500719,UPS Ground,WH-01,Zone-Rural-D,EV_CARGO_VAN,2026-10-02 17:41:29.849012289,2026-10-03 17:41:29.849012289,2026-10-03 23:24:04.989312490,18.5671832689945,73.9932916144149,2.770887161768894,20.51677309310175,26.650362643935797,59.95977768579738,308.8169755226024,227.08,1,0.03278477385830585,84.26049008906408,LATE,29.709761194500278
SHP-10000720,ORD-500720,DHL Express,WH-12,Zone-Metro-A,RIGID_TRUCK_24FT,2026-10-02 04:33:14.591934702,2026-10-06 04:33:14.591934702,2026-10-03 05:28:57.692223833,18.60532072061939,73.94411631611912,109.50514212002349,98.82812677368568,63.655559111987166,9.637463977110386,586.2254000735201,463.77,4,0.060628897160306124,1803.1801537736255,ON_TIME,24.928638969203057
SHP-10000721,ORD-500721,FedEx Freight,WH-10,Zone-Metro-A,EV_CARGO_VAN,2026-10-03 12:15:50.262946163,2026-10-04 12:15:50.262946163,2026-10-04 08:59:44.700101434,18.4413010792783,73.79873183264954,10.087178681857637,45.114451512087825,23.474297170198174,36.246279955285296,535.5971957275437,396.36,1,0.0383858993640067,262.10063551981074,ON_TIME,20.73178809868639
SHP-10000722,ORD-500722,FedEx Freight,WH-10,Zone-Metro-A,RIGID_TRUCK_24FT,2026-10-01 21:50:41.173240192,2026-10-03 21:50:41.173240192,2026-10-02 08:32:41.833309467,18.473447445538696,73.927451522226,9.564222985259065,76.03373177448796,39.95567498095918,33.34971480960819,101.38260887497535,103.95,2,0.10131573572782596,94.30709067601705,ON_TIME,10.700183352576389
SHP-10000723,ORD-500723,BlueDart Logistics,WH-06,Zone-Suburban-B,SPRINTER_VAN,2026-10-02 09:58:27.273563166,2026-10-06 09:58:27.273563166,2026-10-03 00:24:31.866314819,18.4579330635127,73.76878211041095,2.724106536326143,72.70618810215336,31.929011673568898,19.044410235223502,861.4472297019411,611.7,4,0.04421039339560868,61.477823317996354,ON_TIME,14.434609097681388
SHP-10000724,ORD-500724,UPS Ground,WH-05,Zone-Metro-A,SPRINTER_VAN,2026-10-03 20:19:56.499858080,2026-10-07 20:19:56.499858080,2026-10-04 11:57:53.395258911,18.46599914580116,73.82949073197885,2.783846326085032,70.52624841153005,22.653284256771148,57.173392185480495,1419.7790499070056,986.13,4,0.0913431359363372,30.443469568050997,ON_TIME,15.632470944675278
SHP-10000725,ORD-500725,BlueDart Logistics,WH-04,Zone-Metro-A,EV_CARGO_VAN,2026-10-03 10:09:30.270597806,2026-10-05 10:09:30.270597806,2026-10-04 09:39:49.128710400,18.676213937070628,73.77895187757889,0.6487267874228954,,,,52.716538992477595,61.72,2,,,ON_TIME,23.505238364609443
SHP-10000726,ORD-500726,FedEx Freight,WH-01,Zone-Rural-D,EV_CARGO_VAN,2026-10-02 11:04:27.812560151,2026-10-04 11:04:27.812560151,2026-10-04 06:55:31.374309524,18.614745871911627,73.98748565172188,3.5529394416186193,32.23678417597617,38.01336180659716,17.662555589457188,218.86956598204907,177.74,2,0.021644199715061242,163.39711224955573,ON_TIME,43.850989374825836
SHP-10000727,ORD-500727,BlueDart Logistics,WH-03,Zone-Industrial-C,EV_CARGO_VAN,2026-10-01 21:27:41.775024246,2026-10-03 21:27:41.775024246,2026-10-03 07:28:50.248119983,18.62113209412099,73.83468852805609,36.580488196543754,41.657545399556724,44.66756296363345,26.12265088110849,1335.7031171003298,949.52,2,0.04860748836026815,751.023906754825,ON_TIME,34.01902030437139
SHP-10000728,ORD-500728,FedEx Freight,WH-04,Zone-Industrial-C,HEAVY_FREIGHT_TRAILER,2026-10-02 07:37:47.006903715,2026-10-03 07:37:47.006903715,2026-10-02 14:09:58.367246581,18.638198593260785,73.92830391161081,2.6594924974949627,64.79786677067851,24.689725361913702,44.66761847851344,1103.0018608568153,770.49,1,0.07146111129385697,37.163935123562865,ON_TIME,6.536488984129444
SHP-10000729,ORD-500729,FedEx Freight,WH-07,Zone-Metro-A,RIGID_TRUCK_24FT,2026-10-02 02:27:19.795479750,2026-10-06 02:27:19.795479750,2026-10-02 21:28:39.031481020,18.506971912793215,73.89282960894653,2.952077356608475,89.98753290170797,67.59001020038174,21.37331919829725,1326.6251146214775,,4,0.12999804738138004,22.691173434406085,ON_TIME,19.022010000352775
SHP-10000730,ORD-500730,FedEx Freight,WH-10,Zone-Metro-A,SPRINTER_VAN,2026-10-01 18:40:42.343435046,2026-10-03 18:40:42.343435046,2026-10-02 21:13:29.577348901,18.630155384319742,73.77687785326428,1.9280830932199984,56.03895221178977,33.60340625880593,53.37834111336496,,,2,0.10051673693555987,19.162647805353117,ON_TIME,26.546453864959723
SHP-10000731,ORD-500731,BlueDart Logistics,WH-06,Zone-Metro-A,EV_CARGO_VAN,2026-10-03 11:31:11.891196218,2026-10-07 11:31:11.891196218,2026-10-04 12:06:28.752764033,18.69352401829688,73.89033611197021,1.762059172023934,34.372642539382426,35.70386342701741,14.112064387669326,1489.3270237006302,1032.26,4,0.017318835353903026,101.15826553404506,ON_TIME,24.58801710217083
SHP-10000732,ORD-500732,UPS Ground,WH-01,Zone-Industrial-C,HEAVY_FREIGHT_TRAILER,2026-10-02 00:08:56.514671564,2026-10-06 00:08:56.514671564,2026-10-02 11:04:24.324555619,18.60951827378228,73.91525588585621,26.182478803465656,23.354720356515465,28.911547157508448,19.547779942566677,894.0030084826885,634.92,4,0.013199073454614534,1968.7445815543501,ON_TIME,10.924391634459722
SHP-10000733,ORD-500733,UPS Ground,WH-12,Zone-Rural-D,EV_CARGO_VAN,2026-10-02 14:42:00.208267484,2026-10-06 14:42:00.208267484,2026-10-07 04:00:29.561029196,18.52502593368776,73.97037931432841,2.100505722295993,77.9860453319323,42.58026790892753,12.9694237351355,1133.7350285407394,791.5,4,0.043067133559439155,48.659837915892496,LATE,45.79516401284843
SHP-10000734,ORD-500734,DHL Express,WH-12,Zone-Suburban-B,EV_CARGO_VAN,2026-10-02 09:46:54.768619919,2026-10-04 09:46:54.768619919,2026-10-02 16:57:06.494494662,18.61490793571329,73.76752141060479,7.70530329319287,55.21729720901063,44.7682470429004,10.729836131772405,,,2,0.026523957515519375,289.41239440835835,ON_TIME,7.169923854095277
SHP-10000735,ORD-500735,BlueDart Logistics,WH-10,Zone-Metro-A,SPRINTER_VAN,2026-10-04 04:42:34.456542355,2026-10-05 04:42:34.456542355,2026-10-04 12:50:33.187751380,18.67023841007886,73.82390849627421,5.8923343296984205,26.910234799150977,49.725018724713635,21.517348290515976,388.8480502153516,282.57,1,0.028792620433887733,203.93907652583107,ON_TIME,8.132980891395833
SHP-10000736,ORD-500736,DHL Express,WH-99_INVALID,Zone-Suburban-B,HEAVY_FREIGHT_TRAILER,2026-10-02 10:09:31.109683218,2026-10-06 10:09:31.109683218,2026-10-03 05:17:58.997135733,18.43862846310279,73.92308523597815,28.44410698929606,79.07435359876345,82.56762114864547,59.95483104844922,1433.4317863997464,1020.11,4,0.39144396899232,72.64600975083333,ON_TIME,19.141079847920835
SHP-10000737,ORD-500737,BlueDart Logistics,WH-07,Zone-Metro-A,EV_CARGO_VAN,2026-10-01 11:45:31.459540918,2026-10-03 11:45:31.459540918,2026-10-04 04:51:30.858762635,18.479588402675414,73.75858290896795,3.3083455914475244,34.719979431165456,77.85188560342776,10.188117729391745,423.5437149049749,310.88,2,0.027538643875662207,119.69999708852424,LATE,45.79516401284843
SHP-10000738,ORD-500738,DHL Express,,Zone-Suburban-B,EV_CARGO_VAN,2026-10-01 12:28:02.835066684,2026-10-02 12:28:02.835066684,2026-10-01 22:01:00.503925576,18.675788864598672,73.80088836404437,5.381019269894224,63.356524588849325,55.704447324029026,16.715120551600855,182.06982298444103,152.53,1,0.05899167517445807,91.0622224536313,ON_TIME,9.549352460803334
SHP-10000739,ORD-500739,DHL Express,WH-01,Zone-Suburban-B,HEAVY_FREIGHT_TRAILER,2026-10-03 00:32:03.364574714,2026-10-04 00:32:03.364574714,2026-10-03 14:22:09.860101583,18.683869870133357,73.80466759910117,2.432920153364739,44.08785763230175,12.917760082232313,19.938923949290114,1109.6596327793604,781.59,1,0.011355543538136285,212.37928565025152,ON_TIME,13.8351376463525
SHP-10000740,ORD-500740,DHL Express,WH-05,Zone-Industrial-C,EV_CARGO_VAN,2026-10-03 01:09:15.032610558,2026-10-04 01:09:15.032610558,2026-10-04 10:16:39.380670593,18.54524173813538,73.91733160319339,4.185881978385832,103.51055612123004,55.91952556575509,39.05213264597121,1019.1073167052648,724.47,1,0.22604394375589248,18.509812417989032,LATE,33.12343001667639
SHP-10000741,ORD-500741,DHL Express,WH-03,Zone-Metro-A,EV_CARGO_VAN,2026-10-02 12:09:02.330333104,2026-10-06 12:09:02.330333104,2026-10-03 04:24:19.689305110,18.512365289020988,73.82149016986887,3.059845289014726,36.68736629576073,16.725145507308717,45.99401330243189,1129.3090414712924,784.68,4,0.028221997373675693,108.03776473260835,ON_TIME,16.254821936668332
SHP-10000742,ORD-500742,BlueDart Logistics,WH-03,Zone-Metro-A,SPRINTER_VAN,2026-10-02 13:05:33.885047278,2026-10-03 13:05:33.885047278,2026-10-03 02:19:22.862213755,18.484834541680907,73.89989891556505,7.586334729042488,54.8922595464927,63.27581788890605,46.356352116972516,1148.4455023153619,801.4,1,0.1610119570130451,47.087347641294116,ON_TIME,13.2302714351325
SHP-10000743,ORD-500743,DHL Express,WH-02,,RIGID_TRUCK_24FT,2026-10-01 09:52:59.325472353,2026-10-03 09:52:59.325472353,2026-10-02 09:38:06.067904448,18.54962546232729,73.99133711166908,61.622864264560235,106.15189169866055,39.25582349356979,5.474979006635715,931.3627216989578,670.14,2,0.022814675103043726,2689.2314199285747,ON_TIME,23.751872897804166
SHP-10000744,ORD-500744,FedEx Freight,WH-08,Zone-Metro-A,SPRINTER_VAN,2026-10-02 19:11:28.855492896,2026-10-04 19:11:28.855492896,2026-10-03 14:49:22.345575224,18.680359345477314,73.94831074550031,7.069366987933016,45.27889209413996,72.8272368676389,40.851775233970585,919.5564660051893,640.18,2,0.13471022399445623,52.439397980851425,ON_TIME,19.63152502286889
SHP-10000745,ORD-500745,BlueDart Logistics,WH-10,Zone-Metro-A,HEAVY_FREIGHT_TRAILER,2026-10-02 18:20:28.472018587,2026-10-04 18:20:28.472018587,2026-10-04 02:28:15.898021742,18.444942888227335,73.83322570116113,36.95451486545964,76.23635048604501,80.6896933948848,39.690528365190666,1710.616309002032,1193.69,2,0.24415579888121208,151.2943194582315,ON_TIME,32.129840556431944
SHP-10000746,ORD-500746,DHL Express,WH-08,Zone-Metro-A,SPRINTER_VAN,2026-10-01 16:46:03.183369960,2026-10-05 16:46:03.183369960,2026-10-03 06:50:19.049318511,18.525949191564166,73.86809999220984,28.05061848911701,45.08906915210089,41.28327560992068,33.47100750394324,993.2746103289627,706.45,4,0.06230375236326027,449.50211208183043,ON_TIME,38.0710738745975
SHP-10000747,ORD-500747,UPS Ground,WH-02,Zone-Metro-A,EV_CARGO_VAN,2026-10-01 13:28:35.168879952,2026-10-05 13:28:35.168879952,2026-10-02 09:33:10.714309860,18.673482357087245,73.80016847552525,8.575205502371704,25.514123016138655,44.541647160530964,25.856470877206753,1146.5977720366723,802.82,4,0.029384355300710988,290.83917267015573,ON_TIME,20.076540397196666
SHP-10000748,ORD-500748,FedEx Freight,WH-11,Zone-Suburban-B,HEAVY_FREIGHT_TRAILER,2026-10-01 14:53:49.989563387,2026-10-03 14:53:49.989563387,2026-10-02 10:46:31.696884950,18.504735781043273,73.75393000257586,28.612629769438385,74.61698710500781,54.26106857596377,48.859430860367645,502.6897423834125,389.72,2,0.19782193928290728,144.56522542728237,ON_TIME,19.8782520337675
SHP-10000749,ORD-500749,UPS Ground,WH-08,Zone-Industrial-C,SPRINTER_VAN,2026-10-01 13:16:26.521490534,2026-10-02 13:16:26.521490534,2026-10-02 08:10:27.216619328,18.63042442211306,73.82242884953122,11.903187949745393,102.02299585210734,24.78495413935379,23.913443748834375,1613.0693030744274,1124.4,1,0.060468377370668416,196.5247950576562,ON_TIME,18.90019309133167
SHP-10000750,ORD-500750,FedEx Freight,WH-05,Zone-Metro-A,EV_CARGO_VAN,2026-10-03 01:53:56.364283128,2026-10-05 01:53:56.364283128,2026-10-04 00:29:55.140275378,18.51677793587233,73.84235215280124,1.6247924691441002,57.99364338723873,79.5499630621271,17.650674965863068,56.788554307541915,64.15,2,0.08142948602326239,19.928893807579094,ON_TIME,22.599659997847223
SHP-10000751,ORD-500751,DHL Express,WH-09,Zone-Suburban-B,SPRINTER_VAN,2026-10-01 20:08:48.303502836,2026-10-05 20:08:48.303502836,2026-10-02 13:11:30.549505218,18.64147800349691,73.89109179322962,8.61359731042479,74.48677155578437,42.47499448760295,22.05523460121871,1036.1827891033095,728.93,4,0.06977890727095624,123.26462514683394,ON_TIME,17.045068333995
SHP-10000752,ORD-500752,UPS Ground,WH-04,Zone-Industrial-C,EV_CARGO_VAN,2026-10-02 00:06:10.695446990,2026-10-04 00:06:10.695446990,2026-10-02 16:32:28.013764897,18.69430070498716,73.98601666231593,11.555308273996799,72.84534925937919,22.51152519370055,29.180635441774122,717.5168425741236,506.2,2,0.0478521543580076,240.97578990352832,ON_TIME,16.438143977196386
SHP-10000753,ORD-500753,DHL Express,WH-05,Zone-Suburban-B,EV_CARGO_VAN,2026-10-01 18:29:49.899764053,2026-10-05 18:29:49.899764053,2026-10-03 06:17:31.823695491,18.516346603172583,73.98696301826796,74.855685984988,54.433521749648214,67.2048875064163,16.773156340150678,1121.9759114401566,815.87,4,0.06135953881510257,1217.966932849707,ON_TIME,35.79497886984389
SHP-10000754,ORD-500754,FedEx Freight,WH-12,Zone-Rural-D,EV_CARGO_VAN,2026-10-04 02:57:50.910913052,2026-10-05 02:57:50.910913052,2026-10-05 23:01:14.725842779,18.65352959637226,73.76752457471483,2.9506014432554992,73.4151806826494,26.43635293329889,38.41641854130176,673.9962274797967,471.49,1,0.07455972327542924,39.520658714074706,LATE,44.0566152582575
SHP-10000755,ORD-500755,BlueDart Logistics,WH-04,Zone-Rural-D,SPRINTER_VAN,2026-10-03 19:31:56.846448955,2026-10-07 19:31:56.846448955,2026-10-04 01:42:17.549661729,18.696525047452088,73.9036614198828,15.633093835159006,39.63521801980236,20.764695630389124,53.631506138154265,1331.110381737035,930.82,4,0.04413943954838925,353.3745905180257,ON_TIME,6.172417559103889
SHP-10000756,ORD-500756,UPS Ground,WH-06,Zone-Metro-A,RIGID_TRUCK_24FT,2026-10-01 22:35:44.261841514,2026-10-02 22:35:44.261841514,2026-10-02 15:08:51.867523762,18.695149042903374,73.76058816272196,2.0607045091186125,50.91360093728995,52.21540566205053,37.75030682891413,49.369192185165836,57.68,1,0.10035822152806811,20.51304988057,ON_TIME,16.552112689513333
SHP-10000757,ORD-500757,UPS Ground,WH-12,Zone-Industrial-C,SPRINTER_VAN,2026-10-02 05:35:05.183384615,2026-10-06 05:35:05.183384615,2026-10-02 16:05:41.994346358,18.53013132445999,73.91202026870393,57.48356750868863,57.02029135442564,60.36214414686931,29.566756911255972,758.0247884576847,556.66,4,0.10176484627090046,564.3121215322528,ON_TIME,10.510225267150833
SHP-10000758,ORD-500758,BlueDart Logistics,WH-09,Zone-Suburban-B,HEAVY_FREIGHT_TRAILER,2026-10-01 21:06:44.224725455,2026-10-03 21:06:44.224725455,2026-10-02 10:32:50.481294058,18.545728336164743,73.77942576556879,39.19119059631915,97.08082493843565,52.71720554986872,48.82778214236972,1539.8624963265563,1084.53,2,0.24989227867385763,156.7696042622515,ON_TIME,13.435071269056388
SHP-10000759,ORD-500759,BlueDart Logistics,WH-01,,EV_CARGO_VAN,2026-10-02 17:24:54.248692245,2026-10-06 17:24:54.248692245,2026-10-03 14:46:39.132403224,18.4910204684929,73.98660070625553,2.1410406366528814,48.091625009159216,59.23829867105224,46.14212425809908,471.86891927860313,338.76,4,0.13145273108315847,16.27515156108363,ON_TIME,21.362467697494168
SHP-10000760,ORD-500760,FedEx Freight,WH-02,Zone-Suburban-B,EV_CARGO_VAN,2026-10-01 07:24:43.050017326,2026-10-02 07:24:43.050017326,2026-10-02 08:49:18.331400292,18.49420562911671,73.96608467063474,72.92116659412842,75.33801957100351,18.664300923080834,25.188196684188288,108.95611446303182,119.19,1,0.03541791598540629,2053.08122875482,LATE,25.409800384157222
SHP-10000761,ORD-500761,DHL Express,WH-01,,EV_CARGO_VAN,2026-10-03 06:20:18.587906049,2026-10-05 06:20:18.587906049,2026-10-03 21:37:38.118058522,18.54774118678967,73.75558220763834,32.86825969247236,35.27336455479538,45.70135284130805,38.2284408865949,924.6112490507799,664.98,2,0.06162579417425942,532.4882430784327,ON_TIME,15.288758375686944
SHP-10000762,ORD-500762,FedEx Freight,WH-08,Zone-Industrial-C,EV_CARGO_VAN,2026-10-02 19:40:02.592432732,2026-10-06 19:40:02.592432732,2026-10-03 00:24:31.569818200,18.460155577019293,73.94553293111447,41.192113988043694,38.99412426012304,36.77639830664059,45.141357317489515,1806.86850044824,1271.19,4,0.06473557040515425,635.3320211519112,ON_TIME,4.741382607074444
SHP-10000763,ORD-500763,BlueDart Logistics,WH-06,Zone-Metro-A,EV_CARGO_VAN,2026-10-03 22:42:07.210215645,2026-10-04 22:42:07.210215645,2026-10-04 07:29:02.922401397,18.613336988846477,73.90897427929265,59.374928591869434,76.60074316869787,83.00264621800913,18.500479191069257,129.92343610158116,138.5,1,0.11762723785512935,504.3431721802049,ON_TIME,8.78214227382
SHP-10000764,ORD-500764,FedEx Freight,WH-02,Zone-Suburban-B,RIGID_TRUCK_24FT,2026-10-01 17:50:10.583777924,2026-10-05 17:50:10.583777924,2026-10-02 23:17:13.857252415,18.560892560426275,73.8738422976586,34.86218407793246,87.41944309982735,13.721795063460057,25.14506334963044,140.7638336741201,129.16,4,0.030162803054599514,1151.9813288621956,ON_TIME,29.45090929846972
SHP-10000765,ORD-500765,UPS Ground,WH-12,,HEAVY_FREIGHT_TRAILER,2026-10-03 15:53:45.116579045,2026-10-07 15:53:45.116579045,2026-10-03 18:39:55.875196946,18.669420357151985,73.90065862168812,6.028262092509992,58.90113176999674,32.372065229494225,10.817683880248378,1105.8242463719946,763.61,4,0.020626632582587717,290.8461887617137,ON_TIME,2.7696551716391666
SHP-10000766,ORD-500766,BlueDart Logistics,WH-07,Zone-Rural-D,HEAVY_FREIGHT_TRAILER,2026-10-03 15:01:16.294949772,2026-10-05 15:01:16.294949772,2026-10-05 02:36:09.926636130,18.643174730143162,73.91956251511579,,,,,471.6244562700013,341.15,2,,,ON_TIME,35.58156435732167
SHP-10000767,ORD-500767,BlueDart Logistics,WH-04,Zone-Metro-A,EV_CARGO_VAN,2026-10-01 15:09:25.364245017,2026-10-03 15:09:25.364245017,2026-10-02 14:13:59.494050609,18.49674133385384,73.97111436889013,,101.47579781356589,83.76221373882471,9.723270773272468,766.0050074252202,544.13,2,0.08264622120856231,,ON_TIME,23.07614716822
SHP-10000768,ORD-500768,DHL Express,WH-07,Zone-Industrial-C,RIGID_TRUCK_24FT,2026-10-02 10:41:46.550898157,2026-10-04 10:41:46.550898157,2026-10-04 01:23:01.258776072,18.5517413869053,73.94183941526069,3.5592339608179655,27.90174242965906,71.86762057953501,14.273336881796759,1538.4721472128804,1061.08,2,0.028621349556196607,123.92293592799032,ON_TIME,38.68741885497639
SHP-10000769,ORD-500769,BlueDart Logistics,WH-09,Zone-Metro-A,EV_CARGO_VAN,2026-10-01 18:15:03.564584658,2026-10-03 18:15:03.564584658,2026-10-02 08:42:15.822667353,18.62515447829163,73.8938444548325,5.225690803477394,83.46785257668797,15.699868301230698,31.390757231527687,377.4838815274652,287.79,2,0.04113552475442607,126.72788413869978,ON_TIME,14.453405022970832
SHP-10000770,ORD-500770,FedEx Freight,WH-01,Zone-Metro-A,EV_CARGO_VAN,2026-10-02 00:20:23.553718596,2026-10-04 00:20:23.553718596,2026-10-02 04:38:46.348557328,18.457960038243517,73.95615391518625,13.467800353705915,80.56622122597477,52.101627125765525,52.58995084494966,1334.0732841718739,922.53,2,0.22075321938028136,60.98077443243453,ON_TIME,4.306331899647778
SHP-10000771,ORD-500771,BlueDart Logistics,WH-04,Zone-Suburban-B,RIGID_TRUCK_24FT,2026-10-02 00:57:13.408516077,2026-10-06 00:57:13.408516077,,18.409479318945273,73.9967307391259,2.9998908023270574,80.57329045914044,40.00922445028503,24.57351126213777,939.2443733857685,661.93,4,0.07921701054348235,37.821531368513796,EXCEPTION_OR_IN_TRANSIT,
SHP-10000772,ORD-500772,FedEx Freight,WH-11,Zone-Metro-A,SPRINTER_VAN,2026-10-02 22:02:56.473331480,2026-10-04 22:02:56.473331480,2026-10-04 11:42:22.442081312,18.655691357892483,73.82504550522333,2.1440188200971337,103.86494222023481,70.48394257715512,47.27278811422402,1675.3122386574314,1164.26,2,0.3460751294163387,6.19345134271203,ON_TIME,37.65721354162
SHP-10000773,ORD-500773,DHL Express,WH-06,Zone-Industrial-C,EV_CARGO_VAN,2026-10-02 11:37:17.713512312,2026-10-03 11:37:17.713512312,2026-10-03 17:37:03.867927418,18.441265077247884,73.77960517350456,3.0063344324566765,84.17807859317526,14.126817667849997,42.18187403239298,1800.3041565395706,1252.81,1,0.05016135029872784,59.81404030310681,LATE,29.99615400419611
SHP-10000774,ORD-500774,BlueDart Logistics,WH-07,Zone-Metro-A,SPRINTER_VAN,2026-10-04 02:14:12.342798434,2026-10-05 02:14:12.342798434,2026-10-04 12:55:34.103506404,18.66682342928611,73.93286206517718,5.836834936350822,43.64869299391049,24.78465637335266,40.12652424378234,903.3579240309416,639.03,1,0.043409590466268654,134.15053724479205,ON_TIME,10.689377974436113
SHP-10000775,ORD-500775,FedEx Freight,WH-06,Zone-Industrial-C,EV_CARGO_VAN,2026-10-01 15:05:55.140792663,2026-10-02 15:05:55.140792663,2026-10-02 08:29:50.411202110,18.67408240716434,73.99464908347825,9.821594364754494,48.57387630206938,46.689629966697204,51.47594880317621,1086.581294654228,761.37,1,0.11674211437493272,84.05868395395639,ON_TIME,17.39868622484639
SHP-10000776,ORD-500776,FedEx Freight,WH-01,Zone-Metro-A,SPRINTER_VAN,2026-10-04 04:06:21.001353171,2026-10-06 04:06:21.001353171,2026-10-04 15:44:11.867682749,18.538210131441147,73.77917648030062,3.620261287925074,52.15554245398996,21.82357472108702,5.779365929574411,1382.858589875623,962.7,2,0.006578192072171486,542.1020013801291,ON_TIME,11.630796202660555
SHP-10000777,ORD-500777,UPS Ground,WH-03,Zone-Metro-A,SPRINTER_VAN,2026-10-01 22:36:21.535543537,2026-10-05 22:36:21.535543537,2026-10-02 08:15:39.566213885,18.642034513705774,73.85792681450206,2.1089867471012664,17.926824039320074,61.95363570207237,56.10341712082154,597.7230727607453,423.93,4,0.06231024620238414,33.79231577235311,ON_TIME,9.655008519541111
SHP-10000778,ORD-500778,UPS Ground,WH-06,Zone-Metro-A,HEAVY_FREIGHT_TRAILER,2026-10-03 13:38:48.924310176,2026-10-07 13:38:48.924310176,2026-10-04 20:14:49.206574449,18.50895737390624,73.76556691054643,14.4078779230817,101.78347996378442,71.55754158548487,50.60743991849612,428.7487642617277,307.65,4,0.3685929930921701,39.078252619462866,ON_TIME,30.6000784067425
SHP-10000779,ORD-500779,UPS Ground,WH-03,Zone-Metro-A,EV_CARGO_VAN,2026-10-02 06:24:21.004863995,2026-10-03 06:24:21.004863995,2026-10-02 13:57:22.538794724,18.657479364553524,73.9441329856927,78.72683452652001,21.98749736715637,62.838992022073256,56.582697080850494,1785.0913469502436,1265.72,1,0.07817873795295241,1005.7243714613401,ON_TIME,7.550426091869167
SHP-10000780,ORD-500780,UPS Ground,WH-01,Zone-Metro-A,EV_CARGO_VAN,2026-10-01 16:18:06.697692167,2026-10-08 16:18:06.697692167,2026-10-02 01:30:00.598744324,18.647404565250014,73.98717717892927,5.487188473810565,81.4804567992598,43.02127852299867,48.64733361211779,807.1470890615847,573.62,7,0.17052804344326014,32.15877274965794,ON_TIME,9.19830584782139
SHP-10000781,ORD-500781,UPS Ground,WH-11,Zone-Metro-A,SPRINTER_VAN,2026-10-03 19:46:04.876815825,2026-10-05 19:46:04.876815825,2026-10-04 03:47:29.725299139,18.42355551691036,73.874748538613,26.320251455743396,84.36529546011461,75.87907496894846,53.322527409984986,14.923939135992043,46.33,2,0.3413473894401682,77.08435404616117,ON_TIME,8.023569023142777
SHP-10000782,ORD-500782,FedEx Freight,,Zone-Suburban-B,SPRINTER_VAN,2026-10-02 04:14:16.745082091,2026-10-09 04:14:16.745082091,2026-10-02 10:28:48.809476053,18.57478052222571,73.85238028681505,9.04784222989746,95.15292980990127,20.326459878995628,16.169292650971354,1551.7262326891034,1076.54,7,0.03127338803865636,288.3922583926627,ON_TIME,6.242240109433888
SHP-10000783,ORD-500783,DHL Express,WH-10,Zone-Metro-A,EV_CARGO_VAN,2026-10-03 05:26:15.320775597,2026-10-07 05:26:15.320775597,2026-10-03 23:31:26.947758808,18.591999671079023,73.97692975581263,19.39057255633553,67.56941428157464,29.525393792425668,22.55759867823778,1114.1827284530154,793.17,4,0.04500271535661814,429.9202920049969,ON_TIME,18.086563050891943
SHP-10000784,ORD-500784,FedEx Freight,WH-11,Zone-Suburban-B,SPRINTER_VAN,2026-10-02 22:47:02.203174453,2026-10-06 22:47:02.203174453,2026-10-04 09:46:15.455771509,18.400257187206464,73.78334709732928,24.007574187820605,83.900120266371,46.71547639392275,22.337155740890204,321.810638279919,248.07,4,0.08754900963424654,273.9058237851472,ON_TIME,34.98701461029333
SHP-10000785,ORD-500785,FedEx Freight,WH-04,Zone-Suburban-B,RIGID_TRUCK_24FT,2026-10-02 15:57:59.235394114,2026-10-03 15:57:59.235394114,2026-10-03 06:32:56.651633711,18.693975495618787,73.97289607786875,9.077797753654846,43.75867782426535,14.600394915943898,11.004171023293122,67.39675605947117,72.04,1,0.007030498591233017,1273.094389895265,ON_TIME,14.582615622110277
SHP-10000786,ORD-500786,UPS Ground,,Zone-Rural-D,HEAVY_FREIGHT_TRAILER,2026-10-02 17:41:56.407310501,2026-10-03 17:41:56.407310501,2026-10-02 23:52:43.198346175,18.521970272470213,73.84803150070034,14089.872865189394,85.83048103671506,17.176433617491046,45.12685904065249,547.7447082547018,6313.94,1,0.0665287936019585,211468.22722564248,ON_TIME,6.179664176576111
SHP-10000787,ORD-500787,DHL Express,WH-03,Zone-Rural-D,RIGID_TRUCK_24FT,2026-10-03 10:43:16.067332720,2026-10-04 10:43:16.067332720,2026-10-04 15:06:32.604704612,18.555202961757765,73.88985160308947,2.061768008537669,47.62449503987916,39.80825287917791,12.489399097789006,1717.4564814805956,1189.0,1,0.02367800157374545,86.70905341406724,LATE,28.387927047747777
SHP-10000788,ORD-500788,DHL Express,WH-12,Zone-Suburban-B,RIGID_TRUCK_24FT,2026-10-01 12:19:10.739340795,2026-10-05 12:19:10.739340795,,18.458441223937903,73.88207302628207,35.878937557869804,100.76965545053612,80.79147225509155,7.888004134348336,1727.7567705254555,1209.49,4,0.0642188354108677,557.8294029839893,EXCEPTION_OR_IN_TRANSIT,
SHP-10000789,ORD-500789,DHL Express,WH-99_INVALID,Zone-Metro-A,SPRINTER_VAN,2026-10-03 06:06:32.427579489,2026-10-05 06:06:32.427579489,2026-10-03 16:54:47.840923052,18.58327557325518,73.9039947936026,19.233765614233956,30.521271737806366,78.13102699577502,47.64957785302851,583.6244078232932,432.73,2,0.11362796160899871,169.1208155155406,ON_TIME,10.804281484323056
SHP-10000790,ORD-500790,FedEx Freight,WH-09,Zone-Metro-A,RIGID_TRUCK_24FT,2026-10-03 22:29:54.496682511,2026-10-07 22:29:54.496682511,2026-10-04 10:32:49.077414349,18.643185959883805,73.98553082843938,29.24285659067148,44.996944514025586,44.94811437088083,54.75647433525611,1548.4411648044772,1076.73,4,0.11074649203062,263.81400128200266,ON_TIME,12.04849464773278
SHP-10000791,ORD-500791,UPS Ground,,Zone-Rural-D,EV_CARGO_VAN,2026-10-01 10:09:38.700667548,2026-10-03 10:09:38.700667548,2026-10-02 09:09:12.638802138,18.57576770371592,73.98778175806684,20.319391077028477,62.38309789773741,20.661890838304757,47.02678413808233,824.1117041465419,589.14,2,0.06061530315783794,334.6667153123714,ON_TIME,22.992760592941668
SHP-10000792,ORD-500792,DHL Express,WH-08,Zone-Metro-A,EV_CARGO_VAN,2026-10-01 16:07:37.345529366,2026-10-05 16:07:37.345529366,2026-10-03 15:19:07.449625846,18.63641051374063,73.95778706679093,32.67542326270591,88.70580292906929,23.35807419688267,50.3943717057587,1214.6856489130607,850.54,4,0.1044169732089233,312.6326974413013,ON_TIME,45.79516401284843
SHP-10000793,ORD-500793,UPS Ground,WH-04,Zone-Metro-A,EV_CARGO_VAN,2026-10-03 09:35:50.997993166,2026-10-04 09:35:50.997993166,2026-10-03 21:19:37.230476429,18.61933238821545,73.79788601925945,11.779299302844644,86.13591498478803,38.315954095684546,37.75919228069242,626.7078438510634,442.12,1,0.12461967412883371,94.4462001293941,ON_TIME,11.72950902312861
SHP-10000794,ORD-500794,FedEx Freight,WH-06,Zone-Metro-A,SPRINTER_VAN,2026-10-02 13:29:03.403225004,2026-10-03 13:29:03.403225004,2026-10-02 20:24:02.747973755,18.47129734345814,73.83337908109712,1.4575549698598336,,,,960.3576319460705,673.39,1,,,ON_TIME,6.9164846524308325
SHP-10000795,ORD-500795,BlueDart Logistics,WH-08,Zone-Metro-A,EV_CARGO_VAN,2026-10-02 11:03:19.802514908,2026-10-04 11:03:19.802514908,2026-10-03 11:50:42.173650959,18.530743852332744,73.87195621256363,12.648433764109623,28.702391178120656,16.223169579278338,32.31869152968203,551.9666227595001,398.02,2,0.015048997023204244,834.9353917447854,ON_TIME,24.789547537791947
SHP-10000796,ORD-500796,DHL Express,WH-01,Zone-Metro-A,HEAVY_FREIGHT_TRAILER,2026-10-01 15:51:41.751673865,2026-10-03 15:51:41.751673865,2026-10-02 19:30:18.712778905,18.444588065330922,73.97636523484213,77.62504009619371,43.877112407939336,60.533311263999785,59.35774401681057,124.32819801117849,147.54,2,0.15765576499551126,492.05834156617,ON_TIME,27.643600306955555
SHP-10000797,ORD-500797,UPS Ground,WH-08,Zone-Industrial-C,EV_CARGO_VAN,2026-10-02 18:29:14.794554050,2026-10-04 18:29:14.794554050,2026-10-03 10:59:51.934835783,18.41258076252253,73.88021620596156,13.755051432396725,60.95664440921074,53.608647834452114,10.68782735231969,268.1771062200484,,2,0.03492571731328913,392.7129117546412,ON_TIME,16.510316744925834
SHP-10000798,ORD-500798,UPS Ground,,Zone-Metro-A,EV_CARGO_VAN,2026-10-01 15:06:40.544662100,2026-10-05 15:06:40.544662100,2026-10-02 02:33:08.555984279,18.418920686579238,73.9943589161672,2.063835408148133,66.2054792584463,31.84725684835638,49.50493886857611,546.25972084181,398.0,4,0.10437932710543149,19.753528906876372,ON_TIME,11.441114256160834
SHP-10000799,ORD-500799,FedEx Freight,WH-03,Zone-Suburban-B,SPRINTER_VAN,2026-10-02 16:19:00.022275692,2026-10-03 16:19:00.022275692,2026-10-03 23:42:07.841746307,18.682749978961866,73.9959602929173,21.796113680594246,55.768071140751516,68.42112869142281,40.276417880620144,1806.3544549481269,1257.73,1,0.1536833065756202,141.73263773513932,LATE,31.385505408504166
SHP-10000800,ORD-500800,UPS Ground,WH-10,Zone-Metro-A,EV_CARGO_VAN,2026-10-03 12:58:49.085490861,2026-10-05 12:58:49.085490861,,18.69536123774031,73.89964606486575,121.67419060492776,77.99356108156067,68.19616657793759,36.93553375216573,1786.9054121594847,1280.19,2,0.19645500262203294,619.0338021510556,EXCEPTION_OR_IN_TRANSIT,
SHP-10000801,ORD-500801,FedEx Freight,WH-12,Zone-Metro-A,EV_CARGO_VAN,2026-10-02 00:35:42.121564352,2026-10-06 00:35:42.121564352,2026-10-02 10:34:27.744060531,18.42849325241495,73.96937383488695,4.618519656670024,55.61809964173758,46.825147765957134,44.91957919736167,1533.2452234865682,1055.73,4,0.11698521607249912,39.44579692973568,ON_TIME,9.979339582271944
SHP-10000802,ORD-500802,UPS Ground,WH-12,Zone-Rural-D,EV_CARGO_VAN,2026-10-02 16:36:59.774792185,2026-10-03 16:36:59.774792185,2026-10-03 09:35:40.158379604,18.500558030551613,73.99980567800597,13.346115803980762,104.9012559441855,17.23994166339204,51.216034193936686,439.34612191460775,317.54,1,0.09262376418816023,143.93414590997492,ON_TIME,16.97788432983861
SHP-10000803,ORD-500803,UPS Ground,,Zone-Metro-A,SPRINTER_VAN,2026-10-04 05:25:30.539267659,2026-10-11 05:25:30.539267659,2026-10-04 12:15:20.148127917,18.434326204046805,73.96242912950531,15.965510628135986,39.792040558245915,78.88520500760181,52.458623676228044,823.6647343158699,588.44,7,0.164667791632257,96.89703594358534,ON_TIME,6.8304469056272215
SHP-10000804,ORD-500804,DHL Express,WH-07,Zone-Industrial-C,SPRINTER_VAN,2026-10-03 07:26:19.789733366,2026-10-10 07:26:19.789733366,2026-10-04 09:07:18.543712582,18.65026864701069,73.91422775329656,11.522880244834894,74.600351463659,60.14953926557285,14.645952961919173,820.3208571459145,,7,0.06571897989921534,175.06926212589727,ON_TIME,25.682987216448886
SHP-10000805,ORD-500805,UPS Ground,,Zone-Suburban-B,RIGID_TRUCK_24FT,2026-10-03 18:34:39.675122307,2026-10-04 18:34:39.675122307,2026-10-04 08:26:42.685454067,18.54888912749208,73.96128338138013,23.505893150486585,73.08090417271252,28.52881143639632,15.836976136413309,723.2568239758219,517.12,1,0.03301869105488887,709.7470462081177,ON_TIME,13.867502869933334
SHP-10000806,ORD-500806,DHL Express,WH-10,Zone-Metro-A,SPRINTER_VAN,2026-10-02 11:52:08.499620493,2026-10-04 11:52:08.499620493,2026-10-03 00:15:27.961987947,18.586378526777665,73.77066376544745,5.549957589357117,41.749598578816986,55.784091027567,5.889158023247841,94.49000075495243,90.77,2,0.01371563353704156,401.71575009404665,ON_TIME,12.388739546515
SHP-10000807,ORD-500807,FedEx Freight,WH-03,Zone-Rural-D,SPRINTER_VAN,2026-10-03 13:17:09.551274221,2026-10-05 13:17:09.551274221,2026-10-04 05:22:58.673936824,18.5619732597205,73.90870532938246,19.146756555469036,54.11032432883259,40.37661218707227,12.251335178575003,994.461313824296,703.37,2,0.026766613950998646,712.6598309109712,ON_TIME,16.096978517389722
SHP-10000808,ORD-500808,DHL Express,WH-06,Zone-Metro-A,EV_CARGO_VAN,2026-10-01 08:54:59.977626390,2026-10-05 08:54:59.977626390,2026-10-02 01:47:52.262857111,18.613076075152215,73.80413050805875,36.63263452249291,49.71999384679723,57.65122298019684,19.51353710674585,145.82844152549433,129.22,4,0.05593396282335735,653.757697594482,ON_TIME,16.881190341866944
SHP-10000809,ORD-500809,FedEx Freight,WH-09,Zone-Rural-D,EV_CARGO_VAN,2026-10-01 14:50:58.578514949,2026-10-03 14:50:58.578514949,2026-10-02 20:16:13.737370966,18.495739672995118,73.77901591266267,6.800786498893689,31.387410701946486,45.54031717982656,44.65697024026556,1485.9265351595807,1035.06,2,0.063832344533445,106.37473955512434,ON_TIME,29.420877460004725
SHP-10000810,ORD-500810,BlueDart Logistics,WH-04,Zone-Metro-A,RIGID_TRUCK_24FT,2026-10-01 20:37:15.897684880,2026-10-05 20:37:15.897684880,,18.441248006359007,73.97321781308203,23.728367499613206,60.34304519999667,46.41041126798001,31.167212995138055,1282.6225285487085,910.11,4,0.087285199500301,271.5376017369105,EXCEPTION_OR_IN_TRANSIT,
SHP-10000811,ORD-500811,BlueDart Logistics,WH-09,Zone-Rural-D,EV_CARGO_VAN,2026-10-02 10:56:25.938860264,2026-10-06 10:56:25.938860264,2026-10-03 01:47:43.803019370,18.40528600081891,73.90991123593952,5.730275737182334,51.732914037074934,65.19115689305195,46.684694457120955,660.3306182108167,471.05,4,0.157445463295246,36.3722040440072,ON_TIME,14.854962266418333
SHP-10000812,ORD-500812,FedEx Freight,WH-09,Zone-Metro-A,EV_CARGO_VAN,2026-10-03 18:53:37.072462037,2026-10-04 18:53:37.072462037,2026-10-04 21:54:30.297352819,18.53370786658778,73.81088663648048,1.729236455104408,31.94014920638014,56.02943095479819,31.759471630093987,1201.4366705065072,841.85,1,0.05683638153167315,30.37137957463016,LATE,27.01478469188389
SHP-10000813,ORD-500813,FedEx Freight,WH-03,Zone-Suburban-B,RIGID_TRUCK_24FT,2026-10-02 06:55:52.160364231,2026-10-06 06:55:52.160364231,2026-10-03 04:16:08.168704377,18.67235032863743,73.84669557443503,1.7233974402668295,57.73860431468734,15.996451843316924,35.55785991004826,440.32201805562227,321.69,4,0.03284169467514337,52.31659929041974,ON_TIME,21.337780094485
SHP-10000814,ORD-500814,BlueDart Logistics,WH-08,Zone-Industrial-C,SPRINTER_VAN,2026-10-03 05:07:57.813359208,2026-10-07 05:07:57.813359208,2026-10-03 17:35:42.189790564,18.49157996140368,73.99331913633834,15.69642069728235,55.07517698458022,14.903017783472773,11.108662262647037,499.52961939029035,367.82,4,0.009117838263394872,1702.8309945092765,ON_TIME,12.462326786487779
SHP-10000815,ORD-500815,DHL Express,WH-10,Zone-Rural-D,EV_CARGO_VAN,2026-10-03 09:04:14.265213062,2026-10-05 09:04:14.265213062,2026-10-04 00:14:05.156501151,18.458787046340685,73.96554551321991,0.9499032469056714,,,,589.3774041088942,417.16,2,,,ON_TIME,15.164136468913611
SHP-10000816,ORD-500816,UPS Ground,WH-07,Zone-Rural-D,EV_CARGO_VAN,2026-10-03 00:12:18.466179698,2026-10-07 00:12:18.466179698,2026-10-03 15:08:21.652709926,18.67781282387413,73.75389544887513,10.087116130287768,27.462816482211032,42.26844974040597,46.69695927097552,1476.907320681136,1030.99,4,0.05420632896160783,185.74476167260195,ON_TIME,14.934218480618888
SHP-10000817,ORD-500817,DHL Express,WH-01,Zone-Industrial-C,HEAVY_FREIGHT_TRAILER,2026-10-02 07:43:17.118149699,2026-10-06 07:43:17.118149699,2026-10-03 06:33:33.429601147,18.431634591625386,73.99495024878308,3.494408777157296,76.51320108534125,30.641691938446456,21.915887542434078,399.25069550310326,285.65,4,0.051381665464612036,67.87676244777505,ON_TIME,22.83786429206889
SHP-10000818,ORD-500818,FedEx Freight,WH-01,Zone-Rural-D,RIGID_TRUCK_24FT,2026-10-02 23:32:52.226172150,2026-10-03 23:32:52.226172150,2026-10-03 12:30:08.056922109,18.415540310024742,73.84213236833662,0.6487443622787169,82.12517644812488,58.85948935524385,23.071794279022107,1046.3918961193388,733.63,1,0.11152549931056488,5.811793598107704,ON_TIME,12.954397430544168
SHP-10000819,ORD-500819,DHL Express,WH-05,Zone-Metro-A,SPRINTER_VAN,2026-10-02 06:38:35.241651102,2026-10-04 06:38:35.241651102,2026-10-02 19:24:07.509544488,18.66382395248663,73.92385454149648,20.46962406839886,104.41213989134596,24.63309487942164,17.08247978152245,380.45855630668945,294.17,2,0.04393603804006437,464.83800494893336,ON_TIME,12.758963303718334
SHP-10000820,ORD-500820,BlueDart Logistics,WH-12,Zone-Metro-A,SPRINTER_VAN,2026-10-01 12:02:20.073032681,2026-10-03 12:02:20.073032681,2026-10-03 23:09:58.247549155,18.610272814586406,73.9281691411523,1.6755873556624932,23.265445593804483,62.81058222971273,49.761182181988396,535.8987872647186,,2,0.07271682083664045,23.01099301522046,LATE,45.79516401284843
SHP-10000821,ORD-500821,FedEx Freight,WH-03,Zone-Metro-A,SPRINTER_VAN,2026-10-04 05:28:54.791145814,2026-10-05 05:28:54.791145814,2026-10-05 11:46:19.929363546,18.526620591441223,73.97792110892675,144.07855455206743,26.196841775934082,67.98630564166976,46.08537410789792,444.81461650917106,377.78,1,0.08207927217183753,1753.2225674960712,LATE,30.290316171592224
SHP-10000822,ORD-500822,DHL Express,WH-08,Zone-Suburban-B,HEAVY_FREIGHT_TRAILER,2026-10-01 15:09:25.691981546,2026-10-08 15:09:25.691981546,2026-10-02 01:11:14.737906431,18.62570319190265,73.9712652190509,64.36867066514077,19.922722204451546,19.323948069673794,38.5031256001339,1197.5185854326994,863.56,7,0.014823150808683263,4313.343173325494,ON_TIME,10.030290534690279
SHP-10000823,ORD-500823,DHL Express,WH-03,Zone-Suburban-B,HEAVY_FREIGHT_TRAILER,2026-10-01 11:12:32.701090306,2026-10-02 11:12:32.701090306,2026-10-02 11:02:34.973536022,18.62243198561328,73.82043239786242,8.33321336345169,65.56170092190835,58.8104682522241,18.13521567213336,980.1277999097242,686.46,1,0.06992421095610497,119.0047449256573,ON_TIME,23.83396456825444
SHP-10000824,ORD-500824,UPS Ground,WH-05,Zone-Suburban-B,EV_CARGO_VAN,2026-10-03 21:15:15.170194494,2026-10-07 21:15:15.170194494,2026-10-04 15:00:49.815092485,18.412018168978175,73.91088386957144,0.8093920032952425,74.16092835804652,82.10769819250855,14.451933293755934,1337.747830174407,930.71,4,0.0880004683113777,9.187147569233908,ON_TIME,17.759623582775276
SHP-10000825,ORD-500825,FedEx Freight,WH-11,Zone-Metro-A,RIGID_TRUCK_24FT,2026-10-02 03:43:55.544103438,2026-10-04 03:43:55.544103438,2026-10-03 00:56:34.254433909,18.602874043618552,73.84842635573226,12.871378401725638,53.33472793355498,24.461786294751008,7.76478681460372,,,2,0.010130427860908344,1258.1466363600173,ON_TIME,21.21075286957528
SHP-10000826,ORD-500826,DHL Express,WH-10,Zone-Industrial-C,EV_CARGO_VAN,2026-10-03 04:49:16.975679853,2026-10-04 04:49:16.975679853,2026-10-03 22:48:05.741541150,18.592261713235814,73.88138593411493,81.56828246981719,90.80071099130761,78.19771233371159,7.5086314978185715,28.815008664456453,78.24,1,0.05331434623856883,1527.0856654409313,ON_TIME,17.980212739249165
SHP-10000827,ORD-500827,DHL Express,WH-02,Zone-Metro-A,EV_CARGO_VAN,2026-10-02 05:41:18.285128450,2026-10-09 05:41:18.285128450,2026-10-03 17:19:16.513619860,18.68913374092489,73.88866963135874,32.26559066556091,80.236446420361,55.45359619555125,15.292487689457985,1262.7765843855555,888.98,7,0.06804238707862925,473.50250040888295,ON_TIME,35.63284124761389
SHP-10000828,ORD-500828,UPS Ground,WH-06,Zone-Metro-A,SPRINTER_VAN,2026-10-02 10:11:04.946989926,2026-10-06 10:11:04.946989926,2026-10-03 06:46:17.658985479,18.689986783047928,73.84908586145777,34.81527765811329,108.6548399899517,54.32086504987839,10.529289277777217,223.10157571394961,182.79,4,0.06214623335576105,559.3154120528169,ON_TIME,20.58686444320917
SHP-10000829,ORD-500829,DHL Express,WH-01,Zone-Suburban-B,SPRINTER_VAN,2026-10-02 00:52:19.682346753,2026-10-04 00:52:19.682346753,2026-10-02 16:39:58.777449793,18.513339797860613,73.8659735051101,57.52478173547664,28.100023413469472,13.894201174065037,35.585922010734365,464.7090024912313,360.25,2,0.013893718235134744,4110.757467664757,ON_TIME,15.79419308417778
SHP-10000830,ORD-500830,FedEx Freight,WH-07,Zone-Industrial-C,HEAVY_FREIGHT_TRAILER,2026-10-02 06:41:57.006301548,2026-10-03 06:41:57.006301548,2026-10-03 15:04:31.360110360,18.576952573566466,73.80208556698025,2.0053536745084575,20.53998811253763,66.12252087897987,24.694957028696237,573.8511482237273,411.49,1,0.03353959894209485,59.61288890394771,LATE,32.376209391336666
SHP-10000831,ORD-500831,DHL Express,WH-09,Zone-Industrial-C,EV_CARGO_VAN,2026-10-02 11:34:13.543832031,2026-10-03 11:34:13.543832031,2026-10-03 06:42:27.545945015,18.442407212466513,73.90191159581536,33.239969681042396,41.106352029091845,45.870478948604365,29.472018019248047,1384.6222456306155,976.17,1,0.05557149570539632,597.0734082113119,ON_TIME,19.13722280916222
SHP-10000832,ORD-500832,FedEx Freight,WH-02,Zone-Suburban-B,SPRINTER_VAN,2026-10-03 09:52:11.845108735,2026-10-05 09:52:11.845108735,2026-10-04 03:39:56.635556589,18.41993695778714,73.9397399538607,92.68656227249913,16.809768555100185,64.08807938763505,37.673695097295436,1162.3891479883512,841.91,2,0.040586089544323814,2278.08971839197,ON_TIME,17.79577512440389
SHP-10000833,ORD-500833,FedEx Freight,WH-04,Zone-Metro-A,HEAVY_FREIGHT_TRAILER,2026-10-02 18:49:50.181545658,2026-10-04 18:49:50.181545658,2026-10-03 14:59:56.252266409,18.52983396167767,73.85743530103082,4.290072743639862,103.5980856473187,70.68858275849544,41.25059599444325,350.6798723344734,270.26,2,0.3020864409373251,14.196774449352754,ON_TIME,20.168352977986387
SHP-10000834,ORD-500834,DHL Express,WH-05,Zone-Suburban-B,HEAVY_FREIGHT_TRAILER,2026-10-04 01:56:12.104287088,2026-10-06 01:56:12.104287088,2026-10-04 17:24:38.110928016,18.606964603250503,73.99442002205102,5.570704376554026,43.87540757537667,49.28472800292089,40.65109459354179,1110.9177959190854,788.25,2,0.08790341996365308,63.30099874362635,ON_TIME,15.47389073359111
SHP-10000835,ORD-500835,DHL Express,WH-12,Zone-Metro-A,EV_CARGO_VAN,2026-10-01 09:00:55.398083010,2026-10-08 09:00:55.398083010,2026-10-02 01:33:32.252391121,18.570328336689318,73.76430660185287,58.18522939988322,67.4808658622886,29.773323495873562,19.347112275145783,1313.5760150133046,940.07,7,0.038870856896453615,1493.044650121053,ON_TIME,16.543570641141944
SHP-10000836,ORD-500836,FedEx Freight,WH-99_INVALID,Zone-Suburban-B,EV_CARGO_VAN,2026-10-02 18:13:15.309226221,2026-10-04 18:13:15.309226221,2026-10-03 05:27:05.724812942,18.5288970766558,73.8972901704368,48.11779109006254,45.21661512348048,20.617936854461,49.529486116285646,726.7930587283352,530.08,2,0.04617501823111269,1039.8221962819428,ON_TIME,11.230670996311389
SHP-10000837,ORD-500837,DHL Express,WH-01,Zone-Suburban-B,SPRINTER_VAN,2026-10-03 00:03:51.065265181,2026-10-07 00:03:51.065265181,2026-10-03 10:09:22.202647164,18.645433764032376,73.89590019336094,3.177133362604504,38.35181908893823,22.03773459493107,55.47403184555764,464.061455983192,333.76,4,0.046885942220463,67.61880708270272,ON_TIME,10.091982606106388
SHP-10000838,ORD-500838,UPS Ground,WH-10,Zone-Metro-A,EV_CARGO_VAN,2026-10-04 00:15:15.058790451,2026-10-08 00:15:15.058790451,2026-10-04 08:50:49.281257211,18.638328241655124,73.75907406960269,1.9100544406635624,29.4746487776136,75.0200990459349,22.37660909727574,1259.9703366173826,872.87,4,0.04947895822711393,38.52550575818643,ON_TIME,8.5928395741
SHP-10000839,ORD-500839,UPS Ground,WH-05,Zone-Metro-A,HEAVY_FREIGHT_TRAILER,2026-10-01 09:32:21.889322674,2026-10-03 09:32:21.889322674,2026-10-01 16:11:36.114120488,18.619582616523328,73.80614254309944,7.868879999684931,45.434762431267885,19.268357172279153,5.938597911133739,1134.8180258600719,789.82,2,0.005198964726318615,1484.9844084830754,ON_TIME,6.653951332726111
SHP-10000840,ORD-500840,FedEx Freight,WH-05,Zone-Rural-D,HEAVY_FREIGHT_TRAILER,2026-10-02 23:17:31.092415208,2026-10-06 23:17:31.092415208,2026-10-03 08:34:29.857147773,18.423109674446128,73.97638564591239,1.5404495238702185,73.46479838875759,38.85205547849263,54.45348026566777,155.20254726936736,123.01,4,0.15542430469449728,9.904879670712473,ON_TIME,9.282990203490279
SHP-10000841,ORD-500841,UPS Ground,WH-10,Zone-Rural-D,EV_CARGO_VAN,2026-10-03 19:27:40.877474446,2026-10-05 19:27:40.877474446,2026-10-04 10:08:41.583893990,18.638940888368694,73.88612851115231,3.2195517246377543,107.30401397031514,35.070598471677314,55.79518031244118,1237.3571787496403,864.87,2,0.2099693146247712,15.326139995213312,ON_TIME,14.683529560984445
SHP-10000842,ORD-500842,FedEx Freight,WH-12,Zone-Suburban-B,EV_CARGO_VAN,2026-10-01 23:25:07.667128506,2026-10-05 23:25:07.667128506,2026-10-02 17:00:12.411318551,18.67582639479841,73.85909646874197,3.9753844868115076,68.01874383487919,74.90917500542277,7.802054222716844,909.8959605512789,641.04,4,0.03975324502056816,99.75058454486759,ON_TIME,17.584651163901388
SHP-10000843,ORD-500843,UPS Ground,WH-12,Zone-Metro-A,EV_CARGO_VAN,2026-10-03 21:05:34.976737404,2026-10-05 21:05:34.976737404,2026-10-04 10:52:44.757860491,18.417832626487275,73.85387411138421,34.75607127540935,65.6073612794055,45.82701255207187,5.272612552256675,1396.692142925063,991.97,2,0.015852580845730758,2178.7114957458934,ON_TIME,13.78605031196861
SHP-10000844,ORD-500844,FedEx Freight,WH-08,Zone-Metro-A,HEAVY_FREIGHT_TRAILER,2026-10-01 07:22:16.051683896,2026-10-02 07:22:16.051683896,2026-10-01 10:55:39.654186962,18.52050141664256,73.97204020800503,48.11147935150902,18.34998671998895,84.73348130111033,49.902263064600824,362.53884197512167,279.12,1,0.0775909457497088,619.2675206517143,ON_TIME,3.5565562508516666
SHP-10000845,ORD-500845,DHL Express,WH-05,Zone-Suburban-B,EV_CARGO_VAN,2026-10-03 10:44:12.239871462,2026-10-07 10:44:12.239871462,2026-10-05 08:29:59.901200025,18.696506646914976,73.8417577939054,34.942040182892086,94.80940648843081,65.27910597273586,21.58048449657086,486.6017761027298,361.16,4,0.1335632002557221,261.4185513742121,ON_TIME,45.76323925793417
SHP-10000846,ORD-500846,FedEx Freight,WH-10,Zone-Rural-D,SPRINTER_VAN,2026-10-04 01:11:02.946926914,2026-10-06 01:11:02.946926914,2026-10-05 10:30:21.456008521,18.579771657540483,73.96479171558157,3.357786025707668,19.259930624769456,73.81926815532142,55.30201920127937,1010.6088144612439,698.62,2,0.07862586609184605,42.65162382323346,ON_TIME,33.321808078224166
SHP-10000847,ORD-500847,Unknown Carrier,WH-04,Zone-Metro-A,SPRINTER_VAN,2026-10-03 05:19:05.633897104,2026-10-07 05:19:05.633897104,2026-10-04 03:17:22.855477687,18.554073220638237,73.82729814982736,8.143545575990522,101.09206603983053,17.400419952000618,16.920896529825065,897.4262242658621,634.39,4,0.02976460833298148,272.6821488898303,ON_TIME,21.971450439050834
SHP-10000848,ORD-500848,DHL Express,WH-08,Zone-Industrial-C,SPRINTER_VAN,2026-10-02 13:36:36.380039732,2026-10-09 13:36:36.380039732,2026-10-04 22:25:44.403737556,18.45323384424062,73.8828759961257,5.245493266293287,66.1738139088882,28.982669144867195,52.36350388696229,722.1395520018408,521.26,7,0.10042763707248537,52.17961367689393,ON_TIME,45.79516401284843
SHP-10000849,ORD-500849,UPS Ground,WH-05,Zone-Metro-A,EV_CARGO_VAN,2026-10-01 09:13:53.159469728,2026-10-02 09:13:53.159469728,2026-10-01 17:56:36.733885999,18.56964588500025,73.78595494238398,11.657186760548003,31.00432749723337,20.158464667887117,8.775434834877018,1383.2092319219519,963.12,1,0.00548464361619196,2087.364487637041,ON_TIME,8.712104004519722
SHP-10000850,ORD-500850,FedEx Freight,WH-09,,EV_CARGO_VAN,2026-10-04 00:14:53.500413225,2026-10-06 00:14:53.500413225,2026-10-06 08:20:17.255052827,18.531712978140835,73.95625757806086,22.23990519722764,57.912202240613574,44.77164793004198,19.33502660226855,1050.013373948783,750.18,2,0.05013233512125839,442.7408191066889,LATE,45.79516401284843
SHP-10000851,ORD-500851,BlueDart Logistics,WH-04,Zone-Suburban-B,HEAVY_FREIGHT_TRAILER,2026-10-02 15:51:40.780921656,2026-10-04 15:51:40.780921656,2026-10-03 00:38:33.030664760,18.438232916671037,73.9339937177512,5.095057836287127,109.52352566490384,63.87156161214323,58.52208835301026,1317.47966745739,921.49,2,0.4093876768405204,12.442518113363043,ON_TIME,8.781180484195556
SHP-10000852,ORD-500852,FedEx Freight,WH-03,Zone-Industrial-C,HEAVY_FREIGHT_TRAILER,2026-10-01 08:05:15.956131877,2026-10-05 08:05:15.956131877,2026-10-02 03:17:34.577660505,18.53929979578541,73.8825232658687,2.6709309794332956,43.98287094418883,22.67976761522501,17.715815988220527,293.6826207425347,225.16,4,0.017671903654549057,150.2895261729387,ON_TIME,19.205172646841113
SHP-10000853,ORD-500853,BlueDart Logistics,WH-12,Zone-Metro-A,RIGID_TRUCK_24FT,2026-10-03 07:40:01.621688415,2026-10-07 07:40:01.621688415,2026-10-03 14:51:07.886017828,18.449319791552576,73.75647532686975,59.640495620031956,40.59867801211497,19.762640842730413,12.315714124127263,1351.8804864774975,967.26,4,0.009881354259249355,5975.190747765044,ON_TIME,7.185073424836944
SHP-10000854,ORD-500854,FedEx Freight,WH-02,Zone-Suburban-B,EV_CARGO_VAN,2026-10-02 16:41:32.216126966,2026-10-04 16:41:32.216126966,2026-10-03 09:17:41.089158087,18.619199086517817,73.87031433296438,32.73228106542649,26.210560029038064,56.095656158533025,52.13800588601474,860.2886626883364,627.76,2,0.07665843513770686,426.4323654684183,ON_TIME,16.602464730866945
SHP-10000855,ORD-500855,FedEx Freight,WH-07,Zone-Metro-A,EV_CARGO_VAN,2026-10-01 14:57:10.306281072,2026-10-03 14:57:10.306281072,2026-10-02 12:05:22.225216892,18.692094509843088,73.80629913205631,13.56474056506413,71.72852313512969,27.273456532256798,11.479043546881348,74.06546578827096,75.06,2,0.022456277925448166,601.3731791165902,ON_TIME,21.136644148838887
SHP-10000857,ORD-500857,DHL Express,WH-01,Zone-Rural-D,EV_CARGO_VAN,2026-10-01 10:38:35.984374155,2026-10-02 10:38:35.984374155,2026-10-02 12:47:52.097639613,18.589710499574384,73.96410662221466,25.530661536108546,87.77076606138733,13.833829579578829,22.78838238042447,59.340248019182326,80.3,1,0.02766978650928036,919.3683043827679,LATE,26.154475907071667
SHP-10000858,ORD-500858,UPS Ground,WH-01,Zone-Rural-D,HEAVY_FREIGHT_TRAILER,2026-10-02 23:20:56.885492462,2026-10-06 23:20:56.885492462,2026-10-03 16:53:13.018569941,18.52929265743005,73.94240082633769,7.3644531818627925,102.32623386140301,61.045960905059864,39.94306786283277,851.7353714195384,597.16,4,0.24950849840030576,29.50401620561879,ON_TIME,17.537814743744164
SHP-10000859,ORD-500859,FedEx Freight,WH-03,Zone-Rural-D,SPRINTER_VAN,2026-10-03 02:47:10.041022120,2026-10-07 02:47:10.041022120,2026-10-03 14:29:45.503492072,18.4415361560971,73.8104882273769,0.6282438334113624,103.52775556547245,50.598728623154024,44.09105055782826,610.966999900247,434.65,4,0.2309653603545044,2.718900974371494,ON_TIME,11.709850686097777
SHP-10000860,ORD-500860,BlueDart Logistics,WH-11,Zone-Suburban-B,EV_CARGO_VAN,2026-10-02 18:24:48.403733731,2026-10-09 18:24:48.403733731,2026-10-03 05:47:24.685068750,18.69116658594265,73.99623835823138,4.799204792376748,25.25204402335659,58.55671742189746,53.46813311050676,1826.9322911205559,1267.2,7,0.07906208830137443,60.625040285773046,ON_TIME,11.376744815283054
SHP-10000861,ORD-500861,DHL Express,WH-04,Zone-Industrial-C,HEAVY_FREIGHT_TRAILER,2026-10-03 16:49:52.872874277,2026-10-05 16:49:52.872874277,2026-10-04 20:41:19.042728114,18.43887359922522,73.97580262657262,15.64422492674294,68.03494674853204,30.655478504480953,34.75013392775084,1608.3105669667145,1115.93,2,0.07247640302979834,215.55525313537171,ON_TIME,27.85726940384361
SHP-10000862,ORD-500862,UPS Ground,WH-12,Zone-Metro-A,HEAVY_FREIGHT_TRAILER,2026-10-03 19:59:33.486483037,2026-10-04 19:59:33.486483037,2026-10-04 06:44:39.753528626,18.43348804255406,73.88216836078344,6.9630522869308,24.225436215705827,30.895223152114834,26.637978271853648,1529.5830413107085,1058.54,1,0.019937201705946626,347.50622313016447,ON_TIME,10.751740845996943
SHP-10000863,ORD-500863,DHL Express,WH-08,Zone-Metro-A,EV_CARGO_VAN,2026-10-03 02:19:29.843620266,2026-10-05 02:19:29.843620266,2026-10-04 08:08:23.876704918,18.53775188250139,73.88253758007198,16.6310574650734,69.34153344100824,70.10203998180685,24.735856900895584,933.0522171194292,671.61,2,0.12024057864101136,138.19991272175614,ON_TIME,29.815009190181108
SHP-10000864,ORD-500864,DHL Express,WH-06,Zone-Metro-A,SPRINTER_VAN,2026-10-01 06:55:06.479540165,2026-10-02 06:55:06.479540165,2026-10-02 19:19:31.889440530,18.59766617973008,73.97531649125082,15.797021712034349,92.4231555949102,63.892173473861966,51.57965006626107,1495.4268238067095,1039.46,1,0.304583831852794,51.84725955418133,LATE,36.407058305656946
SHP-10000865,ORD-500865,UPS Ground,WH-08,Zone-Suburban-B,EV_CARGO_VAN,2026-10-03 08:03:23.526769813,2026-10-10 08:03:23.526769813,2026-10-03 13:36:54.280887715,18.506476981291865,73.9090362021098,2.430308562293316,66.09006541881205,53.47964883989609,44.8098420215466,502.5064120365441,360.89,7,0.15837919873433998,15.335189612911048,ON_TIME,5.558542810528333
SHP-10000866,ORD-500866,FedEx Freight,WH-07,Zone-Suburban-B,EV_CARGO_VAN,2026-10-02 12:05:45.397025755,2026-10-03 12:05:45.397025755,2026-10-03 22:26:20.683951840,18.457755106659068,73.88417210296569,20.509017775084235,97.84511348013471,57.11076068365604,54.79859575488266,1042.4737219019128,738.58,1,0.3062150385954396,66.95400222308763,LATE,34.343135257245834
SHP-10000867,ORD-500867,FedEx Freight,WH-10,Zone-Metro-A,EV_CARGO_VAN,2026-10-02 22:43:12.499652279,2026-10-06 22:43:12.499652279,2026-10-05 13:28:38.745330048,18.64568901040824,73.93728713092023,22.88095419011626,91.15906371069087,17.053313462582906,58.02195006523878,734.1833967050756,531.0,4,0.09019883991116924,253.39145234451755,ON_TIME,45.79516401284843
SHP-10000868,ORD-500868,BlueDart Logistics,WH-04,Zone-Suburban-B,SPRINTER_VAN,2026-10-03 04:44:01.692043294,2026-10-05 04:44:01.692043294,2026-10-04 00:06:19.059337955,18.508930996182865,73.8087742788177,8.700570942057443,41.272093244293195,74.21284783384402,21.50279598460941,326.9264333787772,243.24,2,0.06586133475403706,131.90410676953346,ON_TIME,19.37149091518361
SHP-10000869,ORD-500869,DHL Express,WH-05,Zone-Industrial-C,HEAVY_FREIGHT_TRAILER,2026-10-02 07:13:01.330433578,2026-10-04 07:13:01.330433578,2026-10-03 07:29:27.634462169,18.45829629201517,73.9695943549239,9.187231894209225,74.85971687383196,67.7430274758747,34.13207652854617,145.4634868551266,121.73,2,0.1730914007812025,53.04669777349806,ON_TIME,24.273973341275276
SHP-10000870,ORD-500870,DHL Express,WH-12,Zone-Suburban-B,SPRINTER_VAN,2026-10-04 00:01:51.932540529,2026-10-05 00:01:51.932540529,2026-10-05 08:17:54.111167956,18.50952546325206,73.88285381010202,9.134753966962508,15.704152015232486,54.28686503675858,39.75014440506581,1038.005387901828,724.67,1,0.03388815805299721,268.7628424205521,LATE,32.26727184095194
SHP-10000871,ORD-500871,FedEx Freight,WH-12,Zone-Metro-A,EV_CARGO_VAN,2026-10-01 15:38:46.285461543,2026-10-05 15:38:46.285461543,2026-10-02 05:23:41.220436239,18.464366262292835,73.90087482374292,55.43859240508466,52.623982012862115,78.89463483256804,14.011692072705166,191.4607299098189,170.71,4,0.05817304038179909,951.3591884318475,ON_TIME,13.748593048526667
SHP-10000872,ORD-500872,UPS Ground,WH-12,Zone-Metro-A,SPRINTER_VAN,2026-10-03 06:20:55.860447244,2026-10-05 06:20:55.860447244,2026-10-04 00:51:43.257424804,18.555834321343703,73.77248596781371,14.283407513359757,37.60621593950805,22.647843077454986,7.934086865874161,1331.6896917088357,935.02,2,0.00675745922361181,2082.9008307010704,ON_TIME,18.5131658271
SHP-10000873,ORD-500873,DHL Express,WH-06,Zone-Metro-A,EV_CARGO_VAN,2026-10-01 06:18:50.003124745,2026-10-03 06:18:50.003124745,2026-10-01 13:18:46.479319720,18.600486815841307,73.82737723969056,10.485144312255757,104.02605286463118,61.499303952562514,52.72701527634224,1705.6590638986743,1188.78,2,0.33732265382110044,31.074215656589914,ON_TIME,6.999021165270833
SHP-10000874,ORD-500874,FedEx Freight,WH-10,Zone-Metro-A,RIGID_TRUCK_24FT,2026-10-04 00:34:29.566521022,2026-10-11 00:34:29.566521022,2026-10-04 18:34:12.786184111,18.639867213159754,73.85668383416802,15.86627181305426,53.5119561137002,82.22363332391207,34.45379309154552,309.951029649849,242.52,7,0.15159487932947308,104.59332499018359,ON_TIME,17.9953387953025
SHP-10000875,ORD-500875,FedEx Freight,WH-06,Zone-Suburban-B,SPRINTER_VAN,2026-10-01 14:06:01.071335313,2026-10-03 14:06:01.071335313,2026-10-02 12:49:56.203717703,18.468268609095958,73.853477380859,15.466968425409172,77.13612070013565,33.25067234274407,36.39258189980215,,,2,0.0933407085067683,165.5270884882988,ON_TIME,22.731981217330556
SHP-10000876,ORD-500876,UPS Ground,WH-07,Zone-Suburban-B,EV_CARGO_VAN,2026-10-01 12:49:53.992454251,2026-10-03 12:49:53.992454251,2026-10-02 11:49:54.965274934,18.450086201711333,73.94457109154462,8.015478083507093,84.53825288099269,11.146923555063214,35.52028899853752,1369.8677020439586,953.89,2,0.03347224036732303,238.75314830966184,ON_TIME,23.0002702279675
SHP-10000877,ORD-500877,UPS Ground,WH-03,Zone-Industrial-C,EV_CARGO_VAN,2026-10-02 05:58:35.578487141,2026-10-04 05:58:35.578487141,2026-10-03 14:50:43.517717614,18.405881026268563,73.8205805993725,1.8179872200449314,88.45519117474322,65.11506002268499,46.52283876579797,,,2,0.26796062226953304,6.782000297742196,ON_TIME,32.86887200846472
SHP-10000878,ORD-500878,FedEx Freight,WH-08,Zone-Suburban-B,RIGID_TRUCK_24FT,2026-10-02 08:53:48.381341329,2026-10-03 08:53:48.381341329,2026-10-02 18:50:05.638966441,18.468426330504172,73.79552731558577,10.282653224179574,84.89864324166524,10.52352433420953,13.002606957512379,1704.3651870853387,1181.51,1,0.011616957336945262,877.5873230976852,ON_TIME,9.938127118086665
SHP-10000879,ORD-500879,FedEx Freight,WH-03,Zone-Industrial-C,EV_CARGO_VAN,2026-10-01 21:25:46.578746090,2026-10-08 21:25:46.578746090,2026-10-02 09:03:43.691957595,18.407171605749337,73.89565431286556,18.337210157498692,42.4706807938348,75.44002368866252,38.772664242434296,1644.9996972028962,1147.17,7,0.12422719613716628,147.49154430594433,ON_TIME,11.632531447640277
SHP-10000880,ORD-500880,FedEx Freight,WH-05,Zone-Metro-A,RIGID_TRUCK_24FT,2026-10-03 00:07:43.534512310,2026-10-05 00:07:43.534512310,2026-10-05 08:30:24.489454633,18.503642261106716,73.90375371459177,12.79176503786571,80.1764311892761,14.222593907767738,30.821373136769658,202.70050583114806,168.65,2,0.03514613025819069,362.9267934993541,LATE,45.79516401284843
SHP-10000881,ORD-500881,UPS Ground,WH-11,Zone-Suburban-B,EV_CARGO_VAN,2026-10-02 13:53:23.334212476,2026-10-03 13:53:23.334212476,2026-10-03 04:48:12.992642140,18.443707926649008,73.78039582677157,4.963156974162216,67.15590081491692,58.95735474039079,54.332698772924836,62.360780075522186,,1,0.2151213160841152,23.06071287205799,ON_TIME,14.91379400824
SHP-10000882,ORD-500882,FedEx Freight,WH-03,Zone-Industrial-C,EV_CARGO_VAN,2026-10-01 08:27:38.312679449,2026-10-03 08:27:38.312679449,2026-10-02 03:11:19.263133474,18.573968679468333,73.7506171257465,7.138298484530507,71.75040315576429,38.288810831736285,33.57915158429789,1806.7306917161407,1249.89,2,0.09224990826287155,77.29621630171555,ON_TIME,18.728041792784722
SHP-10000883,ORD-500883,FedEx Freight,WH-01,Zone-Metro-A,SPRINTER_VAN,2026-10-02 05:00:53.814536573,2026-10-06 05:00:53.814536573,2026-10-02 20:45:31.315203090,18.515118027847382,73.97941227000547,29.71125187221407,15.077388644331712,25.25054902875496,56.861423574079105,1770.001095529339,1224.75,4,0.02164784569224361,1366.1698860963788,ON_TIME,15.743750185143611
SHP-10000884,ORD-500884,BlueDart Logistics,WH-01,Zone-Metro-A,HEAVY_FREIGHT_TRAILER,2026-10-03 16:21:04.211198165,2026-10-05 16:21:04.211198165,2026-10-04 01:59:27.737640304,18.428075602321226,73.76990924927833,1.1939127490237926,39.534472090521376,77.36937998903718,24.428914679894866,788.1609410084403,548.43,2,0.07472212828633762,15.956679880246053,ON_TIME,9.639868456149722
SHP-10000885,ORD-500885,FedEx Freight,WH-12,Zone-Rural-D,HEAVY_FREIGHT_TRAILER,2026-10-03 07:39:30.637836196,2026-10-07 07:39:30.637836196,2026-10-05 06:54:03.650744331,18.519959938910976,73.9744667329855,3.6969302279070058,103.41495118798727,65.96843889451466,58.17920885144948,104.9353897067773,99.5,4,0.39690571232423516,9.312032832635207,ON_TIME,45.79516401284843
SHP-10000886,ORD-500886,UPS Ground,WH-07,Zone-Metro-A,EV_CARGO_VAN,2026-10-03 10:11:26.525247905,2026-10-04 10:11:26.525247905,,18.462804434790353,73.8498037185966,10.571424852085137,42.55722791404395,35.53304246074451,53.133687145047226,1149.4932659471992,799.59,1,0.08034811275145914,131.4067476603843,EXCEPTION_OR_IN_TRANSIT,
SHP-10000887,ORD-500887,FedEx Freight,WH-06,Zone-Industrial-C,EV_CARGO_VAN,2026-10-03 08:15:51.906722449,2026-10-05 08:15:51.906722449,2026-10-03 16:10:03.331946108,18.604053205402032,73.91326397699876,31.423861906698548,56.61147461371605,31.311481964291875,37.13448093544451,551.2877773803502,408.61,2,0.06582417860380359,476.66671883091925,ON_TIME,7.903173673238611
SHP-10000888,ORD-500888,FedEx Freight,WH-11,Zone-Metro-A,EV_CARGO_VAN,2026-10-02 04:23:24.207142482,2026-10-06 04:23:24.207142482,2026-10-02 16:39:30.092439582,18.50933087343122,73.7964036726766,79.65797041804215,32.7340283085954,65.20092206208545,24.45404633254635,1733.6968499232187,1237.5,4,0.0521919978998311,1523.3300240436872,ON_TIME,12.268301471416667
SHP-10000889,ORD-500889,FedEx Freight,WH-11,Zone-Industrial-C,SPRINTER_VAN,2026-10-01 13:10:32.888602300,2026-10-02 13:10:32.888602300,2026-10-01 17:39:09.088071449,18.44410900276454,73.95597925695687,26.243220037493778,28.16724243085053,72.74280719547478,25.675784659890795,1472.5886182498098,1030.04,1,0.052608765767109815,497.8909988795356,ON_TIME,4.476722074763611
SHP-10000891,ORD-500891,BlueDart Logistics,WH-09,Zone-Metro-A,HEAVY_FREIGHT_TRAILER,2026-10-03 17:53:18.749807993,2026-10-04 17:53:18.749807993,2026-10-04 02:39:11.168772044,18.467313500179053,73.84662728707873,1.0896367161165972,67.59649624236243,57.99919187768061,36.93472431429745,534.9180717298655,384.8,1,0.14480414368778183,7.5197070862541135,ON_TIME,8.7645608233475
SHP-10000892,ORD-500892,BlueDart Logistics,WH-10,Zone-Suburban-B,HEAVY_FREIGHT_TRAILER,2026-10-04 04:35:38.030785372,2026-10-08 04:35:38.030785372,2026-10-05 05:09:32.556481268,18.638733700491514,73.80950644487021,84.90650979632011,102.30772188206028,27.094354389148663,27.087317200812652,1300.9316490138767,948.09,4,0.07508500511639592,1129.3011108381793,ON_TIME,24.565146026637777
SHP-10000893,ORD-500893,DHL Express,WH-09,Zone-Metro-A,EV_CARGO_VAN,2026-10-02 17:33:25.146221012,2026-10-04 17:33:25.146221012,2026-10-03 04:10:19.629597955,18.69501026810948,73.95937648942173,3.2873136176666833,45.988922090138075,73.96029874573541,39.983022877669036,543.4912743034171,395.92,2,0.13599643146121385,24.15429693763525,ON_TIME,10.615134271373055
SHP-10000895,ORD-500895,FedEx Freight,WH-11,Zone-Metro-A,RIGID_TRUCK_24FT,2026-10-01 16:04:59.615305192,2026-10-02 16:04:59.615305192,2026-10-03 08:53:48.463094827,18.607006041194584,73.84300722234256,7.84368242526893,68.59335575425249,48.79557173248108,6.259528190715626,946.5027720460637,664.13,1,0.02095096641913555,372.6043863781446,LATE,40.813568830454166
SHP-10000896,ORD-500896,DHL Express,WH-07,Zone-Metro-A,RIGID_TRUCK_24FT,2026-10-02 05:11:23.285121976,2026-10-03 05:11:23.285121976,,18.479187350087045,73.82684461775106,8.306904523562219,48.89055818084785,48.369082170008554,9.942454061463057,910.202193321614,648.21,1,0.023511830117817597,351.81112527545207,EXCEPTION_OR_IN_TRANSIT,
SHP-10000897,ORD-500897,BlueDart Logistics,WH-04,Zone-Metro-A,EV_CARGO_VAN,2026-10-02 23:39:29.322355292,2026-10-03 23:39:29.322355292,2026-10-03 13:57:15.840220740,18.419922593160788,73.9433913437988,2.226976727202652,101.48952455847886,52.687977085550976,10.196699222389356,1414.404978422217,975.42,1,0.05452458281782161,40.76876403120257,ON_TIME,14.296254962624444
SHP-10000898,ORD-500898,FedEx Freight,WH-06,Zone-Metro-A,EV_CARGO_VAN,2026-10-01 11:24:24.272992737,2026-10-02 11:24:24.272992737,2026-10-02 05:25:51.984991404,18.404305392875585,73.96962799295281,77.89035605261297,50.89556405101488,72.1207295633997,17.756359289483413,1603.1085957674693,1147.51,1,0.06517694006177502,1193.2292778874316,ON_TIME,18.024364444074166
SHP-10000899,ORD-500899,FedEx Freight,WH-01,Zone-Rural-D,SPRINTER_VAN,2026-10-04 01:55:18.211825601,2026-10-06 01:55:18.211825601,2026-10-04 08:01:28.557811268,18.664302900763726,73.90600499852852,3.1587144689063,61.59201398934937,65.6694661628168,28.484474157502266,663.5130822200537,469.86,2,0.11521157073629175,27.392866550487156,ON_TIME,6.102873884907501
SHP-10000900,ORD-500900,FedEx Freight,WH-02,Zone-Metro-A,EV_CARGO_VAN,2026-10-02 08:17:09.688115316,2026-10-04 08:17:09.688115316,2026-10-02 23:21:39.995569192,18.50608195062334,73.98185091893228,10.917728475275002,65.67198197718903,74.21837454594124,49.200744461090494,838.1313927543472,587.08,2,0.2398077621272165,45.508025161293574,ON_TIME,15.075085403854445
SHP-10000901,ORD-500901,FedEx Freight,WH-10,Zone-Suburban-B,EV_CARGO_VAN,2026-10-03 23:42:21.829286114,2026-10-05 23:42:21.829286114,2026-10-04 09:06:22.008857893,18.698363167627182,73.84576095321252,5.2900606122972444,89.29644053739476,48.046207874404175,24.310446924975658,876.5959713066428,609.47,2,0.10430045589185112,50.67085739335507,ON_TIME,9.400049881049723
SHP-10000902,ORD-500902,FedEx Freight,WH-01,Zone-Metro-A,EV_CARGO_VAN,2026-10-03 14:11:51.251274620,2026-10-07 14:11:51.251274620,2026-10-04 16:01:18.381589872,18.532713150289062,73.78797160050433,18.848362312323772,68.57106424441395,56.84867942636929,5.961278360933262,607.9238670764333,449.48,4,0.023238102990894585,807.6218671105147,ON_TIME,25.82420286534778
SHP-10000904,ORD-500904,DHL Express,WH-07,Zone-Rural-D,EV_CARGO_VAN,2026-10-03 01:41:01.715079554,2026-10-07 01:41:01.715079554,2026-10-04 00:26:27.838628022,18.633143070556763,73.9174579880743,6.19794147882803,26.778784629504894,27.424004513253653,59.8145727483542,971.6219784091784,678.83,4,0.04392671628718065,140.77682828761627,ON_TIME,22.75725654124111
SHP-10000905,ORD-500905,BlueDart Logistics,WH-01,Zone-Metro-A,EV_CARGO_VAN,2026-10-03 03:07:42.365379838,2026-10-05 03:07:42.365379838,2026-10-03 07:38:09.628698868,18.67794766491019,73.85188160576965,33.2686978130516,104.08858193545157,43.3015510192168,24.196154761020548,1691.85071332632,,2,0.10905683714718953,304.77887306492164,ON_TIME,4.507573144175
SHP-10000906,ORD-500906,BlueDart Logistics,,Zone-Rural-D,EV_CARGO_VAN,2026-10-03 03:56:10.438568051,2026-10-05 03:56:10.438568051,2026-10-03 16:56:22.187644944,18.644686309232647,73.78907864958545,6.12194146569717,91.1484844907152,56.54891777345402,57.86899853220231,1207.271198744087,840.65,2,0.2982769657953452,20.51747342285185,ON_TIME,13.003263632470277
SHP-10000907,ORD-500907,DHL Express,WH-03,Zone-Metro-A,RIGID_TRUCK_24FT,2026-10-03 03:16:04.583517030,2026-10-05 03:16:04.583517030,2026-10-03 21:04:31.544067070,18.623559770208256,73.8230567137259,49.06479528691799,17.181694977446995,78.6359693018576,10.573982212503244,401.4658752471213,310.91,2,0.014286499318402134,3410.4749321579557,ON_TIME,17.807489041677776
SHP-10000908,ORD-500908,FedEx Freight,WH-04,Zone-Industrial-C,RIGID_TRUCK_24FT,2026-10-02 21:52:06.357578455,2026-10-06 21:52:06.357578455,2026-10-03 15:16:25.911839181,18.50040990835575,73.88265126800819,2.054186127623329,93.04525351073703,11.187700828459374,14.520481184791764,314.91829639705287,232.53,4,0.015115275811401306,135.00814267750965,ON_TIME,17.405431739090556
SHP-10000909,ORD-500909,DHL Express,WH-04,Zone-Suburban-B,SPRINTER_VAN,2026-10-04 05:01:18.513590764,2026-10-05 05:01:18.513590764,2026-10-04 15:14:53.511492150,18.419347109168513,73.78036131674054,6.690830687517203,71.10679042095303,25.942986862992065,44.82671385801395,696.4424130901449,496.43,1,0.08269284898899724,80.81411340738354,ON_TIME,10.226388305940555
SHP-10000910,ORD-500910,UPS Ground,WH-03,Zone-Rural-D,SPRINTER_VAN,2026-10-03 10:43:29.715076740,2026-10-04 10:43:29.715076740,2026-10-04 06:00:43.494074717,18.460389804568024,73.7508606247361,3.2166973874053824,64.29495232831962,27.58378808209678,32.566684693388844,649.6509809923168,,1,0.05775696123563209,55.597413322570596,ON_TIME,19.287160832771388
SHP-10000911,ORD-500911,FedEx Freight,WH-01,Zone-Suburban-B,HEAVY_FREIGHT_TRAILER,2026-10-03 13:56:24.503871341,2026-10-07 13:56:24.503871341,2026-10-03 21:16:23.033202947,18.53404307627422,73.9793245118739,9.364863752751162,16.161772007238095,34.49595101963457,47.08169919062374,760.3082940972938,533.3,4,0.0262487862720394,355.41917020629126,ON_TIME,7.3329248143350005
SHP-10000912,ORD-500912,UPS Ground,WH-10,Zone-Suburban-B,EV_CARGO_VAN,2026-10-03 20:49:02.361669688,2026-10-04 20:49:02.361669688,2026-10-04 05:42:54.610642065,18.68685996100432,73.82621529769452,1.736816800941152,89.18208535651944,31.13399653155092,52.49570897658895,349.44038721956457,265.1,1,0.14575930921571773,11.907479956404412,ON_TIME,8.897846936771389
SHP-10000913,ORD-500913,DHL Express,,Zone-Metro-A,EV_CARGO_VAN,2026-10-01 21:31:33.826498540,2026-10-05 21:31:33.826498540,2026-10-02 22:32:54.200161342,18.616856253902604,73.80537453633575,18.98109436826821,33.81617635291876,54.2604089171679,18.8096681833569,1809.9732675086873,,4,0.03451347562217356,548.3729682467607,ON_TIME,25.022326017445
SHP-10000914,ORD-500914,UPS Ground,WH-03,Zone-Metro-A,EV_CARGO_VAN,2026-10-01 12:02:02.038037439,2026-10-05 12:02:02.038037439,2026-10-01 20:31:54.472707607,18.648484913550472,73.92462020243205,21.39136757198554,84.1582152534375,76.42151981910591,42.555604374185805,279.8145625327237,220.54,4,0.2736963148456946,78.128763654256,ON_TIME,8.49789851949111
SHP-10000915,ORD-500915,DHL Express,WH-09,Zone-Rural-D,EV_CARGO_VAN,2026-10-02 16:46:06.237966356,2026-10-03 16:46:06.237966356,2026-10-03 16:06:02.423628813,18.48318816907194,73.96335068054522,55.00596240765527,16.50748349975264,57.773338080429205,38.41806801485659,1211.568447024302,866.68,1,0.03663902045229645,1497.2081925558523,ON_TIME,23.332273795126945
SHP-10000916,ORD-500916,DHL Express,WH-10,Zone-Metro-A,EV_CARGO_VAN,2026-10-02 19:00:49.716304515,2026-10-03 19:00:49.716304515,2026-10-03 01:45:57.154253233,18.60514690823605,73.90806969183588,24.950468292740254,90.65359671828769,28.114491921576935,52.384426605567214,36.02125404871603,50.94,1,0.13351113058414082,186.73944441348652,ON_TIME,6.752066096866112
SHP-10000917,ORD-500917,DHL Express,WH-11,Zone-Suburban-B,HEAVY_FREIGHT_TRAILER,2026-10-03 17:42:03.917363018,2026-10-05 17:42:03.917363018,2026-10-05 21:29:16.683337190,18.658731443013398,73.81362068852464,24.613740406956236,17.188749493728853,74.78146375525634,28.65571453354355,759.994388430346,552.81,2,0.036834051084642334,666.4240635436537,LATE,45.79516401284843
SHP-10000918,ORD-500918,BlueDart Logistics,WH-06,Zone-Industrial-C,SPRINTER_VAN,2026-10-02 13:57:08.703749981,2026-10-06 13:57:08.703749981,2026-10-02 23:53:38.341239255,18.543823454468974,73.96540915583857,20.427191003846392,37.40982588688931,57.4034341860635,7.8528736890863,580.2790875366768,419.2,4,0.01686367306469962,1204.172641499095,ON_TIME,9.941565969242777
SHP-10000919,ORD-500919,FedEx Freight,WH-04,Zone-Metro-A,SPRINTER_VAN,2026-10-02 23:06:05.104221085,2026-10-04 23:06:05.104221085,2026-10-03 13:19:15.430472392,18.528967558069226,73.87760679903181,6.9471836020059525,40.48643018870778,26.42215937409262,36.58023699998816,714.1612841650513,515.64,2,0.039131302890079024,177.08266333827993,ON_TIME,14.2195350698075
SHP-10000920,ORD-500920,BlueDart Logistics,WH-05,Zone-Rural-D,HEAVY_FREIGHT_TRAILER,2026-10-02 19:56:56.787262688,2026-10-06 19:56:56.787262688,2026-10-03 16:20:10.073638738,18.61582135402953,73.84529770074006,62.970175463470405,29.963320620158008,37.12499028748774,57.73830755151518,927.4661596929828,680.46,4,0.06422739971026209,978.9013040647566,ON_TIME,20.387023993347224
SHP-10000921,ORD-500921,DHL Express,WH-09,Zone-Industrial-C,EV_CARGO_VAN,2026-10-01 08:45:02.161549915,2026-10-03 08:45:02.161549915,2026-10-01 20:08:17.418519195,18.56797350587342,73.90118152990824,17.55239197778841,60.70052863856006,69.2473605054837,5.8047148727872875,1115.489252801696,782.16,2,0.02439925632622707,716.4459093804466,ON_TIME,11.387571380355556
SHP-10000922,ORD-500922,BlueDart Logistics,WH-11,Zone-Suburban-B,EV_CARGO_VAN,2026-10-03 02:17:43.701197920,2026-10-05 02:17:43.701197920,2026-10-03 20:20:48.132329833,18.69795132495821,73.92515305590958,175.66390601274472,41.950356163587344,65.41983861153356,18.214189363235004,1084.4938517319233,825.24,2,0.049986757727652806,3507.192599048211,ON_TIME,18.051230869975832
SHP-10000923,ORD-500923,BlueDart Logistics,WH-03,Zone-Rural-D,SPRINTER_VAN,2026-10-03 17:37:08.819672686,2026-10-04 17:37:08.819672686,2026-10-04 17:31:17.717701292,18.527530840218567,73.89845746852879,74.03339689783029,109.36235769408938,53.243677712923194,22.3837284480266,1171.2517256826056,852.87,1,0.13033718557100443,567.5789198742691,ON_TIME,23.902471674612777
SHP-10000924,ORD-500924,DHL Express,WH-05,Zone-Metro-A,SPRINTER_VAN,2026-10-01 17:20:24.142061248,2026-10-05 17:20:24.142061248,2026-10-03 00:02:39.167893530,18.452782983197494,73.9800613614307,13.68000913949788,70.0970353697167,20.857562705542136,47.12113883400365,1564.278640533867,1083.75,4,0.0688936170360431,198.27934419427925,ON_TIME,30.704173842300555
SHP-10000925,ORD-500925,FedEx Freight,WH-12,Zone-Metro-A,EV_CARGO_VAN,2026-10-03 00:47:30.785433773,2026-10-04 00:47:30.785433773,2026-10-04 04:17:59.235063054,18.541580515835893,73.90700445149976,14.508214511107939,68.81539338015284,70.2466972985878,22.7802307357489,1641.7861320197292,1141.84,1,0.11012086797523127,131.62856342565013,LATE,27.50790267480028
SHP-10000926,ORD-500926,FedEx Freight,WH-11,Zone-Suburban-B,SPRINTER_VAN,2026-10-03 00:44:23.853120510,2026-10-07 00:44:23.853120510,2026-10-03 15:26:49.033404255,18.470561497929317,73.9696451781564,24.493375359412408,35.982614860113245,33.0656896414561,18.149612475797266,1367.066052430746,963.38,4,0.021594226982052142,1129.0273389172166,ON_TIME,14.7069945232625
SHP-10000927,ORD-500927,UPS Ground,,Zone-Metro-A,SPRINTER_VAN,2026-10-01 17:49:16.742683408,2026-10-03 17:49:16.742683408,2026-10-02 08:46:15.561187798,18.56837614623835,73.89673960878847,60.374262015909196,53.82549667791658,67.86984542493718,40.67069079568726,157.09584249505454,154.5,2,0.14857524499662242,406.0814698323233,ON_TIME,14.949671806775001
SHP-10000928,ORD-500928,UPS Ground,WH-10,Zone-Industrial-C,SPRINTER_VAN,2026-10-01 14:53:21.758311006,2026-10-03 14:53:21.758311006,2026-10-04 18:36:00.568541674,18.43773909773138,73.83241989343253,1.4305881169985923,26.7779094642,58.56747743216941,7.552290892854979,1778.8554155952595,1229.21,2,0.011844368132830673,119.77093313680044,LATE,45.79516401284843
SHP-10000929,ORD-500929,FedEx Freight,WH-05,Zone-Rural-D,SPRINTER_VAN,2026-10-04 04:33:49.463619504,2026-10-08 04:33:49.463619504,2026-10-05 11:03:16.661460418,18.684992882064755,73.8830742043708,43.59291296882327,87.4402789637867,29.812771123263865,14.382827297731083,1753.317682705871,1226.92,4,0.0374936867052331,1159.5806846673293,ON_TIME,30.490888289142777
SHP-10000930,ORD-500930,FedEx Freight,WH-08,Zone-Suburban-B,EV_CARGO_VAN,2026-10-02 10:20:52.008774067,2026-10-06 10:20:52.008774067,2026-10-02 19:22:48.535308929,18.657946864462048,73.7715841724129,14.123891425997066,46.46012838458031,25.927692109949252,27.441662576819404,1320.11157437436,927.22,4,0.03305633387624203,425.9786826467402,ON_TIME,9.032368481906111
SHP-10000931,ORD-500931,BlueDart Logistics,WH-09,Zone-Metro-A,EV_CARGO_VAN,2026-10-01 22:22:27.712085138,2026-10-03 22:22:27.712085138,,18.44666961913266,73.80754365847395,32.995461372703595,86.43675417235498,19.81824424432891,24.55799792870171,963.053013236736,679.33,2,0.04206845717868689,782.4678344974029,EXCEPTION_OR_IN_TRANSIT,
SHP-10000932,ORD-500932,BlueDart Logistics,WH-01,Zone-Rural-D,SPRINTER_VAN,2026-10-01 18:20:07.321922573,2026-10-02 18:20:07.321922573,2026-10-02 07:33:39.606402771,18.4517178768241,73.94155791555093,3.8070850906186235,50.31111999330017,28.14596774410868,24.094120055084975,472.63654262136987,,1,0.03411860304174354,111.25775900244467,ON_TIME,13.225634577832778
SHP-10000933,ORD-500933,UPS Ground,WH-07,Zone-Suburban-B,EV_CARGO_VAN,2026-10-03 06:04:02.364160774,2026-10-07 06:04:02.364160774,2026-10-03 21:07:37.850497956,18.553731602346403,73.9153689026711,3.6064861896159432,108.93193781091033,21.8371766836855,10.970525721581396,1402.173394398934,968.51,4,0.026096313286638615,137.6715169861488,ON_TIME,15.059857315883889
SHP-10000934,ORD-500934,FedEx Freight,WH-09,Zone-Suburban-B,HEAVY_FREIGHT_TRAILER,2026-10-03 01:52:48.221067230,2026-10-05 01:52:48.221067230,2026-10-03 09:16:30.861369356,18.631864416112517,73.79162967763347,13.561370324721908,31.256554114189072,56.27884358408135,24.846201069738814,1625.5070084805395,1126.65,2,0.043706522958673236,309.5742233985475,ON_TIME,7.395177861701667
SHP-10000935,ORD-500935,FedEx Freight,WH-03,Zone-Suburban-B,SPRINTER_VAN,2026-10-03 04:20:08.710278338,2026-10-04 04:20:08.710278338,2026-10-03 16:55:03.125613795,18.465723800700257,73.85950379406452,29.119286128848767,15.144769918916474,54.908733923294015,48.88960245952715,1234.6148104357057,873.61,1,0.04065562254619571,714.4851264593644,ON_TIME,12.581782037626944
SHP-10000936,ORD-500936,FedEx Freight,WH-10,Zone-Rural-D,EV_CARGO_VAN,2026-10-01 12:20:11.162330968,2026-10-08 12:20:11.162330968,2026-10-03 17:43:13.596342400,18.418291515867857,73.78549805148256,2.058924213548533,71.50842643094664,53.96290450995979,27.761431098856736,1168.2354991999346,811.52,7,0.1071258765949869,19.201747553209493,ON_TIME,45.79516401284843
SHP-10000937,ORD-500937,FedEx Freight,WH-08,Zone-Suburban-B,RIGID_TRUCK_24FT,2026-10-03 22:20:04.164042794,2026-10-04 22:20:04.164042794,2026-10-04 22:17:41.356309225,18.563660282974784,73.96395446409349,5.593368941968935,105.53055400834462,58.14173569186288,37.23941516486267,366.74264700073735,,1,0.22849098111566013,24.468895993490047,ON_TIME,23.96033118511972
SHP-10000938,ORD-500938,FedEx Freight,WH-12,Zone-Industrial-C,SPRINTER_VAN,2026-10-02 10:01:37.850052905,2026-10-03 10:01:37.850052905,2026-10-02 13:17:02.329660075,18.6074791342306,73.77729242543857,2.1441575372295403,76.47013521606803,71.10884004734247,13.996867512452463,669.6300090795205,479.78,1,0.07611080305296851,28.134561654458548,ON_TIME,3.2567998908805555
SHP-10000939,ORD-500939,UPS Ground,WH-01,Zone-Industrial-C,EV_CARGO_VAN,2026-10-02 04:33:45.350146748,2026-10-03 04:33:45.350146748,2026-10-03 16:49:41.593254540,18.473309647387815,73.91355874919009,14.906313557132753,23.14373466107719,78.51645336623525,8.834124990771684,1341.1243760957573,934.74,1,0.01605305357996161,922.8170688187726,LATE,36.26562308549778
SHP-10000940,ORD-500940,FedEx Freight,WH-04,Zone-Metro-A,RIGID_TRUCK_24FT,2026-10-02 15:17:24.087126614,2026-10-06 15:17:24.087126614,2026-10-04 00:40:48.415997441,18.62193033632519,73.90175000024455,98.72046904454433,66.34563633429141,27.27816534263216,53.39758230623583,43.0598820085486,89.62,4,0.09663826298127062,1020.4904037160298,ON_TIME,33.3900913530075
SHP-10000941,ORD-500941,UPS Ground,WH-08,Zone-Suburban-B,RIGID_TRUCK_24FT,2026-10-02 10:05:05.124241785,2026-10-06 10:05:05.124241785,2026-10-02 23:06:16.089104800,18.68519313548338,73.86819416141171,6.037221946148186,101.4012589330841,54.083086762669424,23.225492788027736,1190.6437414731727,826.66,4,0.12737076438808115,47.361620330196146,ON_TIME,13.019712461948611
SHP-10000942,ORD-500942,UPS Ground,WH-04,Zone-Industrial-C,SPRINTER_VAN,2026-10-03 20:10:39.159213666,2026-10-05 20:10:39.159213666,2026-10-04 22:23:22.734995271,18.44112233280564,73.81955865566603,23.132350418852678,15.61807644860121,15.87521659354536,24.268547818747297,1421.1400132568358,998.46,2,0.006017152152710375,3781.5555084081475,ON_TIME,26.212104383779167
SHP-10000943,ORD-500943,BlueDart Logistics,WH-09,Zone-Suburban-B,EV_CARGO_VAN,2026-10-04 00:54:24.444771293,2026-10-06 00:54:24.444771293,,18.553308719592607,73.85098912499826,10.442338619154084,30.856660219590886,19.010682876669634,53.27283172133722,627.1868457656966,458.71,2,0.03125017242399346,333.08711920072795,EXCEPTION_OR_IN_TRANSIT,
SHP-10000944,ORD-500944,FedEx Freight,WH-10,Zone-Industrial-C,SPRINTER_VAN,2026-10-02 03:50:55.073703737,2026-10-04 03:50:55.073703737,2026-10-02 15:57:44.251577260,18.417052585204473,73.95159782511526,14.051168799133803,92.38334782974856,59.075448472104284,43.92742418998092,151.99635979105028,123.28,2,0.23973777014506237,58.5861384161267,ON_TIME,12.113660520423055
SHP-10000945,ORD-500945,FedEx Freight,WH-02,Zone-Rural-D,RIGID_TRUCK_24FT,2026-10-03 20:12:12.161293620,2026-10-07 20:12:12.161293620,2026-10-05 15:45:34.963645307,18.461998302169214,73.94038770388653,4.41284797414124,99.92117512486087,46.493542126783815,46.594449104318706,1517.5414183887892,1054.72,4,0.21646333667315357,20.37670845828024,ON_TIME,43.556333986579716
SHP-10000946,ORD-500946,FedEx Freight,WH-07,Zone-Suburban-B,EV_CARGO_VAN,2026-10-03 14:16:10.795174971,2026-10-04 14:16:10.795174971,2026-10-04 04:03:06.594587249,18.426945806038322,73.93470227879028,19.800007233702487,82.18025898248574,66.87490651258253,42.510191629221445,272.6960925934718,215.37,1,0.2336273894336189,84.71410766912238,ON_TIME,13.782166503410556
SHP-10000947,ORD-500947,FedEx Freight,WH-07,Zone-Industrial-C,EV_CARGO_VAN,2026-10-04 01:01:05.348671762,2026-10-11 01:01:05.348671762,2026-10-04 05:53:45.079601668,18.52120198692406,73.93745589609027,7.089005943098119,109.19821554578297,41.92581107429285,10.8185734635345,693.5324327724438,488.33,7,0.04952985002188125,142.83754514617019,ON_TIME,4.877703036085
SHP-10000948,ORD-500948,BlueDart Logistics,WH-05,Zone-Industrial-C,RIGID_TRUCK_24FT,2026-10-01 23:41:38.480918582,2026-10-02 23:41:38.480918582,2026-10-02 15:28:32.706835628,18.646249537112425,73.78597159358884,77.48156767235561,23.570513310724085,19.569880512470355,57.68977015809252,1311.9330451145795,939.61,1,0.026610683108601173,2900.7707274774107,ON_TIME,15.781729421401668
SHP-10000949,ORD-500949,UPS Ground,WH-12,Zone-Industrial-C,EV_CARGO_VAN,2026-10-02 23:32:27.811711357,2026-10-09 23:32:27.811711357,2026-10-03 15:10:00.362649502,18.573139135156534,73.7747741125906,4.888708396069701,66.83926900447324,75.40402403731191,55.002495792036015,1513.620245303335,1042.27,7,0.27720982023242036,17.62904895316131,ON_TIME,15.625708593929167
SHP-10000950,ORD-500950,UPS Ground,WH-11,Zone-Suburban-B,RIGID_TRUCK_24FT,2026-10-02 01:46:01.956364723,2026-10-03 01:46:01.956364723,2026-10-03 13:36:09.827048735,18.466775451149626,73.9653746557135,29.21033708142283,80.07449865152068,16.21663533589917,17.992106975729996,1597.0579661818922,1121.07,1,0.023363451598656697,1244.9292448982717,LATE,35.83551963444778
SHP-10000951,ORD-500951,UPS Ground,WH-09,Zone-Metro-A,SPRINTER_VAN,2026-10-03 17:20:05.291933549,2026-10-07 17:20:05.291933549,2026-10-04 09:56:00.271052613,18.412033194128714,73.9592936425861,96.38237699679964,81.75124843506335,24.172348190153652,49.219680512911275,986.9067981812304,729.78,4,0.09726397744201516,989.918238028021,ON_TIME,16.598605310851113
SHP-10000952,ORD-500952,FedEx Freight,WH-09,Zone-Suburban-B,SPRINTER_VAN,2026-10-01 06:23:00.030196019,2026-10-02 06:23:00.030196019,2026-10-01 18:53:10.959919624,18.566019458586023,73.9203295760116,37.57796141754018,90.38103845769736,30.773264947138827,27.5168037323526,886.6521780858809,635.08,1,0.07653302672390949,490.36248500172917,ON_TIME,12.503036034334722
SHP-10000953,ORD-500953,FedEx Freight,WH-06,Zone-Industrial-C,EV_CARGO_VAN,2026-10-02 22:40:01.127020153,2026-10-03 22:40:01.127020153,2026-10-04 07:06:12.779534580,18.43983901449717,73.90147643632888,3.055973576650291,102.1744742844414,84.64604552990701,42.60718323254657,1571.2071551591387,1100.03,1,0.36849526299028634,8.290865031357784,LATE,32.436570142896386
SHP-10000954,ORD-500954,DHL Express,WH-12,Zone-Suburban-B,RIGID_TRUCK_24FT,2026-10-02 06:25:21.529385681,2026-10-06 06:25:21.529385681,2026-10-03 00:12:37.662028191,18.502820208209126,73.8417179266206,2.7269430353542914,49.35593733362589,41.26448651319879,14.10816498972787,1046.935700697252,724.05,4,0.028733357692526246,94.57597912924061,ON_TIME,17.787814622919445
SHP-10000955,ORD-500955,DHL Express,WH-09,Zone-Industrial-C,EV_CARGO_VAN,2026-10-02 05:13:59.616874571,2026-10-06 05:13:59.616874571,2026-10-02 15:19:57.792853115,18.55305767767408,73.8060206478945,15.548234008173422,19.081522316725405,47.62813978585862,34.620483786103144,1075.5600388271948,764.34,4,0.03146369848456695,492.59861026031916,ON_TIME,10.099493327373333
SHP-10000956,ORD-500956,DHL Express,WH-10,Zone-Suburban-B,SPRINTER_VAN,2026-10-03 04:25:59.719145786,2026-10-05 04:25:59.719145786,2026-10-04 15:16:21.494440729,18.671119760705857,73.91691410943245,22270.590109432887,49.43198187569104,67.72725632304014,11.963896475794833,809.6430503726057,9913.43,2,0.04005383936644501,554631.6482015802,ON_TIME,34.83938202637306
SHP-10000957,ORD-500957,FedEx Freight,WH-11,Zone-Suburban-B,SPRINTER_VAN,2026-10-03 19:18:24.769262187,2026-10-07 19:18:24.769262187,2026-10-04 13:57:27.052117803,18.424546998126615,73.97825865952062,16.7528292421646,78.80340252178732,57.73116890041103,34.48919409469637,697.2320803908708,498.55,4,0.15690557214037287,106.70213173827052,ON_TIME,18.65063412656
SHP-10000958,ORD-500958,FedEx Freight,WH-04,Zone-Metro-A,SPRINTER_VAN,2026-10-03 01:51:43.445449150,2026-10-05 01:51:43.445449150,2026-10-03 18:20:16.873544813,18.600582277680047,73.85924914393453,37.87494778203057,35.27832829669613,73.1065518956,18.397667583146703,895.2340956987059,636.17,2,0.04744900018427161,796.5456189457154,ON_TIME,16.475952248795277
SHP-10000959,ORD-500959,UPS Ground,WH-11,Zone-Industrial-C,HEAVY_FREIGHT_TRAILER,2026-10-03 19:25:42.436065230,2026-10-07 19:25:42.436065230,2026-10-04 13:53:20.710583538,18.404224385651464,73.82580311755572,10.022867608416027,91.94743039807749,46.482509394092034,29.885659082284807,682.5896934134819,484.27,4,0.1277297318610049,78.4079530051299,ON_TIME,18.46063181064111
SHP-10000960,ORD-500960,FedEx Freight,WH-03,Zone-Suburban-B,SPRINTER_VAN,2026-10-02 01:03:03.571399562,2026-10-04 01:03:03.571399562,2026-10-02 09:15:01.546524213,18.588972565708087,73.81768545337238,4.243639133970879,35.87762348366893,82.91332656199165,41.738315194593696,643.4383750434605,456.62,2,0.12416034825553035,34.151192987518534,ON_TIME,8.199437534625277
SHP-10000961,ORD-500961,UPS Ground,WH-05,Zone-Metro-A,EV_CARGO_VAN,2026-10-02 19:24:14.880755083,2026-10-04 19:24:14.880755083,2026-10-03 07:04:27.031964341,18.565459746799178,73.75592631072493,11.57672070259335,15.956023226116468,69.7609271189731,53.23910199133403,1838.3550606105089,1271.39,2,0.05926081568334924,195.0229384371588,ON_TIME,11.670042002571668
SHP-10000962,ORD-500962,FedEx Freight,WH-05,Zone-Metro-A,HEAVY_FREIGHT_TRAILER,2026-10-02 14:26:19.070926186,2026-10-04 14:26:19.070926186,2026-10-03 06:55:17.820158428,18.643559986027018,73.88007918054852,55.879906019552244,63.26767355124004,40.10240412349489,14.090895169690294,629.9604021040568,473.09,2,0.035751219312854125,1558.6612419488063,ON_TIME,16.482985897845
SHP-10000963,ORD-500963,DHL Express,,Zone-Industrial-C,SPRINTER_VAN,2026-10-01 06:50:18.357951202,2026-10-03 06:50:18.357951202,2026-10-01 21:19:42.871346671,18.559498741859343,73.9970590074637,9.419812090972563,84.0138492833439,38.5953867208936,54.129801347973405,483.2333279650422,356.94,2,0.17551842513393923,53.6379487732471,ON_TIME,14.490142609852501
SHP-10000964,ORD-500964,DHL Express,WH-11,Zone-Suburban-B,EV_CARGO_VAN,2026-10-02 22:05:25.707502079,2026-10-06 22:05:25.707502079,2026-10-04 11:41:35.778448858,18.50578497991784,73.95380942903483,119.33182532950846,48.21725735099923,79.71183940331633,26.452070636000958,662.5124771307477,520.06,4,0.10166817041975493,1172.5849530094738,ON_TIME,37.602797485216385
SHP-10000965,ORD-500965,DHL Express,WH-09,Zone-Metro-A,EV_CARGO_VAN,2026-10-03 05:37:47.104818688,2026-10-04 05:37:47.104818688,2026-10-04 00:34:13.676530018,18.472825261398466,73.97436867954131,26.105901175372466,86.14510095599474,61.33117268610379,51.40881127332345,1097.856104089163,779.12,1,0.2716122885334144,96.07920685619649,ON_TIME,18.940714364258334
SHP-10000966,ORD-500966,UPS Ground,WH-10,Zone-Rural-D,RIGID_TRUCK_24FT,2026-10-03 00:37:04.213625422,2026-10-04 00:37:04.213625422,2026-10-04 05:16:59.316089273,18.425574922534622,73.90529102406887,23.28604445984746,56.64841174149578,56.60752258942289,33.190135512976966,1686.4005144133773,1184.34,1,0.10643167870129379,218.58328662162214,LATE,28.66530623995861
SHP-10000967,ORD-500967,DHL Express,WH-08,Zone-Industrial-C,EV_CARGO_VAN,2026-10-03 11:00:43.749764662,2026-10-05 11:00:43.749764662,2026-10-04 03:33:27.122035387,18.56038380228893,73.87036160262069,4.690517954821526,31.312888644139864,66.8372978075358,52.42147144696169,1460.0944918634848,1011.34,2,0.1097112653713842,42.71436030682359,ON_TIME,16.5453811863125
SHP-10000968,ORD-500968,UPS Ground,WH-12,Zone-Rural-D,SPRINTER_VAN,2026-10-02 23:08:11.205775037,2026-10-06 23:08:11.205775037,2026-10-04 07:48:38.530302255,18.666496577994568,73.99761425185093,7.765973166172463,23.603047410900718,52.06253710837836,41.45532371361098,1560.0392136211392,1088.61,4,0.05094173330212155,152.1494797248523,ON_TIME,32.674256813116116
SHP-10000969,ORD-500969,DHL Express,WH-07,Zone-Suburban-B,SPRINTER_VAN,2026-10-01 10:48:21.666057316,2026-10-02 10:48:21.666057316,2026-10-02 08:05:57.589945139,18.554423348186706,73.8617905276597,16.89113555728056,82.505780666198,21.9375079814295,32.97938773392225,1590.8578264369305,,1,0.05969174271358166,282.49946883457784,ON_TIME,21.293312191061943
SHP-10000970,ORD-500970,UPS Ground,WH-05,Zone-Suburban-B,EV_CARGO_VAN,2026-10-01 14:23:02.679842757,2026-10-03 14:23:02.679842757,2026-10-02 06:58:22.093890523,18.62173085723977,73.97920764392836,8.708881597543241,51.642904822273394,33.94115965588233,22.189624815018085,1703.9311926693422,,2,0.03889441989164643,223.33661128291072,ON_TIME,16.588726124379445
SHP-10000971,ORD-500971,DHL Express,WH-03,Zone-Rural-D,SPRINTER_VAN,2026-10-03 00:56:46.210499392,2026-10-10 00:56:46.210499392,2026-10-03 17:14:57.999577947,18.489530481465273,73.94046120219593,40.98519028745316,101.71350795275818,51.84586477817273,58.28999981902604,444.0609260865212,347.32,7,0.3073879294387561,133.29040382905953,ON_TIME,16.303274744043055
SHP-10000972,ORD-500972,UPS Ground,WH-10,Zone-Suburban-B,EV_CARGO_VAN,2026-10-02 01:47:54.606559567,2026-10-03 01:47:54.606559567,2026-10-02 10:38:29.047061300,18.53443925796243,73.83274460630952,11.658015411923309,66.32423056452522,11.362586569537521,49.04937117165298,854.4767650468066,609.58,1,0.03696433260713802,314.53461028131807,ON_TIME,8.842900139370277
SHP-10000973,ORD-500973,FedEx Freight,WH-10,Zone-Industrial-C,SPRINTER_VAN,2026-10-01 11:44:04.017445811,2026-10-05 11:44:04.017445811,2026-10-02 10:35:48.787351938,18.497380961033777,73.87576554581325,4.446993625076659,48.101079730966745,42.80130287224208,25.965295184474375,719.9933111675086,517.22,4,0.053457061044863634,83.03281655712036,ON_TIME,22.862436085035277
SHP-10000974,ORD-500974,FedEx Freight,WH-05,Zone-Metro-A,SPRINTER_VAN,2026-10-02 12:55:53.031101863,2026-10-06 12:55:53.031101863,2026-10-03 04:57:06.702513189,18.432779833406467,73.84608230544093,13.784457901847794,48.1541380640237,66.68521594569526,14.169797618247532,713.8899160996139,508.82,4,0.04550161620089771,302.2800297498323,ON_TIME,16.02046428092389
SHP-10000975,ORD-500975,FedEx Freight,WH-01,Zone-Suburban-B,SPRINTER_VAN,2026-10-02 21:54:40.417423283,2026-10-04 21:54:40.417423283,2026-10-03 09:46:39.216012473,18.52509658098505,73.78405581854149,6.139083424065196,27.48659712300167,22.317550338720427,47.87444802263116,1210.8973518286157,845.58,2,0.02936779092598633,208.3319865912111,ON_TIME,11.866332941441668
SHP-10000976,ORD-500976,UPS Ground,WH-11,Zone-Metro-A,SPRINTER_VAN,2026-10-02 05:40:10.960180218,2026-10-09 05:40:10.960180218,2026-10-03 15:25:37.660759300,18.629286169551165,73.83919164539054,21.550656615912583,71.40996959096988,14.84192126176793,59.4469358296006,750.5140248640123,538.41,7,0.06300549753302813,341.5020474980553,ON_TIME,33.757416827522775
SHP-10000977,ORD-500977,FedEx Freight,WH-01,Zone-Metro-A,RIGID_TRUCK_24FT,2026-10-03 09:52:16.415616921,2026-10-07 09:52:16.415616921,2026-10-03 17:10:02.891074368,18.518492499863353,73.97224322107003,5.125954252901888,70.30587786398061,72.7021855545774,20.343622458585962,1144.8151022758204,797.31,4,0.10398420829556125,49.248145677834664,ON_TIME,7.296243182624166
SHP-10000978,ORD-500978,DHL Express,WH-09,Zone-Metro-A,RIGID_TRUCK_24FT,2026-10-03 04:21:05.341619842,2026-10-05 04:21:05.341619842,2026-10-03 16:50:49.550455896,18.59505376666548,73.93815892133726,88.11800450154793,90.99940073396688,56.295540134752144,55.37246897842476,714.6294705317107,543.69,2,0.28366542948001455,310.53114772655573,ON_TIME,12.495613565570556
SHP-10000979,ORD-500979,UPS Ground,,Zone-Metro-A,EV_CARGO_VAN,2026-10-02 05:57:46.519194961,2026-10-04 05:57:46.519194961,2026-10-03 14:02:09.623094284,18.627584645215258,73.81939526857542,1.6067841919468147,34.11371143437223,23.2434229367098,11.89538880733561,583.8535998474895,415.07,2,0.009432084827212929,168.5658721122208,ON_TIME,32.073084416478615
SHP-10000980,ORD-500980,DHL Express,WH-06,,EV_CARGO_VAN,2026-10-03 12:21:02.959493098,2026-10-07 12:21:02.959493098,2026-10-04 08:32:19.871642218,18.496820868164896,73.84197832827438,6.493960370573426,42.6250160352036,70.47287354373952,57.37134398385198,660.9558539785662,472.49,4,0.17233820272436529,37.65963845583411,ON_TIME,20.188031152533334
SHP-10000981,ORD-500981,BlueDart Logistics,WH-03,Zone-Metro-A,SPRINTER_VAN,2026-10-03 04:42:21.755024562,2026-10-05 04:42:21.755024562,2026-10-03 20:38:49.199525850,18.63925436788164,73.90410848075163,12.091771340390213,24.237607064080258,59.35971036154093,45.99364018436849,1489.3054689532905,1030.9,2,0.06617276731411563,182.45460134595513,ON_TIME,15.940956805913334
SHP-10000982,ORD-500982,FedEx Freight,WH-09,Zone-Industrial-C,HEAVY_FREIGHT_TRAILER,2026-10-03 03:53:45.842163680,2026-10-07 03:53:45.842163680,2026-10-03 23:15:17.885020718,18.50167771509091,73.85403495375212,5.445117055656809,43.05750921554614,35.05894522363286,24.062792609503692,1116.7318045887016,779.0,4,0.03632400920678654,149.49252359189146,ON_TIME,19.358900793621668
SHP-10000983,ORD-500983,FedEx Freight,WH-11,Zone-Industrial-C,RIGID_TRUCK_24FT,2026-10-02 21:50:48.460044008,2026-10-04 21:50:48.460044008,2026-10-03 16:19:31.812890768,18.476832118138134,73.87576102909114,0.6516431795210551,,,,1802.2078332845374,1252.35,2,,,ON_TIME,18.4787091241
SHP-10000984,ORD-500984,UPS Ground,WH-07,Zone-Suburban-B,RIGID_TRUCK_24FT,2026-10-01 06:49:12.201968552,2026-10-03 06:49:12.201968552,2026-10-01 12:57:21.719814151,18.46673385032796,73.924542102774,99.78675172636795,106.58269856562846,21.691612239028625,40.38894446666432,1542.4221440859487,1111.73,2,0.09337724312788293,1067.4978036082343,ON_TIME,6.1359771793330555
SHP-10000985,ORD-500985,DHL Express,,Zone-Metro-A,EV_CARGO_VAN,2026-10-03 08:08:54.661957209,2026-10-04 08:08:54.661957209,,18.45997124371745,73.86681271203601,24.48841230709067,77.04127027311677,72.64416956565552,37.6428927142285,904.8647581179677,652.27,1,0.21067217953379694,116.18427233260165,EXCEPTION_OR_IN_TRANSIT,
SHP-10000986,ORD-500986,UPS Ground,WH-01,Zone-Industrial-C,SPRINTER_VAN,2026-10-02 09:04:30.032255493,2026-10-03 09:04:30.032255493,,18.62113722184402,73.7977424474168,2.26693946096739,89.37302332902357,48.17549887328065,55.541518582152754,457.48770390291145,329.02,1,0.23913900614173828,9.475626477165395,EXCEPTION_OR_IN_TRANSIT,
SHP-10000987,ORD-500987,DHL Express,WH-07,Zone-Suburban-B,SPRINTER_VAN,2026-10-04 01:52:04.436873123,2026-10-05 01:52:04.436873123,2026-10-04 12:34:50.517806253,18.666252778317073,73.88014348432871,2.6926060415630264,45.92343909594656,51.77643074827454,47.14337238150678,1250.6449468545568,870.33,1,0.11209523684451964,23.999290141830574,ON_TIME,10.712800259202776
SHP-10000988,ORD-500988,FedEx Freight,WH-09,Zone-Industrial-C,EV_CARGO_VAN,2026-10-03 16:53:41.652663211,2026-10-07 16:53:41.652663211,2026-10-04 06:15:58.030454130,18.469194542255586,73.83902955755427,1.7479593707560577,28.728717216769162,76.26189363983107,34.720067991565976,1347.5753981993378,938.16,4,0.07606841836544431,22.94861056940448,ON_TIME,13.371216053033056
SHP-10000989,ORD-500989,BlueDart Logistics,WH-11,Zone-Industrial-C,EV_CARGO_VAN,2026-10-03 00:18:50.406502516,2026-10-07 00:18:50.406502516,2026-10-03 11:52:42.874739462,18.425572089338846,73.82268355711466,8.584847890386367,39.38839448176633,11.187296233982044,56.016121301180995,865.1554508576206,610.94,4,0.024683483531431342,346.3939151047407,ON_TIME,11.564574510262778
SHP-10000991,ORD-500991,UPS Ground,WH-11,Zone-Suburban-B,EV_CARGO_VAN,2026-10-01 20:40:03.548337571,2026-10-05 20:40:03.548337571,2026-10-02 07:55:27.937933526,18.597354171676407,73.8597505543725,7.191648094138629,70.39595618787558,22.118423639486124,51.732665961337254,1036.2040282326814,730.47,4,0.08055022241810264,89.17084018511524,ON_TIME,11.256774887765278
SHP-10000992,ORD-500992,FedEx Freight,WH-07,Zone-Metro-A,EV_CARGO_VAN,2026-10-02 06:30:27.749926020,2026-10-06 06:30:27.749926020,2026-10-03 05:04:20.283106979,18.51055602766781,73.9716532857179,5.890501747522086,47.439757583227724,12.252835981610918,51.2518458653821,478.5381658366629,342.95,4,0.02979124084364316,197.0644771267431,ON_TIME,22.56459255026639
SHP-10000993,ORD-500993,UPS Ground,WH-05,Zone-Suburban-B,EV_CARGO_VAN,2026-10-02 16:18:46.410975940,2026-10-04 16:18:46.410975940,2026-10-03 11:00:28.250094712,18.564752961763364,73.93351427608255,32.565213467904215,96.45289211166148,59.36171174682996,55.555717242224496,1739.7169078047443,1216.63,2,0.3180903023479743,102.34508477348488,ON_TIME,18.69495531077
SHP-10000994,ORD-500994,DHL Express,WH-02,Zone-Metro-A,HEAVY_FREIGHT_TRAILER,2026-10-02 03:19:00.180202095,2026-10-06 03:19:00.180202095,2026-10-03 06:30:19.941052883,18.62329148970256,73.91697048462534,14.991551224472687,108.91172932746731,57.540960114124054,8.718111720350752,1167.8892478859764,809.81,4,0.05463540769393167,273.8912863918386,ON_TIME,27.188822458552224
SHP-10000995,ORD-500995,FedEx Freight,WH-11,Zone-Rural-D,SPRINTER_VAN,2026-10-02 19:04:29.725205731,2026-10-04 19:04:29.725205731,2026-10-03 03:22:48.637076104,18.522543559346513,73.86781505272043,9.523567384081415,47.613348500027605,25.81014271967392,37.110081737072775,548.5691075480169,393.78,2,0.0456048510979528,208.3710406072845,ON_TIME,8.305253297325834
SHP-10000996,ORD-500996,FedEx Freight,WH-02,Zone-Metro-A,SPRINTER_VAN,2026-10-01 17:54:24.014293017,2026-10-08 17:54:24.014293017,2026-10-02 07:05:15.722833730,18.699908449411357,73.75045748678743,24.69410508546644,81.98072600026602,21.205483366502108,30.761592514407702,408.5130051588562,307.53,7,0.053477211239781816,460.9068765253449,ON_TIME,13.181030150198055
SHP-10000997,ORD-500997,FedEx Freight,WH-04,Zone-Metro-A,HEAVY_FREIGHT_TRAILER,2026-10-04 04:23:43.161084369,2026-10-08 04:23:43.161084369,,18.48938477807065,73.83513767785978,1.2289635414296423,77.46122528243504,20.926352603995504,31.97983109055699,1329.3373948618523,927.27,4,0.051838695811477375,23.66180979765893,EXCEPTION_OR_IN_TRANSIT,
SHP-10000998,ORD-500998,DHL Express,WH-04,Zone-Industrial-C,EV_CARGO_VAN,2026-10-01 13:46:14.044646926,2026-10-03 13:46:14.044646926,2026-10-02 11:53:01.228406944,18.693474505561785,73.95329800999487,18.03502911149148,33.473936334566744,81.49310599889817,30.295083199111158,1312.924049084342,914.19,2,0.08264180725320372,217.96755123200637,ON_TIME,22.113106600005
SHP-10000999,ORD-500999,DHL Express,WH-11,Zone-Suburban-B,SPRINTER_VAN,2026-10-04 01:05:59.920998413,2026-10-06 01:05:59.920998413,2026-10-04 10:55:11.394238060,18.460908899569933,73.84704272737943,47.795180006300264,102.21081650796023,62.01283964685562,51.06066791822875,1109.5290415127606,790.1,2,0.32364206818838465,147.63351662561314,ON_TIME,9.819853677679722
SHP-10001000,ORD-501000,FedEx Freight,WH-09,Zone-Suburban-B,EV_CARGO_VAN,2026-10-03 23:46:39.420555578,2026-10-05 23:46:39.420555578,2026-10-05 05:35:50.955017267,18.433279522979287,73.89095478126691,2.3233829460763573,33.947045782898115,53.90716213488094,22.513809357931635,1141.0852842794088,805.74,2,0.04120002124467067,56.256216729577716,ON_TIME,29.819870683802502
SHP-10001001,ORD-501001,UPS Ground,WH-10,Zone-Suburban-B,EV_CARGO_VAN,2026-10-02 19:49:33.436887613,2026-10-03 19:49:33.436887613,2026-10-04 07:23:02.872803893,18.62524918752831,73.80118495408678,6.564497231127148,85.01092750862138,34.186515385382066,30.45130948963781,1121.9112271934953,795.48,1,0.08849842943215293,74.09270427478764,LATE,35.55817664341111
SHP-10001002,ORD-501002,BlueDart Logistics,WH-04,Zone-Rural-D,RIGID_TRUCK_24FT,2026-10-03 10:11:36.742459913,2026-10-05 10:11:36.742459913,2026-10-03 18:50:26.581675292,18.61069289699536,73.97896443546145,0.9892003058361322,48.02291601605968,42.47823984315922,16.03753985955971,673.8701352377307,481.22,2,0.032715441758057455,30.144354390513282,ON_TIME,8.647177559827501
SHP-10001003,ORD-501003,UPS Ground,WH-08,Zone-Metro-A,RIGID_TRUCK_24FT,2026-10-02 13:23:43.718834494,2026-10-04 13:23:43.718834494,2026-10-03 01:20:52.381350810,18.643350804172737,73.98079260893427,6.103992099562013,49.87274886585227,16.705441089940575,18.84441387586041,1734.9676855937362,1208.74,2,0.01570015309655979,386.32487054135265,ON_TIME,11.952406254532223
SHP-10001004,ORD-501004,BlueDart Logistics,WH-08,Zone-Rural-D,EV_CARGO_VAN,2026-10-03 03:21:44.962499000,2026-10-04 03:21:44.962499000,2026-10-03 15:00:00.460089161,18.50307712651999,73.7865175959896,4.733577839203435,58.26766002445123,84.8613916041251,41.32310458391313,892.9138173152428,627.19,1,0.20432931038926777,23.155083927005904,ON_TIME,11.637638219489167
SHP-10001005,ORD-501005,UPS Ground,WH-11,Zone-Metro-A,EV_CARGO_VAN,2026-10-02 06:31:17.282979553,2026-10-09 06:31:17.282979553,2026-10-06 01:32:20.033077621,18.679242296155895,73.93103973730159,79.56478522711568,97.12825791523827,66.63140976787261,11.431476603786408,49.3626804675941,,7,0.07398214744264427,1074.0075439729412,ON_TIME,45.79516401284843
SHP-10001006,ORD-501006,UPS Ground,WH-12,Zone-Industrial-C,SPRINTER_VAN,2026-10-02 03:41:00.417928387,2026-10-06 03:41:00.417928387,2026-10-02 16:07:08.649764277,18.435844428511924,73.76880962693798,5.90311361396558,28.32393444356515,56.60898676211709,15.330199604707252,652.288147309742,469.05,4,0.024580276939429695,239.1834430566964,ON_TIME,12.43561995441389
SHP-10001007,ORD-501007,BlueDart Logistics,WH-01,Zone-Industrial-C,EV_CARGO_VAN,2026-10-02 23:37:57.160575137,2026-10-06 23:37:57.160575137,2026-10-05 00:33:56.757149677,18.409083130399335,73.89963690449503,14.648280193236502,20.18410989430162,54.08253964209117,34.041900776422274,251.4593795542879,192.44,4,0.037160408618505635,393.1325698334219,ON_TIME,45.79516401284843
SHP-10001008,ORD-501008,FedEx Freight,WH-09,Zone-Metro-A,EV_CARGO_VAN,2026-10-02 17:51:55.211548487,2026-10-06 17:51:55.211548487,2026-10-03 01:05:02.903738678,18.49016916553359,73.7946634127065,51.527238419935955,53.19387779680923,47.82357790248794,7.407516537965744,679.8994079460098,504.96,4,0.01884414101773659,2719.956443086715,ON_TIME,7.218803386164167
SHP-10001009,ORD-501009,DHL Express,WH-01,Zone-Suburban-B,EV_CARGO_VAN,2026-10-02 23:43:35.826883675,2026-10-04 23:43:35.826883675,2026-10-03 08:22:09.915209921,18.639197339020075,73.7864263131223,0.7462720608075208,,,,1129.9864474956767,787.23,2,,,ON_TIME,8.642802312846111
SHP-10001010,ORD-501010,FedEx Freight,WH-07,Zone-Metro-A,EV_CARGO_VAN,2026-10-02 02:38:22.422669596,2026-10-04 02:38:22.422669596,2026-10-02 13:09:50.667445780,18.601894692182093,73.75102995434817,11.964070616808801,80.32208389045685,26.979280259480028,52.484411643171185,53.6573041712965,63.35,2,0.11373540017780304,105.0997369721699,ON_TIME,10.52451243782889
SHP-10001011,ORD-501011,BlueDart Logistics,WH-04,Zone-Industrial-C,RIGID_TRUCK_24FT,2026-10-02 08:25:15.470006965,2026-10-06 08:25:15.470006965,2026-10-02 17:54:41.633850306,18.530862629266785,73.98521428421685,2.7202188800003286,87.23088212758526,51.21493428919183,51.53807211872476,1611.428576396822,1114.24,4,0.23024756875203467,11.809192928485384,ON_TIME,9.49060106759472
SHP-10001012,ORD-501012,DHL Express,WH-04,Zone-Suburban-B,EV_CARGO_VAN,2026-10-01 12:02:26.351395013,2026-10-08 12:02:26.351395013,2026-10-02 01:51:25.865431806,18.4768760842583,73.95731312288011,2.7987044459354156,96.1976775015596,15.265061091846377,24.12768577758402,1133.7481597445064,784.85,7,0.03543062406906242,78.76879506803628,ON_TIME,13.816531676886944
SHP-10001013,ORD-501013,FedEx Freight,WH-05,Zone-Suburban-B,EV_CARGO_VAN,2026-10-01 09:45:50.035692955,2026-10-03 09:45:50.035692955,2026-10-01 20:08:16.117962407,18.417781836030393,73.76936888931449,3.650598608418416,85.66501332094171,15.585309915140176,24.139522342115143,554.8935085640323,398.95,2,0.0322290572366243,112.92004532327648,ON_TIME,10.373911741514446
SHP-10001014,ORD-501014,UPS Ground,WH-08,Zone-Metro-A,SPRINTER_VAN,2026-10-02 00:14:56.088011245,2026-10-06 00:14:56.088011245,2026-10-02 09:54:12.421364856,18.50125167353424,73.89984390251675,5.659838449520578,102.05338240080452,52.061020237026256,56.5083497095202,583.9951096728296,423.65,4,0.30022904319648097,18.84545826564567,ON_TIME,9.654537042669721
SHP-10001015,ORD-501015,FedEx Freight,WH-05,Zone-Metro-A,RIGID_TRUCK_24FT,2026-10-01 11:20:44.785938477,2026-10-08 11:20:44.785938477,2026-10-02 22:15:50.131768140,18.538005930326424,73.8082245586998,2.965271831729076,86.0886066587061,78.98590361576794,6.421262648961278,867.8981084366851,615.57,7,0.04366321435392491,67.75717632960237,ON_TIME,34.91815161935083
SHP-10001016,ORD-501016,FedEx Freight,WH-10,Zone-Metro-A,EV_CARGO_VAN,2026-10-01 13:28:18.404478124,2026-10-05 13:28:18.404478124,2026-10-03 01:54:16.010583281,18.606107151421362,73.81600397053491,6.210443181940655,103.92718578844816,78.57038883473909,36.91625321968989,467.9927394312964,331.96,4,0.30144333506336995,20.595524622142676,ON_TIME,36.43266836254361
SHP-10001017,ORD-501017,UPS Ground,WH-06,Zone-Metro-A,EV_CARGO_VAN,2026-10-03 16:31:51.042678108,2026-10-10 16:31:51.042678108,2026-10-04 23:00:35.969582818,18.593791586483928,73.968542580419,32.53779685409018,33.3455254498895,10.812122549559424,37.856481847240005,19.98046322461915,48.16,7,0.013648621042990335,2366.622569081531,ON_TIME,30.479146362419442
SHP-10001018,ORD-501018,FedEx Freight,WH-01,Zone-Suburban-B,EV_CARGO_VAN,2026-10-01 08:47:56.062266725,2026-10-03 08:47:56.062266725,2026-10-02 07:54:59.845786675,18.684203470879563,73.7785814364003,18.23960680541682,62.48699762243437,18.054566173558733,48.33378869499137,60.81258975348576,72.46,2,0.0545290026833874,333.881380026794,ON_TIME,23.117717644430556
SHP-10001019,ORD-501019,FedEx Freight,WH-10,Zone-Rural-D,SPRINTER_VAN,2026-10-03 05:26:37.972187885,2026-10-10 05:26:37.972187885,2026-10-03 22:54:37.261025257,18.430118775715858,73.90037253391576,265.83960485509346,109.42340697196633,53.73082703190212,57.34627837024304,669.5273550845725,587.62,7,0.33716229130123143,788.2280697003698,ON_TIME,17.46646912149222
SHP-10001020,ORD-501020,UPS Ground,WH-04,Zone-Industrial-C,SPRINTER_VAN,2026-10-02 01:37:26.968492951,2026-10-06 01:37:26.968492951,2026-10-02 13:31:43.750105687,18.50090203686374,73.85031388374475,12.729699688207672,79.74992734155798,73.63567913546231,24.570517287383918,240.319441606622,193.09,4,0.1442888900329974,88.16259814240927,ON_TIME,11.904661559093332
SHP-10001021,ORD-501021,DHL Express,WH-06,Zone-Suburban-B,RIGID_TRUCK_24FT,2026-10-03 20:45:04.640439546,2026-10-04 20:45:04.640439546,2026-10-04 05:36:05.601443694,18.544473424581067,73.79770014990757,20.90580714625708,98.47090620897946,81.58368149926216,29.080841040080067,53.10443400133651,57.84,1,0.23362439854335185,89.44640472517641,ON_TIME,8.850266945596667
SHP-10001022,ORD-501022,FedEx Freight,WH-09,Zone-Rural-D,HEAVY_FREIGHT_TRAILER,2026-10-02 16:55:10.000162487,2026-10-09 16:55:10.000162487,2026-10-03 13:44:24.484416073,18.601208738156195,73.86297951881566,46.01681474484508,17.88741041412125,74.54366695343344,41.92141642860975,1591.3369183240366,1115.71,7,0.05589773011498529,821.7621437575151,ON_TIME,20.820690070440552
SHP-10001023,ORD-501023,UPS Ground,WH-05,Zone-Industrial-C,RIGID_TRUCK_24FT,2026-10-02 04:00:05.418257772,2026-10-04 04:00:05.418257772,2026-10-02 11:40:12.548744003,18.548635507432422,73.98512232177653,2.461564805992016,97.81700036400154,60.82098514723419,58.199939228929715,515.8643824755642,374.77,2,0.34625043064291333,7.107150989888287,ON_TIME,7.668647357286389
SHP-10001024,ORD-501024,DHL Express,WH-01,Zone-Rural-D,SPRINTER_VAN,2026-10-02 19:16:12.012130701,2026-10-04 19:16:12.012130701,2026-10-03 03:53:19.863782136,18.673827469584023,73.94540251230764,44.76914805427476,81.28275728434927,25.039380819192683,53.99357945551891,936.7392968325806,674.04,2,0.10989150779753701,407.0236780159609,ON_TIME,8.618847680954167
SHP-10001025,ORD-501025,DHL Express,WH-05,Zone-Suburban-B,SPRINTER_VAN,2026-10-02 09:30:03.518536533,2026-10-04 09:30:03.518536533,2026-10-03 20:17:35.487736297,18.58260170367994,73.78302785034091,3.1382258663498677,31.22176622883251,15.446610548422175,41.68791517985245,341.75389674420336,,2,0.020104850179081608,155.32042249929285,ON_TIME,34.792213666601114
SHP-10001026,ORD-501026,BlueDart Logistics,WH-12,Zone-Metro-A,EV_CARGO_VAN,2026-10-02 22:37:46.835962419,2026-10-03 22:37:46.835962419,2026-10-05 07:11:47.241928792,18.411899622907363,73.96235743492942,16.968526959521796,17.439690860241676,13.563683701423354,52.11979644190622,97.88049898403504,95.22,1,0.012328752858440815,1365.263848496099,LATE,45.79516401284843
SHP-10001027,ORD-501027,BlueDart Logistics,WH-09,Zone-Metro-A,HEAVY_FREIGHT_TRAILER,2026-10-01 14:14:46.919470189,2026-10-03 14:14:46.919470189,2026-10-02 11:28:52.237272414,18.43409679071984,73.98436013224686,30.465140154101746,39.693024921937024,55.905758846905854,9.686243699028994,1381.0642584600125,967.44,2,0.021494440011517072,1410.786301374503,ON_TIME,21.234810500618057
SHP-10001028,ORD-501028,DHL Express,WH-09,Zone-Industrial-C,EV_CARGO_VAN,2026-10-04 05:46:59.938329013,2026-10-08 05:46:59.938329013,2026-10-05 15:32:26.274081072,18.626048668444167,73.81924107021055,0.9811508538582442,,,,241.6706988407879,180.02,4,,,ON_TIME,33.757315486683055
SHP-10001029,ORD-501029,BlueDart Logistics,WH-08,Zone-Metro-A,EV_CARGO_VAN,2026-10-02 12:38:24.083498989,2026-10-03 12:38:24.083498989,2026-10-03 02:39:21.636041992,18.614736308903886,73.83335492387884,6.180005535193629,78.47262917652722,65.4429967349163,5.720087263436595,59.2676666179246,53.51,1,0.029375416705668005,209.6664348092232,ON_TIME,14.015986817500835
SHP-10001030,ORD-501030,FedEx Freight,WH-03,Zone-Metro-A,SPRINTER_VAN,2026-10-02 07:04:21.381812149,2026-10-04 07:04:21.381812149,2026-10-02 13:57:56.315195518,18.44604910054771,73.78157748165552,8.831385683116164,102.3495649069158,63.435305301322686,14.76097310435227,1091.3293433481472,769.25,2,0.09583673819842067,92.05426251672945,ON_TIME,6.893037050935833
SHP-10001031,ORD-501031,UPS Ground,WH-06,Zone-Suburban-B,EV_CARGO_VAN,2026-10-03 09:08:06.392683575,2026-10-04 09:08:06.392683575,2026-10-04 09:36:59.248181719,18.417672598319697,73.83623502610544,2.5012769417774,57.38432433695465,15.970811858250919,39.67709141613211,36.75339811062433,45.46,1,0.036363032502490705,68.59761161133659,LATE,24.481348749484443
SHP-10001032,ORD-501032,FedEx Freight,WH-10,Zone-Suburban-B,SPRINTER_VAN,2026-10-02 08:12:02.726163590,2026-10-04 08:12:02.726163590,2026-10-03 08:00:32.931925846,18.573615356631958,73.91828519928491,14.301779350921342,103.9795740473479,77.9966773777596,53.70588930535167,813.893566561371,584.04,2,0.43555805394589253,32.82799255376002,ON_TIME,23.808390489515553
SHP-10001033,ORD-501033,FedEx Freight,WH-02,Zone-Suburban-B,SPRINTER_VAN,2026-10-03 17:59:44.699863453,2026-10-07 17:59:44.699863453,2026-10-04 11:13:28.513702887,18.590721649608017,73.81803875377406,73.37829804475928,58.98118246727554,49.14469664689767,39.80291704954875,542.8806571022261,421.27,4,0.11537322574089785,635.4572462486465,ON_TIME,17.228837177620555
SHP-10001034,ORD-501034,FedEx Freight,WH-04,Zone-Metro-A,SPRINTER_VAN,2026-10-02 14:42:26.971754222,2026-10-06 14:42:26.971754222,2026-10-03 04:45:18.553740141,18.44058989125385,73.75170625269173,2.9918251922851833,34.40419881974178,77.83289255032987,41.527595885471165,599.0902563155897,429.21,4,0.11120169552927203,26.880319999243333,ON_TIME,14.047661662755278
SHP-10001035,ORD-501035,UPS Ground,WH-04,Zone-Suburban-B,RIGID_TRUCK_24FT,2026-10-03 09:48:29.540718400,2026-10-10 09:48:29.540718400,2026-10-04 16:32:39.391898976,18.542085796312243,73.83463616190836,39.807182892829815,29.382379097522495,77.62075421412416,10.710188289091104,19.16644124358673,53.83,7,0.024426538211741303,1623.0249270878917,ON_TIME,30.736069772382223
SHP-10001036,ORD-501036,DHL Express,WH-06,Zone-Suburban-B,EV_CARGO_VAN,2026-10-01 13:44:11.873701736,2026-10-05 13:44:11.873701736,2026-10-01 22:24:05.299896645,18.491749458735523,73.86329350724219,10027.755561820686,109.4121222383292,24.777554791533873,41.56732700023589,1784.4680957435778,5444.61,4,0.1126875625564945,88908.34533992039,ON_TIME,8.664840609696943
SHP-10001037,ORD-501037,UPS Ground,,Zone-Rural-D,SPRINTER_VAN,2026-10-03 18:55:14.092895885,2026-10-05 18:55:14.092895885,2026-10-04 04:51:55.115923299,18.679391693691066,73.89158900935517,1.8840303878415754,46.71695284008423,38.543322095221356,29.989069455305504,962.1781823647427,673.41,2,0.053999114989579995,34.82553066172076,ON_TIME,9.94472861872611
SHP-10001038,ORD-501038,FedEx Freight,WH-01,Zone-Industrial-C,SPRINTER_VAN,2026-10-03 10:58:18.102172886,2026-10-10 10:58:18.102172886,2026-10-03 19:30:41.172574624,18.46575994101682,73.9209562760895,5.812291798014815,30.20503740517083,20.096975012786217,40.82921273700029,1064.2773005306149,746.15,7,0.024784552189567193,233.57027901235887,ON_TIME,8.539741778260556
SHP-10001039,ORD-501039,DHL Express,WH-07,Zone-Rural-D,SPRINTER_VAN,2026-10-01 21:14:36.988977341,2026-10-05 21:14:36.988977341,2026-10-02 14:37:19.502371968,18.61997821777099,73.7654460860572,13.07912296765977,15.798800934621456,68.12335076022406,22.939521024140504,1236.3331272683074,870.41,4,0.024689055384689587,527.6168359258176,ON_TIME,17.378475942951944
SHP-10001040,ORD-501040,UPS Ground,WH-03,Zone-Industrial-C,RIGID_TRUCK_24FT,2026-10-01 16:27:38.133726107,2026-10-03 16:27:38.133726107,2026-10-02 00:34:07.468281235,18.5554401740033,73.86743798632486,64.35440636013817,42.12910882031413,47.80936866533969,36.98172679147436,1477.8450519494716,1047.25,2,0.07448734024284502,862.8060224511294,ON_TIME,8.108148487535555
SHP-10001041,ORD-501041,BlueDart Logistics,,Zone-Suburban-B,EV_CARGO_VAN,2026-10-02 04:46:22.976789681,2026-10-06 04:46:22.976789681,2026-10-02 15:18:49.444730693,18.40345630360781,73.816590615671,25.07067178727288,99.4660336422412,79.66056815462365,28.323811325704416,1129.336955776265,803.1,4,0.22442430681574022,111.66128132330708,ON_TIME,10.540685539170001
SHP-10001042,ORD-501042,DHL Express,WH-02,Zone-Metro-A,SPRINTER_VAN,2026-10-04 04:16:37.495899469,2026-10-11 04:16:37.495899469,2026-10-04 14:40:17.024753518,18.555099574963783,73.98699239138612,4.205663489897025,65.73088546434366,25.6161411157208,35.72503804892834,1412.9201178967019,982.87,7,0.06015280582310721,69.80029282361045,ON_TIME,10.394313570569167
SHP-10001043,ORD-501043,UPS Ground,WH-06,Zone-Industrial-C,EV_CARGO_VAN,2026-10-02 00:29:30.744127781,2026-10-06 00:29:30.744127781,2026-10-02 14:22:26.521198022,18.42984164497585,73.83997462744848,15.398581674271355,75.08132989487072,61.62757461394195,13.089923508139,836.7754710389654,593.55,4,0.060568126672170576,253.81666649243888,ON_TIME,13.882160297289166
SHP-10001044,ORD-501044,BlueDart Logistics,WH-10,Zone-Suburban-B,HEAVY_FREIGHT_TRAILER,2026-10-02 14:50:28.172558967,2026-10-04 14:50:28.172558967,2026-10-02 21:05:42.242743474,18.597718658747592,73.77503092467997,0.3315253105997567,,,,,,2,,,ON_TIME,6.253908384585277
SHP-10001045,ORD-501045,UPS Ground,WH-09,Zone-Suburban-B,EV_CARGO_VAN,2026-10-01 08:09:41.242505933,2026-10-05 08:09:41.242505933,2026-10-02 01:33:54.588665644,18.56965705911447,73.7603728726929,28.31666452352957,63.719792220167776,59.90359463657435,25.585326149126974,1524.920121952256,1074.72,4,0.09766033110589485,289.65393430241875,ON_TIME,17.403707266586387
SHP-10001046,ORD-501046,FedEx Freight,WH-06,Zone-Suburban-B,SPRINTER_VAN,2026-10-02 10:36:01.375663567,2026-10-03 10:36:01.375663567,2026-10-03 23:35:38.661710774,18.40312816820004,73.81635147189873,3.8216921561068227,94.63658535599839,15.15804496230345,45.501698635904454,1602.440743430825,1117.11,1,0.065272442226426,58.46029345010382,LATE,36.993690568668605
SHP-10001047,ORD-501047,FedEx Freight,WH-05,Zone-Suburban-B,EV_CARGO_VAN,2026-10-02 23:08:06.148000260,2026-10-04 23:08:06.148000260,2026-10-03 17:05:37.126307630,18.46140784887489,73.79471968472066,2.699065705763844,45.7641614172536,54.13182622713929,43.8525232682436,265.2886590683843,203.49,2,0.10863575210531662,24.822247085297654,ON_TIME,17.958605085380555
SHP-10001049,ORD-501049,FedEx Freight,WH-04,Zone-Suburban-B,SPRINTER_VAN,2026-10-02 19:12:17.982848464,2026-10-03 19:12:17.982848464,2026-10-04 10:20:35.481526146,18.482731784290603,73.9617416354269,2.1495652235882923,22.487317983682978,12.287708306448655,39.763057575575864,1268.5347872335608,883.72,1,0.010987232796116561,193.87752229223543,LATE,39.13819407713388
SHP-10001050,ORD-501050,BlueDart Logistics,WH-03,Zone-Metro-A,RIGID_TRUCK_24FT,2026-10-03 16:58:32.618945256,2026-10-04 16:58:32.618945256,2026-10-04 20:14:19.154846374,18.549785020348914,73.82813967586756,7.568432840865539,83.85880492376015,35.12205229789106,22.300092138641034,165.65447792955501,132.9,1,0.06568031268273722,115.05620043748634,LATE,27.262926639199442
SHP-10001051,ORD-501051,UPS Ground,WH-07,Zone-Industrial-C,SPRINTER_VAN,2026-10-02 21:23:35.484953859,2026-10-03 21:23:35.484953859,2026-10-03 14:39:21.061598657,18.493599584322755,73.89444786374013,33.930596619369155,77.75379724222796,29.95780622905493,48.077356477943226,1720.5989491731775,1206.48,1,0.11198818219672231,302.71341683299556,ON_TIME,17.262660179110554
SHP-10001052,ORD-501052,DHL Express,WH-04,Zone-Metro-A,HEAVY_FREIGHT_TRAILER,2026-10-01 08:56:11.475482486,2026-10-05 08:56:11.475482486,2026-10-02 01:37:24.391889278,18.676458056919262,73.93257631924526,0.8966049077998732,33.20879305582761,69.15781741118155,32.33487039434945,967.9617622540864,676.35,4,0.07426180399431938,12.05733131310755,ON_TIME,16.68692122410889
SHP-10001053,ORD-501053,BlueDart Logistics,WH-04,Zone-Metro-A,SPRINTER_VAN,2026-10-02 04:40:50.144929189,2026-10-06 04:40:50.144929189,2026-10-03 07:41:51.690648214,18.56097310533503,73.84962192228484,8.78888713452686,51.940179890420914,38.02604058085753,15.64212658459932,1198.3507330281905,833.44,4,0.03089444180626808,283.5633301435828,ON_TIME,27.0170960330625
SHP-10001054,ORD-501054,Unknown Carrier,WH-09,Zone-Suburban-B,SPRINTER_VAN,2026-10-02 23:26:22.432429821,2026-10-09 23:26:22.432429821,2026-10-03 12:11:17.054743676,18.608852054456804,73.76658140283452,7.934265936196172,44.71876609381561,64.97190852888974,46.107630757991956,339.61017099007006,252.16,7,0.13396404193537334,59.182654958448516,ON_TIME,12.748506198293056
SHP-10001055,ORD-501055,DHL Express,,Zone-Industrial-C,EV_CARGO_VAN,2026-10-04 02:26:33.955969347,2026-10-06 02:26:33.955969347,2026-10-04 07:16:48.319518285,18.42504283140913,73.80729622773195,17.868486295735572,23.97682249158706,11.217924396199857,12.289226764557595,498.0309601380754,357.96,2,0.0033054355591548854,5247.04872118324,ON_TIME,4.837323208038333
SHP-10001056,ORD-501056,BlueDart Logistics,WH-08,Zone-Suburban-B,RIGID_TRUCK_24FT,2026-10-03 19:51:26.589247519,2026-10-05 19:51:26.589247519,2026-10-04 18:29:57.466994523,18.412100796259825,73.97076645202218,7.666749125496766,70.5548621803299,11.110910007504328,14.798433218537106,234.4002362600499,176.42,2,0.01160091687431381,655.2263560069413,ON_TIME,22.64191048527889
SHP-10001057,ORD-501057,DHL Express,WH-01,Zone-Metro-A,EV_CARGO_VAN,2026-10-01 22:26:29.775195157,2026-10-08 22:26:29.775195157,2026-10-02 06:19:31.323771456,18.47776845852014,73.95612006656373,30.169926930501827,109.39863532869072,12.198509316066783,46.7315760639331,497.2296507674477,380.93,7,0.06236330097868305,483.0024423588815,ON_TIME,7.883763493416389
SHP-10001058,ORD-501058,DHL Express,WH-01,Zone-Suburban-B,RIGID_TRUCK_24FT,2026-10-01 21:50:52.467940967,2026-10-02 21:50:52.467940967,2026-10-02 06:38:47.921559708,18.492740287676096,73.77163313220598,49.514800338879986,68.16087340007198,26.451883133693535,47.35795817392084,917.0252546063261,670.0,1,0.0853856151670968,579.2179215426422,ON_TIME,8.798737116316945
SHP-10001059,ORD-501059,UPS Ground,WH-12,Zone-Metro-A,HEAVY_FREIGHT_TRAILER,2026-10-01 20:29:04.033075923,2026-10-05 20:29:04.033075923,2026-10-02 12:55:53.379704025,18.606304162353968,73.80598718084181,33.23590626211588,66.79969115353938,38.049083877142124,48.49296978423184,1544.2112038025107,1082.82,4,0.12325298353812407,269.4373926662571,ON_TIME,16.447040730028334
SHP-10001060,ORD-501060,BlueDart Logistics,WH-04,Zone-Rural-D,HEAVY_FREIGHT_TRAILER,2026-10-04 00:25:11.713921608,2026-10-08 00:25:11.713921608,2026-10-04 15:52:42.860174869,18.570739150813733,73.94229132053083,4.00710059331892,18.82980219868209,55.58843523376409,21.132881842941362,992.9836368074281,699.52,4,0.02212019402135811,180.33598579145098,ON_TIME,15.458651737016945
SHP-10001061,ORD-501061,BlueDart Logistics,WH-02,Zone-Rural-D,SPRINTER_VAN,2026-10-03 19:23:31.066883966,2026-10-04 19:23:31.066883966,2026-10-04 01:57:34.483319293,18.512373882080496,73.8714745579972,98.85954563977033,28.225921219550592,83.94354143702296,52.66231015543354,461.3240935487546,370.47,1,0.1247772238941327,791.6539346164565,ON_TIME,6.567615676479722
SHP-10001063,ORD-501063,DHL Express,WH-08,Zone-Metro-A,RIGID_TRUCK_24FT,2026-10-02 10:16:36.941606919,2026-10-06 10:16:36.941606919,2026-10-03 17:05:29.742987662,18.449069724200886,73.80277311791554,22.831757207728096,108.59196359748678,14.174418006787466,50.868207525323726,1155.1805583970743,816.42,4,0.07829776344268934,291.2297010158799,ON_TIME,30.81466705020639
SHP-10001064,ORD-501064,DHL Express,WH-09,Zone-Industrial-C,EV_CARGO_VAN,2026-10-02 18:18:55.478554240,2026-10-03 18:18:55.478554240,2026-10-03 02:12:47.380560024,18.41904690844441,73.98817453479256,38.6208143574387,98.27773486887659,24.61751212493865,43.97330166107895,784.2538913598992,565.99,1,0.10638695379365998,362.68118282615484,ON_TIME,7.8977505571622215
SHP-10001065,ORD-501065,UPS Ground,WH-04,Zone-Metro-A,SPRINTER_VAN,2026-10-02 15:25:54.788250903,2026-10-03 15:25:54.788250903,2026-10-04 05:02:09.694191384,18.65635152769546,73.94590186219997,117.83252861624328,47.31986653045091,77.33888753611465,36.87780523104873,1821.2424072097747,1306.32,1,0.1349604439041853,872.4429241461412,LATE,37.6041405390225
SHP-10001066,ORD-501066,FedEx Freight,WH-01,Zone-Suburban-B,EV_CARGO_VAN,2026-10-02 00:14:40.789479389,2026-10-03 00:14:40.789479389,2026-10-02 06:12:34.358030598,18.56918383848066,73.79936308120651,32.555671221709815,66.58540415167211,62.45343926107817,11.016712436571064,1445.1986693866916,1014.45,1,0.04581286089094147,709.0752044190954,ON_TIME,5.964880153113611
SHP-10001067,ORD-501067,FedEx Freight,,Zone-Metro-A,SPRINTER_VAN,2026-10-02 18:21:43.269561760,2026-10-04 18:21:43.269561760,2026-10-05 11:29:02.061658477,18.594728582091225,73.88961230017,3.912770950196046,67.50671111414299,69.26506180289198,44.10149165735721,1497.770861824453,1044.38,2,0.2062122471944865,18.965286857195412,LATE,45.79516401284843
SHP-10001068,ORD-501068,DHL Express,WH-04,Zone-Rural-D,EV_CARGO_VAN,2026-10-01 08:11:44.705203433,2026-10-03 08:11:44.705203433,2026-10-01 20:46:58.638597907,18.49217267522487,73.77827428202407,29.24720696094496,80.1092582124074,19.312615425459448,42.975342650200126,34.487972054169305,55.33,2,0.06648798186096676,439.2265112045601,ON_TIME,12.587203720687222
SHP-10001069,ORD-501069,DHL Express,WH-09,Zone-Metro-A,EV_CARGO_VAN,2026-10-01 15:29:25.248810541,2026-10-03 15:29:25.248810541,2026-10-02 09:34:03.140971726,18.51158648732131,73.84035870378163,8.276397977298542,80.33929391771817,20.124024153063093,22.18701233077732,1441.587821877657,995.87,2,0.035870849772729106,230.0862512170396,ON_TIME,18.077192266995834
SHP-10001070,ORD-501070,DHL Express,WH-09,Zone-Suburban-B,EV_CARGO_VAN,2026-10-03 21:50:04.023326990,2026-10-05 21:50:04.023326990,2026-10-04 02:38:31.040277534,18.42471023414589,73.91490534211889,36.5495531440776,90.0302863966675,18.4184505658672,45.470087297553434,369.6992650215558,284.5,2,0.07539933447099359,484.10430900049494,ON_TIME,4.807504708484444
SHP-10001071,ORD-501071,FedEx Freight,WH-08,Zone-Industrial-C,SPRINTER_VAN,2026-10-03 12:07:15.395614544,2026-10-10 12:07:15.395614544,2026-10-04 03:54:52.740089058,18.657096456340533,73.8325319219822,12.271973727118091,17.372247359769826,74.28768732321437,35.27500043872301,1088.6928132659061,761.55,7,0.04552394298692562,268.9809982147937,ON_TIME,15.79370679847611
SHP-10001072,ORD-501072,FedEx Freight,WH-04,Zone-Suburban-B,SPRINTER_VAN,2026-10-02 12:26:47.491628115,2026-10-04 12:26:47.491628115,,18.57773183502368,73.91418959893949,54.076985452149714,104.64961811055736,25.747570652020332,35.767343119887826,834.3608499162909,602.69,2,0.09637415591313993,560.5333878312207,EXCEPTION_OR_IN_TRANSIT,
SHP-10001073,ORD-501073,FedEx Freight,WH-04,Zone-Metro-A,EV_CARGO_VAN,2026-10-02 19:14:05.373903980,2026-10-03 19:14:05.373903980,2026-10-03 10:47:01.678993815,18.42508829895398,73.8111948661652,,,,,1062.6078773617758,738.77,1,,,ON_TIME,15.548973636065277
SHP-10001074,ORD-501074,BlueDart Logistics,WH-08,,SPRINTER_VAN,2026-10-02 08:38:23.711240826,2026-10-04 08:38:23.711240826,2026-10-02 20:02:39.471349052,18.6413588799175,73.93030169513327,30.067576492326197,60.23521059030929,48.71247746374443,11.42317727370751,257.26920707946704,196.78,2,0.033517959161229,894.390297403972,ON_TIME,11.404377807840556
SHP-10001075,ORD-501075,DHL Express,WH-11,Zone-Suburban-B,EV_CARGO_VAN,2026-10-03 11:20:10.141568046,2026-10-05 11:20:10.141568046,2026-10-03 20:13:27.933824024,18.533234610855093,73.83989739347999,,,,,851.7669104336869,594.55,2,,,ON_TIME,8.888275626660556
SHP-10001076,ORD-501076,DHL Express,WH-12,Zone-Suburban-B,SPRINTER_VAN,2026-10-03 14:27:41.316856955,2026-10-05 14:27:41.316856955,2026-10-05 00:45:03.901730754,18.629530405051003,73.94762031772785,40.28164661148549,61.32853877695258,24.657651879345117,47.2857409334832,79.9043327791568,92.23,2,0.07150633720746738,562.5430399375988,ON_TIME,34.28960690938861
SHP-10001077,ORD-501077,UPS Ground,WH-02,Zone-Metro-A,SPRINTER_VAN,2026-10-03 12:57:23.521300658,2026-10-05 12:57:23.521300658,2026-10-04 05:44:01.671776481,18.40378595862674,73.78417247867945,0.740950388898907,,,,87.35680191740141,81.98,2,,,ON_TIME,16.777264021061946
SHP-10001078,ORD-501078,FedEx Freight,WH-02,Zone-Suburban-B,SPRINTER_VAN,2026-10-03 10:01:40.959077089,2026-10-04 10:01:40.959077089,2026-10-05 06:47:45.025175008,18.408621909091636,73.84049448733808,22.724722460216952,36.77780188213423,13.232540084374838,5.123917988458634,1220.9226843627403,862.29,1,0.002493625079524385,8761.760764737892,LATE,44.767796138310835
SHP-10001079,ORD-501079,DHL Express,WH-12,Zone-Suburban-B,SPRINTER_VAN,2026-10-01 20:43:27.524589172,2026-10-05 20:43:27.524589172,2026-10-02 08:24:11.677036126,18.45123488763464,73.86598311344368,15.156381568880326,69.97334176000015,84.51042071932216,59.83595816223526,1761.2216104418667,1228.78,4,0.3538385355154218,42.82207233187789,ON_TIME,11.678931235265
SHP-10001080,ORD-501080,BlueDart Logistics,WH-10,Zone-Metro-A,EV_CARGO_VAN,2026-10-02 06:20:01.818619132,2026-10-09 06:20:01.818619132,2026-10-02 18:43:47.847445654,18.463274966842203,73.85596138112514,11.688649199133465,23.34685370040206,12.00691798695468,16.5875228617704,1440.8481845793913,1010.62,7,0.004649876738453963,2460.8321105481996,ON_TIME,12.396119118478333
SHP-10001081,ORD-501081,FedEx Freight,WH-12,Zone-Metro-A,RIGID_TRUCK_24FT,2026-10-02 15:49:43.936747768,2026-10-04 15:49:43.936747768,2026-10-03 19:46:15.672473704,18.62918665909304,73.85827362613009,0.7238259677498028,55.249403446643164,13.761740553689663,41.04607318787166,874.3083246894558,609.71,2,0.03120847692789195,23.119168952768955,ON_TIME,27.94214881276
SHP-10001082,ORD-501082,DHL Express,WH-03,Zone-Industrial-C,SPRINTER_VAN,2026-10-02 05:49:01.543378048,2026-10-04 05:49:01.543378048,2026-10-02 11:32:36.154871437,18.61200824920498,73.86120083333627,5.3916084053134625,46.263860288183466,34.348556491876096,55.98071025162466,114.69042028978141,93.37,2,0.0889587685661166,60.53989396126413,ON_TIME,5.726280970385833
SHP-10001083,ORD-501083,BlueDart Logistics,WH-08,Zone-Metro-A,SPRINTER_VAN,2026-10-03 12:21:20.499881038,2026-10-07 12:21:20.499881038,2026-10-03 19:49:42.016404690,18.584826435738947,73.99720088130816,41.39042378218425,92.44472464330275,72.37190168271538,37.984200404866534,,,4,0.2541295142533468,162.80731174641485,ON_TIME,7.4726434787922225
SHP-10001084,ORD-501084,DHL Express,WH-09,Zone-Metro-A,SPRINTER_VAN,2026-10-02 05:42:48.433485588,2026-10-06 05:42:48.433485588,2026-10-03 15:16:28.100280317,18.665457668945002,73.79828927581741,3.552628532205542,25.462534141867675,29.28919088325572,48.94668382964515,302.2059759166108,229.73,4,0.03650331214497919,97.05757003995195,ON_TIME,33.56101855409139
SHP-10001085,ORD-501085,DHL Express,WH-09,Zone-Suburban-B,EV_CARGO_VAN,2026-10-01 15:57:09.756894759,2026-10-03 15:57:09.756894759,2026-10-01 23:37:47.346586425,18.47414463509691,73.94216595762715,1.6774616370918454,79.8658527650847,45.395126034349616,58.700444168184816,1805.5397062307409,1244.29,2,0.21281966087980264,7.878378305509353,ON_TIME,7.677108247684999
SHP-10001087,ORD-501087,FedEx Freight,WH-01,Zone-Metro-A,SPRINTER_VAN,2026-10-04 04:33:13.820977192,2026-10-06 04:33:13.820977192,2026-10-06 11:57:06.457488025,18.672841320779554,73.85340710452746,40.70858658466649,70.83631464487121,15.915948736273316,35.68472487730989,1562.1826024619215,1108.49,2,0.04023192775810898,1009.3389740459847,LATE,45.79516401284843
SHP-10001088,ORD-501088,Unknown Carrier,WH-08,Zone-Suburban-B,EV_CARGO_VAN,2026-10-01 22:15:48.462232382,2026-10-03 22:15:48.462232382,2026-10-02 04:54:34.142597395,18.53027792805606,73.90838217929381,16.93032560395265,34.52551833245175,55.597453640553034,25.00366117651419,1308.0518027875212,909.9,2,0.04799530036408105,352.0162152183314,ON_TIME,6.646022323614722
SHP-10001089,ORD-501089,FedEx Freight,WH-04,Zone-Metro-A,EV_CARGO_VAN,2026-10-03 02:04:31.524398085,2026-10-07 02:04:31.524398085,2026-10-03 20:36:38.643556668,18.428315860126048,73.96338286077496,53.82593224072927,72.92185005235442,24.576885208707143,31.535544704017777,1124.77787563913,807.49,4,0.05651774897719023,950.6900788728689,ON_TIME,18.535310877384166
SHP-10001090,ORD-501090,DHL Express,WH-06,Zone-Metro-A,EV_CARGO_VAN,2026-10-02 13:10:26.614518451,2026-10-09 13:10:26.614518451,2026-10-03 06:22:26.366309617,18.617967972456857,73.86665959098828,22.52314928139414,79.02788410453071,62.069092226464406,51.30043925047994,1754.104393219577,1227.44,7,0.25163835168898757,89.4704725373771,ON_TIME,17.19993105310167
SHP-10001091,ORD-501091,UPS Ground,WH-12,Zone-Metro-A,HEAVY_FREIGHT_TRAILER,2026-10-01 11:06:49.567934705,2026-10-05 11:06:49.567934705,2026-10-01 13:45:35.573052851,18.501078601794124,73.96620034224027,3.447085868882451,21.671998642802393,68.90433812628828,51.934503558285215,435.49646679776237,316.6,4,0.07755352007177228,44.390593828797925,ON_TIME,2.6461125328183335
SHP-10001092,ORD-501092,UPS Ground,WH-05,Zone-Industrial-C,SPRINTER_VAN,2026-10-02 17:07:37.616274697,2026-10-03 17:07:37.616274697,2026-10-03 06:56:55.940981828,18.638478855231018,73.77344958373976,87.36439323624536,93.31270542037902,73.77506496042125,51.52202072971,848.0871996183043,,1,0.35468536558342767,246.24576352685455,ON_TIME,13.821756863091945
SHP-10001093,ORD-501093,DHL Express,WH-11,Zone-Metro-A,EV_CARGO_VAN,2026-10-03 08:33:20.993985642,2026-10-05 08:33:20.993985642,2026-10-04 06:33:54.752955678,18.44910708517114,73.91327105549827,4.697813991346887,96.81914072438293,20.0349503499492,37.8473421512506,1601.3608109099064,1115.45,2,0.0734150131307966,63.90278381626105,ON_TIME,22.009377491676666
SHP-10001094,ORD-501094,FedEx Freight,WH-03,Zone-Metro-A,EV_CARGO_VAN,2026-10-02 18:57:06.617734570,2026-10-04 18:57:06.617734570,2026-10-03 15:39:19.093256519,18.56185453407231,73.83329501533022,3.6199821355783164,21.0376352898655,44.16314117739437,31.23257547666871,1026.1372834464441,717.79,2,0.029017812875494972,124.32191081991698,ON_TIME,20.70346542276361
SHP-10001095,ORD-501095,FedEx Freight,WH-09,Zone-Suburban-B,SPRINTER_VAN,2026-10-03 20:47:29.891723113,2026-10-05 20:47:29.891723113,2026-10-05 02:22:38.125000932,18.55242211909546,73.84667883181804,13.206344241453163,72.30281136924214,81.03110874278843,22.123593085261398,464.96616663279207,336.42,2,0.1296171976719872,101.8087383821514,ON_TIME,29.58562035494972
SHP-10001096,ORD-501096,FedEx Freight,,Zone-Industrial-C,RIGID_TRUCK_24FT,2026-10-02 02:48:12.474717645,2026-10-06 02:48:12.474717645,2026-10-02 15:35:11.941172511,18.430094347170883,73.89275493772608,16.065373636213298,71.43109221236156,67.90626568332308,5.184847035006111,395.9883741561047,295.52,4,0.025149716118526295,636.2595745948116,ON_TIME,12.783185126351666
SHP-10001097,ORD-501097,FedEx Freight,WH-02,Zone-Metro-A,EV_CARGO_VAN,2026-10-01 12:12:35.785201987,2026-10-05 12:12:35.785201987,2026-10-02 14:20:27.906206958,18.508999847701798,73.86997919957439,26.58512286289805,16.183549127502115,18.772028638461123,47.04668989735257,1395.7952799157492,974.83,4,0.014292692541253092,1847.1264349390065,ON_TIME,26.131144723603057
SHP-10001098,ORD-501098,BlueDart Logistics,WH-01,Zone-Suburban-B,EV_CARGO_VAN,2026-10-04 01:25:57.806541755,2026-10-08 01:25:57.806541755,2026-10-04 11:56:19.012564376,18.42542659403402,73.84544485962746,6.4954436122202095,47.52290932581538,47.68751837637957,20.23490540077301,35.505987635339096,44.12,4,0.04585734650878223,141.33635002140431,ON_TIME,10.505890561839166
SHP-10001099,ORD-501099,DHL Express,WH-06,Zone-Metro-A,RIGID_TRUCK_24FT,2026-10-02 09:13:48.493797714,2026-10-09 09:13:48.493797714,2026-10-02 15:48:16.638172464,18.539422092853673,73.82708085545494,52.81260316519751,107.04794935780602,79.17854363791291,23.13228424619356,1692.285038266499,1195.14,7,0.19606694491907453,269.22274385720027,ON_TIME,6.574484548541667
SHP-10001101,ORD-501101,UPS Ground,WH-10,Zone-Suburban-B,EV_CARGO_VAN,2026-10-03 15:01:27.210292946,2026-10-07 15:01:27.210292946,2026-10-03 21:22:54.049759715,18.48106142899124,73.87639491295741,2.6106721666429533,103.65512126044298,72.80632066307265,7.8738136417441345,1171.7578681667342,822.88,4,0.05942168732846174,43.860856165524005,ON_TIME,6.357455407435833
SHP-10001102,ORD-501102,BlueDart Logistics,WH-12,Zone-Suburban-B,HEAVY_FREIGHT_TRAILER,2026-10-02 05:21:02.101676550,2026-10-06 05:21:02.101676550,2026-10-03 13:02:52.310400448,18.62945859615623,73.83082728137772,0.9272808115017367,,,,1123.5267531304094,785.55,4,,,ON_TIME,31.69728020108278
SHP-10001103,ORD-501103,FedEx Freight,WH-06,Zone-Metro-A,SPRINTER_VAN,2026-10-03 09:33:49.848295636,2026-10-05 09:33:49.848295636,2026-10-03 15:42:29.381301353,18.455028224683737,73.80124025471939,7.351615402648014,17.69709923121126,18.010875793431527,5.074905734117853,1075.1196956386875,750.27,2,0.0016175767536672741,4280.225257445558,ON_TIME,6.144314723810278
SHP-10001104,ORD-501104,Unknown Carrier,WH-04,Zone-Metro-A,EV_CARGO_VAN,2026-10-01 15:45:00.565872781,2026-10-05 15:45:00.565872781,2026-10-02 11:24:03.954973436,18.602120478247194,73.94361704899094,26.458334866685792,22.382753814597244,21.089119454463052,56.65430131539733,883.8425274930967,627.14,4,0.026742675390041312,985.6817356030722,ON_TIME,19.65094141684861
SHP-10001105,ORD-501105,FedEx Freight,WH-06,Zone-Metro-A,EV_CARGO_VAN,2026-10-02 02:58:23.339275666,2026-10-03 02:58:23.339275666,2026-10-02 16:48:26.732528426,18.674661219979136,73.94992873113198,22.90345329432246,83.60700075990518,13.500681460613478,30.0117170095879,1578.7669514816673,1106.32,1,0.03387577014607617,674.1113798407173,ON_TIME,13.834275903544444
SHP-10001106,ORD-501106,DHL Express,WH-10,Zone-Suburban-B,EV_CARGO_VAN,2026-10-01 16:25:08.996886585,2026-10-05 16:25:08.996886585,2026-10-02 07:48:08.651038254,18.49717842446973,73.80344703174505,14.054086058064112,67.68394008505683,24.648605543167342,10.616744383350078,1223.85381559391,859.32,4,0.01771207115366568,789.0203186826938,ON_TIME,15.3832372643525
SHP-10001107,ORD-501107,BlueDart Logistics,WH-01,Zone-Metro-A,EV_CARGO_VAN,2026-10-03 16:24:30.960737631,2026-10-05 16:24:30.960737631,2026-10-05 08:18:26.424368485,18.670123491426583,73.81541225331115,5.448468090481348,27.079408136988192,77.02105749028256,42.07887519826531,1449.0628733958854,1006.69,2,0.08776326412907567,62.010763479914274,ON_TIME,39.89873989745945
SHP-10001108,ORD-501108,UPS Ground,WH-08,Zone-Industrial-C,RIGID_TRUCK_24FT,2026-10-01 22:01:50.681770782,2026-10-03 22:01:50.681770782,2026-10-02 10:23:51.462229463,18.55162627795792,73.80978575562537,42.77877619682457,73.33595444359355,58.76485344574425,54.2721034146672,224.3290793897509,192.2,2,0.23388978773256458,182.82326169601038,ON_TIME,12.366883460744722
SHP-10001109,ORD-501109,FedEx Freight,WH-08,Zone-Rural-D,SPRINTER_VAN,2026-10-03 09:39:11.001561030,2026-10-07 09:39:11.001561030,2026-10-04 10:07:31.206616417,18.495041539949696,73.97114243639413,10.560094840881437,91.97729925397864,65.41427011621832,29.0940049266191,103.7136956467791,91.44,4,0.1750478017048823,60.29247719976991,ON_TIME,24.472279182051945
SHP-10001110,ORD-501110,BlueDart Logistics,WH-08,,SPRINTER_VAN,2026-10-04 01:55:02.944566073,2026-10-08 01:55:02.944566073,2026-10-04 18:46:06.919236501,18.66895247053346,73.94353259526547,15.347773433257556,86.53333086259813,56.62460937949958,43.02468472168665,64.43539941293315,58.03,4,0.21081734357545903,72.76676812386766,ON_TIME,16.851104075118887
SHP-10001111,ORD-501111,FedEx Freight,WH-04,Zone-Rural-D,HEAVY_FREIGHT_TRAILER,2026-10-02 19:59:58.556590652,2026-10-03 19:59:58.556590652,2026-10-03 10:53:49.250771459,18.409611180030918,73.76864338081249,2.343347316142161,38.38543370304636,38.99044691037608,58.864949610411166,282.5646013004635,218.34,1,0.08810112246053259,26.568225559609402,ON_TIME,14.897415050224167
SHP-10001112,ORD-501112,FedEx Freight,WH-09,Zone-Suburban-B,SPRINTER_VAN,2026-10-02 20:52:55.566633970,2026-10-03 20:52:55.566633970,2026-10-05 22:12:46.240514778,18.40840565538184,73.95816648745677,1.0243952539144663,,,,1237.9605022876162,865.49,1,,,LATE,45.79516401284843
SHP-10001113,ORD-501113,UPS Ground,WH-02,Zone-Industrial-C,EV_CARGO_VAN,2026-10-02 15:11:39.900850952,2026-10-04 15:11:39.900850952,2026-10-02 21:38:17.799770234,18.5799488812619,73.75921295518145,26.92009601719129,106.94459148470081,79.42109380073731,50.124720130747846,920.0119870522719,656.48,2,0.4257421515300976,63.216137529984834,ON_TIME,6.443860810911667
SHP-10001114,ORD-501114,UPS Ground,WH-03,Zone-Metro-A,SPRINTER_VAN,2026-10-02 05:27:50.725167632,2026-10-04 05:27:50.725167632,2026-10-03 19:28:38.549681803,18.63902521519907,73.81329994774575,196.37246499635972,99.30345620450804,48.61223361685161,21.238041014094716,1394.6396468258863,1046.34,2,0.10252372939062657,1913.5190872755006,ON_TIME,38.01328458726972
SHP-10001115,ORD-501115,UPS Ground,WH-11,Zone-Suburban-B,HEAVY_FREIGHT_TRAILER,2026-10-02 16:14:49.784015738,2026-10-06 16:14:49.784015738,2026-10-03 17:26:33.480652054,18.62546389223143,73.97974784602415,16.29645895836746,45.242044870932844,46.082491090595454,28.4485679994588,,,4,0.059311455860114555,274.29825986317843,ON_TIME,25.195471287865555
SHP-10001116,ORD-501116,FedEx Freight,WH-10,Zone-Suburban-B,RIGID_TRUCK_24FT,2026-10-03 01:24:07.712363544,2026-10-10 01:24:07.712363544,2026-10-03 13:26:34.933532284,18.42384085100548,73.96608282369155,27.107430902677553,93.2851765185558,84.70780664451593,20.497122767349346,686.4780711417084,489.54,7,0.16196790941171801,167.2597061384541,ON_TIME,12.040894769094443
SHP-10001117,ORD-501117,BlueDart Logistics,WH-01,Zone-Suburban-B,EV_CARGO_VAN,2026-10-04 04:59:29.015506634,2026-10-06 04:59:29.015506634,2026-10-06 04:24:43.227214383,18.685075358060068,73.94535862868115,26.41650380488068,30.365160324591816,38.794749129135745,29.53064616387673,1645.0584942340638,1150.31,2,0.034787360373256464,757.1941104816495,ON_TIME,45.79516401284843
SHP-10001118,ORD-501118,FedEx Freight,WH-04,Zone-Industrial-C,SPRINTER_VAN,2026-10-04 01:31:08.573775283,2026-10-08 01:31:08.573775283,2026-10-04 06:27:56.831599170,18.610919061291252,73.86438680727731,10.460995556979592,33.69990462602362,74.05939861691793,5.279896783555539,1731.8433356004443,1192.37,4,0.013177538250816273,787.8716189227679,ON_TIME,4.946738284413056
SHP-10001119,ORD-501119,FedEx Freight,WH-03,Zone-Metro-A,SPRINTER_VAN,2026-10-03 20:04:30.046789577,2026-10-05 20:04:30.046789577,2026-10-04 07:47:23.270828679,18.684733616118322,73.830353525255,1.4847157328112788,,,,1706.1381868700976,1181.33,2,,,ON_TIME,11.714784455306111
SHP-10001120,ORD-501120,BlueDart Logistics,WH-04,Zone-Metro-A,HEAVY_FREIGHT_TRAILER,2026-10-03 22:01:02.634854699,2026-10-07 22:01:02.634854699,2026-10-04 05:30:51.392956161,18.498729327692228,73.97038645938511,23.12452696244481,23.33347362628394,27.450265776834666,29.491173516573266,1516.0446712410017,1057.1,4,0.018889393098515176,1217.7601907800292,ON_TIME,7.496877250406111
SHP-10001121,ORD-501121,DHL Express,WH-04,Zone-Rural-D,EV_CARGO_VAN,2026-10-02 15:41:06.508309297,2026-10-03 15:41:06.508309297,2026-10-03 13:10:51.131775216,18.608181738394844,73.9142685225673,60.00734004143519,96.19442103532876,17.112976926262156,39.77321010383528,1276.9775448629255,912.81,1,0.06547358092172247,915.1145811766495,ON_TIME,21.495728740533053
SHP-10001122,ORD-501122,BlueDart Logistics,WH-01,Zone-Metro-A,SPRINTER_VAN,2026-10-03 05:20:09.569604398,2026-10-05 05:20:09.569604398,2026-10-03 13:18:45.217002114,18.657981624020046,73.82387721376195,18.43594417118689,69.98665532943465,83.17150867868982,40.05487651467499,1691.3399692224782,1172.16,2,0.233155258913895,79.03763566587979,ON_TIME,7.976568721587777
SHP-10001123,ORD-501123,BlueDart Logistics,WH-06,Zone-Suburban-B,RIGID_TRUCK_24FT,2026-10-03 22:26:41.294585066,2026-10-07 22:26:41.294585066,2026-10-04 20:14:08.465075203,18.514139266946287,73.86579896949137,7.490017925508476,39.60082878692417,41.942264810167515,37.10820901587711,1324.6657657883907,931.46,4,0.06163482216122772,121.32565808560065,ON_TIME,21.79088069170472
SHP-10001124,ORD-501124,UPS Ground,WH-10,Zone-Rural-D,SPRINTER_VAN,2026-10-02 10:17:32.838285758,2026-10-03 10:17:32.838285758,2026-10-03 00:51:37.060729600,18.68945797563057,73.9703750555654,16.37683508777847,95.62222810912144,10.166524150764664,21.11675062757633,1765.3348251574575,1229.11,1,0.020528558139416588,793.8914090406532,ON_TIME,14.56783956773389
SHP-10001125,ORD-501125,UPS Ground,WH-08,Zone-Suburban-B,SPRINTER_VAN,2026-10-04 03:14:48.834387145,2026-10-08 03:14:48.834387145,2026-10-04 15:17:20.875331905,18.47949783736616,73.97586385901955,9.186519430586971,91.25144214231793,47.4263375371719,57.107237376466,57.56095428380099,59.56,4,0.24714423018106318,37.15564736883628,ON_TIME,12.042233595766668
SHP-10001126,ORD-501126,FedEx Freight,WH-09,Zone-Suburban-B,EV_CARGO_VAN,2026-10-02 11:56:11.747288332,2026-10-06 11:56:11.747288332,2026-10-03 09:06:26.462372036,18.494684087806366,73.91482552349294,48.16642973002642,24.59039422213678,56.447527281058775,26.558340305760463,1705.9781538742327,1199.4,4,0.03686475439091399,1303.0366500112827,ON_TIME,21.170754189917776
SHP-10001127,ORD-501127,DHL Express,WH-02,Zone-Metro-A,EV_CARGO_VAN,2026-10-03 01:16:40.626869921,2026-10-05 01:16:40.626869921,2026-10-03 15:05:16.774875620,18.67609857298811,73.93313896517925,12.995573916489963,76.19324050482233,68.20661855860257,16.92916676814818,1033.451105424171,736.24,2,0.08797890392243791,147.54468252617943,ON_TIME,13.810041112694165
SHP-10001128,ORD-501128,DHL Express,WH-12,Zone-Metro-A,EV_CARGO_VAN,2026-10-03 09:06:21.381680198,2026-10-05 09:06:21.381680198,2026-10-03 17:12:36.644819493,18.69089792395081,73.75982445830721,24.011415156730557,83.5741921449482,80.7206588667729,35.498211681739306,217.48426784600227,173.23,2,0.23947675253603645,100.22431184394166,ON_TIME,8.104239760915277
SHP-10001129,ORD-501129,FedEx Freight,WH-11,Zone-Rural-D,HEAVY_FREIGHT_TRAILER,2026-10-04 02:26:33.449789283,2026-10-08 02:26:33.449789283,2026-10-08 08:01:38.190597365,18.485558724491543,73.9011501269093,39.35351076612369,83.00359701366656,78.63779717090972,46.19107684345025,407.00691377714764,307.73,4,0.3014993218143184,130.4827561593522,LATE,45.79516401284843
SHP-10001130,ORD-501130,UPS Ground,WH-11,Zone-Suburban-B,EV_CARGO_VAN,2026-10-01 23:36:44.538234347,2026-10-05 23:36:44.538234347,2026-10-02 11:35:36.969361255,18.440917011892857,73.92224814209274,24.158633105353918,83.69855724612407,80.51018650411514,5.672846505224642,1578.2687638356113,1097.59,4,0.038226966615789316,630.329901855615,ON_TIME,11.981230868585556
SHP-10001131,ORD-501131,DHL Express,WH-11,Zone-Suburban-B,SPRINTER_VAN,2026-10-03 11:43:17.149559456,2026-10-05 11:43:17.149559456,2026-10-03 15:36:43.179450111,18.62771662291318,73.75509428677006,10.966479069316959,31.09848963665855,12.409386119460457,20.198920406755107,942.2429630078964,661.92,2,0.007795029316546644,1389.035889497342,ON_TIME,3.8905638585152778
SHP-10001132,ORD-501132,FedEx Freight,WH-12,Zone-Metro-A,SPRINTER_VAN,2026-10-02 19:29:55.399928546,2026-10-04 19:29:55.399928546,2026-10-03 05:00:41.397448326,18.678899579890135,73.96096474698906,1.661482467362184,44.93321315553309,63.38306003728508,50.37378189300164,1818.4189757842448,1264.7,2,0.14346475988615837,11.573052249588821,ON_TIME,9.512777088827779
SHP-10001133,ORD-501133,FedEx Freight,WH-07,Zone-Metro-A,EV_CARGO_VAN,2026-10-02 01:20:10.010848870,2026-10-06 01:20:10.010848870,2026-10-02 08:33:06.815161905,18.580214093110563,73.98207125291269,17.258888887676534,95.19695830792394,26.939347210426494,32.886160136207906,228.02217927013675,179.5,4,0.08433800180693934,204.3971732909737,ON_TIME,7.215778975843056
SHP-10001134,ORD-501134,UPS Ground,WH-03,Zone-Rural-D,SPRINTER_VAN,2026-10-03 13:54:56.492875224,2026-10-05 13:54:56.492875224,2026-10-04 18:03:00.497311629,18.590355686321875,73.8094841131047,31.06464803230892,100.34721627161721,24.066451540424048,27.46685675189527,770.1813666484373,554.69,2,0.06633249799331914,467.61222249136216,ON_TIME,28.134445676779166
SHP-10001135,ORD-501135,FedEx Freight,WH-08,Zone-Suburban-B,SPRINTER_VAN,2026-10-02 21:45:36.015021061,2026-10-03 21:45:36.015021061,2026-10-03 18:01:43.072668683,18.62888300025169,73.96144898317424,1.485358966004737,,,,621.9852263824371,444.58,1,,,ON_TIME,20.268627124339446
SHP-10001136,ORD-501136,BlueDart Logistics,WH-10,Zone-Suburban-B,RIGID_TRUCK_24FT,2026-10-03 05:35:24.414312395,2026-10-05 05:35:24.414312395,2026-10-04 02:53:59.407425583,18.44592544565242,73.91637814567729,16.83816730915517,17.18685403688648,41.284726687965986,9.924430341756128,960.6569314873261,680.16,2,0.007041924918911666,2357.6511235182634,ON_TIME,21.30972030921889
SHP-10001137,ORD-501137,DHL Express,WH-10,Zone-Metro-A,SPRINTER_VAN,2026-10-02 05:14:55.956975391,2026-10-06 05:14:55.956975391,2026-10-02 18:10:40.940968540,18.692040668948422,73.89517395493755,10.306997438443606,96.67785998078027,78.74500568367519,38.8563610427817,1176.2587110825425,829.03,4,0.29580953789206244,34.831582354074854,ON_TIME,12.929162220319167
SHP-10001138,ORD-501138,DHL Express,WH-07,Zone-Industrial-C,SPRINTER_VAN,2026-10-02 16:39:06.208313715,2026-10-06 16:39:06.208313715,2026-10-03 06:21:56.861611711,18.50929881541858,73.96078149342229,0.6721716132419774,,,,1228.074964723481,859.48,4,,,ON_TIME,13.714070360554445
SHP-10001139,ORD-501139,UPS Ground,WH-01,Zone-Rural-D,EV_CARGO_VAN,2026-10-03 02:26:58.221856107,2026-10-10 02:26:58.221856107,2026-10-03 15:22:15.723820886,18.588472127782676,73.8214026339363,15.195760955331293,46.29903781619396,70.16356221153724,8.895286906110915,14.381827277848041,37.8,7,0.028896387728298105,524.0570341974519,ON_TIME,12.921528323549722
SHP-10001140,ORD-501140,BlueDart Logistics,WH-05,Zone-Suburban-B,HEAVY_FREIGHT_TRAILER,2026-10-02 11:09:12.883058743,2026-10-06 11:09:12.883058743,2026-10-03 02:45:10.272581146,18.540584806149997,73.94771404442172,53.494498070634904,47.96496957041944,20.262580846194673,16.75594797359511,175.50927729052185,160.67,4,0.016285006534861323,3264.8444757600864,ON_TIME,15.599274867334167
SHP-10001141,ORD-501141,DHL Express,WH-12,Zone-Metro-A,EV_CARGO_VAN,2026-10-01 20:16:58.162328524,2026-10-08 20:16:58.162328524,2026-10-03 00:35:08.852988461,18.540454293929454,73.82863019191706,10.54219097618825,54.491160276925946,23.243290117373835,39.536326715950636,76.44732625963958,,7,0.050074886704223366,210.1089144123744,ON_TIME,28.302969627760277
SHP-10001142,ORD-501142,UPS Ground,WH-08,Zone-Suburban-B,RIGID_TRUCK_24FT,2026-10-04 03:14:17.215608126,2026-10-05 03:14:17.215608126,,18.610823311635915,73.94686413572701,0.8417532310454827,,,,1601.1332310800337,1105.19,1,,,EXCEPTION_OR_IN_TRANSIT,
SHP-10001143,ORD-501143,UPS Ground,WH-07,Zone-Industrial-C,EV_CARGO_VAN,2026-10-02 18:49:32.386379046,2026-10-06 18:49:32.386379046,2026-10-03 17:35:14.018033481,18.698398689661676,73.86276350143912,15.650069106457254,68.81093541768823,39.66924556545996,37.5736848464143,587.831161307447,422.04,4,0.10256405694667751,152.43961296586704,ON_TIME,22.761564348454165
SHP-10001144,ORD-501144,FedEx Freight,WH-04,Zone-Suburban-B,HEAVY_FREIGHT_TRAILER,2026-10-03 10:50:32.159978571,2026-10-04 10:50:32.159978571,2026-10-04 09:35:44.293949977,18.597717955148784,73.77923636787327,37.96652236711951,22.499326457328067,46.46292295965033,57.626773166951736,686.6626061687576,500.84,1,0.06024213383045039,629.1876000573334,ON_TIME,22.75337054761278
SHP-10001145,ORD-501145,BlueDart Logistics,WH-05,Zone-Rural-D,SPRINTER_VAN,2026-10-02 11:35:43.432569730,2026-10-06 11:35:43.432569730,2026-10-03 16:48:59.027880776,18.63821773947182,73.8453799650765,3.6589772086422605,107.29631845930894,80.50198915232914,48.730283430364814,839.7823555640211,598.4,4,0.42091109121142717,8.690928303370427,ON_TIME,29.220998697512776
SHP-10001146,ORD-501146,BlueDart Logistics,WH-12,Zone-Suburban-B,RIGID_TRUCK_24FT,2026-10-02 07:34:10.153235465,2026-10-04 07:34:10.153235465,2026-10-03 03:24:05.405515924,18.40828481717868,73.80837331957744,7.627439285047722,103.96284827485532,59.30417016726798,24.007839363361512,1573.0214821520722,1088.67,2,0.148018663733521,51.49546379091147,ON_TIME,19.83201452234972
SHP-10001147,ORD-501147,UPS Ground,WH-09,Zone-Rural-D,EV_CARGO_VAN,2026-10-02 11:18:56.986162678,2026-10-04 11:18:56.986162678,2026-10-03 08:04:49.668273129,18.643128210719446,73.77513288769656,6.528362096998539,103.76863142847243,31.773203638150047,12.601420549888458,38.03758764840397,45.61,2,0.04154766304697939,156.75218294083913,ON_TIME,20.76463391956972
SHP-10001148,ORD-501148,BlueDart Logistics,WH-10,Zone-Suburban-B,SPRINTER_VAN,2026-10-02 11:27:43.770069240,2026-10-06 11:27:43.770069240,2026-10-03 23:04:32.277415185,18.489992764530488,73.77757176710591,11.329757664869401,98.53137428778177,22.968153423838373,30.57854386521382,230.02038831016503,182.04,4,0.06920180485475921,163.48430879417919,ON_TIME,35.6134742627625
SHP-10001149,ORD-501149,BlueDart Logistics,WH-06,Zone-Metro-A,SPRINTER_VAN,2026-10-02 21:10:51.486052154,2026-10-06 21:10:51.486052154,2026-10-03 07:51:14.399989993,18.4380105535104,73.94501784962601,6.289716700393405,77.73099870726432,41.50347063482002,26.612273989812298,1271.329818494975,886.86,4,0.08585402270707937,73.17536169107498,ON_TIME,10.673031649399723
SHP-10001150,ORD-501150,UPS Ground,WH-08,Zone-Metro-A,RIGID_TRUCK_24FT,2026-10-02 21:07:47.390299169,2026-10-03 21:07:47.390299169,2026-10-03 06:33:31.018973987,18.43400022563431,73.97034946313062,49.507045912835025,36.005313461101075,43.87307704508032,58.44531280131186,1783.6344567365634,1251.77,1,0.09232395026030701,535.6516982167623,ON_TIME,9.428785743005
SHP-10001151,ORD-501151,BlueDart Logistics,WH-04,Zone-Metro-A,EV_CARGO_VAN,2026-10-02 17:47:42.269076840,2026-10-06 17:47:42.269076840,,18.603962444250886,73.98178227985812,48.02041438711869,19.70093127890537,55.09708074246372,59.44274299796321,1193.4414423439,854.04,4,0.06452294577876067,743.0861253449907,EXCEPTION_OR_IN_TRANSIT,
SHP-10001152,ORD-501152,UPS Ground,WH-09,Zone-Rural-D,HEAVY_FREIGHT_TRAILER,2026-10-01 15:42:16.475450599,2026-10-03 15:42:16.475450599,2026-10-02 10:13:31.358219193,18.699285050812165,73.96348654308261,4.7463968315942795,24.435501154267826,29.950202765482597,27.582156097808515,491.9449350433077,354.15,2,0.02018595168524952,233.9745704435211,ON_TIME,18.520800769053892
SHP-10001153,ORD-501153,UPS Ground,WH-06,Zone-Industrial-C,RIGID_TRUCK_24FT,2026-10-02 17:43:02.764027337,2026-10-04 17:43:02.764027337,2026-10-02 22:38:46.062409054,18.59985852951187,73.95755602432136,49.45975484586559,45.77928754423253,67.56319353226127,13.183119094146525,967.5108201098026,703.96,2,0.04077531965127777,1210.0151208069992,ON_TIME,4.928693994921389
SHP-10001154,ORD-501154,UPS Ground,WH-06,Zone-Industrial-C,EV_CARGO_VAN,2026-10-01 18:10:31.730989032,2026-10-05 18:10:31.730989032,2026-10-02 16:22:56.340032034,18.478704445020032,73.76720896287915,1.3555454360603365,,,,1804.0141141186762,1248.49,4,,,ON_TIME,22.206835845278334
SHP-10001155,ORD-501155,BlueDart Logistics,WH-09,Zone-Metro-A,RIGID_TRUCK_24FT,2026-10-01 15:04:54.395807862,2026-10-03 15:04:54.395807862,2026-10-02 06:23:58.968671709,18.46099179130088,73.94753089868043,3.704095995022856,109.35904176255544,52.034002270049086,48.64482516168463,982.6046925915997,694.81,2,0.27680795987817575,13.376632425635053,ON_TIME,15.317936906624167
SHP-10001156,ORD-501156,FedEx Freight,WH-12,Zone-Metro-A,SPRINTER_VAN,2026-10-04 01:09:01.769934830,2026-10-11 01:09:01.769934830,2026-10-05 11:31:54.820382321,18.55778712978041,73.94582066491411,20.715922599470822,56.367131720486924,56.76487399330835,33.12008136606337,698.507023440436,499.73,7,0.10597343439310651,195.29793409627837,ON_TIME,34.38140290208083
SHP-10001157,ORD-501157,BlueDart Logistics,WH-01,Zone-Industrial-C,SPRINTER_VAN,2026-10-03 01:33:23.043407884,2026-10-04 01:33:23.043407884,2026-10-03 12:10:54.727722030,18.41951178980521,73.78282259852615,10.902270563149044,64.8413785966808,25.5123685798859,25.094505365832774,716.7361697935679,511.22,1,0.04151276492680209,261.99341914257354,ON_TIME,10.625467865040555
SHP-10001158,ORD-501158,BlueDart Logistics,WH-11,Zone-Suburban-B,EV_CARGO_VAN,2026-10-03 05:28:59.823065892,2026-10-07 05:28:59.823065892,2026-10-03 19:53:31.709693920,18.519799249878155,73.91550230798366,11.675708086942,81.03993848286765,71.95085128747158,29.64912051798501,1789.407588791601,1232.21,4,0.1728808363019156,67.49711896734946,ON_TIME,14.408857396674444
SHP-10001159,ORD-501159,FedEx Freight,WH-04,Zone-Metro-A,SPRINTER_VAN,2026-10-02 10:55:44.919350407,2026-10-06 10:55:44.919350407,2026-10-03 21:02:01.466346939,18.599870471201736,73.86312683411482,15.455072188289373,32.16972719254065,56.157409390575815,54.60346464178107,1333.3685761328752,939.87,4,0.09864490139327542,156.51514123990884,ON_TIME,34.104596387925554
SHP-10001160,ORD-501160,BlueDart Logistics,WH-06,Zone-Suburban-B,SPRINTER_VAN,2026-10-03 23:26:47.847184332,2026-10-05 23:26:47.847184332,2026-10-05 15:51:18.157920584,18.690298682742544,73.97500338086802,5.495438378566526,103.61856514841429,58.42916609859797,15.155389626994616,1275.0237086333227,900.79,2,0.0917559779309637,59.82668196833894,ON_TIME,40.40841964895889
SHP-10001161,ORD-501161,FedEx Freight,WH-01,Zone-Metro-A,SPRINTER_VAN,2026-10-03 03:55:51.582899049,2026-10-05 03:55:51.582899049,2026-10-03 14:29:59.061158582,18.52769603434468,73.92385209059891,44.18497696298649,65.25828755505975,47.33076293225789,49.373093661790904,438.51584326759263,335.31,2,0.15249988589205793,289.5479030321221,ON_TIME,10.56874396098139
SHP-10001162,ORD-501162,DHL Express,WH-04,Zone-Metro-A,SPRINTER_VAN,2026-10-03 13:22:48.830180513,2026-10-07 13:22:48.830180513,2026-10-04 07:53:14.613972130,18.46006718212219,73.98774688409357,22.645059379679218,41.24435283216802,78.21956628822538,6.000484805493546,1040.3327642094498,738.8,4,0.019358256380688398,1163.7763906818293,ON_TIME,18.507162164338055
SHP-10001163,ORD-501163,BlueDart Logistics,WH-07,Zone-Suburban-B,SPRINTER_VAN,2026-10-02 08:32:11.391971983,2026-10-06 08:32:11.391971983,2026-10-03 04:26:58.159764408,18.645208721011834,73.77623066131866,8.707773248079725,103.83535370218983,62.04456861157183,55.631459622814674,667.6976748840121,478.26,4,0.35840121292040633,24.289382948372356,ON_TIME,19.91299105345139
SHP-10001164,ORD-501164,FedEx Freight,WH-01,Zone-Metro-A,SPRINTER_VAN,2026-10-04 03:07:15.079508317,2026-10-06 03:07:15.079508317,2026-10-05 00:05:10.614139102,18.623259857458184,73.7601518286131,29.96573309024489,74.41780876310025,38.63766736718219,32.51635038054131,453.4904045195598,334.5,2,0.09349525533698581,320.16295037985117,ON_TIME,20.965426286329166
SHP-10001165,ORD-501165,BlueDart Logistics,WH-07,,EV_CARGO_VAN,2026-10-03 17:04:23.566409035,2026-10-05 17:04:23.566409035,2026-10-04 06:56:15.477171371,18.65791116646142,73.99339483944014,17.05050119059814,60.95052446867499,27.895441583806466,17.47113044876447,1658.0251016939242,1160.86,2,0.029705146191711777,572.0656788906994,ON_TIME,13.864419656204445
SHP-10001166,ORD-501166,BlueDart Logistics,WH-12,Zone-Metro-A,RIGID_TRUCK_24FT,2026-10-03 19:29:03.441613369,2026-10-04 19:29:03.441613369,2026-10-05 09:18:23.766956825,18.464415618262866,73.77004804036123,7.375453148266274,70.11481144627354,15.329625611761543,5.157107654945033,716.2403765056836,508.77,1,0.00554303366578956,1307.0014437410446,LATE,37.82231259540445
SHP-10001167,ORD-501167,DHL Express,WH-02,Zone-Metro-A,SPRINTER_VAN,2026-10-01 18:23:52.754116755,2026-10-02 18:23:52.754116755,2026-10-01 23:12:46.003404334,18.52144965875495,73.84654895522756,7.006680344134319,86.08871079599653,22.402062788526965,35.77505578096258,531.7628046224291,374.3,1,0.06899450988552182,101.40719365030925,ON_TIME,4.814791468771944
SHP-10001168,ORD-501168,FedEx Freight,WH-10,Zone-Metro-A,EV_CARGO_VAN,2026-10-02 01:30:33.663480220,2026-10-04 01:30:33.663480220,2026-10-02 14:00:57.821600705,18.69446633131691,73.91249265556264,2.485895249176528,29.681110350830565,84.45122140627448,18.446832880791096,1724.5020889661805,1190.13,2,0.046238942382536084,53.64592114889087,ON_TIME,12.506710589023612
SHP-10001169,ORD-501169,DHL Express,WH-06,Zone-Industrial-C,EV_CARGO_VAN,2026-10-02 02:33:54.414637983,2026-10-03 02:33:54.414637983,2026-10-03 00:34:03.326956566,18.44741269593291,73.97001416833352,4.736352741735526,97.1588909168064,40.50751719937301,39.719538480596384,374.72267668635845,269.83,1,0.15632281508484502,30.27916828607444,ON_TIME,22.002475644050833
SHP-10001170,ORD-501170,UPS Ground,WH-09,Zone-Suburban-B,SPRINTER_VAN,2026-10-02 01:30:19.670665589,2026-10-06 01:30:19.670665589,2026-10-02 23:38:28.544320703,18.60143524574663,73.81364432955348,8443.034100861672,106.15314697833023,77.4015420458055,20.464310479862597,1382.2377943089687,4506.61,4,0.16814331402774066,50183.47474699381,ON_TIME,22.135798237531667
SHP-10001171,ORD-501171,BlueDart Logistics,WH-04,Zone-Suburban-B,RIGID_TRUCK_24FT,2026-10-03 19:35:21.795617431,2026-10-07 19:35:21.795617431,2026-10-05 11:12:27.994696436,18.47115533846418,73.75726455297125,10.919003896880225,68.86496691625707,22.79270176639483,9.841321605462479,1211.749251525315,849.16,4,0.01544712196284287,702.3167325101263,ON_TIME,39.618388633056945
SHP-10001172,ORD-501172,UPS Ground,WH-02,Zone-Metro-A,EV_CARGO_VAN,2026-10-01 08:17:44.538918067,2026-10-08 08:17:44.538918067,2026-10-02 20:07:40.404106213,18.55004770188476,73.8803216976248,3.309971996722768,79.81573044577182,41.902065350563724,32.777839641395765,1703.8503793482607,1185.94,7,0.10962364758571469,30.16644150603051,ON_TIME,35.832184774485
SHP-10001173,ORD-501173,FedEx Freight,WH-03,Zone-Metro-A,SPRINTER_VAN,2026-10-01 11:28:45.117143816,2026-10-05 11:28:45.117143816,2026-10-02 01:08:17.482650842,18.640152893738705,73.86777800506806,10.364278027335237,96.68418068039287,82.03888502750866,36.04671549584794,1541.3026388486574,1081.59,4,0.28591758666564543,36.23650611195136,ON_TIME,13.658990418618334
SHP-10001174,ORD-501174,UPS Ground,WH-01,Zone-Suburban-B,EV_CARGO_VAN,2026-10-02 01:43:18.734467271,2026-10-09 01:43:18.734467271,2026-10-03 16:00:05.182993595,18.546575815766744,73.82672329554727,5.15187425847049,50.60700998456755,16.834918856447494,29.892451404675292,1308.332610573061,921.39,7,0.025467319570751712,201.50232190800665,ON_TIME,38.27956903509
SHP-10001175,ORD-501175,UPS Ground,WH-03,Zone-Industrial-C,SPRINTER_VAN,2026-10-01 20:23:27.075029135,2026-10-03 20:23:27.075029135,2026-10-02 06:43:45.603408929,18.641644507993572,73.96847484187536,4.196078976585338,109.31902051382785,54.548821285937706,30.191955488137975,590.1827123612618,417.96,2,0.18004138491361266,23.29325367736892,ON_TIME,10.338480105498332
SHP-10001176,ORD-501176,BlueDart Logistics,WH-09,Zone-Rural-D,HEAVY_FREIGHT_TRAILER,2026-10-01 22:41:38.011918434,2026-10-05 22:41:38.011918434,2026-10-03 04:48:37.802716235,18.5279004716321,73.93733054289581,18.38365209576801,79.64763008415528,78.93789255222265,37.43075703450084,922.8558427152694,658.36,4,0.23533525697571583,78.08368352266037,ON_TIME,30.116608554944722
SHP-10001177,ORD-501177,FedEx Freight,WH-12,Zone-Metro-A,RIGID_TRUCK_24FT,2026-10-03 15:27:06.874654455,2026-10-10 15:27:06.874654455,2026-10-05 20:48:00.274285235,18.69980587896101,73.96452909579982,12.141566440478437,55.2798763440083,81.2262529715688,33.94944301755844,1747.9832093561165,1217.71,7,0.1524390156744067,79.59646511941911,ON_TIME,45.79516401284843
SHP-10001178,ORD-501178,BlueDart Logistics,WH-11,Zone-Suburban-B,EV_CARGO_VAN,2026-10-02 22:32:42.413136818,2026-10-06 22:32:42.413136818,2026-10-04 10:46:07.742097153,18.53074847026606,73.7904522398693,8.40253158565689,79.34710762515458,73.45056078338317,12.291214637446199,54.64643500878509,58.07,4,0.07163429960505997,117.1340855339472,ON_TIME,36.22370248898194
SHP-10001179,ORD-501179,UPS Ground,WH-09,Zone-Rural-D,SPRINTER_VAN,2026-10-01 06:24:55.755407137,2026-10-02 06:24:55.755407137,2026-10-02 00:01:49.751443602,18.444813843591348,73.92310298973509,18.215250058959683,64.55960308877647,74.1950824270112,15.83971055667678,1471.9818921812316,1030.03,1,0.07587229391542359,239.76174892438905,ON_TIME,17.614998899018058
SHP-10001180,ORD-501180,UPS Ground,WH-02,Zone-Suburban-B,EV_CARGO_VAN,2026-10-02 12:54:40.460870527,2026-10-06 12:54:40.460870527,2026-10-03 02:09:56.979660331,18.520560854694775,73.99377543385471,2.11677774511229,25.605949296144694,58.91372155880991,12.798507278597754,474.8274241342302,345.77,4,0.01930708278606863,109.0724334226996,ON_TIME,13.254588552723334
SHP-10001181,ORD-501181,DHL Express,WH-04,Zone-Industrial-C,SPRINTER_VAN,2026-10-02 11:22:03.773039613,2026-10-09 11:22:03.773039613,2026-10-02 17:27:22.677961604,18.622777955392667,73.90297847295217,2.3327643828458733,90.60720395308526,26.53173310712444,43.131257022086025,352.06114177398916,257.96,7,0.10368608201166091,22.476659082127938,ON_TIME,6.088584700553056
SHP-10001182,ORD-501182,UPS Ground,WH-04,Zone-Metro-A,RIGID_TRUCK_24FT,2026-10-01 14:12:14.613840025,2026-10-05 14:12:14.613840025,2026-10-02 10:19:36.495644944,18.654381327327588,73.79284109132387,6.072401752682077,68.61568012402856,64.80089083636898,34.07291266918313,438.82884130822333,327.36,4,0.1515003404823358,40.05533057090741,ON_TIME,20.122744945810833
SHP-10001183,ORD-501183,DHL Express,WH-04,Zone-Rural-D,RIGID_TRUCK_24FT,2026-10-03 06:40:55.951605497,2026-10-05 06:40:55.951605497,2026-10-03 14:38:51.438633447,18.538030989752876,73.99894509861703,7.972293215448692,90.60532799801942,83.37883483440424,28.642031794201053,121.82232237120506,107.36,2,0.216378138990246,36.8272438622909,ON_TIME,7.965413063319445
SHP-10001185,ORD-501185,DHL Express,WH-07,Zone-Rural-D,HEAVY_FREIGHT_TRAILER,2026-10-03 09:54:15.522378303,2026-10-10 09:54:15.522378303,2026-10-03 17:29:17.225208637,18.653467020347886,73.96001475456906,4.249127329059939,66.14392989607369,29.552301930767587,22.918706286844284,1610.8194852478164,1111.02,7,0.044799318646005726,94.63678864618905,ON_TIME,7.583806341759445
SHP-10001186,ORD-501186,UPS Ground,WH-05,Zone-Industrial-C,SPRINTER_VAN,2026-10-03 10:26:59.669088787,2026-10-04 10:26:59.669088787,2026-10-03 22:38:29.332257814,18.644063853999494,73.7873403618576,4.358613685186231,87.82930586022673,53.010330082374836,36.24586647000285,969.7008703460339,686.98,1,0.1687556977886555,25.812653894816115,ON_TIME,12.1915731025075
SHP-10001187,ORD-501187,FedEx Freight,WH-05,Zone-Suburban-B,EV_CARGO_VAN,2026-10-01 06:00:13.692740851,2026-10-05 06:00:13.692740851,,18.59731717160834,73.91652405443948,33.339644798622,108.88893392112584,61.79577671804623,9.092418081960913,1326.359642187935,936.3,4,0.06118175606546455,544.0386656512707,EXCEPTION_OR_IN_TRANSIT,
SHP-10001188,ORD-501188,DHL Express,WH-11,Zone-Rural-D,SPRINTER_VAN,2026-10-04 02:40:56.272357070,2026-10-06 02:40:56.272357070,2026-10-04 22:19:40.155337514,18.644508131275256,73.97815442455097,2.4598807829466764,99.01774125659958,25.621023206830984,45.94222461038115,1035.022277053407,725.24,2,0.1165524764876962,21.08725727058293,ON_TIME,19.645523050123334
SHP-10001189,ORD-501189,UPS Ground,WH-10,Zone-Metro-A,SPRINTER_VAN,2026-10-03 16:37:22.912420568,2026-10-07 16:37:22.912420568,2026-10-04 03:45:11.975105874,18.57277322751059,73.88300445477799,30.539283558031446,97.11321457076073,63.939201070706694,43.23558446485744,1503.6820999006297,1051.1,4,0.26846450254146825,113.71303083256868,ON_TIME,11.130295190362778
SHP-10001190,ORD-501190,FedEx Freight,WH-04,Zone-Metro-A,SPRINTER_VAN,2026-10-03 23:05:12.055755942,2026-10-07 23:05:12.055755942,2026-10-05 08:02:17.174106839,18.401394450677582,73.8221650151462,9.119598281235625,38.50871312390781,54.057464416329395,49.13087961132851,1564.678422081787,1092.28,4,0.10227493599421544,89.08038078530193,ON_TIME,32.951421764138054
SHP-10001191,ORD-501191,UPS Ground,WH-12,Zone-Industrial-C,SPRINTER_VAN,2026-10-01 07:07:34.742143686,2026-10-02 07:07:34.742143686,2026-10-01 21:29:22.117481047,18.412380035320666,73.78185545698939,3.547363737211085,94.60853716235951,55.92624318610392,53.64617769091045,439.86880694558397,314.93,1,0.28384729382874885,12.493035905989412,ON_TIME,14.363159815933612
SHP-10001192,ORD-501192,DHL Express,WH-12,Zone-Industrial-C,SPRINTER_VAN,2026-10-04 01:14:16.199867663,2026-10-05 01:14:16.199867663,2026-10-04 11:05:34.252296122,18.693942519771454,73.82398616630958,2.422289068319043,31.08172136658149,32.94909473048756,46.69155470124802,857.0164024551517,592.75,1,0.047817502011516404,50.55123841257156,ON_TIME,9.855014563460832
SHP-10001193,ORD-501193,UPS Ground,WH-05,Zone-Rural-D,EV_CARGO_VAN,2026-10-03 16:18:17.186635956,2026-10-07 16:18:17.186635956,2026-10-04 11:21:18.755224948,18.44349761260081,73.83872105073172,7.212556173358807,33.820228132101185,21.645010758340085,51.44694395700116,1178.8501354404314,,4,0.03766117978772969,191.00452406157316,ON_TIME,19.050435719164444
SHP-10001194,ORD-501194,FedEx Freight,WH-05,Zone-Metro-A,RIGID_TRUCK_24FT,2026-10-03 18:16:47.201854894,2026-10-04 18:16:47.201854894,2026-10-06 05:12:26.513077361,18.52135492264704,73.92748877630746,19.749996363873095,25.461090655629842,56.75874214792427,24.01100294289485,1810.3742466580095,1261.08,1,0.034699248291033775,567.5408905014133,LATE,45.79516401284843
SHP-10001195,ORD-501195,BlueDart Logistics,WH-07,Zone-Industrial-C,SPRINTER_VAN,2026-10-01 12:43:00.090119934,2026-10-03 12:43:00.090119934,2026-10-02 09:09:50.629509437,18.68014338250299,73.7946553517574,8.877648822508462,96.47167041780978,53.967474186442885,23.883554910821683,1266.7830787787507,886.83,2,0.12434572535327824,71.33751518829972,ON_TIME,20.44737205263972
SHP-10001196,ORD-501196,UPS Ground,WH-12,Zone-Industrial-C,EV_CARGO_VAN,2026-10-03 11:11:31.265095700,2026-10-07 11:11:31.265095700,2026-10-04 00:10:53.582160921,18.458511845419913,73.77652621392885,27.133431266927435,25.284177162875274,35.35091407853537,56.936545094489894,1661.853149747761,1162.16,4,0.05089095295670769,532.1224588597951,ON_TIME,12.989532518116945
SHP-10001197,ORD-501197,UPS Ground,WH-11,Zone-Metro-A,RIGID_TRUCK_24FT,2026-10-04 03:06:50.405955229,2026-10-06 03:06:50.405955229,2026-10-04 09:12:25.415373390,18.65313740333995,73.84673488525844,26.214200445792954,28.120590575775953,32.192025065941536,55.30159949794126,1567.1539497142671,1095.81,2,0.0500622572041682,522.5881351211344,ON_TIME,6.093058171711389
SHP-10001198,ORD-501198,BlueDart Logistics,WH-02,Zone-Suburban-B,HEAVY_FREIGHT_TRAILER,2026-10-03 06:51:19.470895587,2026-10-05 06:51:19.470895587,2026-10-03 21:06:51.547762645,18.645480270447877,73.86466340410229,23.72286431110652,38.35927925782666,36.0433346246713,35.167353760787236,1081.8319110412008,766.4,2,0.048622254535644054,486.89997080803045,ON_TIME,14.258910240849444
SHP-10001199,ORD-501199,FedEx Freight,WH-05,Zone-Metro-A,HEAVY_FREIGHT_TRAILER,2026-10-02 23:04:49.516078697,2026-10-09 23:04:49.516078697,2026-10-03 18:14:17.136608267,18.695898896365403,73.90709626305437,24.964843954022257,69.4029288664609,46.74125038741151,25.160733189995522,1654.5385517937518,1169.87,7,0.08162090709574063,305.4890705602979,ON_TIME,19.157672369325002
SHP-10001200,ORD-501200,BlueDart Logistics,WH-07,Zone-Metro-A,EV_CARGO_VAN,2026-10-04 02:05:07.212472540,2026-10-05 02:05:07.212472540,2026-10-04 14:52:03.999539114,18.48450455009445,73.92688282532524,4.758030898040469,98.61711760353829,83.1114801333371,52.63008416423402,705.7011357427808,503.12,1,0.4313674647794469,11.027554303480636,ON_TIME,12.782440851826111
SHP-10001201,ORD-501201,FedEx Freight,WH-07,,EV_CARGO_VAN,2026-10-02 13:53:29.301953565,2026-10-04 13:53:29.301953565,2026-10-02 19:27:43.406144466,18.494597606614043,73.9723194272084,23.04732417004457,54.73167474927897,67.26734665196548,22.78761228350514,709.1231289639964,509.77,2,0.08389611617836287,274.385593270817,ON_TIME,5.5705844974725
SHP-10001202,ORD-501202,FedEx Freight,WH-03,Zone-Suburban-B,SPRINTER_VAN,2026-10-03 01:08:56.892387676,2026-10-07 01:08:56.892387676,2026-10-03 10:36:34.939683386,18.670863400317334,73.82223839138202,116.43085029658765,66.89716517321959,73.88048043741162,13.449929559194441,1447.4148522800256,1052.62,4,0.06647486060771847,1748.8711089105764,ON_TIME,9.460568693252778
SHP-10001203,ORD-501203,DHL Express,WH-11,Zone-Industrial-C,EV_CARGO_VAN,2026-10-02 16:17:46.885673739,2026-10-06 16:17:46.885673739,2026-10-04 10:37:27.867612745,18.470223717760682,73.88215195567298,29.160537803907413,30.816492995939033,47.92371766776483,40.1720971253014,259.2912574371502,207.53,4,0.05932779646903374,490.6885251769717,ON_TIME,42.32805053861277
SHP-10001204,ORD-501204,DHL Express,WH-09,,HEAVY_FREIGHT_TRAILER,2026-10-04 01:09:53.740576589,2026-10-11 01:09:53.740576589,2026-10-05 18:55:54.053204055,18.564370287096132,73.84151017670077,5.667495471094104,40.264856310290206,49.45927088340827,7.34419953531318,574.106749688574,413.12,7,0.014625756245756344,384.8695697871108,ON_TIME,41.76675350762944
SHP-10001205,ORD-501205,BlueDart Logistics,WH-11,Zone-Suburban-B,EV_CARGO_VAN,2026-10-01 11:28:41.161177619,2026-10-08 11:28:41.161177619,2026-10-01 20:43:09.906770845,18.612203487757316,73.75035541800774,4.499705173597107,27.722947436148615,25.324349607777073,25.850604839156837,1130.5561647052032,786.11,7,0.01814882073362619,246.5751206216698,ON_TIME,9.241318220340554
SHP-10001206,ORD-501206,UPS Ground,WH-11,Zone-Industrial-C,EV_CARGO_VAN,2026-10-02 18:04:50.226453930,2026-10-06 18:04:50.226453930,2026-10-03 19:32:43.030239157,18.481565273578866,73.89485795567998,10.347085570202612,53.942290262373525,64.07843772258087,49.42150986320421,784.0805707174516,561.52,4,0.17082731140004126,60.53500453175744,ON_TIME,25.464667718118612
SHP-10001207,ORD-501207,DHL Express,WH-10,Zone-Suburban-B,SPRINTER_VAN,2026-10-03 07:27:38.072807105,2026-10-04 07:27:38.072807105,2026-10-03 15:06:16.656177162,18.681523883633428,73.95394901891778,22.757277794708124,71.08188757442828,41.61880043429771,21.23689076310591,1741.050178774564,1214.96,1,0.06282600486807875,361.65140060007985,ON_TIME,7.644050936126945
SHP-10001208,ORD-501208,FedEx Freight,WH-06,Zone-Rural-D,EV_CARGO_VAN,2026-10-03 15:01:02.174759043,2026-10-04 15:01:02.174759043,2026-10-05 07:59:09.085154272,18.599709264422174,73.75910987152585,11.182980219856294,41.98185535317815,65.68351441132833,56.22235134904433,1773.734155959973,1226.89,1,0.15503402222025428,72.08592970005677,LATE,40.968586220896945
SHP-10001209,ORD-501209,Unknown Carrier,WH-08,Zone-Metro-A,RIGID_TRUCK_24FT,2026-10-02 23:58:38.433417520,2026-10-04 23:58:38.433417520,2026-10-03 19:15:49.689822235,18.414141792480947,73.75087293965075,2.3901794666041942,95.36960627960529,40.6791535984469,57.57035666391506,935.7444455997445,662.41,2,0.22334735712970843,10.696834803987969,ON_TIME,19.28646011242083
SHP-10001210,ORD-501210,DHL Express,WH-03,Zone-Rural-D,SPRINTER_VAN,2026-10-03 23:26:31.479276280,2026-10-04 23:26:31.479276280,2026-10-05 05:55:41.014772189,18.44072125937827,73.93195460162768,22.41226165035692,108.21764334563026,18.13878904104311,49.86989654208154,1002.7957544921222,701.8,1,0.09789146526647362,228.7164661678445,LATE,30.485982082196944
SHP-10001211,ORD-501211,DHL Express,WH-09,Zone-Metro-A,EV_CARGO_VAN,2026-10-04 01:49:24.183032299,2026-10-08 01:49:24.183032299,,18.45723447102747,73.92096493125221,27.822730149969647,26.414710969885196,22.979026583941263,59.32038254456345,,,4,0.03600654357861131,770.5730704849632,EXCEPTION_OR_IN_TRANSIT,
SHP-10001212,ORD-501212,FedEx Freight,WH-03,Zone-Metro-A,EV_CARGO_VAN,2026-10-01 10:37:51.542651776,2026-10-05 10:37:51.542651776,2026-10-02 12:10:35.613058664,18.473487209198034,73.85146302633376,16902.499364822055,16.696705321455795,70.86775585560125,34.192026133129076,852.4529325804109,7708.14,4,0.040457989699878065,416748.94367047166,ON_TIME,25.545575113024444
SHP-10001213,ORD-501213,BlueDart Logistics,WH-09,Zone-Industrial-C,SPRINTER_VAN,2026-10-02 10:58:14.443849124,2026-10-03 10:58:14.443849124,,18.61920321100883,73.91540122040523,28.588056002495357,90.02880620250446,29.396236716919944,36.305975367643434,361.40098407459635,286.39,1,0.09608405783333998,297.22239471358597,EXCEPTION_OR_IN_TRANSIT,
SHP-10001214,ORD-501214,UPS Ground,WH-03,Zone-Suburban-B,EV_CARGO_VAN,2026-10-01 07:41:20.578430123,2026-10-05 07:41:20.578430123,2026-10-02 12:17:56.330102125,18.42668057342664,73.98834651813274,10.441085300742962,33.111054391317765,29.826581692530198,50.98917483987631,1384.9293319289466,963.65,4,0.05035637718993299,206.93291675380448,ON_TIME,28.60993102000056
SHP-10001215,ORD-501215,FedEx Freight,WH-02,Zone-Suburban-B,SPRINTER_VAN,2026-10-02 05:43:04.797591455,2026-10-03 05:43:04.797591455,2026-10-03 11:31:21.499732536,18.50517840168284,73.81196569913882,16.19749462625066,48.54892630278161,79.70260675017485,32.10428906834497,1368.050464630811,958.28,1,0.12422677544519052,130.28162733450228,LATE,29.80463948363361
SHP-10001216,ORD-501216,FedEx Freight,WH-03,Zone-Suburban-B,SPRINTER_VAN,2026-10-02 20:39:16.242097980,2026-10-04 20:39:16.242097980,2026-10-03 13:49:03.298155619,18.6734149969984,73.81148164863289,16.53174859913738,52.45196573620198,59.32267171501371,27.369600375818823,462.2752680340907,,2,0.08516299520118992,193.8912486023792,ON_TIME,17.163071127121945
SHP-10001217,ORD-501217,UPS Ground,WH-01,Zone-Industrial-C,SPRINTER_VAN,2026-10-03 23:34:38.045988178,2026-10-07 23:34:38.045988178,2026-10-04 10:42:18.696960937,18.5670003059011,73.79655805119106,12.75173788094541,102.07694194558972,18.573066541326725,38.81144751459964,1542.9005633574918,1076.68,4,0.07358191833650103,173.06468355925486,ON_TIME,11.127958603544167
SHP-10001218,ORD-501218,UPS Ground,WH-09,Zone-Metro-A,HEAVY_FREIGHT_TRAILER,2026-10-03 18:57:06.880383032,2026-10-05 18:57:06.880383032,2026-10-04 22:14:58.607149940,18.479648969151558,73.93099668749343,5.590334925651793,77.58963049778538,20.768895259895068,41.17127309668851,1139.8872230202555,797.56,2,0.06634548545891768,84.13415730265406,ON_TIME,27.297701879696668
SHP-10001219,ORD-501219,FedEx Freight,WH-10,Zone-Metro-A,HEAVY_FREIGHT_TRAILER,2026-10-01 15:10:47.929153378,2026-10-03 15:10:47.929153378,2026-10-02 06:59:38.554127843,18.687116888944093,73.83829730954284,16.444455172637895,18.85790157877462,30.427557454020956,46.299270193289146,446.3223597596417,328.1,2,0.026566515854639393,616.6705565240507,ON_TIME,15.814062492906944
SHP-10001220,ORD-501220,DHL Express,WH-07,Zone-Metro-A,HEAVY_FREIGHT_TRAILER,2026-10-01 12:41:53.473132840,2026-10-02 12:41:53.473132840,2026-10-01 22:01:23.164782968,18.473294767590602,73.99717328349678,9.537984217952014,16.406972867844686,54.549676586997464,41.75103834930469,1210.4479469820783,844.76,1,0.037366973227501904,254.57044955397788,ON_TIME,9.324914347257778
SHP-10001221,ORD-501221,FedEx Freight,WH-03,Zone-Suburban-B,EV_CARGO_VAN,2026-10-03 00:25:38.094205728,2026-10-05 00:25:38.094205728,2026-10-03 09:28:09.966742605,18.67152988638029,73.92866222586429,13.401901699113994,33.95896926537661,66.46191024292546,46.014698739483066,441.3743093220507,326.18,2,0.10385416122501505,128.92126242166265,ON_TIME,9.042186815799166
SHP-10001222,ORD-501222,DHL Express,WH-02,Zone-Metro-A,EV_CARGO_VAN,2026-10-02 20:18:44.978461316,2026-10-06 20:18:44.978461316,2026-10-03 02:36:28.960609588,18.617730902084364,73.84184422166184,6.505214881425279,45.22633438290758,30.587233258989777,42.10078189888138,499.4981695990727,377.07,4,0.05824005092971976,111.50512859959423,ON_TIME,6.295550596742222
SHP-10001223,ORD-501223,DHL Express,WH-01,Zone-Suburban-B,EV_CARGO_VAN,2026-10-02 01:10:45.084658662,2026-10-09 01:10:45.084658662,2026-10-02 12:58:54.058011511,18.622156311087636,73.78729650851587,14.500114584716753,61.029764238226896,75.29815280612233,31.424488117509835,1570.641105904201,1100.65,7,0.14440898871205568,100.34057198759623,ON_TIME,11.802492598013613
SHP-10001224,ORD-501224,DHL Express,WH-03,Zone-Suburban-B,RIGID_TRUCK_24FT,2026-10-03 22:45:38.239516354,2026-10-05 22:45:38.239516354,2026-10-05 08:26:07.525189100,18.629481795520483,73.89800620413193,9.019906367722479,94.59474416934127,18.18851341631114,12.421402138505869,1720.4055042627872,1194.09,2,0.02137149157834531,420.08755352699137,ON_TIME,33.67480157576278
SHP-10001225,ORD-501225,UPS Ground,WH-12,Zone-Metro-A,HEAVY_FREIGHT_TRAILER,2026-10-04 00:46:13.373332434,2026-10-06 00:46:13.373332434,2026-10-04 19:13:48.252942485,18.551970793617162,73.82372581327411,2.7109405168221863,44.90768682330215,25.56993760323847,48.199377591439216,484.150326062392,349.45,2,0.05534670664541739,48.8927238574997,ON_TIME,18.45968878056972
SHP-10001226,ORD-501226,DHL Express,WH-04,Zone-Suburban-B,RIGID_TRUCK_24FT,2026-10-02 10:59:16.884817770,2026-10-06 10:59:16.884817770,2026-10-02 22:38:31.348690419,18.6443736178008,73.97637727032406,17.189525068016675,50.77103583080725,82.78486908571581,6.6928533263225685,1717.7578061625713,1198.41,4,0.028130554820680116,608.8978830633748,ON_TIME,11.6540177424025
SHP-10001227,ORD-501227,FedEx Freight,WH-05,Zone-Rural-D,EV_CARGO_VAN,2026-10-03 22:06:06.422803824,2026-10-10 22:06:06.422803824,2026-10-05 01:50:58.483029854,18.650857929325745,73.86035109996912,32.99700098423366,46.28710335091748,20.105864774024326,59.58750504687367,450.9122798713257,337.41,7,0.055454649217812554,593.9557075567635,ON_TIME,27.747794507230555
SHP-10001228,ORD-501228,BlueDart Logistics,WH-02,Zone-Metro-A,HEAVY_FREIGHT_TRAILER,2026-10-02 09:38:39.553392962,2026-10-04 09:38:39.553392962,2026-10-02 19:13:00.408364509,18.508146016502835,73.82316249113464,14.773132257813426,15.851706923126033,76.60834807928582,50.56521694668239,227.53741786727244,179.79,2,0.06140503832620842,240.19385500518132,ON_TIME,9.572459714318612
SHP-10001229,ORD-501229,DHL Express,WH-03,Zone-Suburban-B,SPRINTER_VAN,2026-10-03 11:03:02.922810258,2026-10-05 11:03:02.922810258,2026-10-04 04:32:48.862614823,18.52010335546491,73.89713795364267,7.354801163527915,105.74414621622138,62.795130655307155,41.90008343897178,119.01548789497804,94.26,2,0.2782256663677747,26.425163225188903,ON_TIME,17.496094390156944
SHP-10001231,ORD-501231,FedEx Freight,WH-08,Zone-Suburban-B,SPRINTER_VAN,2026-10-01 14:49:33.554166661,2026-10-05 14:49:33.554166661,2026-10-02 18:06:49.161728081,18.557418778128856,73.89038726820073,4.088413554074387,42.32841042930846,46.27801216749579,38.685865480091515,720.0831417647585,511.96,4,0.07578076286104521,53.87944717373486,ON_TIME,27.28766876706111
SHP-10001232,ORD-501232,FedEx Freight,WH-04,Zone-Industrial-C,EV_CARGO_VAN,2026-10-04 00:48:40.544960635,2026-10-05 00:48:40.544960635,2026-10-04 06:42:37.342379824,18.66008304878256,73.76402786962994,23.64964213528679,27.28381369916197,48.923451485860475,8.103808440939142,1716.833922640902,,1,0.010817112097264277,2166.2910414937633,ON_TIME,5.899110394219166
SHP-10001233,ORD-501233,FedEx Freight,WH-01,Zone-Suburban-B,SPRINTER_VAN,2026-10-02 14:41:41.837003457,2026-10-06 14:41:41.837003457,2026-10-03 00:09:28.024068693,18.58803083852734,73.9017221704368,26.38776321904905,61.601599834888646,79.91047235618781,35.766019570798605,457.08640345968075,344.16,4,0.17606227077664327,149.79236531587506,ON_TIME,9.462829740343334
SHP-10001234,ORD-501234,UPS Ground,WH-05,Zone-Suburban-B,EV_CARGO_VAN,2026-10-03 10:52:59.040851567,2026-10-04 10:52:59.040851567,2026-10-03 16:33:10.044848831,18.57807032702471,73.88254096097536,8.757096000541631,103.55578091953741,41.58284448078766,20.246230211131856,683.725304019742,489.23,1,0.08718318139107527,100.32970683441481,ON_TIME,5.669723332573334
SHP-10001235,ORD-501235,DHL Express,WH-03,Zone-Metro-A,SPRINTER_VAN,2026-10-02 08:26:11.452700590,2026-10-04 08:26:11.452700590,2026-10-02 22:19:40.101991500,18.409294285983357,73.88019149553475,10.616439454140325,24.566568174421196,43.50727115982069,25.321264039144022,1361.3784977786854,,2,0.027063983401346622,390.8277846177018,ON_TIME,13.891291469697222
SHP-10001236,ORD-501236,BlueDart Logistics,WH-03,Zone-Industrial-C,SPRINTER_VAN,2026-10-01 07:21:33.923726960,2026-10-03 07:21:33.923726960,2026-10-02 19:30:01.513631684,18.483368319352223,73.92104109676444,2.718058892425327,56.88520774090713,18.43628160897837,30.27718357175159,567.2121737206235,410.96,2,0.031753248023561415,85.33066676323921,ON_TIME,36.14099719575667
SHP-10001237,ORD-501237,DHL Express,WH-12,Zone-Industrial-C,RIGID_TRUCK_24FT,2026-10-01 13:14:17.468972923,2026-10-05 13:14:17.468972923,2026-10-02 01:04:40.432551820,18.550617294070694,73.76111415360667,18.425365866868713,17.12561034829995,57.93794225782469,47.603041051383094,1269.868662787069,890.35,4,0.047232814278096336,389.2725617076863,ON_TIME,11.839712105249166
SHP-10001238,ORD-501238,UPS Ground,WH-08,Zone-Metro-A,SPRINTER_VAN,2026-10-02 17:43:40.089083788,2026-10-04 17:43:40.089083788,2026-10-03 05:31:38.216126706,18.57619515164041,73.86493286615757,6.995024293032963,88.23533103168407,25.817273191682247,32.661106790402584,806.1590317787475,565.89,2,0.07440185907525708,93.89060058175234,ON_TIME,11.799479734143889
SHP-10001239,ORD-501239,FedEx Freight,WH-07,Zone-Suburban-B,SPRINTER_VAN,2026-10-03 07:40:38.761367153,2026-10-05 07:40:38.761367153,2026-10-04 12:39:28.319916753,18.58913035870022,73.8610096657601,0.43694763849373935,,,,373.06582298755865,265.06,2,,,ON_TIME,28.980432930444444
SHP-10001240,ORD-501240,BlueDart Logistics,WH-06,,RIGID_TRUCK_24FT,2026-10-02 06:06:03.396649349,2026-10-03 06:06:03.396649349,2026-10-03 15:02:11.921053461,18.614866847503485,73.86494561046062,10.562085562394566,81.47137305217926,84.76892500530955,21.608467575801534,1361.200259981272,957.23,1,0.14923327850327467,70.72827750288062,LATE,32.93570122336445
SHP-10001241,ORD-501241,BlueDart Logistics,WH-06,Zone-Suburban-B,HEAVY_FREIGHT_TRAILER,2026-10-03 08:04:30.608618846,2026-10-07 08:04:30.608618846,,18.596870029688088,73.99497274276634,8.082925906307802,59.87195428509461,30.22222209721039,34.69297330189866,61.697375709585394,65.98,4,0.06277566888925756,128.5541140014621,EXCEPTION_OR_IN_TRANSIT,
SHP-10001242,ORD-501242,BlueDart Logistics,WH-07,Zone-Suburban-B,EV_CARGO_VAN,2026-10-03 08:18:06.344780763,2026-10-04 08:18:06.344780763,2026-10-04 09:57:54.474171225,18.65457301221874,73.78481961828606,2.745144115156849,101.22513780785854,20.578987384660294,18.661496993942357,549.3114084841353,395.1,1,0.03887396656596383,70.4353279133307,LATE,25.663369275128332
SHP-10001243,ORD-501243,BlueDart Logistics,WH-09,Zone-Rural-D,SPRINTER_VAN,2026-10-03 08:41:00.187179373,2026-10-05 08:41:00.187179373,2026-10-03 16:50:57.797631160,18.488641102866254,73.9226074392649,29.663639788286055,53.90795783289791,62.46177809478822,19.354659847452538,666.66166899148,485.57,2,0.0651707570865241,454.47059467938135,ON_TIME,8.166002903274167
SHP-10001244,ORD-501244,BlueDart Logistics,WH-09,Zone-Industrial-C,EV_CARGO_VAN,2026-10-02 17:27:41.664562115,2026-10-03 17:27:41.664562115,2026-10-04 09:44:04.761460901,18.592470995699767,73.85049903434464,5.496467624610779,63.83808210477231,71.62616169414264,46.649232632948625,854.205152667275,609.26,1,0.2133025335358668,25.75633725401382,LATE,40.273082471885
SHP-10001245,ORD-501245,UPS Ground,WH-03,Zone-Suburban-B,EV_CARGO_VAN,2026-10-03 23:52:18.490111493,2026-10-07 23:52:18.490111493,2026-10-06 18:20:08.565509205,18.41534785425888,73.87793163108113,3.844531497254187,81.0524761157098,14.805811984476001,23.84009954799995,1261.5996483721442,880.22,4,0.028609257160681672,133.91260789984517,ON_TIME,45.79516401284843
SHP-10001246,ORD-501246,FedEx Freight,WH-07,Zone-Industrial-C,SPRINTER_VAN,2026-10-02 17:13:19.737460575,2026-10-04 17:13:19.737460575,2026-10-03 16:17:53.100524873,18.544057023196608,73.94059847646405,34.73252334928188,64.4532609040687,17.904498060234026,7.826982011651152,856.3863793139358,624.67,2,0.009032362951771537,3803.2351027555587,ON_TIME,23.07593418452722
SHP-10001247,ORD-501247,FedEx Freight,WH-06,Zone-Rural-D,RIGID_TRUCK_24FT,2026-10-02 14:25:08.738154328,2026-10-04 14:25:08.738154328,2026-10-02 18:39:42.222743773,18.480409889785566,73.78934386064337,14.99598123554403,32.98688655205116,16.76303676865344,23.902250724223943,1104.3677183820655,778.0,2,0.01321699793386436,1126.07821297397,ON_TIME,4.242634608179167
SHP-10001248,ORD-501248,FedEx Freight,WH-11,Zone-Suburban-B,EV_CARGO_VAN,2026-10-01 20:21:19.508287554,2026-10-03 20:21:19.508287554,2026-10-02 07:47:44.922714125,18.514266144488406,73.94089630315912,2.8594216884500168,45.12170871426664,13.521947749188339,40.121471432664045,1107.0419461319482,760.62,2,0.024479449280242916,116.3338387222709,ON_TIME,11.440392896269723
SHP-10001249,ORD-501249,UPS Ground,WH-08,Zone-Suburban-B,RIGID_TRUCK_24FT,2026-10-02 04:09:04.198642762,2026-10-06 04:09:04.198642762,2026-10-03 04:38:34.510363779,18.506398825529487,73.76758269567111,9.108071214454945,23.7679744731865,59.45923589757128,49.76920726725273,698.0732925088621,504.85,4,0.07033511785198723,129.31150670599712,ON_TIME,24.491753255838056
SHP-10001250,ORD-501250,BlueDart Logistics,WH-07,Zone-Suburban-B,RIGID_TRUCK_24FT,2026-10-01 09:02:53.100460744,2026-10-03 09:02:53.100460744,2026-10-01 21:33:06.935926210,18.41812920314579,73.87082737780246,3.606728603017566,56.09828223564329,54.12348923045231,57.90651747657987,1728.6391864571358,1198.57,2,0.17581778202839796,20.50235377817202,ON_TIME,12.503843184851666
SHP-10001251,ORD-501251,DHL Express,WH-02,Zone-Rural-D,HEAVY_FREIGHT_TRAILER,2026-10-03 03:36:52.348105311,2026-10-07 03:36:52.348105311,2026-10-04 17:12:42.197821459,18.539993740225412,73.93551771442489,2.0446245297109504,72.89224884320116,59.710499241994974,46.04212318112368,1768.8593411509016,1221.15,4,0.20039523649321167,10.19787085954123,ON_TIME,37.59718047670778
SHP-10001252,ORD-501252,FedEx Freight,WH-08,Zone-Industrial-C,EV_CARGO_VAN,2026-10-01 23:53:40.464825902,2026-10-05 23:53:40.464825902,2026-10-02 23:59:48.306669385,18.698388786397466,73.79813786383868,1.8736225324911706,26.260344705568365,47.92503724556358,28.586838517926026,1081.4419249656282,754.88,4,0.03597733665185056,51.93350469774948,ON_TIME,24.102178289856386
SHP-10001253,ORD-501253,FedEx Freight,WH-02,Zone-Metro-A,HEAVY_FREIGHT_TRAILER,2026-10-02 03:53:57.041962632,2026-10-09 03:53:57.041962632,2026-10-02 14:17:19.064068633,18.489680817050942,73.94272891150885,21.004810086569883,74.90577653966224,71.31307640541863,21.45156035627267,143.76783798300386,125.05,7,0.11458911634254805,183.14562668556715,ON_TIME,10.389450585000278
SHP-10001254,ORD-501254,UPS Ground,WH-05,Zone-Rural-D,EV_CARGO_VAN,2026-10-03 13:29:55.124015392,2026-10-05 13:29:55.124015392,2026-10-04 06:17:30.528209029,18.620843791500473,73.79170312673143,3.564951251435177,99.82285327645039,51.00012268739316,12.129649459398916,914.6924631024099,637.28,2,0.061751775684183455,57.637007377733134,ON_TIME,16.79316783156583
SHP-10001255,ORD-501255,DHL Express,WH-02,Zone-Suburban-B,SPRINTER_VAN,2026-10-02 05:33:35.730675448,2026-10-09 05:33:35.730675448,2026-10-02 14:45:29.270339781,18.56433650047613,73.94980968923429,2.840691116847347,47.083754633624366,78.90602010997186,39.522753894536294,350.9627226473852,264.23,7,0.1468346068338587,19.333029692993712,ON_TIME,9.198205462314723
SHP-10001256,ORD-501256,FedEx Freight,WH-09,Zone-Metro-A,EV_CARGO_VAN,2026-10-01 23:26:17.175209806,2026-10-02 23:26:17.175209806,2026-10-02 14:02:32.856213208,18.49756759015944,73.86723389323546,7.047900043795594,36.093144140787885,46.4236399377995,33.04358227599535,900.148291202397,632.83,1,0.05536700459556751,127.06473145944511,ON_TIME,14.604355834278334
SHP-10001257,ORD-501257,DHL Express,WH-03,Zone-Suburban-B,EV_CARGO_VAN,2026-10-01 18:10:19.768575456,2026-10-03 18:10:19.768575456,2026-10-02 05:38:22.663148289,18.426882118117724,73.92115958296577,201.2512934181431,99.83557606498078,69.29939959086991,42.27358340442777,358.43203796831983,343.92,2,0.292471709348559,687.8699716601096,ON_TIME,11.467470714675834
SHP-10001258,ORD-501258,FedEx Freight,WH-05,Zone-Suburban-B,SPRINTER_VAN,2026-10-03 13:47:23.297845562,2026-10-07 13:47:23.297845562,2026-10-05 01:04:46.730273223,18.464757370229563,73.9793516145923,16.194398953496794,80.73479741026712,40.552026526272556,18.042323605028827,1305.6859415026495,936.16,4,0.05906983940608408,273.6934748521832,ON_TIME,35.28984234101694
SHP-10001259,ORD-501259,UPS Ground,WH-12,Zone-Rural-D,SPRINTER_VAN,2026-10-01 15:20:19.862071014,2026-10-03 15:20:19.862071014,2026-10-04 08:24:18.796663075,18.63455606184707,73.85210538090344,24.757950329332278,25.012512465372616,42.64179210823321,22.800429246047006,159.82872268193753,133.32,2,0.024318444356232063,1013.9036692160763,LATE,45.79516401284843
SHP-10001260,ORD-501260,FedEx Freight,WH-03,Zone-Metro-A,EV_CARGO_VAN,2026-10-02 14:40:12.974656891,2026-10-04 14:40:12.974656891,2026-10-02 21:09:24.479490150,18.483706053225593,73.80823938170569,2.9657350744151465,53.770635445864585,73.67440339284377,21.065244222425147,1764.1728924157085,1220.44,2,0.0834503754756122,35.496370393701284,ON_TIME,6.486529120349722
SHP-10001261,ORD-501261,BlueDart Logistics,WH-07,Zone-Industrial-C,EV_CARGO_VAN,2026-10-02 18:29:56.286087208,2026-10-04 18:29:56.286087208,2026-10-02 23:12:36.042357850,18.443290744723555,73.96679102415442,15.449493060012058,79.03851197668213,18.07448765182475,48.87085131959258,371.1008847785023,267.33,2,0.06981595052784151,220.9723667256709,ON_TIME,4.711043408511666
SHP-10001262,ORD-501262,DHL Express,WH-06,Zone-Suburban-B,SPRINTER_VAN,2026-10-03 07:29:31.465368137,2026-10-07 07:29:31.465368137,2026-10-03 21:30:51.190405623,18.4993895021382,73.79040416202619,9.192924958250227,69.5664681226682,52.368831623740604,14.417639817484073,1226.286345658513,864.01,4,0.05252511492075175,174.68702865720803,ON_TIME,14.022145843746111
SHP-10001263,ORD-501263,DHL Express,WH-01,Zone-Metro-A,EV_CARGO_VAN,2026-10-03 03:35:47.078620712,2026-10-05 03:35:47.078620712,2026-10-03 09:43:31.438711935,18.575212885668307,73.90786901295935,3.9749279278339804,73.76197633823794,64.47523508340892,38.46596643634726,1697.3768006408015,1174.47,2,0.18293724190933852,21.716498163815377,ON_TIME,6.128988914228611
SHP-10001264,ORD-501264,FedEx Freight,WH-10,,RIGID_TRUCK_24FT,2026-10-03 16:22:18.798427389,2026-10-07 16:22:18.798427389,2026-10-04 09:19:04.747661645,18.611038949287,73.98081332201015,7.119682401916676,68.87784152752297,66.28154615627902,7.82452586675087,467.6150451027068,345.05,4,0.03572154136348284,198.7542169018616,ON_TIME,16.946097009515555
SHP-10001265,ORD-501265,FedEx Freight,WH-01,Zone-Suburban-B,EV_CARGO_VAN,2026-10-01 09:13:19.571673680,2026-10-05 09:13:19.571673680,2026-10-02 11:58:45.961549782,18.516209451090873,73.91859917788382,4.275893407488354,90.81582970396457,54.36201453774815,35.22401667459458,1729.237700430245,1192.96,4,0.17389855587902678,24.574303998598626,ON_TIME,26.757330521139444
SHP-10001266,ORD-501266,DHL Express,WH-06,Zone-Metro-A,EV_CARGO_VAN,2026-10-02 03:20:37.435862819,2026-10-06 03:20:37.435862819,2026-10-03 22:46:31.969262652,18.549444147123502,73.7989202713625,10.828934819722825,45.44056089571297,43.60483631196354,8.515268666418075,726.3840354835811,510.41,4,0.016872393634660893,638.0322689198097,ON_TIME,43.43181483328694
SHP-10001267,ORD-501267,DHL Express,WH-08,Zone-Suburban-B,EV_CARGO_VAN,2026-10-02 02:10:10.763586578,2026-10-03 02:10:10.763586578,2026-10-02 20:54:51.374347395,18.536475007610036,73.78807098794081,7.128563510465456,82.3039230504395,29.558683290006833,14.673212493339303,1777.4556421102604,1227.93,1,0.03569692671789914,199.1389810260175,ON_TIME,18.744614100226944
SHP-10001268,ORD-501268,UPS Ground,WH-08,Zone-Rural-D,SPRINTER_VAN,2026-10-01 16:30:47.581929474,2026-10-08 16:30:47.581929474,2026-10-02 07:01:03.268006620,18.402701004977025,73.81307638277515,4.28830620292872,109.152547036957,78.20696765155917,11.216391612945921,1797.366771251258,1250.74,7,0.09574861164561985,44.740410208379785,ON_TIME,14.504357243651667
SHP-10001269,ORD-501269,DHL Express,WH-09,Zone-Metro-A,EV_CARGO_VAN,2026-10-02 02:49:15.003399590,2026-10-04 02:49:15.003399590,2026-10-02 07:21:57.364620874,18.518680142456752,73.84785170821415,6.87664232686579,52.04609148921213,37.734096064099404,24.069894463588458,357.6908655172627,269.0,2,0.04727115977522926,145.1651671501114,ON_TIME,4.545100339245556
SHP-10001270,ORD-501270,UPS Ground,WH-04,Zone-Metro-A,EV_CARGO_VAN,2026-10-02 04:18:11.169425840,2026-10-03 04:18:11.169425840,2026-10-02 21:01:48.138592130,18.576195943051623,73.78978975796248,26.145384582027322,90.14958988270534,69.92440664000094,23.9052279739251,1539.538525279278,,1,0.150690347647404,173.3889800636549,ON_TIME,16.726935879525
SHP-10001271,ORD-501271,BlueDart Logistics,WH-01,Zone-Metro-A,HEAVY_FREIGHT_TRAILER,2026-10-02 19:34:32.452531602,2026-10-03 19:34:32.452531602,2026-10-03 12:48:00.896252516,18.570983414924726,73.94945351661033,2.3058322146691874,38.38037752793625,12.37492097219772,50.453060440054095,367.50782158806544,258.78,1,0.02396288987069253,95.82524073625848,ON_TIME,17.22456770025389
SHP-10001272,ORD-501272,BlueDart Logistics,WH-10,Zone-Metro-A,SPRINTER_VAN,2026-10-03 05:47:12.200937685,2026-10-05 05:47:12.200937685,2026-10-04 06:41:52.918016132,18.62493026750027,73.83925883565222,4.7768186428385,41.78018766698469,27.412691101495685,17.41280982592908,428.19786016852794,311.57,2,0.019943019577145886,238.3282930225385,ON_TIME,24.911310299568612
SHP-10001273,ORD-501273,FedEx Freight,WH-07,Zone-Industrial-C,EV_CARGO_VAN,2026-10-02 09:26:21.253128182,2026-10-03 09:26:21.253128182,2026-10-02 19:48:54.378254582,18.601112773130602,73.98402168397818,13.614229793559252,103.8120680474366,35.91885946630919,9.751270797568734,166.62451439500603,144.48,1,0.036360646624310995,373.3951823136796,ON_TIME,10.375868090666668
SHP-10001274,ORD-501274,DHL Express,WH-11,Zone-Suburban-B,SPRINTER_VAN,2026-10-03 09:48:06.683956428,2026-10-04 09:48:06.683956428,2026-10-03 22:11:45.232326542,18.483042039134844,73.96062271600883,4.455226567922183,17.464143843625436,60.368054748265315,38.193148494777134,299.7149076636511,221.88,1,0.04026613478210807,110.37040311070164,ON_TIME,12.394041213920554
SHP-10001275,ORD-501275,FedEx Freight,WH-11,Zone-Metro-A,RIGID_TRUCK_24FT,2026-10-02 06:12:14.055759827,2026-10-04 06:12:14.055759827,2026-10-02 12:29:45.698569207,18.47669310146769,73.97720456570042,41.23129220688166,35.65559776177878,33.94981053714183,42.80978847800038,1174.0184636381844,841.03,2,0.05182128271245837,794.1115868654824,ON_TIME,6.292123002605555
SHP-10001276,ORD-501276,FedEx Freight,WH-11,Zone-Metro-A,EV_CARGO_VAN,2026-10-02 02:54:01.529159985,2026-10-04 02:54:01.529159985,2026-10-02 06:36:32.558967186,18.53924253941903,73.82362317875088,36.165158939498674,60.87746629214029,13.102285061448034,21.215298881179958,837.7265178351835,605.48,2,0.016922041950704316,2124.607555558414,ON_TIME,3.7086193908891665
SHP-10001277,ORD-501277,BlueDart Logistics,WH-07,Zone-Metro-A,EV_CARGO_VAN,2026-10-02 20:57:55.944078140,2026-10-06 20:57:55.944078140,2026-10-03 04:57:56.962156038,18.619890900316495,73.89343288595555,38.54519454729198,53.17552406189771,23.040063704051207,38.15477639987574,1465.755507916319,1041.67,4,0.046745990560527445,822.8066924423252,ON_TIME,8.00028279941611
SHP-10001278,ORD-501278,FedEx Freight,WH-05,Zone-Rural-D,RIGID_TRUCK_24FT,2026-10-01 07:42:27.280591260,2026-10-05 07:42:27.280591260,2026-10-01 13:37:59.574408716,18.428148191972788,73.83036237951059,19.83396414007651,74.77112446732798,29.437401427699452,47.68311124036542,622.2101456513315,448.04,4,0.10495375151138706,188.79824713281803,ON_TIME,5.925637171515556
SHP-10001279,ORD-501279,DHL Express,WH-10,Zone-Metro-A,SPRINTER_VAN,2026-10-01 11:44:41.340845932,2026-10-05 11:44:41.340845932,2026-10-02 08:12:46.163030995,18.684497974910848,73.81423712789521,29.147895599010386,33.308594784236284,23.20356099518643,24.115411649186175,1792.3319546993462,1250.73,4,0.018638271383598633,1555.5274551377863,ON_TIME,20.4680061625175
SHP-10001280,ORD-501280,UPS Ground,WH-06,,SPRINTER_VAN,2026-10-02 12:05:37.705697627,2026-10-04 12:05:37.705697627,2026-10-02 23:50:10.626404017,18.562945937111927,73.90177169530064,9.287394873665837,21.701965415010477,25.279342010585005,33.894461196321146,103.66573002601059,91.12,2,0.0185948880134731,496.78793833761205,ON_TIME,11.742477973997223
SHP-10001281,ORD-501281,UPS Ground,WH-03,Zone-Suburban-B,EV_CARGO_VAN,2026-10-04 01:53:22.974792743,2026-10-05 01:53:22.974792743,2026-10-04 13:28:47.108647710,18.49192251848005,73.95449884514994,4.579742456068535,50.08667279145192,67.67177055050158,13.064830051977601,127.67628419168744,113.67,1,0.04428263824205097,103.18770216163924,ON_TIME,11.590037181935278
SHP-10001282,ORD-501282,UPS Ground,WH-11,Zone-Metro-A,EV_CARGO_VAN,2026-10-03 09:56:55.853335415,2026-10-10 09:56:55.853335415,2026-10-03 18:37:16.054716331,18.608017369264427,73.77339945153166,4.908403375191791,64.81374800369719,40.902523296284514,6.30057405885992,1301.1270640277341,909.78,7,0.0167031106334878,292.1127809162654,ON_TIME,8.672278161365556
SHP-10001283,ORD-501283,FedEx Freight,WH-12,Zone-Rural-D,SPRINTER_VAN,2026-10-01 12:20:42.406814544,2026-10-02 12:20:42.406814544,2026-10-01 14:21:23.457472194,18.41341774487293,73.81894219034152,1.4030327433979501,,,,,,1,,,ON_TIME,2.0114029604583332
SHP-10001284,ORD-501284,DHL Express,WH-06,Zone-Suburban-B,EV_CARGO_VAN,2026-10-03 18:56:05.628912802,2026-10-07 18:56:05.628912802,2026-10-05 14:46:06.800382722,18.545319074734916,73.80128354522154,5.934332828655596,72.14188473653434,82.49547524946146,21.485196779500345,1474.1293522235667,1028.36,4,0.12786655035814196,46.37409394913818,ON_TIME,43.83365874164444
SHP-10001285,ORD-501285,DHL Express,WH-01,Zone-Industrial-C,SPRINTER_VAN,2026-10-03 10:43:32.359741640,2026-10-04 10:43:32.359741640,2026-10-03 19:18:32.416033872,18.54579089423914,73.94958754328901,6.372669718080272,67.12288959734772,43.502637845815016,20.33961278970019,912.2838074993874,635.58,1,0.05939213222096167,107.11785710438703,ON_TIME,8.583348970064444
SHP-10001286,ORD-501286,FedEx Freight,WH-05,,SPRINTER_VAN,2026-10-03 01:59:17.339462127,2026-10-10 01:59:17.339462127,,18.448592585472802,73.98334301827306,7.35555957779541,38.34643724226282,79.57435993992962,58.52848232451982,507.60082207862683,363.7,7,0.1785934129438366,41.16301466639548,EXCEPTION_OR_IN_TRANSIT,
SHP-10001287,ORD-501287,DHL Express,WH-11,Zone-Metro-A,EV_CARGO_VAN,2026-10-03 17:03:39.935389898,2026-10-05 17:03:39.935389898,2026-10-03 23:26:54.409661961,18.651216344782565,73.76998567754583,186.2140788017942,87.63222491705517,32.429732366251024,45.05284380697142,36.723910862066056,126.91,2,0.12803520829785908,1453.2623880309836,ON_TIME,6.387353964461944
SHP-10001288,ORD-501288,FedEx Freight,WH-12,Zone-Metro-A,HEAVY_FREIGHT_TRAILER,2026-10-02 11:05:45.272534974,2026-10-04 11:05:45.272534974,2026-10-03 18:01:36.405526442,18.639043635604075,73.84480335367681,3.778861855151628,23.339124865242866,40.046969492812984,37.19138383672658,948.3717723045477,660.21,2,0.034761344244895326,108.3969060001167,ON_TIME,30.930870275407777
SHP-10001289,ORD-501289,FedEx Freight,WH-03,Zone-Industrial-C,RIGID_TRUCK_24FT,2026-10-01 21:56:53.072381318,2026-10-05 21:56:53.072381318,2026-10-02 15:59:58.474022531,18.44581971833611,73.97862726067966,6.936507584791643,33.84361855745738,39.72125170505966,43.462786730134624,886.2193306544502,,4,0.05842749756890742,118.51707099940394,ON_TIME,18.0515004558925
SHP-10001290,ORD-501290,DHL Express,WH-01,Zone-Metro-A,SPRINTER_VAN,2026-10-02 18:51:56.462456990,2026-10-04 18:51:56.462456990,2026-10-03 04:28:34.480901689,18.509148188069013,73.83615955513658,119.76097514644698,85.24091085681584,50.95591242359833,44.045961168247146,644.7239632263008,512.51,2,0.19131488273426844,625.6617742346872,ON_TIME,9.610560679083056
SHP-10001291,ORD-501291,FedEx Freight,WH-11,Zone-Metro-A,EV_CARGO_VAN,2026-10-02 21:30:59.783049828,2026-10-04 21:30:59.783049828,,18.430128866989264,73.92816535907842,3.952273685536988,41.57398273999891,53.818546814046414,46.98347341611404,1074.4977842934275,754.39,2,0.1051232353807317,37.56084548471051,EXCEPTION_OR_IN_TRANSIT,
SHP-10001292,ORD-501292,UPS Ground,WH-05,Zone-Metro-A,EV_CARGO_VAN,2026-10-02 20:45:34.195624969,2026-10-04 20:45:34.195624969,2026-10-04 21:42:37.293671108,18.65458262705176,73.77516659662983,2.6240526939381277,61.87997695289349,28.609377178170163,8.695407728095597,1351.5614137867801,941.95,2,0.015393894206123276,169.3604370230621,LATE,45.79516401284843
SHP-10001293,ORD-501293,UPS Ground,WH-07,Zone-Metro-A,SPRINTER_VAN,2026-10-02 22:41:07.126751643,2026-10-06 22:41:07.126751643,2026-10-03 14:22:05.505916366,18.496996031124592,73.86109688290304,7.177977882976965,46.08378538127809,69.5188187812839,27.705728088058837,1300.2325781875097,911.13,4,0.08876057301383625,80.77798330041492,ON_TIME,15.682883101311946
SHP-10001294,ORD-501294,BlueDart Logistics,,Zone-Industrial-C,EV_CARGO_VAN,2026-10-04 02:18:24.314807595,2026-10-05 02:18:24.314807595,2026-10-04 16:55:09.097746739,18.531794892357293,73.87582519389791,3.9377589070442993,63.1632151035203,47.239446600759436,21.232167480815907,495.85872319938807,365.37,1,0.06335244211165897,62.058429526083785,ON_TIME,14.612439705317778
SHP-10001295,ORD-501295,FedEx Freight,WH-01,Zone-Metro-A,HEAVY_FREIGHT_TRAILER,2026-10-03 22:57:42.065506543,2026-10-04 22:57:42.065506543,2026-10-04 07:52:47.839189395,18.497161585006168,73.93941601949626,33.47559176810217,47.93230099499968,10.52826651391056,8.8813301184353,1087.7881796736222,767.55,1,0.004481910307103197,7306.033842741525,ON_TIME,8.918270467458889
SHP-10001296,ORD-501296,FedEx Freight,WH-09,Zone-Suburban-B,EV_CARGO_VAN,2026-10-03 21:03:05.855876077,2026-10-05 21:03:05.855876077,2026-10-04 01:51:04.237408219,18.493007804939484,73.82220616264496,10.811459325276687,109.44975904107478,54.35054749875101,27.692944826553582,285.447491637389,220.31,2,0.16473575608338623,65.58928464408805,ON_TIME,4.799550425595
SHP-10001297,ORD-501297,FedEx Freight,WH-01,Zone-Suburban-B,SPRINTER_VAN,2026-10-03 15:42:07.237387516,2026-10-04 15:42:07.237387516,2026-10-04 06:31:19.090259201,18.624190676124577,73.81604714313764,2.42945134565931,48.960370989023936,69.85445811468523,38.889541697723075,235.50418906679576,185.99,1,0.13300612873675624,18.251987107701343,ON_TIME,14.81995913102361
SHP-10001298,ORD-501298,UPS Ground,WH-05,Zone-Suburban-B,EV_CARGO_VAN,2026-10-04 01:55:36.565403161,2026-10-08 01:55:36.565403161,2026-10-04 22:14:45.617458960,18.624269870253947,73.82574191754895,13.238613141033355,74.56969465277632,28.785005336159337,14.817372398593033,1456.4030270442588,1019.75,4,0.03180532772923967,414.9342471383177,ON_TIME,20.319181126610832
SHP-10001299,ORD-501299,UPS Ground,WH-11,Zone-Metro-A,SPRINTER_VAN,2026-10-01 13:05:29.811123301,2026-10-02 13:05:29.811123301,2026-10-02 22:41:54.469499042,18.55533645114417,73.88892412719844,11.389389364284087,99.39260567683336,12.840325702144451,21.776470913831957,1287.104968051595,899.22,1,0.027791860151874716,408.34097483163254,LATE,33.606849548816946
SHP-10001300,ORD-501300,FedEx Freight,WH-06,Zone-Industrial-C,EV_CARGO_VAN,2026-10-02 01:05:19.949366735,2026-10-04 01:05:19.949366735,2026-10-02 04:54:07.586338579,18.597285084797893,73.96900110336618,1.7369743951720482,75.6038244646513,70.53839917380421,40.15439520544347,1423.4533193609334,987.59,2,0.21414229538938193,8.10752326946052,ON_TIME,3.813232492178889
SHP-10001301,ORD-501301,DHL Express,WH-99_INVALID,Zone-Metro-A,SPRINTER_VAN,2026-10-02 17:38:38.501113668,2026-10-03 17:38:38.501113668,2026-10-03 01:33:30.440903895,18.553498959207385,73.95773534911532,15.413878933605304,68.75643923541281,83.22075369787204,36.86285616564673,292.225659987358,229.31,1,0.21092788780187602,73.04190500203772,ON_TIME,7.9144277195075
SHP-10001302,ORD-501302,FedEx Freight,WH-07,Zone-Industrial-C,EV_CARGO_VAN,2026-10-03 18:57:01.740617586,2026-10-05 18:57:01.740617586,2026-10-04 06:13:28.915885254,18.408576762981912,73.76448641410275,,,,,1693.0689672629053,1172.36,2,,,ON_TIME,11.27421535213
SHP-10001303,ORD-501303,UPS Ground,WH-05,Zone-Rural-D,RIGID_TRUCK_24FT,2026-10-02 18:22:18.952426692,2026-10-03 18:22:18.952426692,2026-10-03 10:46:45.887515737,18.419801929938977,73.96973877782301,1.7943800111336448,62.163767537721625,80.35276054942909,48.51770333077109,256.6591451026954,200.75,1,0.24234739957283744,7.401110567880383,ON_TIME,16.407481969179166
SHP-10001304,ORD-501304,UPS Ground,WH-03,Zone-Suburban-B,EV_CARGO_VAN,2026-10-03 11:51:30.604437339,2026-10-04 11:51:30.604437339,2026-10-04 02:49:25.356480629,18.515122170853846,73.7737773435546,2.108451451006273,91.72013813342323,36.94558089820465,58.10860787573162,1611.1279475474255,1117.0,1,0.19690995392637312,10.70225848483903,ON_TIME,14.965208900913888
SHP-10001305,ORD-501305,BlueDart Logistics,WH-05,Zone-Suburban-B,HEAVY_FREIGHT_TRAILER,2026-10-01 16:00:18.407440519,2026-10-02 16:00:18.407440519,2026-10-02 07:11:56.902682672,18.624923907588517,73.85383701732972,5.929419245155753,19.790287444331288,80.60797064410656,37.84563205623574,659.6731374203017,469.2,1,0.060373430335204946,98.04999009133286,ON_TIME,15.194026456153612
SHP-10001306,ORD-501306,UPS Ground,WH-05,Zone-Suburban-B,RIGID_TRUCK_24FT,2026-10-02 00:10:25.660323524,2026-10-09 00:10:25.660323524,2026-10-02 21:36:49.976922742,18.673967868440304,73.94135110981355,4.278121154897445,99.08734125328613,58.66294930018351,43.41570515263945,205.78786299674806,152.92,7,0.2523648865635984,16.94541056037012,ON_TIME,21.440087944227223
SHP-10001307,ORD-501307,BlueDart Logistics,WH-01,Zone-Suburban-B,EV_CARGO_VAN,2026-10-03 10:41:16.363833764,2026-10-04 10:41:16.363833764,2026-10-03 19:49:46.915426454,18.408912491604024,73.77037775900848,18.461843658686924,70.69776092333606,76.768323433631,52.32784423479216,539.0813495194367,393.18,1,0.28400145092404594,64.98327832765159,ON_TIME,9.141819886858332
SHP-10001308,ORD-501308,DHL Express,WH-05,Zone-Rural-D,RIGID_TRUCK_24FT,2026-10-01 17:51:39.055103698,2026-10-05 17:51:39.055103698,2026-10-03 00:02:28.411485986,18.51040901580604,73.76009992006924,5.3693742010549865,95.64295601929608,68.937476878856,51.19958446538974,345.501450125117,251.04,4,0.3375785245640505,15.900845953964506,ON_TIME,30.180376772857777
SHP-10001309,ORD-501309,BlueDart Logistics,WH-06,Zone-Rural-D,EV_CARGO_VAN,2026-10-02 07:17:51.458262557,2026-10-03 07:17:51.458262557,2026-10-03 05:05:38.440868725,18.46713473083492,73.8324989509027,7.306863934055392,15.987306741699811,12.099830711547012,44.52969031144289,913.8509429553707,635.34,1,0.008613988281163646,838.5212027252866,ON_TIME,21.79638405726889
SHP-10001310,ORD-501310,FedEx Freight,WH-10,Zone-Metro-A,HEAVY_FREIGHT_TRAILER,2026-10-02 01:04:13.334025277,2026-10-03 01:04:13.334025277,2026-10-02 14:25:41.824912103,18.64456158434964,73.93248140196432,19403.323225168846,97.58125837635367,14.908187674379041,32.51409151556863,1757.6319496970948,9360.26,1,0.047300190453894116,409351.1658785916,ON_TIME,13.357914135229445
SHP-10001311,ORD-501311,BlueDart Logistics,WH-09,Zone-Suburban-B,SPRINTER_VAN,2026-10-02 07:11:24.151142466,2026-10-04 07:11:24.151142466,2026-10-04 05:44:34.741025625,18.653790443396392,73.88043910939302,28.16877690698446,26.413064321460354,49.430845383890805,20.026378852690087,614.627194988669,453.29,2,0.026146842732027283,1073.2253473143255,ON_TIME,45.79516401284843
SHP-10001312,ORD-501312,UPS Ground,WH-09,Zone-Rural-D,EV_CARGO_VAN,2026-10-03 08:59:57.593521009,2026-10-05 08:59:57.593521009,2026-10-05 06:13:30.913550377,18.461922660307568,73.85425046765242,,83.51571060727792,19.72142648836845,53.24686646644733,1137.037935683725,788.41,2,0.08770019536406196,,ON_TIME,45.22592223038
SHP-10001313,ORD-501313,BlueDart Logistics,WH-01,Zone-Rural-D,EV_CARGO_VAN,2026-10-02 08:29:05.989352214,2026-10-09 08:29:05.989352214,2026-10-03 14:38:27.380102810,18.61324817603046,73.95326832937893,2.6165476629677507,54.569532324345154,44.57756793678636,47.71604932305178,1650.982969610053,1144.66,7,0.1160729657587578,22.52286188855,ON_TIME,30.155941875165553
SHP-10001314,ORD-501314,DHL Express,WH-03,Zone-Suburban-B,EV_CARGO_VAN,2026-10-02 21:58:44.253219978,2026-10-09 21:58:44.253219978,2026-10-03 00:17:25.998021707,18.61952681119043,73.94167731554856,9.602749059356324,79.70187715430282,81.59727239233507,51.08488235771635,1170.0758827816744,823.05,7,0.3322282734572832,28.89537191481435,ON_TIME,2.311595778258056
SHP-10001315,ORD-501315,UPS Ground,WH-09,Zone-Suburban-B,HEAVY_FREIGHT_TRAILER,2026-10-01 13:11:42.342532502,2026-10-05 13:11:42.342532502,2026-10-03 11:05:17.425095807,18.45311730903477,73.9465108024335,32.73254309997181,74.6780250793496,32.106796566586326,12.74341249809623,677.7220209186269,494.42,4,0.030554525360104685,1067.7882862466877,ON_TIME,45.79516401284843
SHP-10001316,ORD-501316,UPS Ground,WH-07,Zone-Metro-A,EV_CARGO_VAN,2026-10-03 15:57:40.586086415,2026-10-07 15:57:40.586086415,2026-10-04 19:31:39.169569100,18.53010877510247,73.8649317059873,15.542366007026573,30.52267197138797,46.668453536180564,22.314708300410103,1833.1623157492659,1269.64,4,0.03178609471913462,487.43397847650834,ON_TIME,27.566273189634725
SHP-10001317,ORD-501317,UPS Ground,WH-01,Zone-Rural-D,SPRINTER_VAN,2026-10-02 08:37:55.131767993,2026-10-04 08:37:55.131767993,2026-10-04 21:13:26.930179907,18.58610134163314,73.75486231062301,4.583625727634527,63.888307622517424,38.819472255105204,28.368677084480815,356.46619944770083,262.09,2,0.07035745065098034,65.05523099806835,LATE,45.79516401284843
SHP-10001318,ORD-501318,FedEx Freight,WH-11,Zone-Metro-A,SPRINTER_VAN,2026-10-03 04:41:40.054021442,2026-10-05 04:41:40.054021442,2026-10-04 17:27:08.337355702,18.40781998207978,73.79303424337289,5.55043157975373,41.33689495348137,57.237022318618635,51.109358476530836,973.7445553779437,688.34,2,0.12092478197144119,45.86194240005731,ON_TIME,36.757856481738884
SHP-10001319,ORD-501319,FedEx Freight,WH-10,Zone-Suburban-B,HEAVY_FREIGHT_TRAILER,2026-10-03 10:13:40.984750747,2026-10-10 10:13:40.984750747,2026-10-05 08:06:11.386726088,18.521377549913765,73.93532510706916,1.7872769965386688,68.24150007056119,24.538369798866913,54.10876699930605,1476.3447066782335,1024.53,7,0.09060703304054497,19.70384144016459,ON_TIME,45.79516401284843
SHP-10001320,ORD-501320,FedEx Freight,WH-07,Zone-Metro-A,EV_CARGO_VAN,2026-10-01 21:05:44.111011352,2026-10-05 21:05:44.111011352,2026-10-03 02:12:24.711118030,18.446487469884286,73.9382933679374,90.89941023688431,85.11031189002018,29.495446760071246,20.669099284040747,13.1926222829383,54.43,4,0.05188701800534401,1748.5021015735176,ON_TIME,29.111277807410556
SHP-10001321,ORD-501321,FedEx Freight,WH-01,Zone-Metro-A,SPRINTER_VAN,2026-10-03 21:41:47.756099908,2026-10-05 21:41:47.756099908,2026-10-05 13:12:37.521611674,18.562568950336264,73.99307465317533,58.094266374483865,22.7195493852746,74.40758885230076,42.75360419961706,1302.3554974377992,928.24,2,0.07227526245336112,802.6812533069572,ON_TIME,39.51382375326833
SHP-10001322,ORD-501322,BlueDart Logistics,WH-10,Zone-Suburban-B,SPRINTER_VAN,2026-10-03 02:22:05.326016522,2026-10-04 02:22:05.326016522,2026-10-05 14:28:42.238003440,18.652875275038287,73.79754663172754,12.75692060109072,63.9974302354474,70.85021678952538,9.279781338390986,501.8249721455152,369.26,1,0.04207667969868651,302.46384239411816,LATE,45.79516401284843
SHP-10001323,ORD-501323,FedEx Freight,WH-08,,SPRINTER_VAN,2026-10-02 12:52:05.556741984,2026-10-03 12:52:05.556741984,2026-10-03 07:47:54.416415658,18.55742618158781,73.78073169703816,8.894655076107792,73.67483297241455,69.18922666529804,27.526529958281863,323.95771630767024,244.94,1,0.14031661633406164,63.34474728366009,ON_TIME,18.93023879824278
SHP-10001324,ORD-501324,UPS Ground,WH-10,Zone-Metro-A,EV_CARGO_VAN,2026-10-01 19:07:41.279583474,2026-10-08 19:07:41.279583474,2026-10-02 01:02:47.178776978,18.410795078862602,73.784697408434,2.3364819595736352,43.05990809173531,67.81897069884221,31.76680092635368,515.9694236709197,366.74,7,0.09276791037054119,25.15919600485374,ON_TIME,5.918305331528889
SHP-10001325,ORD-501325,DHL Express,WH-10,Zone-Suburban-B,EV_CARGO_VAN,2026-10-04 01:50:44.403103992,2026-10-06 01:50:44.403103992,2026-10-04 15:18:41.151111214,18.408897173679037,73.79619702876853,7.575939289660273,105.53533086562068,44.45781200961843,47.10980481945137,1789.0085906935233,1235.98,2,0.22103307522710078,34.25963882553472,ON_TIME,13.465763335339444
SHP-10001326,ORD-501326,FedEx Freight,WH-11,Zone-Metro-A,EV_CARGO_VAN,2026-10-03 12:21:53.678510917,2026-10-05 12:21:53.678510917,2026-10-04 09:33:12.740602905,18.581650943771244,73.88211708487697,26.29585683213345,64.4287684231488,64.66680793991563,54.058473026041625,1651.377006482542,1144.24,2,0.2252293730239933,116.69964052726247,ON_TIME,21.188628358885556
SHP-10001327,ORD-501327,BlueDart Logistics,WH-07,Zone-Metro-A,SPRINTER_VAN,2026-10-01 20:58:39.966660458,2026-10-02 20:58:39.966660458,,18.49839446755768,73.99380286574353,21.653544840640155,32.33912353536361,39.040361340408836,23.55057797034509,404.8806909802852,,1,0.029733336362868644,725.81707179056,EXCEPTION_OR_IN_TRANSIT,
SHP-10001328,ORD-501328,UPS Ground,WH-02,Zone-Suburban-B,EV_CARGO_VAN,2026-10-02 06:18:54.632808518,2026-10-06 06:18:54.632808518,2026-10-02 13:37:43.568938720,18.571799951041566,73.89735787075016,5.255526533682662,25.23988487093198,17.55321851421101,34.02563894680458,227.0952089917011,179.74,4,0.01507476040017049,346.3334112098149,ON_TIME,7.3135933695005555
SHP-10001329,ORD-501329,DHL Express,WH-09,Zone-Suburban-B,SPRINTER_VAN,2026-10-03 16:17:47.567696428,2026-10-04 16:17:47.567696428,2026-10-03 21:59:34.026273899,18.449091132674795,73.88067201641167,23.591508372765116,66.45765717070972,39.50309812366693,40.60965223021383,681.3124870975915,,1,0.10661184394200546,221.07675681798133,ON_TIME,5.696238493741944
SHP-10001330,ORD-501330,UPS Ground,WH-08,Zone-Metro-A,EV_CARGO_VAN,2026-10-03 08:05:19.650305415,2026-10-07 08:05:19.650305415,2026-10-03 18:14:47.817414973,18.633058705850832,73.91833905759597,36.17987086894367,50.64764620705825,21.899728317094816,23.07779759207481,1100.714450423935,781.93,4,0.025597193643430126,1407.9308180873516,ON_TIME,10.157824197099446
SHP-10001331,ORD-501331,UPS Ground,WH-10,Zone-Metro-A,RIGID_TRUCK_24FT,2026-10-03 13:08:11.288671915,2026-10-04 13:08:11.288671915,2026-10-04 16:56:10.757317891,18.65821591172007,73.76848259768954,9.407386116783995,33.29197428799654,39.31387604743822,59.20460172457244,,,1,0.07748914669685744,121.24616028500566,LATE,27.79985240166
SHP-10001332,ORD-501332,FedEx Freight,WH-03,Zone-Metro-A,HEAVY_FREIGHT_TRAILER,2026-10-02 13:45:59.325693592,2026-10-06 13:45:59.325693592,2026-10-04 11:42:04.250373501,18.66676768062547,73.95383853353759,29.319126559817104,17.916356244648586,32.306891152216494,53.167590876351355,1787.6736498236628,1249.59,4,0.030774559112990263,949.6208983104565,ON_TIME,45.79516401284843
SHP-10001333,ORD-501333,Unknown Carrier,WH-03,Zone-Metro-A,SPRINTER_VAN,2026-10-03 09:35:10.647276849,2026-10-07 09:35:10.647276849,2026-10-04 15:25:25.964934683,18.491222376649404,73.9117198858298,65.39160567555874,68.82700760359859,54.93705003009437,21.302155587663915,1392.6198907021555,986.24,4,0.08054670439723952,810.8403953304885,ON_TIME,29.837588238287225
SHP-10001334,ORD-501334,UPS Ground,WH-12,Zone-Rural-D,EV_CARGO_VAN,2026-10-02 09:49:39.172966326,2026-10-03 09:49:39.172966326,2026-10-03 18:31:33.600082874,18.59822061028742,73.79279791989764,89.86776633508882,71.86702249919787,37.11553116238176,32.93704270494766,1112.9752569456434,818.45,1,0.0878556983323596,1021.7389895024659,LATE,32.69845197681889
SHP-10001335,ORD-501335,UPS Ground,WH-10,Zone-Rural-D,EV_CARGO_VAN,2026-10-01 21:12:39.348070380,2026-10-03 21:12:39.348070380,2026-10-02 12:48:50.522954687,18.483712716139078,73.90767885529986,4.390741561664571,28.471247112239503,62.91922475343838,17.69623372859844,273.6062640288091,210.79,2,0.03170083483397085,138.07000931227805,ON_TIME,15.603104134529723
SHP-10001336,ORD-501336,FedEx Freight,WH-12,Zone-Metro-A,EV_CARGO_VAN,2026-10-03 03:33:09.887430880,2026-10-05 03:33:09.887430880,2026-10-03 08:51:08.734688986,18.628827046243472,73.89905199064147,15.364389370136822,72.1651147281789,48.411001078573705,33.29771553968341,148.06415577414572,132.98,2,0.11632841442582795,131.96425843216204,ON_TIME,5.299679793918334
SHP-10001337,ORD-501337,UPS Ground,WH-10,Zone-Suburban-B,EV_CARGO_VAN,2026-10-04 04:16:22.809515207,2026-10-05 04:16:22.809515207,2026-10-04 16:30:20.262140612,18.436157500667896,73.7662132463737,20.990273050014636,105.43741169722185,78.96192088865499,42.58327896528067,1107.4974027366716,782.17,1,0.35452881625180854,59.189417464344565,ON_TIME,12.232625729279167
SHP-10001338,ORD-501338,FedEx Freight,WH-08,Zone-Rural-D,SPRINTER_VAN,2026-10-02 04:21:47.771785669,2026-10-06 04:21:47.771785669,2026-10-02 18:15:43.483148457,18.628829443336347,73.81673304946143,8.82249881417454,107.93808294902524,16.826907651279022,9.703660103614329,1002.799826399612,703.01,4,0.017624410007235667,497.759801910073,ON_TIME,13.898808711885556
SHP-10001339,ORD-501339,FedEx Freight,WH-09,Zone-Metro-A,SPRINTER_VAN,2026-10-02 15:11:23.318301490,2026-10-04 15:11:23.318301490,2026-10-03 03:05:39.492744630,18.53191859129906,73.84773540572232,40.139561124283006,99.40682897291548,61.578189148099916,52.85644626439994,1567.1099420152798,1104.65,2,0.32354976899914006,124.02159670439826,ON_TIME,11.904492900872222
SHP-10001341,ORD-501341,DHL Express,WH-08,Zone-Rural-D,EV_CARGO_VAN,2026-10-02 20:59:18.428326148,2026-10-03 20:59:18.428326148,2026-10-03 18:53:52.826396335,18.621679257995844,73.81079042194887,7.512747904948021,34.88994448776647,81.29699105595255,59.428159421735096,84.95179580895105,75.13,1,0.1685648545164209,44.5424621892203,ON_TIME,21.90955501949639
SHP-10001342,ORD-501342,BlueDart Logistics,WH-08,Zone-Metro-A,SPRINTER_VAN,2026-10-03 18:43:36.484647785,2026-10-05 18:43:36.484647785,2026-10-04 23:21:24.974556739,18.512955892208943,73.89323711842435,1.8638488204068286,29.861342337113363,37.86639002827394,6.4075328987226765,790.775798589319,558.16,2,0.00724526166772176,253.7484578115688,ON_TIME,28.630136085820556
SHP-10001343,ORD-501343,UPS Ground,WH-02,Zone-Metro-A,SPRINTER_VAN,2026-10-03 12:50:43.709516898,2026-10-07 12:50:43.709516898,2026-10-04 02:34:13.862725997,18.671061755608136,73.86771475426511,1.1876000874065473,,,,1793.357074637565,1241.31,4,,,ON_TIME,13.725042558083056
SHP-10001344,ORD-501344,BlueDart Logistics,WH-06,Zone-Rural-D,SPRINTER_VAN,2026-10-01 10:11:50.635241122,2026-10-03 10:11:50.635241122,2026-10-01 14:58:06.243138413,18.485001141782593,73.916823045432,5.928718573004763,73.86501637526248,22.92950831602424,48.557967654000116,1474.2666752733294,1027.4,2,0.08224207175050427,72.00108579935572,ON_TIME,4.7710021936919444
SHP-10001345,ORD-501345,DHL Express,WH-09,Zone-Suburban-B,EV_CARGO_VAN,2026-10-04 05:53:10.783833042,2026-10-11 05:53:10.783833042,,18.690096589430777,73.98910177177748,0.277775485204523,,,,74.07325515449803,68.72,7,,,EXCEPTION_OR_IN_TRANSIT,
SHP-10001346,ORD-501346,DHL Express,WH-04,Zone-Metro-A,SPRINTER_VAN,2026-10-03 12:10:22.716004085,2026-10-10 12:10:22.716004085,2026-10-04 05:05:29.563302366,18.630161015186705,73.9151390111503,40.18121909497547,37.036488907996144,47.6418079566354,23.441809929587368,1619.6598253648463,1141.4,7,0.04136272883727581,969.0924891284955,ON_TIME,16.918568693966943
SHP-10001347,ORD-501347,DHL Express,WH-03,Zone-Metro-A,SPRINTER_VAN,2026-10-03 20:12:03.739583434,2026-10-04 20:12:03.739583434,2026-10-05 08:36:37.339236757,18.697202455381355,73.89552398307063,26.21666779105419,60.5665505494316,72.82847214699828,53.6637911674295,878.9652819239814,623.91,1,0.2367093374931537,110.70791409064319,LATE,36.40933323703417
SHP-10001348,ORD-501348,BlueDart Logistics,WH-04,Zone-Suburban-B,SPRINTER_VAN,2026-10-03 04:53:10.446975113,2026-10-04 04:53:10.446975113,2026-10-03 16:15:20.261052569,18.416171384919544,73.96188987291637,20.65172240191019,76.50682298590036,31.321495261048096,33.51498622897398,682.4436424814028,502.83,1,0.080312232757072,256.8231436167147,ON_TIME,11.369392799293333
SHP-10001349,ORD-501349,FedEx Freight,WH-04,Zone-Industrial-C,HEAVY_FREIGHT_TRAILER,2026-10-03 19:39:09.105189720,2026-10-07 19:39:09.105189720,2026-10-04 18:35:55.508870340,18.48221081376314,73.90801827764176,34.31009182478499,57.331416180769814,21.83065874930429,27.070481810698148,649.3072759955309,472.82,4,0.033880943527567375,1009.6862612702495,ON_TIME,22.946223244616668
SHP-10001350,ORD-501350,BlueDart Logistics,WH-03,Zone-Industrial-C,EV_CARGO_VAN,2026-10-01 14:05:29.667101521,2026-10-03 14:05:29.667101521,2026-10-02 09:56:54.906057972,18.62237927695434,73.7913903175772,6.484518806157505,58.14839932253201,30.409635330562654,54.8023037737963,1105.8751370854327,776.76,2,0.09690535838910591,66.84701663744116,ON_TIME,19.857010821236386
SHP-10001351,ORD-501351,UPS Ground,WH-06,,EV_CARGO_VAN,2026-10-02 07:02:13.646976974,2026-10-03 07:02:13.646976974,2026-10-02 23:57:28.022125432,18.676674910375112,73.82868717486461,11.76953871854993,36.386130297686506,17.569523127136343,10.133948846238379,987.2417310941215,693.5,1,0.006478501328130824,1789.0911822456158,ON_TIME,16.920659763460556
SHP-10001352,ORD-501352,DHL Express,WH-12,Zone-Metro-A,SPRINTER_VAN,2026-10-03 21:06:08.308582284,2026-10-05 21:06:08.308582284,2026-10-05 03:12:43.150384511,18.408631245135833,73.93334007067111,5.7810017268405405,108.73278596655221,79.5021562230997,31.021753059624103,1218.8808747812675,851.76,2,0.268167263157818,21.549411802213285,ON_TIME,30.10967827839639
SHP-10001353,ORD-501353,UPS Ground,WH-07,Zone-Suburban-B,SPRINTER_VAN,2026-10-01 20:31:09.030760378,2026-10-03 20:31:09.030760378,2026-10-02 07:13:17.100799973,18.400002788792673,73.93459559575676,34.156535386863524,60.14336192370712,75.44681140166854,40.880575388644374,1066.3530127436056,754.07,2,0.1855007161606655,184.03234692960925,ON_TIME,10.702241677665278
SHP-10001354,ORD-501354,DHL Express,WH-03,Zone-Suburban-B,EV_CARGO_VAN,2026-10-01 11:38:00.351951941,2026-10-05 11:38:00.351951941,2026-10-01 22:56:54.332751820,18.476872788776873,73.99675218757724,0.42231946688049743,,,,276.5701285590786,213.62,4,,,ON_TIME,11.314994666633055
SHP-10001355,ORD-501355,BlueDart Logistics,WH-01,Zone-Suburban-B,RIGID_TRUCK_24FT,2026-10-03 14:44:40.429233800,2026-10-04 14:44:40.429233800,2026-10-04 07:03:44.974985806,18.655833602989468,73.90674371960057,34.144889718832914,35.76313267224876,28.524086194890028,19.53520499248903,484.79978409778886,359.92,1,0.019928071228169125,1704.8516219978655,ON_TIME,16.317929375557224
SHP-10001356,ORD-501356,FedEx Freight,WH-09,Zone-Metro-A,HEAVY_FREIGHT_TRAILER,2026-10-03 18:09:18.011542742,2026-10-04 18:09:18.011542742,2026-10-04 05:00:07.845223892,18.630145930642968,73.97488629702147,1.0149484196019647,,,,1557.8123535231712,1080.15,1,,,ON_TIME,10.847176022541666
SHP-10001357,ORD-501357,DHL Express,WH-05,,HEAVY_FREIGHT_TRAILER,2026-10-01 17:42:39.454954822,2026-10-08 17:42:39.454954822,2026-10-02 16:35:22.910234209,18.502083238650656,73.76364507764738,7.047752634833125,39.258208060759145,10.132896349071698,43.970897035728996,1231.0691500105677,859.77,7,0.017491594397357223,400.6318287950014,ON_TIME,22.8787375776075
SHP-10001358,ORD-501358,FedEx Freight,WH-11,Zone-Rural-D,EV_CARGO_VAN,2026-10-03 19:30:46.478737279,2026-10-07 19:30:46.478737279,2026-10-04 05:51:25.562466365,18.40060337930363,73.89155558620266,2.56126552519241,34.22194388142931,55.043314599351,37.16869740296841,836.1603495122941,586.16,4,0.0700142747408381,36.52987262094005,ON_TIME,10.34418992474611
SHP-10001359,ORD-501359,UPS Ground,WH-09,Zone-Suburban-B,RIGID_TRUCK_24FT,2026-10-03 07:26:50.212618786,2026-10-05 07:26:50.212618786,2026-10-04 02:29:52.313493762,18.566411722286116,73.97996200617555,7.664899523694253,41.193613839578774,78.70028207092528,42.645422428752724,347.6214317106445,246.88,2,0.13825428582120936,55.40052104782174,ON_TIME,19.05058357638222
SHP-10001360,ORD-501360,FedEx Freight,WH-10,Zone-Suburban-B,SPRINTER_VAN,2026-10-02 19:26:45.431489738,2026-10-06 19:26:45.431489738,2026-10-03 10:51:14.278373809,18.471386641435284,73.82181105879455,4.648979040346298,15.262166608001694,48.141811667976455,19.084330666383472,26.136124126299293,45.02,4,0.01402218047728702,329.19697123424686,ON_TIME,15.408013023353055
SHP-10001362,ORD-501362,UPS Ground,WH-09,Zone-Suburban-B,SPRINTER_VAN,2026-10-02 12:11:09.405423475,2026-10-06 12:11:09.405423475,2026-10-03 00:22:57.642652278,18.533904899314788,73.83762754002419,17.40530785151336,51.81060052467011,26.41535720388668,29.73292453417334,112.80870683121715,95.32,4,0.04069234730823043,426.6807134190484,ON_TIME,12.19673256355639
SHP-10001363,ORD-501363,UPS Ground,WH-04,Zone-Industrial-C,RIGID_TRUCK_24FT,2026-10-01 19:58:03.233453104,2026-10-03 19:58:03.233453104,,18.6035805769143,73.94805904181106,11.819126541253732,100.37545682342338,79.18311954189505,59.29731142575128,898.4382366147424,626.34,2,0.47129750964508016,25.07252647590877,EXCEPTION_OR_IN_TRANSIT,
SHP-10001364,ORD-501364,UPS Ground,WH-12,Zone-Suburban-B,SPRINTER_VAN,2026-10-02 02:30:33.813777471,2026-10-03 02:30:33.813777471,2026-10-02 20:00:46.739129122,18.655692648966486,73.77117520367032,29.93447469284801,18.867181493189513,11.276681813487194,6.280692636681566,1522.4710701695872,1066.24,1,0.0013362751560004914,20841.74092115102,ON_TIME,17.50359037545861
SHP-10001365,ORD-501365,FedEx Freight,WH-08,,EV_CARGO_VAN,2026-10-02 18:22:18.513541627,2026-10-06 18:22:18.513541627,2026-10-03 13:07:28.955018851,18.56072793985555,73.90008466459227,14.909899021033018,19.104028581296262,39.608482454740106,25.917345418620386,536.5627396206625,390.71,4,0.019611177903500226,756.4184694606903,ON_TIME,18.75290041034
SHP-10001366,ORD-501366,UPS Ground,WH-05,Zone-Suburban-B,SPRINTER_VAN,2026-10-02 20:15:20.941460887,2026-10-04 20:15:20.941460887,2026-10-03 12:39:20.198752135,18.500786662218488,73.78390790146106,1.3404895379005763,,,,1570.1721489381812,1087.21,2,,,ON_TIME,16.399793692013333
SHP-10001367,ORD-501367,FedEx Freight,WH-04,Zone-Suburban-B,SPRINTER_VAN,2026-10-03 16:00:06.550213567,2026-10-10 16:00:06.550213567,2026-10-05 17:49:30.929856509,18.630863063804576,73.85888311038681,151.69203828090897,27.03124100941242,72.85682452637525,35.55852398467294,1306.9893600071514,979.68,7,0.0700293263378953,2163.0328737229033,ON_TIME,45.79516401284843
SHP-10001368,ORD-501368,FedEx Freight,WH-03,Zone-Industrial-C,EV_CARGO_VAN,2026-10-03 14:58:38.625970685,2026-10-05 14:58:38.625970685,2026-10-03 23:36:50.759570567,18.479556171931353,73.99149425038792,0.8328746756191195,,,,242.23216135424255,176.72,2,,,ON_TIME,8.636703777745
SHP-10001369,ORD-501369,FedEx Freight,WH-09,Zone-Metro-A,HEAVY_FREIGHT_TRAILER,2026-10-02 23:51:30.211627425,2026-10-09 23:51:30.211627425,2026-10-03 15:37:51.189824542,18.66745564483193,73.79878606746172,13.16368335209446,31.996817052736308,27.43628137996394,45.561287061211495,1196.7047561534941,840.35,7,0.03999705455216783,328.2955194369201,ON_TIME,15.772493943643612
SHP-10001370,ORD-501370,UPS Ground,WH-03,Zone-Suburban-B,SPRINTER_VAN,2026-10-03 14:12:59.597288331,2026-10-10 14:12:59.597288331,2026-10-03 20:07:46.137990828,18.42142829401988,73.7585041372115,21.825149707133363,93.2682366342724,54.977853826461924,53.502622428563534,290.7874858275884,230.13,7,0.27434472719181585,79.52475505889117,ON_TIME,5.912927972915834
SHP-10001371,ORD-501371,FedEx Freight,WH-08,Zone-Metro-A,SPRINTER_VAN,2026-10-01 19:48:27.680389719,2026-10-02 19:48:27.680389719,2026-10-02 16:45:06.137086792,18.65064059233256,73.8568008347445,12.822860615742899,91.25783786220971,29.78335236679761,16.598639447016097,1215.5057114653005,855.05,1,0.04511451013079111,283.6005649215366,ON_TIME,20.944015749186942
SHP-10001372,ORD-501372,BlueDart Logistics,WH-04,Zone-Suburban-B,EV_CARGO_VAN,2026-10-01 09:36:16.725422581,2026-10-05 09:36:16.725422581,2026-10-01 17:34:11.666174405,18.427466718181282,73.89442389692253,7.098764439603246,47.31256003012785,29.144819349693726,13.83726900659891,274.309222930259,213.98,4,0.019080431837748928,370.1045158760293,ON_TIME,7.965261319951111
SHP-10001373,ORD-501373,DHL Express,WH-09,Zone-Industrial-C,SPRINTER_VAN,2026-10-03 20:54:05.886826914,2026-10-05 20:54:05.886826914,2026-10-04 10:37:29.925686461,18.416841094122944,73.82437943375785,53.724778097499026,78.46293713968593,70.569982254776,53.14464521506632,733.4358907366103,541.89,2,0.2942687074072913,182.50845536772673,ON_TIME,13.723344127651945
SHP-10001374,ORD-501374,FedEx Freight,WH-11,Zone-Suburban-B,EV_CARGO_VAN,2026-10-01 11:26:23.724783309,2026-10-08 11:26:23.724783309,2026-10-02 00:21:06.974846069,18.508977081204446,73.88544200084418,34.73905682018039,63.18872219690363,21.56993764724598,24.86995532986781,1053.4002686978,752.13,7,0.03389717207684173,1021.8219545338011,ON_TIME,12.912013906322223
SHP-10001375,ORD-501375,BlueDart Logistics,WH-10,Zone-Industrial-C,EV_CARGO_VAN,2026-10-01 23:45:41.640989644,2026-10-03 23:45:41.640989644,2026-10-02 19:30:00.822891938,18.68696480634245,73.988350486563,8.797757913479485,100.94982403536108,10.414110880149309,28.902099922746647,104.58772707720492,93.17,2,0.030384854552526066,288.59438703638085,ON_TIME,19.73866163952611
SHP-10001376,ORD-501376,DHL Express,WH-10,Zone-Suburban-B,SPRINTER_VAN,2026-10-03 08:03:46.671742640,2026-10-07 08:03:46.671742640,2026-10-03 19:32:37.957974326,18.69504581625748,73.82794269685402,5.265238796259411,20.36023016465512,35.25814127543868,17.15332263439446,293.7807378426213,214.43,4,0.012313750596201609,424.14568872283314,ON_TIME,11.480912842135
SHP-10001377,ORD-501377,DHL Express,WH-03,Zone-Metro-A,SPRINTER_VAN,2026-10-02 11:28:48.905432998,2026-10-04 11:28:48.905432998,2026-10-02 22:38:53.655196283,18.460621150289846,73.82735675779982,3.384293674197221,92.25201722998003,46.823046624627246,28.392317742813095,600.911420446029,431.69,2,0.12264119864546205,27.57259755929835,ON_TIME,11.167986045356944
SHP-10001378,ORD-501378,DHL Express,WH-02,Zone-Industrial-C,SPRINTER_VAN,2026-10-03 21:05:40.581002099,2026-10-04 21:05:40.581002099,2026-10-05 14:54:42.344966616,18.44459126669862,73.87069197447023,3.7244115154741713,31.206873595608705,62.88102939214927,17.72150401928983,861.7443176486812,605.54,1,0.03477526771805921,106.7923419422408,LATE,41.81715665681028
SHP-10001379,ORD-501379,UPS Ground,WH-09,Zone-Metro-A,EV_CARGO_VAN,2026-10-02 03:27:16.362776460,2026-10-03 03:27:16.362776460,2026-10-02 23:14:25.520934026,18.505885999466432,73.87882908397283,8.398978584434253,52.203985256017134,68.58364432032164,41.62600923487995,1589.8996462275963,1100.94,1,0.1490352474596084,56.317864002666596,ON_TIME,19.785877265990553
SHP-10001380,ORD-501380,FedEx Freight,WH-05,Zone-Metro-A,SPRINTER_VAN,2026-10-01 06:51:17.053056697,2026-10-03 06:51:17.053056697,2026-10-01 18:16:27.028009935,18.501126052264322,73.75034148146877,1.2374607317833997,33.23592938630276,59.76394083502226,32.43820268640479,356.2079363946192,264.6,2,0.06443233018757444,19.175825949357552,ON_TIME,11.419437487010557
SHP-10001381,ORD-501381,DHL Express,WH-06,Zone-Suburban-B,EV_CARGO_VAN,2026-10-02 03:38:49.942033344,2026-10-06 03:38:49.942033344,2026-10-02 17:37:04.252503602,18.627877864821393,73.90396878280121,8.952862226269298,81.74836891144321,56.9881660237695,48.34332452795999,650.6516070236421,468.51,4,0.2252165441600836,39.73459765079852,ON_TIME,13.97064179729389
SHP-10001382,ORD-501382,UPS Ground,WH-01,Zone-Metro-A,HEAVY_FREIGHT_TRAILER,2026-10-02 23:37:17.052748708,2026-10-06 23:37:17.052748708,2026-10-04 23:32:20.041848849,18.533199706224018,73.99933933716618,23.662192546005297,79.44098707655948,59.93115417395763,22.200046383701196,886.476722282972,629.21,4,0.1056941998139495,223.66247476343517,ON_TIME,45.79516401284843
SHP-10001383,ORD-501383,FedEx Freight,WH-04,Zone-Metro-A,SPRINTER_VAN,2026-10-02 09:04:03.226904533,2026-10-06 09:04:03.226904533,2026-10-02 23:10:52.387987203,18.633965075720354,73.82300201236761,4.592368637261227,67.05027216140755,30.364488818582426,32.807725850247074,555.6409859084598,401.01,4,0.06679479887343934,68.65060833727438,ON_TIME,14.113655856297221
SHP-10001384,ORD-501384,UPS Ground,WH-01,Zone-Suburban-B,SPRINTER_VAN,2026-10-02 20:30:39.018292669,2026-10-04 20:30:39.018292669,2026-10-03 07:01:01.513632035,18.624613929107515,73.90770251156663,8.781294693626293,81.32548849634725,38.67709922234259,19.273782763742396,1162.1244172889606,813.53,2,0.06062441138006607,144.60897181308732,ON_TIME,10.506248705379445
SHP-10001385,ORD-501385,DHL Express,WH-11,Zone-Suburban-B,EV_CARGO_VAN,2026-10-03 21:06:54.232402036,2026-10-05 21:06:54.232402036,2026-10-04 07:39:02.108084879,18.573493129037775,73.7511554137585,13.051290270384909,75.75865415744401,56.23273757496734,56.39606616356473,483.63527511823304,355.3,2,0.24025381302875165,54.3003254490649,ON_TIME,10.535521023011944
SHP-10001386,ORD-501386,BlueDart Logistics,WH-04,Zone-Suburban-B,EV_CARGO_VAN,2026-10-03 23:41:56.126056511,2026-10-04 23:41:56.126056511,2026-10-04 11:12:25.975944687,18.650053629922496,73.90108165307423,16.140406193960484,88.76199529000546,14.917799526547963,33.706461728510675,1431.5800740061413,1006.52,1,0.04463186024140449,360.82573152235415,ON_TIME,11.508291635604445
SHP-10001387,ORD-501387,FedEx Freight,WH-07,Zone-Rural-D,HEAVY_FREIGHT_TRAILER,2026-10-02 01:09:00.477558345,2026-10-06 01:09:00.477558345,2026-10-02 12:19:26.347755433,18.458694323965812,73.86176707735696,7.09831129065509,37.74363187260213,32.149401255089174,14.54043729748687,940.473226336475,664.72,4,0.01764387794428594,400.04283803930014,ON_TIME,11.173852832524444
SHP-10001388,ORD-501388,UPS Ground,WH-01,Zone-Suburban-B,EV_CARGO_VAN,2026-10-02 15:16:26.810671558,2026-10-09 15:16:26.810671558,2026-10-02 22:25:55.566509777,18.448543148698153,73.88257328836617,74.64932570848488,55.74669841936845,40.48142085682398,20.002111256551597,170.62837580152055,169.21,7,0.04513887568625674,1650.1145215499428,ON_TIME,7.1579877328386114
SHP-10001389,ORD-501389,DHL Express,WH-09,Zone-Rural-D,SPRINTER_VAN,2026-10-02 21:32:18.128750584,2026-10-04 21:32:18.128750584,2026-10-03 05:27:26.671343006,18.6251950775508,73.8859762418731,9.062211164230462,29.404520288651728,50.008051214045196,9.559608026823309,1164.4239694363382,811.19,2,0.014057047570366884,640.1201323360117,ON_TIME,7.919039609006111
SHP-10001390,ORD-501390,FedEx Freight,WH-05,Zone-Metro-A,SPRINTER_VAN,2026-10-04 02:20:09.948825433,2026-10-05 02:20:09.948825433,2026-10-04 11:55:41.574906463,18.47343911864659,73.79423824232497,1.83073923970894,55.811388600918434,46.486158052072085,6.529879757875337,1058.2695599821159,736.67,1,0.016941492453373817,107.42833966672306,ON_TIME,9.592118355841666
SHP-10001391,ORD-501391,FedEx Freight,WH-12,Zone-Suburban-B,EV_CARGO_VAN,2026-10-04 05:54:01.609127408,2026-10-05 05:54:01.609127408,2026-10-05 06:03:22.197382807,18.400838315146114,73.94249203046982,5.682400767827192,81.66071638493241,63.85989086154953,33.9257004338869,634.3419370318644,,1,0.1769172501456595,32.100830643066715,LATE,24.155718959833052
SHP-10001392,ORD-501392,FedEx Freight,WH-12,Zone-Rural-D,RIGID_TRUCK_24FT,2026-10-01 22:56:57.558899723,2026-10-05 22:56:57.558899723,2026-10-02 11:47:04.480670079,18.67358805059336,73.88886740525258,42.85281724760046,80.68216027451341,45.50700065623458,23.54176073890829,32.50671007902125,52.16,4,0.08643600219242209,495.20218362194066,ON_TIME,12.83525604732111
SHP-10001393,ORD-501393,DHL Express,WH-05,Zone-Suburban-B,SPRINTER_VAN,2026-10-03 10:20:33.182652835,2026-10-07 10:20:33.182652835,2026-10-04 00:42:55.644024211,18.586881117409916,73.81754861487426,,,,,380.8894345164967,262.99,4,,,ON_TIME,14.372905936493332
SHP-10001394,ORD-501394,DHL Express,WH-12,Zone-Industrial-C,EV_CARGO_VAN,2026-10-02 09:13:05.651330844,2026-10-06 09:13:05.651330844,2026-10-03 22:45:49.949491463,18.53348130940238,73.98434538664135,1.1459966080225237,,,,757.694114085764,531.9,4,,,ON_TIME,37.54563837794972
SHP-10001395,ORD-501395,BlueDart Logistics,WH-99_INVALID,Zone-Suburban-B,EV_CARGO_VAN,2026-10-01 06:35:01.644632906,2026-10-03 06:35:01.644632906,2026-10-02 20:44:33.083946287,18.61772095300271,73.75319342750102,6.314313842728062,77.91032751013776,49.40287796321173,48.66519590053199,379.44199411208064,279.96,2,0.1873120665961643,33.692141372807924,ON_TIME,38.15873314260583
SHP-10001396,ORD-501396,DHL Express,WH-11,Zone-Metro-A,EV_CARGO_VAN,2026-10-01 06:39:58.253815385,2026-10-05 06:39:58.253815385,2026-10-01 20:21:19.944798757,18.499999519934583,73.93148430349994,4.791936868759528,49.909300360949125,10.24077922015201,22.37842932060965,1073.428680287128,750.87,4,0.011437841830381892,415.3235015010532,ON_TIME,13.689358606492222
SHP-10001397,ORD-501397,FedEx Freight,WH-11,Zone-Suburban-B,RIGID_TRUCK_24FT,2026-10-02 15:09:38.709160136,2026-10-06 15:09:38.709160136,2026-10-03 02:04:24.879748402,18.686099817128625,73.84530879641427,22.98680022656637,104.72674437997973,33.2858467334642,17.29455623322879,1321.25315503646,928.76,4,0.060287411141703724,380.65550074047826,ON_TIME,10.912825163407224
SHP-10001398,ORD-501398,UPS Ground,WH-04,Zone-Suburban-B,SPRINTER_VAN,2026-10-02 17:09:36.409450723,2026-10-04 17:09:36.409450723,2026-10-03 02:32:08.897736076,18.42058608668422,73.88063620782782,2.303231407752675,47.619804758632185,74.99297329854942,58.330025045071906,1585.360453108036,1101.34,2,0.2083053124974354,11.051692397625509,ON_TIME,9.375691190375834
SHP-10001399,ORD-501399,UPS Ground,WH-08,Zone-Rural-D,EV_CARGO_VAN,2026-10-01 07:37:30.065351836,2026-10-03 07:37:30.065351836,2026-10-02 09:25:23.541539553,18.59228445719871,73.8228774373614,58.67321421594319,72.28673223421686,35.01822959472187,49.14171293101711,1201.1540531407302,866.26,2,0.12439504142324384,471.2895674011046,ON_TIME,25.79818782992139
SHP-10001400,ORD-501400,FedEx Freight,WH-01,Zone-Metro-A,EV_CARGO_VAN,2026-10-03 07:27:31.586427899,2026-10-04 07:27:31.586427899,2026-10-03 21:51:16.663406257,18.633186844858383,73.83031304406583,1.5467269834055921,86.26384284825672,28.988974999934648,39.68414902949324,1278.3989486663456,895.17,1,0.0992381667059096,15.570319391786981,ON_TIME,14.395854716210556
SHP-10001401,ORD-501401,FedEx Freight,WH-02,Zone-Rural-D,SPRINTER_VAN,2026-10-02 03:10:05.678323811,2026-10-04 03:10:05.678323811,2026-10-02 15:57:34.960135956,18.54073777236805,73.75379155365273,7.627853495013254,101.10870575750242,50.76527218316662,43.34165704730636,1130.316148293704,790.63,2,0.22246453265795788,34.27254739970591,ON_TIME,12.791467170040276
SHP-10001402,ORD-501402,FedEx Freight,WH-99_INVALID,Zone-Rural-D,SPRINTER_VAN,2026-10-02 22:18:44.291918118,2026-10-06 22:18:44.291918118,2026-10-03 08:00:09.115199229,18.62649050651981,73.93246127217797,2.1260855172252477,56.60321732812154,15.904757383155435,59.52598111678244,1823.3233738921494,1257.8,4,0.05358888587482539,39.60010498601471,ON_TIME,9.6902286891975
SHP-10001403,ORD-501403,UPS Ground,WH-05,Zone-Metro-A,SPRINTER_VAN,2026-10-02 03:39:58.223764476,2026-10-04 03:39:58.223764476,2026-10-02 13:38:15.114388702,18.67807311936357,73.92769960270017,19.850043146328108,49.246085279785454,49.87038487377994,37.62640748536877,491.7190459688713,358.77,2,0.09240749281761765,214.57767951254812,ON_TIME,9.971358506729445
SHP-10001404,ORD-501404,UPS Ground,WH-10,Zone-Metro-A,EV_CARGO_VAN,2026-10-01 18:02:01.214414124,2026-10-05 18:02:01.214414124,2026-10-02 14:16:52.687866731,18.623198170203786,73.9135895501018,0.7635544255563872,55.85267665507595,32.774934868164124,10.604524794382804,501.38345478244986,359.65,4,0.019412302042654983,39.131949878964285,ON_TIME,20.247631514613055
SHP-10001405,ORD-501405,DHL Express,WH-11,Zone-Rural-D,EV_CARGO_VAN,2026-10-02 11:18:59.433044828,2026-10-04 11:18:59.433044828,2026-10-02 18:18:35.629742493,18.492810060140894,73.96948767014601,7.34718126305959,45.751153397229174,38.732716740579065,8.567636968575975,244.20123293337804,184.2,2,0.015182422157075912,480.76026087643265,ON_TIME,6.993387971573611
SHP-10001406,ORD-501406,BlueDart Logistics,WH-11,Zone-Rural-D,SPRINTER_VAN,2026-10-01 22:43:25.256153697,2026-10-02 22:43:25.256153697,2026-10-03 06:07:09.065243074,18.56855391241576,73.97531689513961,7.17566335260984,77.12282655639484,69.35237532528586,41.66337276106304,904.6877909482005,640.55,1,0.22284284927638015,32.186111265287714,LATE,31.395502524826945
SHP-10001407,ORD-501407,BlueDart Logistics,WH-99_INVALID,Zone-Suburban-B,HEAVY_FREIGHT_TRAILER,2026-10-02 20:30:20.413217448,2026-10-04 20:30:20.413217448,2026-10-03 08:07:43.844540465,18.673481055357886,73.88911107985632,3.0795908823268014,103.60809258081548,59.64730139605888,41.168062915883155,188.74521127363448,154.76,2,0.25441628739640526,12.099779207962378,ON_TIME,11.623175367504723
SHP-10001408,ORD-501408,UPS Ground,WH-04,Zone-Metro-A,EV_CARGO_VAN,2026-10-01 20:18:56.355050255,2026-10-03 20:18:56.355050255,2026-10-02 11:14:10.183516314,18.534729317644747,73.92120587301676,38.9525100765619,26.976745616489843,43.45795698428822,46.14955861379487,508.52944509871463,374.54,2,0.054103631203157955,718.6328519313755,ON_TIME,14.92050790723861
SHP-10001409,ORD-501409,BlueDart Logistics,WH-01,Zone-Suburban-B,SPRINTER_VAN,2026-10-02 18:36:18.829146287,2026-10-04 18:36:18.829146287,2026-10-03 01:30:04.995023670,18.604509548474713,73.75274960026762,69.71676126112419,68.28759615316491,53.31372348137046,10.982830162793757,,,2,0.0399848165608304,1739.231141430473,ON_TIME,6.896157188161944
SHP-10001410,ORD-501410,FedEx Freight,WH-06,Zone-Industrial-C,SPRINTER_VAN,2026-10-01 17:19:52.511054010,2026-10-02 17:19:52.511054010,2026-10-02 09:38:39.299554616,18.53965441753866,73.9615857647188,5.565338818147565,100.27662890923145,67.51440664901719,56.96962511153445,1772.0607420793717,1235.12,1,0.3856910332376564,14.425785823589075,ON_TIME,16.31299680572389
SHP-10001411,ORD-501411,FedEx Freight,WH-02,Zone-Metro-A,SPRINTER_VAN,2026-10-03 06:18:36.644698715,2026-10-05 06:18:36.644698715,2026-10-03 19:35:40.531220705,18.436403247082108,73.95410335603238,10.540440822480557,24.510881742321665,65.93378088971411,35.31371276508546,1783.4882826782277,1229.79,2,0.05707031838182841,184.36911181923443,ON_TIME,13.284412922775001
SHP-10001412,ORD-501412,FedEx Freight,WH-01,Zone-Industrial-C,EV_CARGO_VAN,2026-10-03 12:17:00.647807217,2026-10-04 12:17:00.647807217,2026-10-04 04:12:05.279695789,18.41757929076288,73.75506215460588,4.302774947848297,61.917214022796685,23.89912829133838,40.725553656166845,1378.9945503429894,966.91,1,0.06026434833228783,71.28006955633477,ON_TIME,15.917953302381111
SHP-10001413,ORD-501413,FedEx Freight,WH-05,Zone-Metro-A,RIGID_TRUCK_24FT,2026-10-01 13:56:54.185517582,2026-10-02 13:56:54.185517582,2026-10-03 08:45:05.384666581,18.685682187888606,73.88570630418543,1.9824864735382859,97.19681160674239,32.568941649940356,6.916881085797163,727.4417969761089,511.19,1,0.02189605999126417,90.12916287397101,LATE,42.803110874721945
SHP-10001414,ORD-501414,UPS Ground,WH-10,Zone-Metro-A,SPRINTER_VAN,2026-10-02 15:40:54.385200078,2026-10-04 15:40:54.385200078,2026-10-03 10:08:23.573854947,18.583762532026327,73.97666389260932,2.3602926062886107,100.54296011264782,36.11776982245189,57.853581798356565,1602.1664204660917,1107.43,2,0.21008877322991484,11.229394272675098,ON_TIME,18.458107959685833
SHP-10001415,ORD-501415,DHL Express,WH-08,Zone-Suburban-B,SPRINTER_VAN,2026-10-01 11:06:09.944809743,2026-10-03 11:06:09.944809743,2026-10-01 20:54:48.390765045,18.431144473936747,73.79534699675781,2.4363303848863977,63.86345530952707,24.065671750375333,35.94255168091718,1621.0877639062428,1126.45,2,0.05524071698817745,44.02419262849225,ON_TIME,9.810679432028333
SHP-10001416,ORD-501416,FedEx Freight,WH-04,Zone-Suburban-B,EV_CARGO_VAN,2026-10-03 01:04:08.889884487,2026-10-10 01:04:08.889884487,2026-10-03 11:25:33.323254145,18.65723156754095,73.83816123038928,40.40348242330237,17.370429024433157,10.912109050472814,35.98497121470457,1684.9427859040632,1185.27,7,0.0068208798912199045,5837.911227813646,ON_TIME,10.356787047127222
SHP-10001417,ORD-501417,FedEx Freight,WH-09,Zone-Metro-A,EV_CARGO_VAN,2026-10-02 01:02:13.594023364,2026-10-04 01:02:13.594023364,2026-10-03 01:14:55.651566620,18.55680794095324,73.83276341962967,15.120577528662412,25.035721950643058,23.047545159160915,56.89554239267089,1188.3660386195616,833.91,2,0.03282940685238646,459.18159402153316,ON_TIME,24.211682650904443
SHP-10001418,ORD-501418,DHL Express,WH-03,Zone-Suburban-B,EV_CARGO_VAN,2026-10-02 19:59:20.259212593,2026-10-06 19:59:20.259212593,2026-10-04 10:14:21.233976880,18.63157963367196,73.83898511884993,2.8756176617709435,70.73809079791721,70.61832453111154,56.114259800101706,382.89515832728426,277.76,4,0.28031347937844897,10.254919514371775,ON_TIME,38.2502707678575
SHP-10001419,ORD-501419,DHL Express,WH-01,Zone-Metro-A,SPRINTER_VAN,2026-10-02 19:15:25.893632408,2026-10-04 19:15:25.893632408,2026-10-03 15:00:32.522035588,18.438026858687625,73.76047150761377,3.2010521327586554,26.76656761430277,50.94403385443533,17.11642254994829,179.406460352513,137.12,2,0.023339901185380475,136.56423324664695,ON_TIME,19.751841223105558
SHP-10001420,ORD-501420,DHL Express,WH-10,Zone-Metro-A,EV_CARGO_VAN,2026-10-04 00:33:12.646533433,2026-10-08 00:33:12.646533433,2026-10-05 02:17:01.170593289,18.672073129548874,73.81975442094134,2.727911920748671,29.194688806570724,35.62435202403856,56.21043520482611,1693.357376425759,1172.25,4,0.058461206215751904,46.58223586956977,ON_TIME,25.730145572182224
SHP-10001421,ORD-501421,DHL Express,WH-08,Zone-Metro-A,SPRINTER_VAN,2026-10-02 21:32:02.371289813,2026-10-04 21:32:02.371289813,2026-10-03 21:58:35.908028614,18.577160631904608,73.82371407817506,0.9472108194764138,,,,114.09374672750629,96.92,2,,,ON_TIME,24.442649094111392
SHP-10001422,ORD-501422,FedEx Freight,WH-10,,EV_CARGO_VAN,2026-10-02 23:58:33.205942987,2026-10-09 23:58:33.205942987,2026-10-04 17:20:20.766451199,18.62147820422471,73.96646801212239,16.82690339199744,86.31574556467254,65.48755940100938,6.03954000322796,555.8459292470345,,7,0.034139149208839314,491.452147054324,ON_TIME,41.363211252281104
SHP-10001423,ORD-501423,FedEx Freight,WH-01,Zone-Suburban-B,SPRINTER_VAN,2026-10-02 10:55:08.490198127,2026-10-04 10:55:08.490198127,2026-10-02 15:32:59.982837194,18.409413906405053,73.83802900178293,7.746939499957251,95.06341214541983,36.5820837265647,18.191373180608608,907.0357278153607,638.76,2,0.06326264140451626,122.26351882175601,ON_TIME,4.630970177518611
SHP-10001424,ORD-501424,BlueDart Logistics,WH-11,Zone-Suburban-B,SPRINTER_VAN,2026-10-04 02:20:01.433144986,2026-10-08 02:20:01.433144986,2026-10-05 03:42:24.844598134,18.4945914700597,73.8618041849734,70.22591242229112,25.04483796808004,44.955613115123086,27.71390800092955,52.39316150144854,86.38,4,0.031203256582740927,2243.4059611871253,ON_TIME,25.373169848096666
SHP-10001425,ORD-501425,UPS Ground,WH-08,Zone-Suburban-B,EV_CARGO_VAN,2026-10-03 13:57:26.587726746,2026-10-05 13:57:26.587726746,2026-10-04 21:07:35.483397559,18.480233624318622,73.8451845149701,0.7406462237309361,33.82376370419769,14.81599125025867,37.05523505281651,1678.9047314506122,1167.32,2,0.01856958580732787,39.67127237714241,ON_TIME,31.169137686336946
SHP-10001426,ORD-501426,FedEx Freight,WH-08,,EV_CARGO_VAN,2026-10-02 02:32:57.051246496,2026-10-03 02:32:57.051246496,2026-10-02 09:26:15.061952198,18.68487849858636,73.78016836240039,24.974460622549206,94.13133583657181,54.78179021593594,43.57313517687789,539.7283885751679,398.48,1,0.2246928494557792,111.09988900008197,ON_TIME,6.888336307139444
SHP-10001427,ORD-501427,DHL Express,WH-08,Zone-Metro-A,EV_CARGO_VAN,2026-10-03 18:46:59.124633199,2026-10-07 18:46:59.124633199,2026-10-04 04:01:48.874102621,18.4556015706641,73.99758918943141,27.78071545287659,83.50332282629024,36.73053216641385,16.561571667629465,64.39182041601725,74.58,4,0.05079635228837078,545.8292039373547,ON_TIME,9.247152630395
SHP-10001428,ORD-501428,UPS Ground,WH-11,Zone-Industrial-C,SPRINTER_VAN,2026-10-02 13:07:57.136559975,2026-10-03 13:07:57.136559975,2026-10-02 22:35:30.372357808,18.612115518014228,73.95645629767618,32.52603866835633,91.56583214366381,42.514273570059075,51.018528285052895,1838.2184149023408,1279.53,1,0.1986077246328148,163.68784217352436,ON_TIME,9.459232166064721
SHP-10001429,ORD-501429,BlueDart Logistics,WH-08,Zone-Industrial-C,SPRINTER_VAN,2026-10-03 17:39:50.523603907,2026-10-05 17:39:50.523603907,2026-10-04 03:54:13.961533322,18.412826061324786,73.88523007675684,12.118996791637448,109.0258391162526,41.69504634601935,51.51434281390351,584.3406663425932,418.72,2,0.23417582696566586,51.72960842184346,ON_TIME,10.239843869281945
SHP-10001430,ORD-501430,DHL Express,WH-08,Zone-Suburban-B,EV_CARGO_VAN,2026-10-03 17:14:52.587301675,2026-10-04 17:14:52.587301675,2026-10-04 05:16:18.089743289,18.45930522570827,73.86909112359729,27.31094647121452,97.1210025847917,57.43069665569071,39.92493505933175,1623.4938999581152,1136.53,1,0.22269038179956502,122.58584168047709,ON_TIME,12.023750678226111
SHP-10001431,ORD-501431,DHL Express,WH-99_INVALID,Zone-Metro-A,SPRINTER_VAN,2026-10-01 19:35:55.152408931,2026-10-05 19:35:55.152408931,2026-10-02 14:51:07.680746464,18.501579206276304,73.91231368136575,13.02557083699552,64.44400883072723,52.93490117158606,55.660165078363406,845.4860463065792,601.75,4,0.18987559383596,68.56444332656137,ON_TIME,19.25348009375917
SHP-10001432,ORD-501432,DHL Express,WH-10,Zone-Industrial-C,EV_CARGO_VAN,2026-10-03 08:28:55.781254623,2026-10-10 08:28:55.781254623,2026-10-04 13:20:55.884796251,18.63835175436242,73.8316077871308,3.675755677277962,44.52297755573946,41.6579535832426,49.71403347934533,1230.8254061390883,857.39,7,0.09220641418172104,39.82123788322667,ON_TIME,28.866695428230003
SHP-10001433,ORD-501433,UPS Ground,WH-06,Zone-Metro-A,EV_CARGO_VAN,2026-10-02 02:55:34.657644252,2026-10-04 02:55:34.657644252,2026-10-03 12:08:11.253890746,18.63699297401854,73.76257071758862,5.576410392010537,69.1192757245966,11.271626611804653,17.18930126114475,455.123694849658,336.35,2,0.013391955438708901,413.3137273794736,ON_TIME,33.21016562402611
SHP-10001434,ORD-501434,FedEx Freight,WH-09,Zone-Suburban-B,EV_CARGO_VAN,2026-10-02 03:25:10.100062099,2026-10-06 03:25:10.100062099,2026-10-02 12:57:31.405014917,18.685780558522946,73.85107920340367,5.400586904880177,75.66572227227297,56.57219609735344,48.92722764706983,936.2848509837664,659.24,4,0.20943672024040086,25.773940236747524,ON_TIME,9.539251375782777
SHP-10001435,ORD-501435,FedEx Freight,WH-05,Zone-Industrial-C,RIGID_TRUCK_24FT,2026-10-02 03:20:13.421527446,2026-10-04 03:20:13.421527446,2026-10-02 12:50:01.496433482,18.675030250800063,73.99599439435197,36.472715757487194,46.85465341966399,75.96831055257454,57.42611433142078,485.5628916771996,363.07,2,0.20440646581790886,178.3450494419196,ON_TIME,9.49668747389889
SHP-10001436,ORD-501436,DHL Express,WH-03,Zone-Metro-A,EV_CARGO_VAN,2026-10-03 10:14:27.289767538,2026-10-05 10:14:27.289767538,2026-10-05 00:55:09.932363043,18.424454378513502,73.79558670146943,41.90085093848307,88.23901856104445,67.71636786954232,12.568354586013701,1760.0921737652604,1231.19,2,0.07509875710531053,557.2013760786484,ON_TIME,38.67851183208472
SHP-10001437,ORD-501437,UPS Ground,WH-08,Zone-Industrial-C,EV_CARGO_VAN,2026-10-01 22:32:50.910032625,2026-10-08 22:32:50.910032625,2026-10-02 23:35:06.708364575,18.648960316643407,73.88192632303824,23.985637859921205,23.81161030249924,83.62117241875616,58.8283836635066,124.01766802106069,110.8,7,0.1171364167826033,204.59204160426398,ON_TIME,25.037721758875
SHP-10001438,ORD-501438,FedEx Freight,WH-12,Zone-Metro-A,EV_CARGO_VAN,2026-10-01 06:03:54.792495786,2026-10-05 06:03:54.792495786,2026-10-01 23:25:11.636532344,18.535352073862004,73.75213034908039,9.71396767588562,89.04232081476245,20.430650351553503,6.374603822354964,516.8506787539095,377.94,4,0.01159663161108042,830.4927434564504,ON_TIME,17.35467889904389
SHP-10001439,ORD-501439,UPS Ground,WH-12,Zone-Industrial-C,EV_CARGO_VAN,2026-10-03 09:29:49.392422698,2026-10-07 09:29:49.392422698,2026-10-04 07:51:57.209989844,18.65976582721892,73.78050787879465,0.7642016159388711,,,,1653.5341150986771,1141.62,4,,,ON_TIME,22.36883821309611
SHP-10001440,ORD-501440,UPS Ground,WH-05,Zone-Suburban-B,SPRINTER_VAN,2026-10-01 18:19:31.085602064,2026-10-03 18:19:31.085602064,2026-10-02 10:27:15.987737125,18.426785875459338,73.89679792511679,24.24778463175217,62.30677576854157,50.445059891648434,47.56412264381663,894.3060898983875,638.85,2,0.14949732107297206,162.08702440549953,ON_TIME,16.12913948196139
SHP-10001441,ORD-501441,FedEx Freight,WH-07,Zone-Metro-A,EV_CARGO_VAN,2026-10-01 13:31:21.836863790,2026-10-03 13:31:21.836863790,2026-10-02 12:38:57.311612289,18.6468307304522,73.82435348237696,23.05737330918523,96.83646403091029,27.691127675785484,48.47409564004399,1114.9545976798645,783.61,2,0.12998381530055142,177.2501310475285,ON_TIME,23.12652076347194
SHP-10001442,ORD-501442,UPS Ground,WH-03,Zone-Metro-A,EV_CARGO_VAN,2026-10-01 23:06:04.178457980,2026-10-02 23:06:04.178457980,2026-10-02 12:19:07.889264985,18.44789275570023,73.97642112161516,12.702915068539996,23.21705103203277,12.591233596126738,45.406991303044734,1209.812416808991,847.17,1,0.013273885385069758,949.8298140584624,ON_TIME,13.217697446390279
SHP-10001443,ORD-501443,DHL Express,WH-99_INVALID,Zone-Rural-D,SPRINTER_VAN,2026-10-02 09:21:10.215386044,2026-10-04 09:21:10.215386044,2026-10-03 04:56:13.341638925,18.500152489020802,73.85154244148931,16.042017134470242,64.18519896694612,40.17162071229596,34.114325501423906,142.3647666398095,123.27,2,0.08796117747616604,182.16900561898632,ON_TIME,19.58420173691139
SHP-10001444,ORD-501444,BlueDart Logistics,,Zone-Metro-A,EV_CARGO_VAN,2026-10-02 16:15:54.920081053,2026-10-04 16:15:54.920081053,2026-10-02 22:25:32.434525469,18.408654520087005,73.80200839928277,3.407422205367123,30.142186701325052,31.57335506154869,40.80303771387175,44.60380578997936,63.58,2,0.03883184145434139,87.52275972774856,ON_TIME,6.160420679004444
SHP-10001445,ORD-501445,FedEx Freight,WH-09,Zone-Metro-A,SPRINTER_VAN,2026-10-01 09:12:32.554552713,2026-10-05 09:12:32.554552713,2026-10-01 19:43:31.756019693,18.43711842645614,73.88639794232118,5.977274731444842,100.00749625578885,29.78206342441621,43.49627021092126,1735.7518530453815,1196.29,4,0.12955057852952273,46.10295456632889,ON_TIME,10.516444851938887
SHP-10001446,ORD-501446,UPS Ground,WH-11,Zone-Metro-A,SPRINTER_VAN,2026-10-04 03:52:52.607817011,2026-10-08 03:52:52.607817011,2026-10-04 14:28:17.849744570,18.533717765623713,73.94874340879399,3.3711427979122464,94.07282506819487,81.48796127681865,32.19965733176426,511.02222965566676,372.95,4,0.24683622096163177,13.651876524165505,ON_TIME,10.5903449798775
SHP-10001447,ORD-501447,BlueDart Logistics,WH-09,Zone-Suburban-B,EV_CARGO_VAN,2026-10-03 09:33:23.543446349,2026-10-05 09:33:23.543446349,2026-10-03 22:26:56.577396195,18.64550150069034,73.75485492404935,7.490137419019219,103.72213811288132,27.884058719908715,37.76267363240507,711.015496980502,502.79,2,0.10921698526695521,68.51759953613877,ON_TIME,12.892509430512778
SHP-10001448,ORD-501448,DHL Express,WH-08,Zone-Suburban-B,SPRINTER_VAN,2026-10-02 05:16:11.901732067,2026-10-03 05:16:11.901732067,2026-10-02 14:16:29.461037160,18.632100931409514,73.87638002965751,25.853749463617877,98.1233224453589,19.707442839054835,51.55024294016653,,,1,0.09968578584224154,259.09250746886846,ON_TIME,9.004877584748055
SHP-10001449,ORD-501449,UPS Ground,WH-01,Zone-Metro-A,EV_CARGO_VAN,2026-10-02 04:56:46.329088374,2026-10-06 04:56:46.329088374,2026-10-02 16:34:17.948369085,18.470589328532892,73.94335663918179,15.278935160398989,84.97256443726911,19.398944343088836,22.208346163020497,446.3265260596617,326.43,4,0.03660775030212987,416.23185933877477,ON_TIME,11.625449800197499
SHP-10001450,ORD-501450,DHL Express,WH-06,Zone-Metro-A,SPRINTER_VAN,2026-10-02 14:17:42.228796304,2026-10-03 14:17:42.228796304,2026-10-02 20:26:24.054396505,18.44550713472078,73.775897163658,2.577351455762165,32.564473580907766,70.4743055116397,33.776347983274775,1359.3851783678986,950.65,1,0.07751532230626232,33.206735206125835,ON_TIME,6.144951555611389
SHP-10001451,ORD-501451,UPS Ground,WH-09,Zone-Metro-A,SPRINTER_VAN,2026-10-03 03:05:22.658060178,2026-10-07 03:05:22.658060178,2026-10-04 02:34:53.466665266,18.51677903889453,73.97569962973328,81.32569714525414,43.73774848854556,63.61360558950552,5.466384656402933,854.2491308160902,636.15,4,0.015209208845118598,5312.2077024369,ON_TIME,23.49189127919111
SHP-10001452,ORD-501452,BlueDart Logistics,WH-09,Zone-Metro-A,EV_CARGO_VAN,2026-10-01 16:32:19.898859860,2026-10-02 16:32:19.898859860,2026-10-02 08:07:29.113797056,18.664980504163864,73.81612935249171,11.108110741359162,62.2012400392607,19.711464667529665,42.809001987723626,1586.4488221182248,1096.79,1,0.05248715607429703,211.23239153045705,ON_TIME,15.58589303811
SHP-10001453,ORD-501453,UPS Ground,WH-05,Zone-Suburban-B,SPRINTER_VAN,2026-10-01 19:36:10.607727875,2026-10-03 19:36:10.607727875,2026-10-02 01:01:52.273658002,18.427427522248898,73.79265090192821,4.019417459752487,70.94519424389875,26.48148391455897,15.746200553816296,523.9576885369565,378.97,2,0.029582922669111614,135.41178220752295,ON_TIME,5.428240536146389
SHP-10001454,ORD-501454,FedEx Freight,WH-12,Zone-Industrial-C,RIGID_TRUCK_24FT,2026-10-03 19:52:45.443870456,2026-10-10 19:52:45.443870456,2026-10-04 05:26:13.626512915,18.562874203103306,73.89731401822567,6.288400399481704,89.30742255475494,66.05072563326478,31.45506895425729,386.6257190915427,288.12,7,0.18554779186748044,33.87274546185018,ON_TIME,9.557828511794167
SHP-10001455,ORD-501455,DHL Express,WH-03,Zone-Metro-A,HEAVY_FREIGHT_TRAILER,2026-10-02 00:27:01.276272047,2026-10-03 00:27:01.276272047,2026-10-02 20:55:00.788617454,18.42664224382091,73.7937577864545,4.637467280114324,36.56116467777079,30.59622983759606,16.561286895425262,1540.6431944220149,,1,0.018526015253159386,248.97795997067632,ON_TIME,20.4665312070575
SHP-10001456,ORD-501456,UPS Ground,WH-07,Zone-Suburban-B,SPRINTER_VAN,2026-10-02 09:22:26.543475166,2026-10-04 09:22:26.543475166,2026-10-02 20:55:41.111412485,18.54106363634927,73.91992538009279,11.83893433832766,27.18635244396151,83.6156556368014,6.2943543018170764,611.7873074568283,439.8,2,0.014308355681488768,821.6714384374762,ON_TIME,11.554046649255278
SHP-10001457,ORD-501457,UPS Ground,WH-09,Zone-Suburban-B,SPRINTER_VAN,2026-10-03 20:43:53.663766270,2026-10-05 20:43:53.663766270,2026-10-04 07:11:08.190617726,18.438037453648292,73.87252552049961,1.8453290124701538,60.84796620639543,50.542754996568156,31.577130343390913,769.0145713489281,556.68,2,0.09711305970976258,18.982315935528952,ON_TIME,10.454035236515557
SHP-10001458,ORD-501458,FedEx Freight,WH-09,,EV_CARGO_VAN,2026-10-03 05:44:47.917380434,2026-10-10 05:44:47.917380434,2026-10-03 21:24:46.758197664,18.42410108049981,73.77748899044055,12.84831241759104,29.994934032927453,24.400597780756616,28.365848363588885,1470.8349964805313,1035.29,7,0.020760803321922008,615.906886197864,ON_TIME,15.666344671452777
SHP-10001459,ORD-501459,UPS Ground,WH-09,Zone-Rural-D,EV_CARGO_VAN,2026-10-02 06:36:11.719125365,2026-10-06 06:36:11.719125365,2026-10-03 03:09:47.049822344,18.457254799919074,73.97812253364552,24.731866755245573,80.90499622130936,74.41063408845498,28.383223243840938,1180.1896756944689,834.61,4,0.17087245548656288,144.6541004798829,ON_TIME,20.559814082494167
SHP-10001460,ORD-501460,DHL Express,WH-04,Zone-Industrial-C,SPRINTER_VAN,2026-10-03 07:13:34.922251821,2026-10-04 07:13:34.922251821,2026-10-03 13:41:28.174951987,18.47657680581063,73.91830135249089,19.917720586689782,69.68493455871314,33.960665942292636,16.48433879608787,823.8921866145106,582.03,1,0.03901095896027513,509.2618825051092,ON_TIME,6.464792416712777
SHP-10001461,ORD-501461,UPS Ground,WH-02,Zone-Metro-A,EV_CARGO_VAN,2026-10-01 07:25:01.889426862,2026-10-02 07:25:01.889426862,2026-10-02 06:55:51.233364354,18.482879613739428,73.88649825663344,12.401721073699228,85.40524071679405,31.660551629828337,57.09625243614986,471.2987553665776,340.69,1,0.1543869552675387,80.27681723820677,ON_TIME,23.513706649303334
SHP-10001462,ORD-501462,FedEx Freight,WH-08,Zone-Metro-A,HEAVY_FREIGHT_TRAILER,2026-10-03 10:57:58.577474945,2026-10-07 10:57:58.577474945,2026-10-03 20:44:27.918058661,18.5935803841742,73.84358515383754,18.00722087466387,21.0264731672353,34.55809250886239,5.192893349588197,1416.6013807495426,989.51,4,0.00377333704567673,4649.019866412823,ON_TIME,9.774816828810001
SHP-10001463,ORD-501463,UPS Ground,WH-08,Zone-Metro-A,EV_CARGO_VAN,2026-10-02 17:03:54.557701809,2026-10-04 17:03:54.557701809,2026-10-03 09:19:09.413431672,18.416494562686864,73.78371497616762,14.45169025094129,106.64626824219937,67.61479361672784,54.034999749853625,343.63224139272484,259.26,2,0.3896391110141172,37.08042083161066,ON_TIME,16.25412659162861
SHP-10001464,ORD-501464,Unknown Carrier,WH-03,Zone-Metro-A,EV_CARGO_VAN,2026-10-03 16:32:56.812576132,2026-10-07 16:32:56.812576132,2026-10-04 08:37:10.127497676,18.42424271797161,73.92687959276533,31.68952949668558,15.000525984195109,22.99097122869611,45.529605772671516,1718.1779058778548,1197.54,4,0.015702098430000876,2005.4000825942092,ON_TIME,16.070365255984445
SHP-10001465,ORD-501465,FedEx Freight,WH-09,Zone-Suburban-B,EV_CARGO_VAN,2026-10-04 02:44:02.079400076,2026-10-05 02:44:02.079400076,2026-10-04 14:24:30.281377869,18.456611848443778,73.95341395500726,6.770540362900895,45.91702942628581,38.63393351957035,14.463961844329932,288.2809350480689,216.16,1,0.025658424119832476,262.8476156539396,ON_TIME,11.674500549386945
SHP-10001466,ORD-501466,UPS Ground,WH-06,Zone-Industrial-C,RIGID_TRUCK_24FT,2026-10-04 00:39:24.392028992,2026-10-05 00:39:24.392028992,2026-10-04 09:06:38.227867805,18.661618920754425,73.78145471248457,3.0154626422654833,79.56530536979278,12.312457958830782,30.970559246695498,1491.4681257991303,1025.52,1,0.03034013732637661,99.0620577671495,ON_TIME,8.453843288559167
SHP-10001467,ORD-501467,DHL Express,WH-09,Zone-Rural-D,SPRINTER_VAN,2026-10-03 23:28:01.499263624,2026-10-07 23:28:01.499263624,2026-10-04 13:07:29.232961310,18.58858147781897,73.87364190613454,13.996580913601116,19.288497016901296,71.99699630122058,59.38675448295499,,,4,0.08247120836093826,169.50921745529936,ON_TIME,13.657703804912778
SHP-10001468,ORD-501468,BlueDart Logistics,WH-11,Zone-Industrial-C,SPRINTER_VAN,2026-10-02 18:52:34.452578063,2026-10-03 18:52:34.452578063,2026-10-04 18:10:26.688906735,18.619110897756386,73.87121154674813,33.133905434930575,22.91821022897266,35.55390747302539,40.4034030341369,353.8794561317951,274.62,1,0.032921982708360595,1003.389339990831,LATE,45.79516401284843
SHP-10001469,ORD-501469,BlueDart Logistics,WH-03,Zone-Suburban-B,EV_CARGO_VAN,2026-10-02 07:55:48.835984812,2026-10-06 07:55:48.835984812,2026-10-02 14:42:59.646839521,18.511108646667296,73.83747792705499,5.648072372599299,22.284736536680928,28.612968985628083,12.005719810026712,751.5724884791854,541.4,4,0.007655236841149351,728.291409829108,ON_TIME,6.786336348530278
SHP-10001470,ORD-501470,UPS Ground,WH-01,Zone-Industrial-C,RIGID_TRUCK_24FT,2026-10-02 15:28:57.156170190,2026-10-03 15:28:57.156170190,2026-10-04 16:53:06.588738139,18.463966104721,73.94733547384796,61.38165983125122,70.24342403849303,53.49199317816244,30.17032313710375,419.2122381754779,323.09,1,0.11336380528843373,540.9800920673717,LATE,45.79516401284843
SHP-10001471,ORD-501471,UPS Ground,WH-10,Zone-Metro-A,EV_CARGO_VAN,2026-10-03 07:40:21.044058823,2026-10-04 07:40:21.044058823,2026-10-03 21:33:45.648212500,18.41138840828887,73.77488244595172,14.266514955635717,100.11290492866112,62.87439128135315,30.75117031150468,261.95633023628744,203.06,1,0.19356440874171207,73.66616844225001,ON_TIME,13.890167820465834
SHP-10001472,ORD-501472,BlueDart Logistics,WH-08,Zone-Metro-A,RIGID_TRUCK_24FT,2026-10-03 21:38:52.223765011,2026-10-10 21:38:52.223765011,2026-10-04 14:28:29.828537962,18.546560685991565,73.80125480621803,27.495399732188844,67.76651288266488,70.96720278872073,49.12448330857096,451.56762323436647,338.52,7,0.23624945834980246,116.33366932237705,ON_TIME,16.827112436930832
SHP-10001473,ORD-501473,DHL Express,WH-09,Zone-Industrial-C,SPRINTER_VAN,2026-10-01 20:54:10.849737630,2026-10-03 20:54:10.849737630,2026-10-02 05:01:02.622887003,18.572284289268193,73.75040069222963,2.2388479117515523,72.3392784665688,36.08387091243009,55.38896130543854,1606.2783925253084,1115.07,2,0.14458076361243183,15.474399331682664,ON_TIME,8.114381430381389
SHP-10001474,ORD-501474,DHL Express,WH-11,Zone-Metro-A,EV_CARGO_VAN,2026-10-04 00:06:35.666673273,2026-10-08 00:06:35.666673273,,18.669100838313312,73.84324634702075,23.314618606647613,47.870156864759,70.92256376118021,9.5232848808804,206.7221081879169,167.81,4,0.03233225929828594,718.8712445907153,EXCEPTION_OR_IN_TRANSIT,
SHP-10001475,ORD-501475,UPS Ground,WH-11,Zone-Suburban-B,SPRINTER_VAN,2026-10-03 16:41:34.716126595,2026-10-04 16:41:34.716126595,2026-10-04 04:33:08.040618865,18.664627893624697,73.8227945419751,15.824418618572548,16.780410072275565,44.86607502785937,22.272050782405774,1799.5277623173831,1244.82,1,0.016767984202574627,938.1333553867809,ON_TIME,11.859256803408334
SHP-10001476,ORD-501476,BlueDart Logistics,,Zone-Metro-A,SPRINTER_VAN,2026-10-04 04:28:39.479134198,2026-10-08 04:28:39.479134198,2026-10-04 12:48:40.521134171,18.527405547541676,73.96674849593954,113.78837719411553,17.053398186365555,17.58567006589187,21.41409697868132,21.187157877949993,85.43,4,0.006421989907304687,17446.880294413142,ON_TIME,8.333622777770278
SHP-10001477,ORD-501477,BlueDart Logistics,WH-07,Zone-Industrial-C,EV_CARGO_VAN,2026-10-03 21:22:41.259634613,2026-10-07 21:22:41.259634613,2026-10-04 11:44:04.686840090,18.527073378701036,73.93645256101904,16.762860839890966,99.38944681568657,73.47306120368344,59.782646870546,1221.8417277711048,848.12,4,0.4365596048450321,38.388851759805,ON_TIME,14.356507557076943
SHP-10001478,ORD-501478,BlueDart Logistics,WH-07,Zone-Industrial-C,RIGID_TRUCK_24FT,2026-10-02 02:09:19.755856142,2026-10-04 02:09:19.755856142,2026-10-02 14:46:38.880752638,18.44833686901475,73.77111804914057,19.77886998307246,24.744381678366437,51.072608657846075,35.75749141802699,1586.2690281324021,1108.88,2,0.045188891714699475,436.7267388142511,ON_TIME,12.621979137915556
SHP-10001479,ORD-501479,DHL Express,WH-06,Zone-Metro-A,SPRINTER_VAN,2026-10-01 13:37:43.772220377,2026-10-05 13:37:43.772220377,2026-10-03 20:23:29.184144089,18.477234696352777,73.9352389787656,3.37336433850051,109.97999032219656,55.18521789605391,53.390732286599146,1728.6141572569927,1192.85,4,0.324042755336868,10.407032959890508,ON_TIME,45.79516401284843
SHP-10001480,ORD-501480,BlueDart Logistics,WH-02,Zone-Industrial-C,EV_CARGO_VAN,2026-10-01 14:04:52.885860219,2026-10-05 14:04:52.885860219,2026-10-01 21:47:17.746608188,18.677699072896267,73.9188500553549,13.208321024703826,30.620148093571423,80.31184522710515,28.431806719465314,276.6455207735149,214.89,4,0.06991837871557342,188.6407721372452,ON_TIME,7.706905763324722
SHP-10001481,ORD-501481,FedEx Freight,WH-08,Zone-Metro-A,EV_CARGO_VAN,2026-10-02 02:58:05.084175489,2026-10-04 02:58:05.084175489,,18.44231080328056,73.82043106840008,35.69221895967989,79.090272175743,51.936361370444146,44.7497732724915,1295.307216479401,921.6,2,0.18381689648839178,194.06710118084592,EXCEPTION_OR_IN_TRANSIT,
SHP-10001482,ORD-501482,UPS Ground,WH-04,Zone-Suburban-B,SPRINTER_VAN,2026-10-03 02:13:16.421256792,2026-10-05 02:13:16.421256792,2026-10-03 21:32:25.587380158,18.690609864023095,73.75386519367615,5.953832699978303,105.15076985718605,10.418764800849175,20.762210326728034,209.30785929407972,161.4,2,0.022745855565493127,260.60887424024077,ON_TIME,19.31921281204611
SHP-10001483,ORD-501483,FedEx Freight,WH-12,Zone-Industrial-C,SPRINTER_VAN,2026-10-03 15:54:39.828524387,2026-10-05 15:54:39.828524387,2026-10-04 00:06:44.477968907,18.551421565064558,73.77879060034718,3.8410805029754385,49.417481375992494,75.29618807523269,55.14823129190784,660.099925741209,468.64,2,0.20520369937900243,18.709261034232917,ON_TIME,8.201291512366668
SHP-10001484,ORD-501484,DHL Express,WH-08,Zone-Industrial-C,SPRINTER_VAN,2026-10-03 22:44:45.679569621,2026-10-04 22:44:45.679569621,2026-10-05 00:26:40.765050997,18.53698203243005,73.81248527115464,100.5393973855808,84.77115293105899,31.356331024259497,30.033043254259358,1357.2806450978544,983.07,1,0.07983120266008886,1257.8241542683804,LATE,25.698634855937776
SHP-10001485,ORD-501485,DHL Express,WH-08,,SPRINTER_VAN,2026-10-03 02:54:36.877228505,2026-10-05 02:54:36.877228505,2026-10-03 15:36:13.357969947,18.452391514205907,73.95415559153808,6.467835692862767,48.331381127021835,47.632519058800284,49.2049023523848,647.898789687717,474.68,2,0.11327684121556558,57.04723842645559,ON_TIME,12.693466872622778
SHP-10001486,ORD-501486,DHL Express,WH-05,Zone-Metro-A,SPRINTER_VAN,2026-10-01 06:24:19.636264295,2026-10-03 06:24:19.636264295,2026-10-01 09:39:34.759272128,18.59846237514474,73.86632820647695,26.73650680951991,43.969400392337306,25.366495192106516,19.06992858384106,587.9827505806027,430.42,2,0.021269636906261085,1251.144646341014,ON_TIME,3.2542008355091667
SHP-10001487,ORD-501487,UPS Ground,WH-01,Zone-Industrial-C,HEAVY_FREIGHT_TRAILER,2026-10-01 19:24:53.308473603,2026-10-03 19:24:53.308473603,2026-10-02 20:40:00.225512891,18.537953655508673,73.97959888161476,5.086442653772291,34.1713878446667,32.273767634123004,43.14823880570335,225.30838935882625,174.48,2,0.04758557913461262,106.6662656945754,ON_TIME,25.251921399802224
SHP-10001488,ORD-501488,DHL Express,WH-01,Zone-Suburban-B,SPRINTER_VAN,2026-10-01 13:10:49.032038792,2026-10-05 13:10:49.032038792,2026-10-01 21:08:12.409716006,18.511198920373964,73.94728711486208,5.336185932974855,92.98881615539213,61.49866360502754,27.283712242001968,134.11321737502576,113.01,4,0.15602703571395812,34.17848746421686,ON_TIME,7.956493799226111
SHP-10001489,ORD-501489,DHL Express,WH-06,Zone-Rural-D,RIGID_TRUCK_24FT,2026-10-02 08:09:33.704067487,2026-10-04 08:09:33.704067487,2026-10-02 16:28:54.212547607,18.479354865575587,73.821777044961,7.788343480532583,39.45177104286905,42.218001327843545,6.729168263600087,223.88094797586953,182.27,2,0.011207933907611859,688.750353881173,ON_TIME,8.3223634667
SHP-10001490,ORD-501490,FedEx Freight,WH-02,Zone-Metro-A,EV_CARGO_VAN,2026-10-02 18:05:50.177549866,2026-10-09 18:05:50.177549866,2026-10-03 19:48:49.905711221,18.41994604090446,73.96134053914513,17.95112751535776,41.90002547605647,57.03479729360403,27.71545395674849,1621.1226363493224,1126.71,7,0.0662332682709055,270.62027822969975,ON_TIME,25.716591155931944
SHP-10001491,ORD-501491,DHL Express,WH-08,Zone-Industrial-C,EV_CARGO_VAN,2026-10-01 09:07:28.548687562,2026-10-03 09:07:28.548687562,2026-10-01 22:14:50.338671570,18.55579843496533,73.77918121010269,36.66266620287336,109.90212550888386,71.76817684847131,35.251190296548124,32.582889650140615,,2,0.2780428885134221,131.81234436308142,ON_TIME,13.122719440002221
SHP-10001492,ORD-501492,FedEx Freight,WH-12,Zone-Suburban-B,EV_CARGO_VAN,2026-10-02 07:05:25.491326233,2026-10-04 07:05:25.491326233,2026-10-03 12:57:04.942621061,18.49387249991759,73.7590293801135,4.60450077551971,46.09449136730538,35.56165166397589,13.346888765224637,1285.4874682058612,892.27,2,0.021878169954827584,209.5033747115198,ON_TIME,29.860958693007777
SHP-10001493,ORD-501493,FedEx Freight,WH-12,Zone-Metro-A,SPRINTER_VAN,2026-10-01 18:54:03.371662883,2026-10-05 18:54:03.371662883,2026-10-03 07:00:44.328075613,18.61235956090083,73.90213453022832,34.63124512627687,55.16357643904465,52.62550287445307,15.115220785593827,1424.7313345346913,999.22,4,0.04387965145917009,787.4379167926761,ON_TIME,36.111376781313886
SHP-10001494,ORD-501494,UPS Ground,WH-09,Zone-Suburban-B,RIGID_TRUCK_24FT,2026-10-03 04:35:20.587094300,2026-10-05 04:35:20.587094300,2026-10-03 15:24:09.231755547,18.617056707024744,73.83543575871991,10.654810769399116,109.05526848860931,68.31909200298523,30.56745390777363,1055.7787029862143,744.26,2,0.22774455527857887,46.76350837689227,ON_TIME,10.813512405901946
SHP-10001495,ORD-501495,UPS Ground,WH-03,Zone-Metro-A,EV_CARGO_VAN,2026-10-02 15:25:39.398128868,2026-10-04 15:25:39.398128868,2026-10-03 18:58:01.527207063,18.499632103461337,73.83235642166566,7.306799456561974,50.0835328146555,63.634239457703096,23.850134183837365,1355.165113854627,950.65,2,0.07601103399995254,96.00184194799573,ON_TIME,27.53948029949861
SHP-10001496,ORD-501496,UPS Ground,WH-11,Zone-Suburban-B,EV_CARGO_VAN,2026-10-02 17:39:46.334085269,2026-10-03 17:39:46.334085269,2026-10-03 03:43:36.218861361,18.600736205070028,73.92180204653292,17.66123743268355,49.78444068740736,50.48825769863882,29.240729590184948,1210.8716516681343,848.89,1,0.07349744142101566,239.97080729548844,ON_TIME,10.063856882247778
SHP-10001497,ORD-501497,DHL Express,WH-12,Zone-Rural-D,RIGID_TRUCK_24FT,2026-10-02 12:47:37.711458273,2026-10-04 12:47:37.711458273,,18.477602572083846,73.96252595695573,50.146125671411966,93.63287429031672,38.75376330455163,30.345484412749755,849.316502956045,616.64,2,0.11011242124145294,454.99522745763863,EXCEPTION_OR_IN_TRANSIT,
SHP-10001498,ORD-501498,DHL Express,WH-03,Zone-Suburban-B,EV_CARGO_VAN,2026-10-04 02:50:00.308958118,2026-10-06 02:50:00.308958118,2026-10-04 13:18:52.431652562,18.618152117872643,73.83054387633506,16.754344591594016,44.63338500633075,40.562648592476314,12.704182403651558,715.4217664365789,516.7,2,0.023000265581736085,725.2879639981549,ON_TIME,10.48114519290111
SHP-10001499,ORD-501499,BlueDart Logistics,WH-10,Zone-Suburban-B,SPRINTER_VAN,2026-10-01 21:27:39.344431509,2026-10-08 21:27:39.344431509,2026-10-03 05:30:00.081906154,18.404823143663567,73.83125345550563,3.774006697403242,37.20967984602868,42.485140899719916,14.96570163985631,1742.1681946887088,1206.21,7,0.02365865651251627,158.84764761067453,ON_TIME,32.03909374295694
SHP-10001500,ORD-501500,DHL Express,WH-04,Zone-Suburban-B,SPRINTER_VAN,2026-10-02 19:11:59.376151532,2026-10-04 19:11:59.376151532,2026-10-03 23:39:31.680032074,18.445482630095594,73.8834627598231,10.755581274860367,55.20497424165562,36.16341467096139,51.64909664137218,1798.4220303445202,1250.84,2,0.10311227592394423,104.20835291710856,ON_TIME,28.458973300150554
SHP-10001501,ORD-501501,DHL Express,WH-11,Zone-Metro-A,RIGID_TRUCK_24FT,2026-10-03 10:59:35.701880295,2026-10-07 10:59:35.701880295,2026-10-04 07:11:19.303912356,18.473502598572228,73.91329590052011,17.71856626286595,81.5608760547383,62.43067261672734,13.949527912076624,1209.0368398628045,841.46,4,0.07102960607606759,249.10255012402735,ON_TIME,20.195445008905832
SHP-10001502,ORD-501502,FedEx Freight,WH-99_INVALID,Zone-Metro-A,EV_CARGO_VAN,2026-10-02 22:05:34.071884478,2026-10-06 22:05:34.071884478,2026-10-03 08:43:39.937746915,18.63188064609595,73.8007264488888,4.428522374378734,19.10808737303021,19.40614392038723,41.62528831545435,374.63526773339106,271.42,4,0.015435251882772949,285.06279832446916,ON_TIME,10.634962739565834
SHP-10001503,ORD-501503,DHL Express,WH-01,Zone-Suburban-B,EV_CARGO_VAN,2026-10-04 00:53:22.213577794,2026-10-06 00:53:22.213577794,2026-10-04 15:47:34.574585091,18.41991287592532,73.97816978822797,12.642834243688746,50.52202258576384,82.55905905379576,28.019042572228564,,,2,0.11686884562610664,108.0871934403955,ON_TIME,14.903433613138054
SHP-10001504,ORD-501504,DHL Express,WH-12,Zone-Metro-A,SPRINTER_VAN,2026-10-02 09:12:49.397782220,2026-10-04 09:12:49.397782220,2026-10-02 13:16:10.566461665,18.45641714311466,73.91360413096301,3.8114516812089057,47.89326568485483,68.4239126478655,58.25301772833025,924.6359067718317,652.61,2,0.19089773879053096,19.955480653040407,ON_TIME,4.055880188734722
SHP-10001505,ORD-501505,DHL Express,WH-08,Zone-Metro-A,HEAVY_FREIGHT_TRAILER,2026-10-02 15:23:04.768856407,2026-10-06 15:23:04.768856407,2026-10-03 10:24:42.927953394,18.507587231651556,73.90629045284203,19.31836807995255,38.25774298989309,32.362228912508044,8.635739903853064,1405.148956422696,,4,0.01069195997585726,1790.0703971447035,ON_TIME,19.027266415829722
SHP-10001506,ORD-501506,UPS Ground,,Zone-Suburban-B,SPRINTER_VAN,2026-10-01 12:22:24.984103657,2026-10-05 12:22:24.984103657,2026-10-02 09:00:50.397717644,18.40275249824587,73.97604890901694,52.32515510542187,77.15729691091278,13.191067695297672,50.67138763169191,1239.374367370423,885.15,4,0.05157268602548878,1012.6269627170386,ON_TIME,20.640392670551943
SHP-10001507,ORD-501507,UPS Ground,WH-06,Zone-Metro-A,EV_CARGO_VAN,2026-10-03 01:50:52.569584659,2026-10-04 01:50:52.569584659,2026-10-03 19:46:59.893937658,18.62863629261232,73.97681627014862,8.189794336235012,42.54905763929935,63.34773792841946,32.02970771064418,958.2289212884713,678.07,1,0.08633244344171155,94.75370601732506,ON_TIME,17.935367875833055
SHP-10001508,ORD-501508,UPS Ground,WH-11,Zone-Metro-A,SPRINTER_VAN,2026-10-02 02:45:04.542221749,2026-10-04 02:45:04.542221749,2026-10-02 05:07:54.688782961,18.56803154490164,73.78388753015662,22.0758162831137,72.63949810576028,65.07692837273748,5.294380397530373,1262.5100572127944,881.55,2,0.025027358966632954,878.5569670266004,ON_TIME,2.380596267003333
SHP-10001509,ORD-501509,BlueDart Logistics,WH-01,Zone-Suburban-B,HEAVY_FREIGHT_TRAILER,2026-10-01 17:32:32.103042435,2026-10-03 17:32:32.103042435,2026-10-02 00:45:56.617505757,18.670203816106003,73.78626887599496,30.876045729558925,62.91199993818957,82.27169578956824,19.501312041675455,56.21648429667652,74.23,2,0.10093639091457395,305.59331593370706,ON_TIME,7.223476239811667
SHP-10001510,ORD-501510,BlueDart Logistics,WH-05,Zone-Metro-A,RIGID_TRUCK_24FT,2026-10-02 21:12:22.511120848,2026-10-03 21:12:22.511120848,2026-10-03 07:19:06.367248713,18.409309309763483,73.94048717473504,5.393440785828933,35.633037728460366,29.027916818137374,27.42332689020982,1439.4557216234607,1006.35,1,0.02836539646685529,189.47358741723409,ON_TIME,10.112182257740278
SHP-10001511,ORD-501511,UPS Ground,WH-01,Zone-Rural-D,HEAVY_FREIGHT_TRAILER,2026-10-02 20:19:34.820268072,2026-10-04 20:19:34.820268072,2026-10-03 16:12:13.095220169,18.481417205129894,73.98921998638599,14.998954213452981,40.323775419007255,16.204381765316786,22.280711439690883,400.98004610476363,297.25,2,0.014558703712936934,1023.2114999511015,ON_TIME,19.87729859780472
SHP-10001512,ORD-501512,DHL Express,,Zone-Rural-D,EV_CARGO_VAN,2026-10-01 11:27:45.929405273,2026-10-05 11:27:45.929405273,2026-10-02 07:18:36.374522591,18.619375497231008,73.91662841962828,35.38129801410827,31.20700506412357,78.63510682888246,24.93472052076633,1218.479998513392,,4,0.061188960791577464,577.2866362415217,ON_TIME,19.847345865921667
SHP-10001513,ORD-501513,FedEx Freight,WH-11,Zone-Industrial-C,EV_CARGO_VAN,2026-10-03 08:16:17.445545767,2026-10-05 08:16:17.445545767,2026-10-03 22:59:37.258303917,18.60254482583469,73.85282924965179,64.34090073812735,20.379775410840995,29.39867759595814,55.416955002544896,221.48283742782283,202.08,2,0.0332024283455767,1932.0182921937956,ON_TIME,14.722170210597223
SHP-10001515,ORD-501515,FedEx Freight,WH-12,Zone-Industrial-C,RIGID_TRUCK_24FT,2026-10-01 19:36:33.279687892,2026-10-05 19:36:33.279687892,2026-10-02 04:02:56.068831996,18.57870632049042,73.80720289408913,2.333820151410876,78.91492592186177,14.549472837075843,28.035615867150305,77.53874937185827,74.45,4,0.032189669082447046,72.27761131437427,ON_TIME,8.43966365114
SHP-10001516,ORD-501516,UPS Ground,WH-02,Zone-Industrial-C,EV_CARGO_VAN,2026-10-02 15:47:57.516270328,2026-10-04 15:47:57.516270328,2026-10-03 16:14:59.500068097,18.638127295932325,73.99949157495195,18.180706931531397,30.769999392823642,67.04386037321252,46.862235446796205,1685.0079050621546,1169.03,2,0.09667395857546165,187.86776111214448,ON_TIME,24.450551054935833
SHP-10001517,ORD-501517,BlueDart Logistics,WH-05,Zone-Industrial-C,EV_CARGO_VAN,2026-10-03 09:51:47.699951242,2026-10-04 09:51:47.699951242,2026-10-04 08:15:09.115629764,18.410014211000384,73.85777130446475,11.876838003116113,73.46227654517696,19.52694228528553,48.660846116160634,1123.1789966375504,788.72,1,0.06980367399052792,169.90291532781876,ON_TIME,22.389282132922776
SHP-10001518,ORD-501518,FedEx Freight,WH-01,Zone-Metro-A,RIGID_TRUCK_24FT,2026-10-02 20:07:09.743948298,2026-10-06 20:07:09.743948298,2026-10-03 17:08:16.917053161,18.615288519060822,73.98292150062717,9.359735482366416,108.29805030546991,62.16897610312026,9.624930848268203,677.2860387891745,480.32,4,0.06480253134318618,144.21217922725984,ON_TIME,21.01865919579528
SHP-10001519,ORD-501519,FedEx Freight,WH-03,Zone-Suburban-B,EV_CARGO_VAN,2026-10-02 10:28:30.768546781,2026-10-06 10:28:30.768546781,2026-10-03 01:05:05.058890660,18.47562911953419,73.85769951321595,4.839386476776667,22.0681990190931,49.92572858900536,43.723851901185235,1459.9354879934895,1018.37,4,0.048173668302300424,100.24898970741886,ON_TIME,14.609525095521946
SHP-10001520,ORD-501520,FedEx Freight,WH-03,Zone-Industrial-C,EV_CARGO_VAN,2026-10-02 05:12:30.128334580,2026-10-06 05:12:30.128334580,2026-10-04 11:15:44.516511601,18.684355386560238,73.98203494528047,26.07509359304232,61.58523288739205,81.66160978504453,31.541457452222666,1162.7390847481352,821.36,4,0.15862669729702097,164.2766720222793,ON_TIME,45.79516401284843
SHP-10001521,ORD-501521,DHL Express,WH-06,Zone-Suburban-B,SPRINTER_VAN,2026-10-03 01:56:54.090234138,2026-10-04 01:56:54.090234138,2026-10-04 00:36:28.127695694,18.561466066408332,73.83392136036998,4.453229597692569,84.63863029616611,12.768823230800727,12.361964128071047,1151.7079919239845,800.39,1,0.013360016063478601,330.8487580319929,ON_TIME,22.659454850432223
SHP-10001522,ORD-501522,DHL Express,WH-04,Zone-Suburban-B,SPRINTER_VAN,2026-10-04 01:36:56.974602014,2026-10-05 01:36:56.974602014,2026-10-04 10:22:45.143031289,18.410015854789382,73.94013574616395,4.013379854546902,19.370873793824057,31.90365593500436,19.559081017078636,907.1846560392065,639.57,1,0.012087545175791596,329.301741791183,ON_TIME,8.763380119243056
SHP-10001523,ORD-501523,FedEx Freight,WH-02,Zone-Suburban-B,SPRINTER_VAN,2026-10-03 06:21:56.262651763,2026-10-04 06:21:56.262651763,2026-10-04 01:41:26.190629798,18.521029185634767,73.98775050310225,7.700232754199555,88.93598192977349,15.213168800068285,7.476952351858527,26.56941919216755,38.02,1,0.010116302366959417,753.7201305927385,ON_TIME,19.324979993898612
SHP-10001524,ORD-501524,DHL Express,WH-03,Zone-Suburban-B,EV_CARGO_VAN,2026-10-01 11:22:54.138222532,2026-10-03 11:22:54.138222532,2026-10-02 14:12:02.886139913,18.689893557465844,73.91149516954894,27.51300059229504,108.05356752382416,75.93982264297892,24.813045384650934,487.0540868090394,356.18,2,0.2036051498924405,135.06286221444248,ON_TIME,26.819096643716943
SHP-10001525,ORD-501525,FedEx Freight,WH-02,Zone-Metro-A,SPRINTER_VAN,2026-10-02 15:10:09.545126569,2026-10-06 15:10:09.545126569,2026-10-03 02:23:22.817922965,18.619111897973262,73.91939130644371,1.772375562592354,23.406347035611553,54.54258652458308,19.04735421837133,212.48296467495248,169.03,4,0.024316665877467385,72.5887625889155,ON_TIME,11.220353554554444
SHP-10001526,ORD-501526,DHL Express,,Zone-Suburban-B,SPRINTER_VAN,2026-10-03 22:08:21.614887554,2026-10-04 22:08:21.614887554,2026-10-05 07:31:18.032022012,18.490143701105936,73.77572156133051,2.670310742430983,93.11184101926291,50.122720926842426,26.01568685590097,1229.5093086244024,858.68,1,0.1214157002339729,21.975026579194477,LATE,33.382338092905
SHP-10001527,ORD-501527,DHL Express,WH-10,Zone-Metro-A,SPRINTER_VAN,2026-10-01 12:48:04.660767641,2026-10-05 12:48:04.660767641,2026-10-02 09:52:52.447146427,18.572580188294157,73.86855498679097,3.3753643440931023,50.96524672864896,19.85934190872323,36.918730114191625,468.96507044450186,337.97,4,0.03736678543083432,90.08951008952194,ON_TIME,21.07994066077389
SHP-10001528,ORD-501528,BlueDart Logistics,,Zone-Suburban-B,SPRINTER_VAN,2026-10-04 05:11:56.584586051,2026-10-06 05:11:56.584586051,2026-10-04 08:47:10.725759769,18.57973040668588,73.97168885152169,97.50368547824482,28.691039231231123,46.67741929847882,45.2786753620141,839.4063285261184,638.11,2,0.06063827371432044,1605.3088030925726,ON_TIME,3.587261437143889
SHP-10001529,ORD-501529,UPS Ground,WH-06,Zone-Metro-A,EV_CARGO_VAN,2026-10-04 02:19:58.786832893,2026-10-08 02:19:58.786832893,2026-10-04 22:18:50.743848411,18.40700444823496,73.81022745905769,12.667474134834112,61.85335487365304,39.90277413818616,38.29435926077414,661.6048882568048,471.48,4,0.09451509118100494,133.88428819035215,ON_TIME,19.98109917097722
SHP-10001530,ORD-501530,DHL Express,WH-04,Zone-Suburban-B,EV_CARGO_VAN,2026-10-01 11:38:08.745405183,2026-10-08 11:38:08.745405183,2026-10-02 00:15:57.023364162,18.453650008374765,73.94709075337458,2.5822211708380616,21.794279899215493,33.68139011042675,42.31075162429702,275.199280306819,206.05,7,0.031058699873414725,82.8732001440557,ON_TIME,12.6300772108275
SHP-10001531,ORD-501531,UPS Ground,WH-10,Zone-Metro-A,EV_CARGO_VAN,2026-10-04 01:12:20.732660524,2026-10-05 01:12:20.732660524,2026-10-05 00:31:20.603981336,18.56553308149367,73.91892747145098,7.712629749386742,64.5996337758825,67.91417166239458,52.610151634033635,1773.484488038438,1231.08,1,0.23081286804452225,33.40060610177719,ON_TIME,23.31663092244778
SHP-10001532,ORD-501532,UPS Ground,WH-05,Zone-Industrial-C,EV_CARGO_VAN,2026-10-02 08:08:43.967395252,2026-10-09 08:08:43.967395252,2026-10-03 14:31:27.062240653,18.520825767547205,73.80574649118513,22.8238495461209,16.838894860384713,14.595702987508357,53.0603443903831,,,7,0.013040933098265548,1736.8515139258557,ON_TIME,30.378637457055834
SHP-10001533,ORD-501533,FedEx Freight,WH-04,Zone-Industrial-C,SPRINTER_VAN,2026-10-03 18:49:08.616106063,2026-10-04 18:49:08.616106063,2026-10-04 13:29:16.406957894,18.457011344356047,73.820697801317,99.47844397777173,84.21808695890937,58.501429552165135,52.339564159754566,167.50984593534534,177.64,1,0.2578706723764239,385.6191987305264,ON_TIME,18.668830792175278
SHP-10001534,ORD-501534,DHL Express,WH-03,Zone-Metro-A,RIGID_TRUCK_24FT,2026-10-02 12:07:24.961135279,2026-10-04 12:07:24.961135279,2026-10-04 12:39:53.461159748,18.63180062045925,73.85689022503017,1.4246964559218116,,,,1532.6975197844574,1060.01,2,,,LATE,45.79516401284843
SHP-10001535,ORD-501535,FedEx Freight,WH-02,Zone-Metro-A,SPRINTER_VAN,2026-10-02 13:44:29.645212492,2026-10-06 13:44:29.645212492,2026-10-03 04:22:58.020695753,18.54669846420363,73.78128230388018,2.4853331843075814,58.599267788842155,78.04804621452433,18.808802347650495,909.6308288326939,638.41,4,0.08602315522848092,28.857897480812245,ON_TIME,14.641215412016944
SHP-10001536,ORD-501536,FedEx Freight,WH-04,Zone-Metro-A,RIGID_TRUCK_24FT,2026-10-03 03:39:55.809181379,2026-10-10 03:39:55.809181379,2026-10-04 04:20:56.105346860,18.492991942710052,73.97834282428956,6.0135294452163155,33.63819190549795,65.94374460665577,32.627891771016465,1434.1265558596047,994.51,7,0.07237611407190533,82.9725699593958,ON_TIME,24.6834156015225
SHP-10001537,ORD-501537,UPS Ground,WH-05,Zone-Rural-D,EV_CARGO_VAN,2026-10-03 13:45:44.547076334,2026-10-05 13:45:44.547076334,2026-10-04 17:30:42.232687059,18.448503203924723,73.93483940126801,6.273367681507478,49.31999980050275,31.184175914366165,24.730661170881486,289.8268066195036,218.06,2,0.03803584467158099,164.50055677362303,ON_TIME,27.74935711409028
SHP-10001538,ORD-501538,FedEx Freight,WH-09,Zone-Suburban-B,SPRINTER_VAN,2026-10-01 08:25:58.147925786,2026-10-03 08:25:58.147925786,2026-10-01 23:52:09.008066572,18.583349008837487,73.8412410250009,6.153689172951868,32.2775960800583,55.038059539277754,12.241793255397976,255.11986523512533,194.78,2,0.02174749987072792,281.6656006116657,ON_TIME,15.436350039107221
SHP-10001539,ORD-501539,UPS Ground,WH-01,Zone-Suburban-B,EV_CARGO_VAN,2026-10-03 00:42:26.034040633,2026-10-07 00:42:26.034040633,2026-10-04 03:59:18.892236581,18.59987839079841,73.82491637382624,7.887667162199855,84.86205955089522,20.605270818576646,20.826262903310827,1649.2122866453851,1146.86,4,0.0364169224237161,216.0003263877782,ON_TIME,27.281349498874448
SHP-10001540,ORD-501540,UPS Ground,WH-03,Zone-Metro-A,EV_CARGO_VAN,2026-10-01 19:26:41.192070038,2026-10-05 19:26:41.192070038,2026-10-02 06:37:02.479913423,18.60087916497313,73.9223947175781,102.97194785574246,33.90740344613759,18.779546780858198,58.64858189161015,1662.1922260038698,1190.09,4,0.03734540349784636,2749.9222397660847,ON_TIME,11.172579956495833
SHP-10001541,ORD-501541,FedEx Freight,WH-11,Zone-Suburban-B,EV_CARGO_VAN,2026-10-02 06:54:30.115030142,2026-10-03 06:54:30.115030142,2026-10-02 19:24:12.203345606,18.466086208086608,73.85605523048818,1.976105210143536,73.59156606991293,57.896810660388596,24.08097155230949,868.346555141133,616.08,1,0.10260220407359485,19.24111783158508,ON_TIME,12.495024532073334
SHP-10001542,ORD-501542,UPS Ground,WH-02,Zone-Rural-D,SPRINTER_VAN,2026-10-02 07:03:13.478267432,2026-10-06 07:03:13.478267432,2026-10-02 14:03:37.989676621,18.578601522166704,73.80733414297627,10.933020248789708,41.56271260143645,73.83307409381521,28.04027375627788,1611.3500320161825,1120.19,4,0.08604726768339935,126.91081844835469,ON_TIME,7.006808724774722
SHP-10001543,ORD-501543,FedEx Freight,WH-05,Zone-Industrial-C,HEAVY_FREIGHT_TRAILER,2026-10-02 15:46:20.440185323,2026-10-04 15:46:20.440185323,2026-10-03 11:00:39.209593462,18.671621939457527,73.85753768824344,17.693027238793068,77.41330861271608,15.043609427471418,5.352078202151334,1238.7895528636723,865.54,2,0.006232899572504559,2793.827224990363,ON_TIME,19.238547057816387
SHP-10001544,ORD-501544,UPS Ground,WH-11,Zone-Suburban-B,EV_CARGO_VAN,2026-10-02 06:03:28.157958304,2026-10-04 06:03:28.157958304,2026-10-03 02:22:26.111679385,18.505956280228894,73.96782424580564,1.5809405234116505,66.34322109752752,17.950279909997406,44.56781838846093,352.0479069190033,262.0,2,0.053074896324002044,29.73095638548611,ON_TIME,20.31609825585583
SHP-10001545,ORD-501545,DHL Express,WH-02,Zone-Metro-A,EV_CARGO_VAN,2026-10-01 13:43:48.001902413,2026-10-03 13:43:48.001902413,2026-10-03 01:07:23.692866630,18.463230079792552,73.767151659135,50.453232737042384,55.2266700070084,52.42054805720177,27.745253604995888,616.6179384857893,459.89,2,0.08032285070671866,627.3494696306187,ON_TIME,35.39324749006028
SHP-10001546,ORD-501546,BlueDart Logistics,WH-02,Zone-Metro-A,RIGID_TRUCK_24FT,2026-10-01 16:29:06.969025797,2026-10-03 16:29:06.969025797,2026-10-02 19:59:12.413993248,18.63164485480623,73.84208956182047,7.47687428609785,78.93507917399478,26.365889576450517,10.67270345923386,262.07947563493525,199.05,2,0.02221196193351447,335.1060883116221,ON_TIME,27.50151249095861
SHP-10001547,ORD-501547,UPS Ground,WH-07,Zone-Metro-A,EV_CARGO_VAN,2026-10-01 08:24:27.125857436,2026-10-08 08:24:27.125857436,2026-10-01 22:04:23.343021902,18.453064882047833,73.99058485575429,2.45852688553043,54.493596802781774,55.88635920832358,58.27062060675696,1434.517653495055,1003.59,7,0.17746018725941623,13.846160693323167,ON_TIME,13.665615879018333
SHP-10001548,ORD-501548,FedEx Freight,WH-04,Zone-Metro-A,RIGID_TRUCK_24FT,2026-10-02 15:51:28.562917213,2026-10-04 15:51:28.562917213,2026-10-02 23:30:14.178550615,18.476124616118465,73.75370796061364,57.74989187770844,93.03020724462812,26.09078689415049,47.758826692179774,1822.890831990788,1282.26,2,0.11592171956869088,497.7506978210016,ON_TIME,7.6460043426116675
SHP-10001549,ORD-501549,UPS Ground,WH-08,Zone-Metro-A,SPRINTER_VAN,2026-10-04 02:43:12.842505894,2026-10-11 02:43:12.842505894,2026-10-05 00:30:29.124990737,18.430193318293586,73.9726600793828,20.440836345362584,84.31185353235026,18.736148072954457,44.93825491879998,1016.2433642283294,717.36,7,0.0709880343128318,287.5425736968633,ON_TIME,21.787856245789722
SHP-10001550,ORD-501550,DHL Express,WH-11,Zone-Metro-A,HEAVY_FREIGHT_TRAILER,2026-10-01 14:19:43.017969591,2026-10-02 14:19:43.017969591,2026-10-03 00:10:49.179697357,18.4803622948224,73.84370842464429,4.705876829959036,66.36070447874272,50.91812366236205,57.68297841629182,1217.4787931431729,,1,0.19490862424316363,24.1316344250042,LATE,33.85171159104611
SHP-10001551,ORD-501551,UPS Ground,WH-02,Zone-Suburban-B,SPRINTER_VAN,2026-10-04 02:07:51.756586398,2026-10-08 02:07:51.756586398,2026-10-05 04:59:50.196711205,18.523100519864492,73.79737955114386,21.54200824114341,98.32076484566971,74.66463535244641,27.411404648442577,1383.3181402296243,972.22,4,0.2012294255836825,106.9988064521124,ON_TIME,26.866233368001947
SHP-10001552,ORD-501552,BlueDart Logistics,WH-08,Zone-Rural-D,SPRINTER_VAN,2026-10-03 10:48:07.304618558,2026-10-07 10:48:07.304618558,2026-10-04 20:04:49.766646223,18.419247358582897,73.75374493686793,14.371557038531215,93.74187303946528,61.384147911289745,44.51934471608466,424.18823026724135,318.26,4,0.2561761071287502,56.078411676946175,ON_TIME,33.27846167435139
SHP-10001553,ORD-501553,BlueDart Logistics,WH-07,Zone-Suburban-B,SPRINTER_VAN,2026-10-03 03:53:59.689720535,2026-10-07 03:53:59.689720535,2026-10-03 18:13:43.385546009,18.66151267326919,73.7676307003497,1.4279424410905672,,,,629.570293150252,445.89,4,,,ON_TIME,14.328804395965001
SHP-10001554,ORD-501554,FedEx Freight,WH-02,Zone-Industrial-C,SPRINTER_VAN,2026-10-03 04:27:35.994179867,2026-10-07 04:27:35.994179867,2026-10-03 16:36:08.381128927,18.554102437665005,73.79296084105604,1.605604171135352,21.502530901575764,29.97513807925362,43.3416301098666,769.8463864139434,545.27,4,0.027935472037958153,57.27045255244753,ON_TIME,12.142329708072221
SHP-10001555,ORD-501555,FedEx Freight,WH-08,Zone-Industrial-C,SPRINTER_VAN,2026-10-03 17:31:27.806464316,2026-10-05 17:31:27.806464316,2026-10-04 03:42:37.402525521,18.576431089566558,73.75635230959489,13.518952534026738,68.76965345892819,76.44839884727692,5.774350070318156,1104.8533177233778,770.05,2,0.030357663255907295,443.8604636356902,ON_TIME,10.185998905890276
SHP-10001556,ORD-501556,UPS Ground,WH-04,Zone-Metro-A,EV_CARGO_VAN,2026-10-01 13:41:53.628847249,2026-10-05 13:41:53.628847249,2026-10-02 05:33:22.040179512,18.511385726930037,73.8339624670225,1.0770743699107614,,,,1575.2053586374498,1081.99,4,,,ON_TIME,15.857892036739722
SHP-10001557,ORD-501557,DHL Express,WH-07,Zone-Industrial-C,SPRINTER_VAN,2026-10-02 18:20:32.320668188,2026-10-06 18:20:32.320668188,2026-10-03 09:58:04.783740739,18.60095056886617,73.7612232785936,30.160207340748176,66.31072956635475,73.93357508927451,28.389240523156666,479.22611495624744,355.59,4,0.1391807869266854,216.54248232115393,ON_TIME,15.625684186819722
SHP-10001558,ORD-501558,BlueDart Logistics,WH-02,Zone-Metro-A,SPRINTER_VAN,2026-10-03 08:11:26.023037188,2026-10-04 08:11:26.023037188,2026-10-04 02:59:58.760236418,18.52953452075531,73.92305401546112,,76.47739374727138,45.33816926115446,5.665098214330449,877.493615737676,616.93,1,0.019642850094671753,,ON_TIME,18.809093666452778
SHP-10001559,ORD-501559,FedEx Freight,WH-06,Zone-Suburban-B,RIGID_TRUCK_24FT,2026-10-03 00:15:03.859363067,2026-10-07 00:15:03.859363067,2026-10-03 15:22:12.500042111,18.628394132361773,73.95472677838437,27.242681887350816,76.25966461081077,30.089323552037218,30.40812204977306,1393.3193287942602,990.9,4,0.06977452923171269,389.8800061609098,ON_TIME,15.11906685529
SHP-10001560,ORD-501560,DHL Express,WH-04,Zone-Metro-A,SPRINTER_VAN,2026-10-03 17:57:36.335209237,2026-10-05 17:57:36.335209237,2026-10-04 09:02:11.992232458,18.646420643054622,73.97186598089277,49.811099184390265,78.98478413421014,29.51941232700947,33.753546198575215,172.61362908949948,164.55,2,0.07869924211290771,632.1266277284532,ON_TIME,15.076571395339167
SHP-10001561,ORD-501561,FedEx Freight,WH-11,,SPRINTER_VAN,2026-10-01 11:12:12.826975742,2026-10-03 11:12:12.826975742,2026-10-01 21:07:46.115680370,18.601554733565955,73.88728204524233,16.241831838466993,79.53051937927641,52.575091327348964,39.18836286728951,954.6981764035161,670.55,2,0.16385925470532295,99.0601711849554,ON_TIME,9.925913529063333
SHP-10001562,ORD-501562,BlueDart Logistics,WH-01,Zone-Metro-A,EV_CARGO_VAN,2026-10-03 07:43:49.709438183,2026-10-07 07:43:49.709438183,2026-10-04 14:03:28.432904015,18.54740068575227,73.98662738529497,0.10793338256651543,,,,277.3698947862026,213.03,4,,,ON_TIME,30.327423184953332
SHP-10001563,ORD-501563,FedEx Freight,WH-06,Zone-Metro-A,SPRINTER_VAN,2026-10-02 20:26:59.987715718,2026-10-04 20:26:59.987715718,2026-10-03 13:43:59.620273543,18.63468080518067,73.75141136263994,34.618480993880894,33.212671393442896,79.75421459413815,14.955655221996677,1002.955672184868,709.82,2,0.03961529513501613,871.6662151494,ON_TIME,17.2832312660625
SHP-10001564,ORD-501564,BlueDart Logistics,WH-06,Zone-Rural-D,SPRINTER_VAN,2026-10-02 09:17:58.495943601,2026-10-06 09:17:58.495943601,2026-10-02 23:58:53.124530495,18.548285593421454,73.78350458054103,,,,,1423.258235297773,979.83,4,,,ON_TIME,14.681841274137224
SHP-10001565,ORD-501565,DHL Express,WH-10,Zone-Metro-A,RIGID_TRUCK_24FT,2026-10-02 06:29:59.275395060,2026-10-04 06:29:59.275395060,2026-10-02 16:36:58.793071827,18.43345297131087,73.82329149518273,8.422366196366545,53.77637692944848,35.17186133843914,41.20032418544516,447.5093415005993,325.32,2,0.07792692240232559,107.94179671650764,ON_TIME,10.116532687990833
SHP-10001566,ORD-501566,UPS Ground,WH-08,Zone-Industrial-C,HEAVY_FREIGHT_TRAILER,2026-10-03 02:41:59.818415070,2026-10-04 02:41:59.818415070,2026-10-03 09:37:07.850464155,18.43490206697323,73.94725611048855,3.6989418903147553,87.47090630404753,27.497616530592456,6.424512551565194,1573.3413828008875,1088.55,1,0.015452503815248786,237.83578092988785,ON_TIME,6.918897791412499
SHP-10001567,ORD-501567,FedEx Freight,WH-09,Zone-Industrial-C,EV_CARGO_VAN,2026-10-03 22:09:06.001107793,2026-10-05 22:09:06.001107793,2026-10-05 12:37:59.279036417,18.6845749418899,73.97134728503346,67.9343973363362,26.866381814969053,10.225597042054105,34.720204916327106,627.3699543302565,480.25,2,0.009538501157783371,7048.23252331896,ON_TIME,38.481466091284446
SHP-10001568,ORD-501568,UPS Ground,WH-10,Zone-Industrial-C,RIGID_TRUCK_24FT,2026-10-02 17:43:28.800045409,2026-10-03 17:43:28.800045409,2026-10-03 17:18:26.670137470,18.464068902537363,73.90453361282653,11.166353509960748,33.19468446995124,61.941267760659834,48.17399525993579,362.6625792191815,268.5,1,0.099051555551064,112.61904513651295,ON_TIME,23.582741692239168
SHP-10001569,ORD-501569,DHL Express,WH-11,,EV_CARGO_VAN,2026-10-03 17:22:48.244128737,2026-10-07 17:22:48.244128737,2026-10-03 23:06:10.225367123,18.644777497306592,73.84580908610228,5.5436659281446055,68.05414103146492,54.29146757756676,8.800548278196676,867.2644001402261,620.81,4,0.03251590663960119,169.96816888768205,ON_TIME,5.7227725662183335
SHP-10001570,ORD-501570,UPS Ground,WH-04,,EV_CARGO_VAN,2026-10-02 10:57:18.934173956,2026-10-04 10:57:18.934173956,2026-10-03 13:57:38.923412289,18.47401162218251,73.91646140089652,45.02915114053608,62.571061830450375,70.72334051478367,27.724507588558588,1622.2260009093673,1139.18,2,0.12268744781482117,366.7243838184964,ON_TIME,27.00555256620361
SHP-10001571,ORD-501571,FedEx Freight,WH-07,Zone-Metro-A,SPRINTER_VAN,2026-10-01 13:22:20.644755991,2026-10-03 13:22:20.644755991,2026-10-02 19:19:29.641210530,18.529234028157045,73.7952248430061,25.930508708310544,40.30772962778555,13.075808008823536,22.958120016655602,138.69896643800115,129.64,2,0.01210021797723467,2125.4135587328265,ON_TIME,29.952499015149723
SHP-10001572,ORD-501572,UPS Ground,WH-11,Zone-Industrial-C,EV_CARGO_VAN,2026-10-01 10:25:42.286890079,2026-10-02 10:25:42.286890079,2026-10-02 04:15:27.850848974,18.596484433629442,73.86446851304311,2.3189022383456335,53.792608132990054,79.64917335499902,55.25160939436092,614.0763549061942,439.13,1,0.236727552074031,9.791522219596972,ON_TIME,17.82932332191528
SHP-10001573,ORD-501573,BlueDart Logistics,,Zone-Suburban-B,SPRINTER_VAN,2026-10-01 09:41:45.869047097,2026-10-03 09:41:45.869047097,2026-10-03 08:09:52.037206051,18.44766015186877,73.87688602458083,13.47492129376613,18.323221415382044,34.81652050452742,15.219131626355042,1212.51390456523,853.56,2,0.009709057411196794,1373.7223393539164,ON_TIME,45.79516401284843
SHP-10001574,ORD-501574,FedEx Freight,WH-12,Zone-Suburban-B,EV_CARGO_VAN,2026-10-02 09:22:14.916795428,2026-10-06 09:22:14.916795428,2026-10-03 04:18:11.081562003,18.621173946509163,73.7762178052528,11.755914347010672,18.518620259465543,78.48023968793454,22.50982272294641,669.2336366624861,474.98,4,0.03271455533739861,358.25304430112163,ON_TIME,18.932267990715278
SHP-10001575,ORD-501575,FedEx Freight,WH-05,Zone-Metro-A,EV_CARGO_VAN,2026-10-02 06:16:52.025016650,2026-10-03 06:16:52.025016650,2026-10-02 12:49:42.586822475,18.60697389176696,73.7584681650554,1.542653719312813,24.018065268362808,18.034861155065464,54.41446097452167,142.17450231854744,108.16,1,0.02357030244613143,65.17253942249215,ON_TIME,6.547378279395834
SHP-10001576,ORD-501576,FedEx Freight,WH-03,Zone-Industrial-C,SPRINTER_VAN,2026-10-03 09:41:29.276522970,2026-10-07 09:41:29.276522970,2026-10-04 06:32:29.719561168,18.562924866731734,73.93752637433754,24.34971785225421,69.79528305405324,65.79404361022308,23.185931833298504,622.2141046185108,448.64,4,0.10647243978765694,228.4804392277257,ON_TIME,20.850123066166113
SHP-10001577,ORD-501577,UPS Ground,WH-07,,SPRINTER_VAN,2026-10-03 11:28:59.333210797,2026-10-10 11:28:59.333210797,2026-10-04 06:45:55.312600089,18.56976692681273,73.88367658981993,8.715935465999069,97.0530593882496,53.45186735742449,34.22410923220769,1520.9233517189427,1055.87,7,0.1775432908657277,49.06425355848108,ON_TIME,19.282216497025555
SHP-10001578,ORD-501578,UPS Ground,WH-10,Zone-Rural-D,HEAVY_FREIGHT_TRAILER,2026-10-01 09:39:41.348721705,2026-10-05 09:39:41.348721705,2026-10-01 20:46:17.806464252,18.431731538056475,73.83305967546949,119.26714686810254,39.72121247965963,36.864341143943804,6.816943547698365,1791.2529663642376,1287.14,4,0.009982025401678063,11829.681251175147,ON_TIME,11.1101271507075
SHP-10001579,ORD-501579,UPS Ground,WH-07,Zone-Suburban-B,SPRINTER_VAN,2026-10-01 21:55:15.149740832,2026-10-05 21:55:15.149740832,2026-10-02 21:47:43.547441790,18.530784745130536,73.85930715791528,48.99511354906717,18.224283823724925,15.935679694976448,59.16963398962699,85.11416481700643,96.04,4,0.01718382911547805,2834.737211396691,ON_TIME,23.874554916932777
SHP-10001580,ORD-501580,FedEx Freight,WH-07,Zone-Metro-A,SPRINTER_VAN,2026-10-02 01:44:48.671561186,2026-10-03 01:44:48.671561186,2026-10-02 07:18:33.069408148,18.425971418607286,73.98942585331082,11.781465079482091,82.31957469496969,55.35523823850554,50.372068932915425,1058.3436568132574,733.94,1,0.22953643447833272,51.30485981567411,ON_TIME,5.562332735267223
SHP-10001581,ORD-501581,DHL Express,WH-11,Zone-Suburban-B,EV_CARGO_VAN,2026-10-02 21:25:41.026289816,2026-10-04 21:25:41.026289816,2026-10-04 04:44:09.238165022,18.492358987310052,73.84622844297849,8.126434167850284,96.25846270548132,11.982991230543483,39.892051961067196,205.54770990334677,159.99,2,0.046014058367889674,176.2246580645549,ON_TIME,31.307836632001667
SHP-10001582,ORD-501582,UPS Ground,WH-05,Zone-Industrial-C,EV_CARGO_VAN,2026-10-01 16:24:18.346036681,2026-10-05 16:24:18.346036681,2026-10-02 01:41:51.789943111,18.67009364232719,73.77586980666344,0.7759696255565667,,,,1262.5688205887388,879.07,4,,,ON_TIME,9.292623307341668
SHP-10001583,ORD-501583,DHL Express,WH-11,Zone-Industrial-C,EV_CARGO_VAN,2026-10-01 15:38:37.564068480,2026-10-05 15:38:37.564068480,2026-10-02 00:18:46.949482632,18.572360020166435,73.86590054489083,24.79908624700471,51.646031114338015,55.31564318452412,9.117847875502937,26.505911402797647,47.22,4,0.02604817261143346,948.4060938224472,ON_TIME,8.669273726153333
SHP-10001584,ORD-501584,BlueDart Logistics,WH-06,Zone-Suburban-B,SPRINTER_VAN,2026-10-04 01:57:10.080082702,2026-10-08 01:57:10.080082702,2026-10-04 17:13:28.884870359,18.622811031445803,73.91201209336951,8.31399739533009,30.079999856069453,64.93928104656415,34.97354969348794,39.095108050152035,48.2,4,0.06831640742917214,121.52051982467988,ON_TIME,15.27189021879361
SHP-10001585,ORD-501585,FedEx Freight,WH-05,Zone-Metro-A,SPRINTER_VAN,2026-10-03 15:54:09.393571584,2026-10-07 15:54:09.393571584,2026-10-04 13:41:31.923095466,18.572165760212766,73.75302827902497,5.150464198667306,25.10395590788969,84.35009756686344,20.67854399118888,1439.905120979395,999.0,4,0.04378725384196987,117.35672086508771,ON_TIME,21.789591534411667
SHP-10001586,ORD-501586,UPS Ground,WH-06,Zone-Suburban-B,SPRINTER_VAN,2026-10-01 19:00:25.750622031,2026-10-03 19:00:25.750622031,2026-10-02 13:18:02.669094817,18.458271027401995,73.83308514000379,9.261004671984605,76.57601115506557,29.507028513082368,39.253419612674534,148.81212311763335,125.36,2,0.08869430059368606,104.29728721398511,ON_TIME,18.293588464662776
SHP-10001587,ORD-501587,DHL Express,WH-10,Zone-Suburban-B,SPRINTER_VAN,2026-10-02 11:16:22.375809103,2026-10-03 11:16:22.375809103,2026-10-02 21:25:14.989510963,18.578442494733967,73.84837860503261,58.17436284074096,106.91596523692247,34.17923660301063,37.90058650162748,572.923917339624,428.79,1,0.13850034340314885,419.7274076841812,ON_TIME,10.147948250516666
SHP-10001588,ORD-501588,DHL Express,WH-02,Zone-Rural-D,SPRINTER_VAN,2026-10-02 07:36:17.222207560,2026-10-06 07:36:17.222207560,2026-10-02 19:26:22.400676334,18.626616423191656,73.86592871144099,46.41284258533891,79.42573443397241,35.585901010674405,51.12582690536138,1772.8782995028414,1243.82,4,0.14450389422239796,320.9653711950307,ON_TIME,11.834771796881666
SHP-10001589,ORD-501589,UPS Ground,WH-03,Zone-Suburban-B,EV_CARGO_VAN,2026-10-03 14:57:08.255997753,2026-10-07 14:57:08.255997753,2026-10-03 22:49:33.416767943,18.441521500860105,73.82542104841862,46.25951181520516,108.55739296672373,64.86870338941263,20.47573833919533,1822.8842018684522,1276.95,4,0.14418968509901395,320.60165481310133,ON_TIME,7.873655769497222
SHP-10001590,ORD-501590,UPS Ground,WH-12,Zone-Metro-A,EV_CARGO_VAN,2026-10-02 18:44:07.187951129,2026-10-04 18:44:07.187951129,2026-10-03 08:56:43.808059303,18.645072013028376,73.91673056461647,2.5963860528805385,56.26755122667768,79.88644511920853,36.78249384700459,308.65846014659076,224.73,2,0.16533784845063243,15.694026954511045,ON_TIME,14.210172252270555
SHP-10001591,ORD-501591,Unknown Carrier,WH-03,Zone-Suburban-B,RIGID_TRUCK_24FT,2026-10-01 15:12:18.651828706,2026-10-05 15:12:18.651828706,2026-10-03 00:16:46.994318100,18.566617653693488,73.98617730593145,60.073657847711466,100.29762993859921,83.0742812186169,47.754982536131855,1042.9377315990926,753.52,4,0.39790184560101316,150.93813888474727,ON_TIME,33.074539580387224
SHP-10001592,ORD-501592,FedEx Freight,WH-08,Zone-Metro-A,SPRINTER_VAN,2026-10-03 11:12:26.742770098,2026-10-05 11:12:26.742770098,2026-10-04 03:36:23.658347276,18.401282560650632,73.97849954400994,5.012166263079841,34.48300134329894,80.93585249185969,31.992514247727943,1039.7155467651712,719.18,2,0.08928826345714667,56.0718607704322,ON_TIME,16.399143215882777
SHP-10001593,ORD-501593,FedEx Freight,WH-08,,RIGID_TRUCK_24FT,2026-10-02 10:34:33.363955898,2026-10-04 10:34:33.363955898,2026-10-03 15:19:31.449052866,18.555933545901393,73.91609835370225,22.09786847237322,26.200914866025343,75.95372557864326,50.68540157164195,843.4757091989433,599.45,2,0.10086684314455623,218.86262642415457,ON_TIME,28.749468082491113
SHP-10001594,ORD-501594,UPS Ground,WH-07,Zone-Suburban-B,EV_CARGO_VAN,2026-10-02 00:55:49.964986252,2026-10-06 00:55:49.964986252,2026-10-03 19:16:56.436810327,18.518701447641046,73.87672101653607,19.163311124880366,81.73940483668144,84.32330303654733,12.220191086557513,1711.598890889224,1193.62,4,0.08422811437283387,227.24700139926034,ON_TIME,42.35179772890972
SHP-10001595,ORD-501595,UPS Ground,WH-09,Zone-Suburban-B,HEAVY_FREIGHT_TRAILER,2026-10-02 09:02:09.242827770,2026-10-06 09:02:09.242827770,2026-10-02 20:15:24.880797359,18.488933953386994,73.95645378161042,7.620742440580714,50.2837914319504,38.19592951258727,45.36437708309288,1397.9143249702067,975.84,4,0.0871284626913901,87.36531867519568,ON_TIME,11.221010547108055
SHP-10001596,ORD-501596,FedEx Freight,WH-03,Zone-Suburban-B,EV_CARGO_VAN,2026-10-02 17:50:18.501286907,2026-10-04 17:50:18.501286907,2026-10-03 08:24:18.059328674,18.631377165975362,73.95898429696464,11.670411408169011,45.18032226097465,81.12409899990298,56.864015033653814,1417.2005077834128,988.66,2,0.20841872349122287,55.96817020923424,ON_TIME,14.566543900490833
SHP-10001597,ORD-501597,FedEx Freight,WH-07,Zone-Industrial-C,EV_CARGO_VAN,2026-10-02 06:42:15.541855288,2026-10-03 06:42:15.541855288,2026-10-05 02:08:48.536197230,18.669849965097654,73.95739326320492,1.2562821376781146,,,,507.46861559205263,366.73,1,,,LATE,45.79516401284843
SHP-10001598,ORD-501598,FedEx Freight,WH-05,Zone-Industrial-C,HEAVY_FREIGHT_TRAILER,2026-10-01 23:25:01.976255783,2026-10-02 23:25:01.976255783,2026-10-03 17:27:56.501147286,18.628795926803534,73.78946148446735,9.68694658045542,46.68098396810137,22.634489464598367,25.14850433265807,810.279741306612,578.16,1,0.026571915709078176,363.1890069732909,LATE,42.04847913652861
SHP-10001599,ORD-501599,BlueDart Logistics,WH-09,Zone-Industrial-C,EV_CARGO_VAN,2026-10-02 10:41:31.725865991,2026-10-06 10:41:31.725865991,2026-10-02 16:14:14.533094082,18.65403177447726,73.75635808534048,6.803827884789777,69.39302636360952,13.409889090790175,9.595232245497009,907.8847577978828,640.74,4,0.008928870109977217,753.5636023018328,ON_TIME,5.545224230025277
SHP-10001600,ORD-501600,FedEx Freight,WH-02,Zone-Metro-A,SPRINTER_VAN,2026-10-01 07:22:49.618466373,2026-10-03 07:22:49.618466373,2026-10-02 04:31:50.113373969,18.67263428296335,73.99579835243702,125.92746156905233,43.448235094823914,26.08629684027417,40.282102876609144,561.4003317337175,460.52,2,0.04565587871881782,2752.1591781224533,ON_TIME,21.150137474332222
SHP-10001601,ORD-501601,DHL Express,WH-08,Zone-Metro-A,EV_CARGO_VAN,2026-10-03 13:37:11.441708164,2026-10-07 13:37:11.441708164,2026-10-04 06:04:13.722776768,18.673788793412943,73.98991354893025,9.343535357577478,89.45697088006888,68.40633432157196,35.384789909917856,186.27507074786266,139.98,4,0.21653451341052793,43.13040988012487,ON_TIME,16.45063363016778
SHP-10001602,ORD-501602,FedEx Freight,WH-03,Zone-Metro-A,SPRINTER_VAN,2026-10-01 18:18:28.916412718,2026-10-08 18:18:28.916412718,2026-10-02 22:26:53.166671587,18.434391442899027,73.89109461522219,3.8284515435168465,44.67689234705496,57.377266091941316,7.219016730280228,244.24825549893293,191.82,7,0.018505501378479415,205.7698669676881,ON_TIME,28.1400695163525
SHP-10001603,ORD-501603,DHL Express,WH-04,Zone-Industrial-C,HEAVY_FREIGHT_TRAILER,2026-10-01 09:09:40.075853061,2026-10-05 09:09:40.075853061,,18.53691564666615,73.99826592917934,10.362819715690609,65.82444372714092,26.82671930100139,46.371661483422145,344.0735335965343,247.45,4,0.08188557812127217,126.39808065220981,EXCEPTION_OR_IN_TRANSIT,
SHP-10001604,ORD-501604,FedEx Freight,WH-03,Zone-Metro-A,EV_CARGO_VAN,2026-10-03 05:03:58.701200996,2026-10-05 05:03:58.701200996,2026-10-03 14:35:40.177829385,18.400085942317872,73.94263676119196,4.030016184168326,17.201727951216114,65.64410908535194,50.61064726597637,386.3148285627751,281.25,2,0.05714914337665253,70.39434909364698,ON_TIME,9.528187952330278
SHP-10001605,ORD-501605,DHL Express,WH-03,Zone-Suburban-B,SPRINTER_VAN,2026-10-03 13:43:24.244591095,2026-10-07 13:43:24.244591095,2026-10-04 00:19:12.799602928,18.551938775411102,73.87934504586336,1.6443192410730827,90.2144244190473,20.599167957865227,54.891578227741476,457.27720532898,335.29,4,0.10200732970378894,16.10383158430659,ON_TIME,10.596820836620278
SHP-10001606,ORD-501606,FedEx Freight,WH-11,Zone-Rural-D,EV_CARGO_VAN,2026-10-03 16:35:44.510908864,2026-10-05 16:35:44.510908864,2026-10-04 03:56:04.842901371,18.677273180303136,73.84733276678581,14.797214951353515,73.93208860808772,71.6381045394021,35.015374739385315,481.5355332349027,356.76,2,0.18545384431137818,79.74620523906952,ON_TIME,11.338981109029723
SHP-10001607,ORD-501607,BlueDart Logistics,WH-04,Zone-Rural-D,SPRINTER_VAN,2026-10-02 17:31:57.580145627,2026-10-03 17:31:57.580145627,2026-10-03 21:28:11.658485787,18.45973068711945,73.89821580237339,9.108700468048735,33.26252136432509,69.5620731978049,29.891901919596656,849.6066430060911,596.71,1,0.06916417996309321,131.50665283126463,LATE,27.93724398337778
SHP-10001608,ORD-501608,FedEx Freight,WH-12,Zone-Suburban-B,EV_CARGO_VAN,2026-10-01 20:47:11.433471644,2026-10-02 20:47:11.433471644,2026-10-02 04:25:03.042788521,18.591935988629974,73.87895052541637,29.71972250959467,35.46047072864739,82.94319780295363,53.18754349926426,948.5955247382639,677.29,1,0.15643546025243849,189.8593613336356,ON_TIME,7.6310025880213885
SHP-10001609,ORD-501609,UPS Ground,,Zone-Suburban-B,EV_CARGO_VAN,2026-10-03 11:04:49.413943155,2026-10-05 11:04:49.413943155,2026-10-03 22:03:06.812502789,18.59331371392537,73.9984506316753,51.79088378744723,39.93682725795809,21.270967347198862,26.928325048747645,579.7199845362422,432.99,2,0.02287547610195141,2254.181091074252,ON_TIME,10.971499599898333
SHP-10001610,ORD-501610,BlueDart Logistics,WH-08,Zone-Metro-A,EV_CARGO_VAN,2026-10-03 08:22:45.629598404,2026-10-10 08:22:45.629598404,2026-10-03 13:31:11.274061018,18.448106195406332,73.87261507900232,87.1122517575745,69.77035993657839,77.99597458109503,41.0493718879009,1679.6108198142983,1202.96,7,0.2233827683212664,389.794042788779,ON_TIME,5.1404567951705555
SHP-10001611,ORD-501611,UPS Ground,WH-02,Zone-Industrial-C,EV_CARGO_VAN,2026-10-01 23:43:53.374279542,2026-10-02 23:43:53.374279542,2026-10-03 07:22:40.663457964,18.471558231795235,73.95898027154679,11.88964928677429,67.09005164383719,35.58269977913788,38.844924102050946,1028.6708114969983,724.1,1,0.09273235727885862,128.07656333727513,LATE,31.646469216228333
SHP-10001612,ORD-501612,UPS Ground,WH-05,Zone-Industrial-C,HEAVY_FREIGHT_TRAILER,2026-10-03 23:02:43.290319635,2026-10-04 23:02:43.290319635,2026-10-05 12:36:50.381443379,18.53860653518807,73.95340595578456,20.69408222585154,41.01705336597949,41.204489859648376,25.46886049001815,1459.3825937254016,1017.83,1,0.043044583893507175,479.64496023255856,LATE,37.56863642326222
SHP-10001613,ORD-501613,DHL Express,WH-10,Zone-Metro-A,EV_CARGO_VAN,2026-10-01 13:30:53.081935069,2026-10-08 13:30:53.081935069,,18.4564628129363,73.76785156837644,12.652703629763447,80.93591773781534,45.13337971650771,9.778946566132646,1710.74913598951,1190.53,7,0.03572162644719931,353.2141023360119,EXCEPTION_OR_IN_TRANSIT,
SHP-10001614,ORD-501614,DHL Express,WH-05,Zone-Suburban-B,EV_CARGO_VAN,2026-10-04 04:45:12.791702071,2026-10-05 04:45:12.791702071,2026-10-04 18:18:10.175483550,18.57549819355735,73.77175169182766,0.5582308946521096,99.45891076370447,57.01780399019169,6.177854626887713,311.84234059032997,235.18,1,0.03503417297832809,15.88854517783711,ON_TIME,13.549273272633057
SHP-10001615,ORD-501615,UPS Ground,WH-02,Zone-Industrial-C,SPRINTER_VAN,2026-10-03 19:56:16.232605358,2026-10-07 19:56:16.232605358,2026-10-04 18:00:58.033981341,18.54536251930668,73.91495252870035,39.77324595163872,19.133970377086154,84.6072527588532,28.553075729446295,798.4333010693363,578.66,4,0.04622379388500775,858.5921535349667,ON_TIME,22.07827815999528
SHP-10001616,ORD-501616,Unknown Carrier,WH-07,Zone-Rural-D,EV_CARGO_VAN,2026-10-03 07:31:43.328908176,2026-10-05 07:31:43.328908176,2026-10-05 02:24:32.531135984,18.555759453553712,73.81477700168382,17.374075560934028,54.633680593154736,54.996910229142486,31.466086615284624,808.2407183514509,580.17,2,0.09454563526089252,183.56974955096507,ON_TIME,42.88033395216889
SHP-10001617,ORD-501617,UPS Ground,WH-11,Zone-Metro-A,SPRINTER_VAN,2026-10-04 01:35:23.971042132,2026-10-05 01:35:23.971042132,2026-10-04 23:02:14.113808023,18.440340265846164,73.91438175867428,17.656437773121628,71.38441126175694,79.50368987803054,50.24730475044406,663.5199963056949,486.42,1,0.2851697393630488,61.89383357851057,ON_TIME,21.447261879414164
SHP-10001618,ORD-501618,UPS Ground,WH-10,Zone-Suburban-B,HEAVY_FREIGHT_TRAILER,2026-10-03 10:00:23.054829505,2026-10-10 10:00:23.054829505,2026-10-03 20:27:22.895282684,18.555175547631592,73.78615647357839,4.878848672594087,70.71134433601495,29.127115156354225,27.792640745130914,28.36898272191421,30.94,7,0.05724220839764344,85.08302712656929,ON_TIME,10.449955681438611
SHP-10001619,ORD-501619,UPS Ground,WH-03,Zone-Metro-A,SPRINTER_VAN,2026-10-01 19:42:46.453630187,2026-10-02 19:42:46.453630187,,18.41484345731624,73.84926705680145,4.172188956919751,16.855857964003523,39.88087463613623,20.46379311034081,1511.7567340961386,1055.78,1,0.013756301120529663,301.10409124540354,EXCEPTION_OR_IN_TRANSIT,
SHP-10001620,ORD-501620,DHL Express,WH-09,Zone-Metro-A,RIGID_TRUCK_24FT,2026-10-02 13:50:06.870998840,2026-10-04 13:50:06.870998840,2026-10-02 21:48:04.053585337,18.664460589403504,73.7756175665814,8.317920858538306,35.00377625561748,47.83746470789356,30.41530574413343,217.04603301607335,178.25,2,0.05093018344738897,163.00001874604087,ON_TIME,7.965884051804722
SHP-10001621,ORD-501621,FedEx Freight,WH-03,Zone-Rural-D,SPRINTER_VAN,2026-10-01 11:08:53.583906759,2026-10-03 11:08:53.583906759,2026-10-02 04:23:39.954404574,18.502974907241676,73.8205232692039,17.628379952186467,20.873918524651543,34.217649234000305,18.089476423321166,1841.693338980193,1282.0,2,0.012920524709875326,1353.8916706495204,ON_TIME,17.246214027170833
SHP-10001623,ORD-501623,DHL Express,WH-11,Zone-Industrial-C,SPRINTER_VAN,2026-10-03 11:23:43.502715884,2026-10-04 11:23:43.502715884,,18.610496910623453,73.99264466379942,11.503226596216743,76.31203932859938,64.42626654229204,11.217366852735898,1078.0584123607737,750.12,1,0.05515018173286892,208.20251147469713,EXCEPTION_OR_IN_TRANSIT,
SHP-10001624,ORD-501624,FedEx Freight,WH-04,Zone-Metro-A,SPRINTER_VAN,2026-10-02 09:49:26.116561267,2026-10-03 09:49:26.116561267,2026-10-02 21:18:13.827206562,18.629851776789152,73.84876460862807,68.45600871593557,30.17550552523037,45.91610141369201,22.553495294331018,296.1665958090561,250.36,1,0.031248805322079746,2183.6879591618854,ON_TIME,11.479919623693057
SHP-10001625,ORD-501625,UPS Ground,WH-04,Zone-Industrial-C,SPRINTER_VAN,2026-10-02 05:46:52.250281340,2026-10-03 05:46:52.250281340,2026-10-02 14:02:51.460317261,18.494363348361677,73.97529719197455,7.709065765805805,46.636056337496896,66.34785259073453,5.697202965716988,959.2922814207881,673.54,1,0.017628297900764964,434.8452293027615,ON_TIME,8.266447232200278
SHP-10001626,ORD-501626,FedEx Freight,WH-01,Zone-Suburban-B,RIGID_TRUCK_24FT,2026-10-03 00:51:56.203274672,2026-10-07 00:51:56.203274672,2026-10-03 08:31:02.367188250,18.468323181950215,73.99279294225721,0.8390601178520453,46.33135562072199,45.058187431198846,17.1111807674681,491.9178656966527,,4,0.03572141913142553,23.423419233437123,ON_TIME,7.651712198216111
SHP-10001627,ORD-501627,UPS Ground,WH-11,Zone-Metro-A,SPRINTER_VAN,2026-10-03 20:47:55.413916513,2026-10-05 20:47:55.413916513,2026-10-05 18:11:58.409152801,18.522022166152333,73.97739066503189,7.196304535464843,92.88122150102943,11.291899552594453,48.313772751279465,475.7688001101617,343.26,2,0.05067174689186337,141.73836781294824,ON_TIME,45.40083201008
SHP-10001628,ORD-501628,FedEx Freight,WH-10,Zone-Suburban-B,HEAVY_FREIGHT_TRAILER,2026-10-01 09:25:33.563507952,2026-10-03 09:25:33.563507952,2026-10-02 14:44:00.413794207,18.407267758723837,73.86373991609155,12.855933515898998,33.49264343026766,50.739505585775206,17.9039455836671,1536.674760365008,1070.14,2,0.03042596814013109,421.1474459019006,ON_TIME,29.30745841284861
SHP-10001629,ORD-501629,DHL Express,WH-08,Zone-Metro-A,RIGID_TRUCK_24FT,2026-10-02 09:45:13.936674171,2026-10-04 09:45:13.936674171,2026-10-04 12:23:55.236476883,18.675626703060505,73.94472432439551,14.172527077734227,67.08984152593756,56.88889140709012,11.090123107173374,711.6244512374409,511.2,2,0.0423273036628356,334.0426059209772,LATE,45.79516401284843
SHP-10001630,ORD-501630,BlueDart Logistics,WH-10,Zone-Industrial-C,SPRINTER_VAN,2026-10-01 17:23:36.000278516,2026-10-08 17:23:36.000278516,2026-10-02 16:45:07.200849104,18.516104279789836,73.78842487093875,10.866513012586577,89.37887368758402,83.59055640389212,57.19943079969965,840.430350632298,590.93,7,0.42735009092122905,25.42171178199391,ON_TIME,23.358666825163333
SHP-10001631,ORD-501631,DHL Express,WH-02,Zone-Suburban-B,SPRINTER_VAN,2026-10-03 08:03:55.821789700,2026-10-10 08:03:55.821789700,2026-10-03 20:30:01.396834569,18.696566981453067,73.7737081534548,92.15174645204436,93.80992832521954,13.059463619546326,39.23585639933907,1561.3691880398574,1108.53,7,0.048068135905961304,1913.1266908886053,ON_TIME,12.434881956908056
SHP-10001632,ORD-501632,UPS Ground,WH-06,Zone-Metro-A,EV_CARGO_VAN,2026-10-01 13:36:43.806063750,2026-10-05 13:36:43.806063750,2026-10-03 04:28:48.649390249,18.628434826242223,73.96922536695769,10.687313661596608,78.32377895704963,48.40727180913504,8.301427218961623,173.3591700712326,141.09,4,0.03147436700958008,338.4806941134856,ON_TIME,38.868012035138605
SHP-10001633,ORD-501633,BlueDart Logistics,WH-05,Zone-Metro-A,HEAVY_FREIGHT_TRAILER,2026-10-03 05:51:58.171023999,2026-10-07 05:51:58.171023999,2026-10-03 21:57:40.004983560,18.424154502939793,73.75778003642581,11.362446399403815,43.455136464878876,17.361606753127138,8.423418157219656,1104.907613981349,771.52,4,0.006355056173851195,1760.2397397302257,ON_TIME,16.094953877655833
SHP-10001634,ORD-501634,FedEx Freight,WH-02,Zone-Metro-A,SPRINTER_VAN,2026-10-02 02:36:18.081710817,2026-10-04 02:36:18.081710817,2026-10-02 21:35:17.107836101,18.59805648335277,73.99308183772429,4.558811562511542,93.18942460874135,21.174692617822032,38.66671691345433,1074.7604223636436,750.57,2,0.07629938610762285,59.670787878970664,ON_TIME,18.98306281257889
SHP-10001635,ORD-501635,FedEx Freight,WH-07,Zone-Metro-A,EV_CARGO_VAN,2026-10-01 20:19:19.238120688,2026-10-03 20:19:19.238120688,2026-10-02 12:18:54.788157800,18.481251749451385,73.91803347001603,28.027654869136892,85.50577257451202,55.7847504226357,34.70708411357014,793.5443783121491,561.15,2,0.1655499515840309,169.19808669499687,ON_TIME,15.993208343642221
SHP-10001636,ORD-501636,DHL Express,WH-12,Zone-Suburban-B,EV_CARGO_VAN,2026-10-04 01:25:02.582988236,2026-10-08 01:25:02.582988236,2026-10-04 03:50:21.073381779,18.473115593674414,73.85490325535015,69.16491591348728,81.92456771378058,27.367578419987296,8.760612481614167,1537.1257909374829,1092.69,4,0.019641968026290032,3503.445848021918,ON_TIME,2.4218028870952777
SHP-10001637,ORD-501637,FedEx Freight,WH-01,Zone-Industrial-C,SPRINTER_VAN,2026-10-01 07:20:01.570292551,2026-10-05 07:20:01.570292551,2026-10-03 06:00:09.571323547,18.476968800970962,73.78534383159527,4.2471672128128795,21.39686289407568,66.18805834712684,17.337351123533445,1745.031932735003,1210.27,4,0.024553448096447435,172.2747745547568,ON_TIME,45.79516401284843
SHP-10001638,ORD-501638,Unknown Carrier,WH-04,Zone-Metro-A,EV_CARGO_VAN,2026-10-02 13:31:11.868873776,2026-10-04 13:31:11.868873776,2026-10-03 12:08:49.776039654,18.674822514607843,73.93080778773867,7.9218878446036305,19.110163661897207,48.564901944645456,56.09736029670736,867.2873141972166,610.87,2,0.052063019023720576,151.86789401513045,ON_TIME,22.627196434966113
SHP-10001639,ORD-501639,FedEx Freight,WH-03,Zone-Metro-A,EV_CARGO_VAN,2026-10-01 07:33:25.716446096,2026-10-03 07:33:25.716446096,2026-10-02 03:56:01.315497380,18.54999405282141,73.89077793860083,0.5544239595820271,81.05970328165006,26.36596638743029,36.460594576455954,850.3982797350586,599.02,2,0.07792421758428617,7.105793261984421,ON_TIME,20.376555292023337
SHP-10001640,ORD-501640,UPS Ground,WH-03,Zone-Suburban-B,SPRINTER_VAN,2026-10-02 16:49:07.318068642,2026-10-09 16:49:07.318068642,2026-10-03 08:36:57.968873736,18.60084126964348,73.92778175186164,3.3070974971789946,104.75550611722342,47.03437582007987,29.21789689813066,934.7931351348288,655.58,7,0.14395978742600832,22.9564235535026,ON_TIME,15.797403001415
SHP-10001641,ORD-501641,BlueDart Logistics,WH-12,Zone-Industrial-C,EV_CARGO_VAN,2026-10-02 18:04:31.480324313,2026-10-06 18:04:31.480324313,2026-10-03 12:21:47.159541240,18.48428434773991,73.85448055140724,95.88873402429533,88.50377316598684,10.066129518109054,18.758547655620134,1341.101968671167,962.37,4,0.016711810840897217,5703.652921851333,ON_TIME,18.287688671368613
SHP-10001642,ORD-501642,UPS Ground,WH-06,Zone-Metro-A,SPRINTER_VAN,2026-10-02 05:09:34.912585518,2026-10-04 05:09:34.912585518,2026-10-02 16:18:48.128599597,18.556886336555536,73.76656502076523,6.317534043957334,93.99017881690041,74.70550327433807,12.353392326602904,1239.8948143046928,866.19,2,0.08674037710519479,72.7488094196613,ON_TIME,11.153671115021945
SHP-10001643,ORD-501643,UPS Ground,WH-06,Zone-Metro-A,EV_CARGO_VAN,2026-10-01 15:30:56.332734486,2026-10-05 15:30:56.332734486,2026-10-02 16:04:02.053293832,18.505030041463357,73.82874305013767,11.85064171306581,66.77331668073009,10.95087827918221,27.14474262608746,421.5706366422584,307.72,4,0.01984895414679303,594.0482706944767,ON_TIME,24.551589044262776
SHP-10001644,ORD-501644,FedEx Freight,WH-10,Zone-Suburban-B,EV_CARGO_VAN,2026-10-02 09:05:59.649780776,2026-10-04 09:05:59.649780776,2026-10-02 16:07:52.695947794,18.49634171211892,73.82875518830367,3.7646292303319626,43.93568368836702,10.52574193691369,55.73016076322153,129.43965072559303,,2,0.02577272874164983,145.50568932729834,ON_TIME,7.031401713060556
SHP-10001645,ORD-501645,BlueDart Logistics,WH-02,Zone-Metro-A,SPRINTER_VAN,2026-10-03 06:24:10.554030521,2026-10-04 06:24:10.554030521,2026-10-04 00:57:42.261490825,18.474090654391063,73.75216978958441,15.446498319059346,79.385005192854,55.86279573847353,7.679126762264792,1756.7290906032588,1224.45,1,0.03405438025302827,452.2552657851198,ON_TIME,18.558807627862222
SHP-10001646,ORD-501646,FedEx Freight,WH-07,Zone-Metro-A,SPRINTER_VAN,2026-10-03 14:19:56.993600643,2026-10-05 14:19:56.993600643,2026-10-04 14:01:18.412749745,18.522702069548018,73.75239525377474,7.319629344633929,82.63723317180579,83.01406943425621,59.50383487685767,491.8462183905485,358.88,2,0.4081994616950964,17.927109955633423,ON_TIME,23.68928309697278
SHP-10001647,ORD-501647,BlueDart Logistics,WH-06,Zone-Industrial-C,EV_CARGO_VAN,2026-10-02 20:12:50.556139006,2026-10-04 20:12:50.556139006,2026-10-03 10:39:59.434029199,18.598009033189005,73.83268957180012,14.77767348293257,79.15900731093066,74.19501132654841,16.42969961111043,1185.7407064613076,829.45,2,0.0964949683403986,152.9859550329409,ON_TIME,14.452466080609167
SHP-10001648,ORD-501648,BlueDart Logistics,WH-08,Zone-Suburban-B,EV_CARGO_VAN,2026-10-03 00:28:05.075038784,2026-10-04 00:28:05.075038784,2026-10-03 21:23:44.073649087,18.466613132820132,73.9319058461998,10.232408252270966,104.93736038833545,28.901418444208872,27.482204821945512,1534.6690490429617,1067.1,1,0.08334909058064652,122.61857116803694,ON_TIME,20.927499613973055
SHP-10001649,ORD-501649,UPS Ground,WH-99_INVALID,Zone-Suburban-B,SPRINTER_VAN,2026-10-01 20:26:39.763395509,2026-10-05 20:26:39.763395509,2026-10-02 05:04:39.824468090,18.689633196063205,73.90601093260422,51.00953716133581,49.88200816013286,24.750010836076427,7.477821949114466,563.9086675057284,425.68,4,0.009231971235223874,5466.105271392009,ON_TIME,8.633350297939167
SHP-10001650,ORD-501650,FedEx Freight,WH-10,Zone-Industrial-C,EV_CARGO_VAN,2026-10-02 02:41:16.022372606,2026-10-04 02:41:16.022372606,2026-10-02 11:27:55.685006070,18.4373835029391,73.80975441167662,11.047486637381919,18.767466200799433,56.95841354750915,37.163021170941725,1179.926614301435,818.5,2,0.039725972683327095,277.394019355788,ON_TIME,8.77768406485111
SHP-10001651,ORD-501651,DHL Express,WH-05,Zone-Industrial-C,EV_CARGO_VAN,2026-10-01 17:39:23.342125571,2026-10-03 17:39:23.342125571,2026-10-02 12:50:11.208118161,18.54406216231643,73.90069066304304,3.3162378783277404,101.3022135119539,71.6978310266558,31.595539597054536,210.3206432322754,158.71,2,0.22948311141826344,14.444607261577222,ON_TIME,19.179962775719446
SHP-10001652,ORD-501652,FedEx Freight,WH-11,Zone-Metro-A,EV_CARGO_VAN,2026-10-01 23:56:57.354721195,2026-10-02 23:56:57.354721195,,18.425508464906603,73.91184439888987,4.206123846221517,30.247416291137725,37.15590031750223,41.668886910412894,1794.7339947624644,1236.72,1,0.04683041128928426,89.62469602694301,EXCEPTION_OR_IN_TRANSIT,
SHP-10001653,ORD-501653,DHL Express,WH-03,Zone-Suburban-B,RIGID_TRUCK_24FT,2026-10-01 22:11:30.653434457,2026-10-02 22:11:30.653434457,2026-10-02 03:03:11.883525675,18.406799596320703,73.88064248070624,0.9585788169218212,,,,118.89490954305036,103.74,1,,,ON_TIME,4.861452803116111
SHP-10001654,ORD-501654,FedEx Freight,WH-01,Zone-Metro-A,RIGID_TRUCK_24FT,2026-10-02 19:24:01.125432608,2026-10-06 19:24:01.125432608,2026-10-03 18:29:17.959576205,18.676803195909507,73.8803384937967,10.490646311564685,97.95442177840502,18.66171352583134,26.899778155588795,,,4,0.04917272339428109,212.90981275011677,ON_TIME,23.088009484332503
SHP-10001655,ORD-501655,DHL Express,WH-03,Zone-Metro-A,RIGID_TRUCK_24FT,2026-10-02 22:30:48.925500957,2026-10-06 22:30:48.925500957,2026-10-03 10:03:58.639215622,18.64311543818519,73.84243696826566,8.362197892289954,44.463432811390334,21.461981594151936,45.57661837964189,998.6737669063228,705.57,4,0.04349255351564594,191.8262918296046,ON_TIME,11.552698254073611
SHP-10001656,ORD-501656,UPS Ground,WH-05,Zone-Industrial-C,SPRINTER_VAN,2026-10-04 02:02:10.371476933,2026-10-11 02:02:10.371476933,2026-10-04 16:32:37.908695368,18.608246611937666,73.7808485909383,55.47765236580393,93.88944788121802,52.626369626951565,6.3761620282826765,1464.9055091832631,1040.02,7,0.03150500417758696,1755.3439339567153,ON_TIME,14.507649227343055
SHP-10001657,ORD-501657,DHL Express,WH-07,Zone-Rural-D,SPRINTER_VAN,2026-10-01 20:04:51.911728714,2026-10-08 20:04:51.911728714,2026-10-02 02:57:57.123980239,18.65955724394498,73.84637095001261,2.2091248527099254,46.5455219957872,17.69921093113277,34.75659614810273,234.6342143791102,175.34,7,0.02863314468889438,76.88420034176671,ON_TIME,6.884781180979167
SHP-10001658,ORD-501658,DHL Express,WH-08,Zone-Rural-D,SPRINTER_VAN,2026-10-03 04:12:02.344073859,2026-10-05 04:12:02.344073859,2026-10-03 13:39:17.113740760,18.64085452689092,73.8363335790367,3.907352268424526,90.45450318244373,25.153459359692576,11.263191210595512,822.2050559458145,584.44,2,0.025626504502536916,151.88041842370066,ON_TIME,9.454102685250277
SHP-10001660,ORD-501660,UPS Ground,WH-07,Zone-Metro-A,EV_CARGO_VAN,2026-10-02 22:20:14.587412567,2026-10-06 22:20:14.587412567,2026-10-03 15:08:13.517329914,18.65420269773051,73.96406504219165,6.657219757451679,77.24808487373814,43.29433999102228,48.51189242719091,585.475695444359,415.86,4,0.16224340832485742,41.00702225082181,ON_TIME,16.79970275481861
SHP-10001661,ORD-501661,DHL Express,WH-07,Zone-Metro-A,SPRINTER_VAN,2026-10-02 00:21:36.946728278,2026-10-09 00:21:36.946728278,2026-10-02 13:10:57.605073863,18.51724016603803,73.84384379121009,1.9874575968007702,79.32811765498563,13.420897309272716,12.83534104432201,1443.412189727931,1005.97,7,0.013665203868660674,144.38272151752344,ON_TIME,12.822405095995833
SHP-10001662,ORD-501662,FedEx Freight,WH-01,Zone-Industrial-C,RIGID_TRUCK_24FT,2026-10-02 00:54:13.019621184,2026-10-06 00:54:13.019621184,2026-10-02 16:08:56.720459905,18.565825549970537,73.92743381947493,6.460961299430596,61.68545385769086,47.482822876970395,56.46956918248669,22.037216968509313,44.35,4,0.16539933874931936,39.03919706420681,ON_TIME,15.245472455200279
SHP-10001663,ORD-501663,DHL Express,WH-01,Zone-Suburban-B,SPRINTER_VAN,2026-10-01 08:49:34.391356003,2026-10-05 08:49:34.391356003,2026-10-02 07:25:37.465174815,18.632893195893594,73.95295759437411,9.229883027529025,80.27363206695752,79.65058047955611,53.86775808152725,1388.815732775506,971.96,4,0.344421901280115,26.79041011103857,ON_TIME,22.60085383855889
SHP-10001664,ORD-501664,Unknown Carrier,WH-07,Zone-Suburban-B,EV_CARGO_VAN,2026-10-02 03:59:31.143521366,2026-10-06 03:59:31.143521366,2026-10-03 01:53:18.119100610,18.425439404873902,73.8029378784327,9.56908400815261,102.70244870261489,11.834774583930447,27.819778897668417,1501.5123145662692,1056.94,4,0.03381383762872437,282.15869029365695,ON_TIME,21.896382105345555
SHP-10001665,ORD-501665,BlueDart Logistics,WH-06,Zone-Industrial-C,EV_CARGO_VAN,2026-10-03 11:36:41.273597676,2026-10-05 11:36:41.273597676,2026-10-04 03:16:24.194693980,18.657593640148743,73.97541254421994,41.59763581652799,84.71620837198165,57.323864890559896,5.328616239926511,1668.7038041817227,1168.4,2,0.025877148473726953,1601.3164746931118,ON_TIME,15.661922526751113
SHP-10001666,ORD-501666,FedEx Freight,WH-11,Zone-Industrial-C,SPRINTER_VAN,2026-10-01 09:25:16.602668083,2026-10-03 09:25:16.602668083,2026-10-02 18:53:01.363332839,18.44704913670898,73.76761123454484,8.708866647102017,106.32312275354268,72.68817738636568,48.43596546709673,1164.2087543376285,812.98,2,0.37433416267690856,23.258739493321066,ON_TIME,33.462433517987776
SHP-10001667,ORD-501667,DHL Express,WH-03,Zone-Industrial-C,SPRINTER_VAN,2026-10-01 21:47:21.337225252,2026-10-05 21:47:21.337225252,2026-10-03 04:41:26.290862269,18.65936237586926,73.97542983469943,8.463245654376696,57.61816981594682,33.43456319118829,53.44926918767556,624.8908933643794,444.08,4,0.1029667213905817,82.11424153393193,ON_TIME,30.901376010282497
SHP-10001668,ORD-501668,FedEx Freight,WH-01,Zone-Metro-A,RIGID_TRUCK_24FT,2026-10-03 08:50:55.463619437,2026-10-07 08:50:55.463619437,2026-10-04 06:21:44.929025285,18.493399861489877,73.7909082231573,35.66488361156562,65.18761951187594,19.863890876441864,14.610595079548792,797.2574384248243,572.68,4,0.018918963857060572,1875.2274771438426,ON_TIME,21.51374039051333
SHP-10001669,ORD-501669,BlueDart Logistics,WH-06,Zone-Industrial-C,EV_CARGO_VAN,2026-10-03 14:21:03.285083689,2026-10-04 14:21:03.285083689,2026-10-04 07:23:23.244946946,18.498034853790763,73.83429240070858,9.000677334578247,40.055176237582145,13.250484070694728,55.39057148491064,1794.374919244295,1250.94,1,0.0293985721086871,305.12247512914763,ON_TIME,17.03887773979361
SHP-10001670,ORD-501670,DHL Express,WH-03,Zone-Rural-D,RIGID_TRUCK_24FT,2026-10-02 14:46:58.531888051,2026-10-04 14:46:58.531888051,2026-10-03 15:59:36.162845008,18.422184606960908,73.90130880504204,2.098090115493724,108.6321584410825,58.29272945768519,55.27535025120828,1631.6213869890964,1124.84,2,0.35002922206726117,5.992330783206301,ON_TIME,25.210453043599166
SHP-10001671,ORD-501671,BlueDart Logistics,WH-01,Zone-Metro-A,SPRINTER_VAN,2026-10-03 08:15:40.868533665,2026-10-04 08:15:40.868533665,2026-10-04 04:25:58.494163301,18.665769887168725,73.9764208414427,2.4768760610240665,20.237989840320875,51.417578517180125,30.920996806880474,863.9606209247744,605.8,1,0.032176031572159196,76.74041511226496,ON_TIME,20.171562674898887
SHP-10001672,ORD-501672,BlueDart Logistics,WH-10,Zone-Suburban-B,RIGID_TRUCK_24FT,2026-10-02 09:55:57.202115348,2026-10-03 09:55:57.202115348,2026-10-03 18:42:09.978841204,18.45235312071726,73.81392536014131,2.505367640998512,49.06893967359698,27.197124129399818,48.8919145938813,1745.3498070698754,1214.19,1,0.06524792446280298,38.33890152738677,LATE,32.77021575718222
SHP-10001673,ORD-501673,BlueDart Logistics,WH-02,Zone-Metro-A,SPRINTER_VAN,2026-10-01 17:30:49.513110253,2026-10-08 17:30:49.513110253,,18.589014970611103,73.94089347836665,2.090746338400888,43.28123065301822,72.37129807238111,29.47213880495936,1524.5910609970715,1059.53,7,0.09231613576735037,22.623174200489846,EXCEPTION_OR_IN_TRANSIT,
SHP-10001675,ORD-501675,DHL Express,WH-04,Zone-Metro-A,SPRINTER_VAN,2026-10-02 23:45:27.658996654,2026-10-03 23:45:27.658996654,2026-10-03 07:52:33.631536720,18.484345451024392,73.78992719053554,2.492746251753765,102.18319674938724,30.732158874008736,22.59114553953698,1267.3121571505428,882.42,1,0.07094320559785854,35.08775020462905,ON_TIME,8.118325705573888
SHP-10001676,ORD-501676,FedEx Freight,WH-03,Zone-Suburban-B,SPRINTER_VAN,2026-10-04 02:15:35.410656269,2026-10-06 02:15:35.410656269,2026-10-04 12:41:04.698660844,18.69569828723704,73.86986598614608,8.58484142647654,49.96359803650891,66.50222671484754,13.770813992645346,1588.3681318831468,1095.2,2,0.04575615316269128,187.21242045792005,ON_TIME,10.424802223493055
SHP-10001677,ORD-501677,DHL Express,WH-05,Zone-Metro-A,HEAVY_FREIGHT_TRAILER,2026-10-01 10:57:00.246781385,2026-10-05 10:57:00.246781385,2026-10-02 17:57:56.389455425,18.419249865433326,73.87037627329441,9.640377551503548,102.11278200650005,28.374566012557942,46.05951210977175,1651.0661677724906,1145.77,4,0.1334531009298043,72.18385409538745,ON_TIME,31.015595187233334
SHP-10001678,ORD-501678,FedEx Freight,WH-11,Zone-Industrial-C,EV_CARGO_VAN,2026-10-02 18:31:56.549124613,2026-10-04 18:31:56.549124613,2026-10-03 00:26:06.041302225,18.582361603297453,73.82615295366416,7.299496134350531,55.217191858004256,60.64505963997706,5.076606448552463,181.12648238575406,146.62,2,0.0169997776426811,426.87666979545776,ON_TIME,5.902636716003333
SHP-10001679,ORD-501679,UPS Ground,WH-05,Zone-Metro-A,EV_CARGO_VAN,2026-10-02 05:40:56.006512219,2026-10-03 05:40:56.006512219,2026-10-03 02:56:14.017309632,18.543863178237157,73.94498032913395,3.5406266197997427,96.20303307591979,18.890878080540958,36.87539793068298,1786.0688031022903,1236.72,1,0.06701586465828374,52.75394480614417,ON_TIME,21.255002999281388
SHP-10001680,ORD-501680,DHL Express,WH-10,Zone-Metro-A,HEAVY_FREIGHT_TRAILER,2026-10-02 18:35:54.391156519,2026-10-03 18:35:54.391156519,2026-10-03 15:24:46.827192616,18.473645232144182,73.98148346309327,15.583966860081402,64.56625935756352,61.91795974999054,52.5577314508155,625.1808755283483,461.06,1,0.21011587945761964,74.13315730614534,ON_TIME,20.8145655655825
SHP-10001681,ORD-501681,UPS Ground,WH-02,Zone-Suburban-B,SPRINTER_VAN,2026-10-01 07:43:34.435959997,2026-10-02 07:43:34.435959997,2026-10-02 18:44:21.464993252,18.44906551339688,73.9291431146507,1.449577584197646,,,,,,1,,,LATE,35.01306362034861
SHP-10001682,ORD-501682,UPS Ground,WH-10,Zone-Rural-D,SPRINTER_VAN,2026-10-02 04:32:16.171938649,2026-10-04 04:32:16.171938649,2026-10-02 23:01:39.513193445,18.621125307447695,73.9932386832557,2.5118916113340783,57.68823090194929,52.935201568128555,23.30947012389013,1467.5191093963945,1013.11,2,0.07118101772847754,35.239278161015235,ON_TIME,18.489817015221114
SHP-10001683,ORD-501683,BlueDart Logistics,WH-03,Zone-Metro-A,SPRINTER_VAN,2026-10-03 17:01:49.823838999,2026-10-05 17:01:49.823838999,2026-10-03 23:53:55.636416574,18.674894462344355,73.7626171177704,34.681520911751754,55.31620250292933,22.934790013891188,37.311721907545454,1234.0794096422508,874.28,2,0.047336093910707595,731.1209261250578,ON_TIME,6.868281271548612
SHP-10001684,ORD-501684,FedEx Freight,WH-09,Zone-Metro-A,EV_CARGO_VAN,2026-10-02 21:53:01.697415122,2026-10-09 21:53:01.697415122,2026-10-03 06:41:54.569600200,18.432263878586415,73.75930567127234,2.4182895875789914,39.69183589812734,64.44752106759643,18.577863559212705,1653.4441190574732,1145.03,7,0.04752292609224836,50.77994541735265,ON_TIME,8.814686718077223
SHP-10001685,ORD-501685,BlueDart Logistics,WH-08,Zone-Industrial-C,RIGID_TRUCK_24FT,2026-10-02 14:26:30.982137937,2026-10-04 14:26:30.982137937,2026-10-02 22:04:08.410791037,18.4581940636318,73.97346466937331,42.82206750212121,42.51567934923114,14.565968079478877,51.61177715319307,748.2545539277072,556.13,2,0.031962246038474966,1335.591631688384,ON_TIME,7.62706351475
SHP-10001686,ORD-501686,FedEx Freight,WH-12,Zone-Suburban-B,SPRINTER_VAN,2026-10-02 02:33:28.098588616,2026-10-03 02:33:28.098588616,2026-10-02 14:09:00.184003248,18.695880924188668,73.97445009242415,47.442721145285205,32.71312252455017,22.40633401020391,25.163174191190528,698.1036448367795,512.43,1,0.018444132351321713,2558.368342420926,ON_TIME,11.592245948508888
SHP-10001687,ORD-501687,DHL Express,WH-05,Zone-Rural-D,EV_CARGO_VAN,2026-10-02 03:27:32.621907519,2026-10-06 03:27:32.621907519,2026-10-02 18:03:37.481433458,18.40450680227136,73.77678019627197,48.58482344766305,46.92005293472279,23.810235990312734,36.98875459009374,70.24410545694556,88.82,4,0.04132300560369021,1172.894693168639,ON_TIME,14.601349868316388
SHP-10001689,ORD-501689,BlueDart Logistics,WH-01,Zone-Suburban-B,RIGID_TRUCK_24FT,2026-10-03 18:09:39.928022814,2026-10-07 18:09:39.928022814,2026-10-05 12:56:06.305319128,18.554833855024544,73.95884864452822,1.7242578972831992,51.72302602741497,65.87593871201842,7.276248534504214,1342.8420758649017,928.51,4,0.024792382678762635,69.26849548855279,ON_TIME,42.77399369342055
SHP-10001690,ORD-501690,FedEx Freight,WH-11,Zone-Metro-A,EV_CARGO_VAN,2026-10-04 03:38:21.663204703,2026-10-06 03:38:21.663204703,2026-10-04 10:35:17.296311166,18.47894845754373,73.78213516937541,1.4249647144143491,,,,565.5664829969851,397.56,2,,,ON_TIME,6.9487869740175
SHP-10001691,ORD-501691,DHL Express,WH-07,Zone-Metro-A,RIGID_TRUCK_24FT,2026-10-02 13:34:59.474846017,2026-10-04 13:34:59.474846017,,18.5989086641331,73.8168570181523,2.3546649992892927,108.76292612035554,68.37983413087618,7.540941568484177,862.4913321325206,606.35,2,0.05608342161616084,41.910316807974304,EXCEPTION_OR_IN_TRANSIT,
SHP-10001692,ORD-501692,DHL Express,WH-10,Zone-Industrial-C,EV_CARGO_VAN,2026-10-02 10:19:17.055803419,2026-10-06 10:19:17.055803419,2026-10-03 21:51:02.313536795,18.683482271928103,73.92024900921449,2.878148793809328,50.824602551026075,74.54739715917967,30.77321447872706,415.25309847594104,,4,0.11659484231684068,24.66389033711365,ON_TIME,35.52923825927111
SHP-10001693,ORD-501693,FedEx Freight,WH-03,Zone-Suburban-B,SPRINTER_VAN,2026-10-03 18:57:05.961092508,2026-10-10 18:57:05.961092508,2026-10-05 00:26:13.553065744,18.535064179286973,73.9954747636195,1.8962392017891703,58.95072533851361,10.450574525370786,37.26505650049272,1432.3839871917446,988.25,7,0.022957844173112574,82.23835617730248,ON_TIME,29.485442214787778
SHP-10001694,ORD-501694,DHL Express,WH-05,Zone-Industrial-C,HEAVY_FREIGHT_TRAILER,2026-10-02 12:44:13.859108929,2026-10-04 12:44:13.859108929,2026-10-02 23:12:46.130802067,18.624825851620358,73.9492847100176,3.972262471383907,30.590464910069272,18.84024728309449,7.457136422699901,123.22024974502837,104.96,2,0.004297785777629353,903.2414656461901,ON_TIME,10.475631025871666
SHP-10001695,ORD-501695,FedEx Freight,WH-01,Zone-Metro-A,SPRINTER_VAN,2026-10-02 21:44:43.110259032,2026-10-04 21:44:43.110259032,2026-10-03 18:17:23.295929050,18.593821077781435,73.9443294057036,22.725236415798765,52.260452149035025,51.92652544711468,9.976522184586306,1308.4940550909157,915.97,2,0.0270733251494275,836.3067931816048,ON_TIME,20.544496019449447
SHP-10001696,ORD-501696,FedEx Freight,,Zone-Suburban-B,SPRINTER_VAN,2026-10-01 22:37:40.079463994,2026-10-03 22:37:40.079463994,2026-10-02 05:47:46.997802959,18.541882559062515,73.83566566592279,19.710111989648286,84.04908282511454,83.34016635956256,31.703876474569302,708.4917415872796,500.37,2,0.22207501948090946,88.71434797529923,ON_TIME,7.168588427490278
SHP-10001697,ORD-501697,FedEx Freight,WH-09,Zone-Suburban-B,SPRINTER_VAN,2026-10-03 11:31:55.857273936,2026-10-10 11:31:55.857273936,2026-10-04 17:15:36.679763343,18.41494368994096,73.91533576791787,12.869238536198486,35.65345597553397,59.55346982861527,48.95489627105369,88.45357553352802,86.72,7,0.10394529555952908,123.68880752359826,ON_TIME,29.7280062470575
SHP-10001699,ORD-501699,UPS Ground,WH-04,Zone-Metro-A,EV_CARGO_VAN,2026-10-03 16:15:01.755422296,2026-10-04 16:15:01.755422296,,18.50897543413644,73.99806675829588,8.314999084755017,50.755612996673214,20.96119791110944,10.759062105712818,908.4327845269815,644.58,1,0.011446549488285322,720.1284758871982,EXCEPTION_OR_IN_TRANSIT,
SHP-10001700,ORD-501700,UPS Ground,WH-08,Zone-Metro-A,HEAVY_FREIGHT_TRAILER,2026-10-03 14:12:45.923623431,2026-10-04 14:12:45.923623431,2026-10-03 21:38:08.257622962,18.467348406520724,73.8701460794385,12.952487230400772,92.77170114318449,21.462677078698807,53.814825061282214,1113.5482661544452,786.57,1,0.10715226223625125,120.76656436271264,ON_TIME,7.422870555425278
SHP-10001701,ORD-501701,DHL Express,WH-09,Zone-Suburban-B,RIGID_TRUCK_24FT,2026-10-01 21:28:49.235935591,2026-10-03 21:28:49.235935591,2026-10-02 00:45:58.244509130,18.68448059493645,73.9097019670661,5.11463626811048,74.24743302259093,37.20649017375878,55.45976291343607,1357.4724110219518,944.73,2,0.15320684008469956,33.36208785781982,ON_TIME,3.2858357148719444
SHP-10001702,ORD-501702,DHL Express,WH-04,Zone-Suburban-B,SPRINTER_VAN,2026-10-03 09:31:32.734704572,2026-10-04 09:31:32.734704572,2026-10-03 17:53:53.611646370,18.63205083086415,73.96904297467036,29.160200660856987,105.9700408707276,63.53576480080055,22.87262553172035,1216.0268078561849,861.15,1,0.1539988166548507,189.23052943469236,ON_TIME,8.37246581716611
SHP-10001703,ORD-501703,DHL Express,WH-11,Zone-Metro-A,EV_CARGO_VAN,2026-10-03 15:36:14.102540995,2026-10-05 15:36:14.102540995,2026-10-05 01:30:02.364415005,18.68868060450308,73.7502412404609,1.8633869741096543,100.93134131812442,12.3864468268683,38.88097855347492,1355.314928557256,943.34,2,0.04860824868922895,38.25608647928482,ON_TIME,33.89673940944722
SHP-10001704,ORD-501704,DHL Express,WH-12,Zone-Rural-D,EV_CARGO_VAN,2026-10-02 06:55:10.996810796,2026-10-03 06:55:10.996810796,2026-10-02 19:34:33.820633043,18.476865079649677,73.99399560689908,23094.05556943053,29.358033698208022,73.91331935962289,32.07799326015915,1413.0737362541024,10667.53,1,0.06960763250928276,331298.8081521082,ON_TIME,12.656339950624167
SHP-10001705,ORD-501705,FedEx Freight,WH-12,Zone-Metro-A,EV_CARGO_VAN,2026-10-01 18:25:40.282064269,2026-10-05 18:25:40.282064269,2026-10-02 09:09:30.934188171,18.650737998273364,73.83978982804256,2.972020998332335,19.04251358768539,80.61635767673543,56.81130727464022,1094.860513177755,,4,0.08721320153825393,34.03862126198893,ON_TIME,14.730736701083888
SHP-10001706,ORD-501706,UPS Ground,WH-10,Zone-Rural-D,SPRINTER_VAN,2026-10-01 06:11:22.254726229,2026-10-08 06:11:22.254726229,2026-10-02 07:22:15.721352641,18.58231642127859,73.83489768534896,15.628894718201138,52.913999748501645,76.66123453981234,32.98116931218047,684.0423332084569,488.01,7,0.1337865481987294,116.73237474912703,ON_TIME,25.181518507336666
SHP-10001707,ORD-501707,FedEx Freight,WH-04,Zone-Metro-A,RIGID_TRUCK_24FT,2026-10-02 14:27:54.226881744,2026-10-09 14:27:54.226881744,2026-10-04 19:38:42.683478244,18.694451106790964,73.78626583402317,2.1376519722064433,64.59755048777076,78.47701820476698,57.79811975416354,458.89527117863776,333.21,7,0.29300312605461887,7.2931735699335345,ON_TIME,45.79516401284843
SHP-10001708,ORD-501708,UPS Ground,WH-04,Zone-Industrial-C,SPRINTER_VAN,2026-10-02 07:22:30.564014867,2026-10-04 07:22:30.564014867,2026-10-03 22:17:06.807567769,18.683895083684096,73.96454610257088,3.002679585116776,63.97920844577788,11.150445956369781,15.963840279161335,1671.5361489678228,1159.24,2,0.011388551071955398,261.36277467108897,ON_TIME,38.91006765358389
SHP-10001709,ORD-501709,UPS Ground,,Zone-Rural-D,RIGID_TRUCK_24FT,2026-10-02 21:57:12.628927546,2026-10-04 21:57:12.628927546,2026-10-03 06:41:38.896237490,18.69189041348281,73.9677098839668,15.018081131963994,27.740190438250252,83.33442369624218,24.004521673262396,1794.7218644450488,1249.98,2,0.05549155961137725,270.15038320476305,ON_TIME,8.740629808317777
SHP-10001710,ORD-501710,FedEx Freight,WH-01,Zone-Metro-A,EV_CARGO_VAN,2026-10-01 19:32:20.251199013,2026-10-05 19:32:20.251199013,2026-10-02 00:11:27.985341208,18.685530285501983,73.75499724973622,3.181636343044009,26.857656054687986,37.47678361677616,47.973988205287554,669.384143870508,479.89,4,0.04828766921742858,65.75303986533054,ON_TIME,4.652148372831944
SHP-10001711,ORD-501711,FedEx Freight,WH-09,Zone-Rural-D,EV_CARGO_VAN,2026-10-03 19:53:45.309955150,2026-10-04 19:53:45.309955150,2026-10-07 00:07:31.713451545,18.40229826006713,73.76393130521834,24.67677192917331,19.45177179902435,75.1960838773881,48.09859045763523,218.4271200348878,179.82,1,0.07035366703353402,350.2553233663173,LATE,45.79516401284843
SHP-10001712,ORD-501712,BlueDart Logistics,WH-09,Zone-Suburban-B,EV_CARGO_VAN,2026-10-02 00:33:30.151890806,2026-10-06 00:33:30.151890806,2026-10-05 00:25:38.430341914,18.622325623045207,73.97958541515841,23.98980606288557,95.83169297526304,24.01066530247106,45.270080067618785,421.0236072400007,318.83,4,0.10416567130758296,230.08345663565353,ON_TIME,45.79516401284843
SHP-10001713,ORD-501713,DHL Express,WH-08,Zone-Rural-D,SPRINTER_VAN,2026-10-01 22:18:10.553638718,2026-10-03 22:18:10.553638718,2026-10-02 16:53:25.923404853,18.48158036836289,73.78071703306935,4.733072624618294,105.03569311647699,43.489430699667764,52.27863055659173,1244.6865819244545,,2,0.238805778192948,19.811461490879942,ON_TIME,18.58760271281528
SHP-10001714,ORD-501714,FedEx Freight,WH-99_INVALID,Zone-Industrial-C,EV_CARGO_VAN,2026-10-02 16:36:41.083440745,2026-10-03 16:36:41.083440745,2026-10-02 23:48:43.717418514,18.611508128665758,73.90523186599174,10.518578364415118,25.99007692070731,13.312329146798248,43.64003951190967,329.8515339834119,250.77,1,0.015098950000436515,692.0595412257442,ON_TIME,7.200731660491389
SHP-10001715,ORD-501715,Unknown Carrier,WH-04,Zone-Metro-A,HEAVY_FREIGHT_TRAILER,2026-10-02 17:55:02.185354515,2026-10-04 17:55:02.185354515,2026-10-04 00:40:25.130614751,18.694183360376172,73.90491261254208,106.82695561140298,35.2466250121656,13.005699763212045,39.984682945972864,1445.8647378860962,1047.89,2,0.01832925945785864,5796.595129374536,ON_TIME,30.756373683398888
SHP-10001716,ORD-501716,FedEx Freight,WH-05,Zone-Metro-A,EV_CARGO_VAN,2026-10-01 21:29:10.091301096,2026-10-02 21:29:10.091301096,2026-10-02 12:48:58.031212880,18.411807817209628,73.96743258377717,25.69993289544318,23.536974049816482,80.74570755772287,30.240875719263165,1708.5295808897235,1194.88,1,0.05747307532511372,446.3880511908787,ON_TIME,15.329983308828888
SHP-10001717,ORD-501717,UPS Ground,WH-01,Zone-Metro-A,HEAVY_FREIGHT_TRAILER,2026-10-02 01:34:26.300367357,2026-10-06 01:34:26.300367357,2026-10-02 16:51:15.262258984,18.570096349731806,73.89316352635642,16.329323095939742,98.36270625837932,70.79549593967793,30.68982588311298,1783.191484714921,1243.51,4,0.2137127938935589,76.3720579979366,ON_TIME,15.280267192118611
SHP-10001718,ORD-501718,BlueDart Logistics,WH-06,Zone-Metro-A,SPRINTER_VAN,2026-10-01 18:13:07.597989039,2026-10-03 18:13:07.597989039,2026-10-02 23:37:50.320846993,18.62048594743503,73.85850285282766,58.10257026283057,106.0773296859429,49.7369533310345,27.33888212623329,29.14027998184907,71.97,2,0.14423893591971654,402.54259803569624,ON_TIME,29.411867460542776
SHP-10001719,ORD-501719,FedEx Freight,WH-04,Zone-Metro-A,HEAVY_FREIGHT_TRAILER,2026-10-03 09:43:44.878221364,2026-10-05 09:43:44.878221364,2026-10-04 06:09:57.828215732,18.47600763466444,73.99359519564776,2.8394106310248977,39.87067478848456,49.40936301734034,39.11164898371012,1773.0873551862178,1221.42,2,0.07704934791392007,36.8040781652878,ON_TIME,20.43693055399111
SHP-10001720,ORD-501720,FedEx Freight,WH-05,Zone-Metro-A,SPRINTER_VAN,2026-10-03 13:26:47.076901058,2026-10-04 13:26:47.076901058,2026-10-03 21:03:16.424205884,18.467536581120143,73.80720386899974,40.73144024741266,43.84046384386062,66.15659638571398,27.366516107814647,1372.4773423602373,962.19,1,0.07937208835589783,512.5251027128679,ON_TIME,7.608152029118333
SHP-10001721,ORD-501721,FedEx Freight,WH-11,Zone-Suburban-B,HEAVY_FREIGHT_TRAILER,2026-10-02 15:17:15.546541446,2026-10-06 15:17:15.546541446,2026-10-03 04:36:10.817908472,18.418103651620562,73.8156795044208,13.828520182760672,49.453620019229255,35.62515861778675,13.112187274762833,166.48432690086855,140.05,4,0.02310096050812113,596.03222797264,ON_TIME,13.315353157507221
SHP-10001722,ORD-501722,DHL Express,WH-12,Zone-Industrial-C,EV_CARGO_VAN,2026-10-03 09:24:51.356279956,2026-10-05 09:24:51.356279956,2026-10-04 10:41:15.318267740,18.428175957150422,73.77119241369965,51.86085017869977,62.73405714116947,67.1401956896464,10.85912889147557,775.2119816152992,561.7,2,0.0457383997503398,1131.3843952049247,ON_TIME,25.273322774384443
SHP-10001723,ORD-501723,FedEx Freight,WH-03,Zone-Metro-A,SPRINTER_VAN,2026-10-03 10:59:14.453590185,2026-10-05 10:59:14.453590185,2026-10-04 09:53:57.913724876,18.59702497325451,73.99382920428873,4.823197460811281,79.83379297126805,46.37562849949543,55.84597513840778,1298.6835822771377,903.88,2,0.20676091741020028,23.31613685753407,ON_TIME,22.91207225963639
SHP-10001724,ORD-501724,UPS Ground,WH-05,Zone-Metro-A,HEAVY_FREIGHT_TRAILER,2026-10-01 15:57:21.016774087,2026-10-03 15:57:21.016774087,2026-10-02 11:27:13.737956456,18.551563185709583,73.9265900522094,47.98996971127024,62.9171054091893,57.84380521835987,6.360639914583571,1770.3879355110087,1253.07,2,0.023148688948226324,2064.201117669109,ON_TIME,19.497978106213612
SHP-10001725,ORD-501725,FedEx Freight,WH-12,Zone-Suburban-B,EV_CARGO_VAN,2026-10-04 03:33:53.344037111,2026-10-06 03:33:53.344037111,2026-10-05 09:43:51.971164938,18.40902166824458,73.75302427187285,1.1154312701854003,,,,313.69188145773956,233.8,2,,,ON_TIME,30.16628531328528
SHP-10001726,ORD-501726,DHL Express,WH-01,Zone-Metro-A,EV_CARGO_VAN,2026-10-03 17:06:51.480687394,2026-10-04 17:06:51.480687394,2026-10-04 06:06:48.420088874,18.69089852762583,73.92607850689475,5.748445398065486,24.489878559542376,45.348666814019616,29.491768105507266,246.77377218174144,190.29,1,0.032753066416912564,174.97439432643705,ON_TIME,12.999149833744443
SHP-10001727,ORD-501727,Unknown Carrier,WH-02,Zone-Metro-A,SPRINTER_VAN,2026-10-01 20:43:22.113141957,2026-10-05 20:43:22.113141957,2026-10-02 15:11:33.285965427,18.59681376084664,73.85103402777843,12.517383490931879,90.86752366613099,41.38034948098376,19.46094467974089,880.1738838953328,621.77,4,0.0731756796957284,170.82589397886647,ON_TIME,18.469770228741666
SHP-10001728,ORD-501728,BlueDart Logistics,WH-03,Zone-Metro-A,HEAVY_FREIGHT_TRAILER,2026-10-01 19:24:13.977265381,2026-10-02 19:24:13.977265381,2026-10-01 21:14:12.246848938,18.5546405707048,73.99188742293383,19.849599990226235,46.77589362727975,77.93118804560189,27.321689522118028,1791.3657666913432,1253.99,1,0.09959578110578102,199.1017049073025,ON_TIME,1.8328526620991668
SHP-10001729,ORD-501729,UPS Ground,WH-08,Zone-Rural-D,SPRINTER_VAN,2026-10-01 15:02:51.368934227,2026-10-02 15:02:51.368934227,2026-10-02 03:19:28.559246355,18.481817270987925,73.8193468755406,0.7320228389287349,,,,1797.3949976442234,1244.65,1,,,ON_TIME,12.276997308924443
SHP-10001730,ORD-501730,DHL Express,WH-02,Zone-Industrial-C,SPRINTER_VAN,2026-10-01 15:57:47.723410865,2026-10-05 15:57:47.723410865,2026-10-02 18:58:55.789620283,18.59742966544225,73.92757158467847,2.0241797007903592,82.33879715247141,84.4314026412382,12.19988152660557,430.90729405524735,311.53,4,0.08481333402689706,23.838184237933493,ON_TIME,27.01890728039389
SHP-10001731,ORD-501731,UPS Ground,,Zone-Suburban-B,EV_CARGO_VAN,2026-10-03 11:52:03.538308238,2026-10-04 11:52:03.538308238,2026-10-04 00:37:36.245662900,18.50925035886481,73.90685853759359,2.458784528180288,103.290825438066,51.314724948123185,49.03618497988134,598.9600579715386,435.73,1,0.259908467260941,9.45655560406302,ON_TIME,12.759085376295001
SHP-10001732,ORD-501732,UPS Ground,WH-06,Zone-Industrial-C,EV_CARGO_VAN,2026-10-02 15:48:54.383401860,2026-10-04 15:48:54.383401860,2026-10-03 03:57:37.897649035,18.610748248798746,73.75301249372406,2.936467854361304,83.0390739625898,35.819615576995204,46.75098092551671,1680.962789614875,1165.21,2,0.1390574130040862,21.101770943924333,ON_TIME,12.145420624215278
SHP-10001733,ORD-501733,DHL Express,WH-07,Zone-Suburban-B,RIGID_TRUCK_24FT,2026-10-03 14:22:16.537574173,2026-10-05 14:22:16.537574173,2026-10-03 22:43:40.415970205,18.604771576092027,73.9713042323331,3.6671597603743438,88.70675466104268,28.029254738327772,10.733907614853788,1362.638660186094,946.06,2,0.026688618549056138,136.8924550423878,ON_TIME,8.356632887786667
SHP-10001734,ORD-501734,FedEx Freight,WH-04,Zone-Industrial-C,EV_CARGO_VAN,2026-10-03 11:43:49.268615573,2026-10-05 11:43:49.268615573,2026-10-04 19:17:59.055571739,18.42782313853724,73.78490316508824,10.997590811171685,86.32402800508589,12.557226771374635,41.728472819446104,1799.1175958727024,1237.58,2,0.04523326375425931,242.59428729391672,ON_TIME,31.569385265601667
SHP-10001735,ORD-501735,BlueDart Logistics,WH-06,Zone-Industrial-C,SPRINTER_VAN,2026-10-03 01:31:55.615340553,2026-10-07 01:31:55.615340553,2026-10-04 01:01:13.385666624,18.672778212493295,73.91589719474946,53.06418497987938,45.492967568453864,64.50464681581641,38.512122784551586,1653.6066912225888,1167.43,4,0.11301412492174283,469.12076645238994,ON_TIME,23.48826953501972
SHP-10001736,ORD-501736,DHL Express,WH-09,Zone-Suburban-B,HEAVY_FREIGHT_TRAILER,2026-10-03 07:25:06.224425193,2026-10-07 07:25:06.224425193,2026-10-04 11:32:22.113999632,18.546092275480504,73.94388711269858,5.752688597351024,86.90839115231354,27.510713030158502,44.234949747412635,407.34654047666027,297.15,4,0.1057618637173667,54.34146344437814,ON_TIME,28.12108043734417
SHP-10001737,ORD-501737,FedEx Freight,WH-10,Zone-Metro-A,EV_CARGO_VAN,2026-10-01 07:19:17.803759073,2026-10-05 07:19:17.803759073,2026-10-01 12:40:34.458603121,18.517883481689964,73.90773191162461,57.68340358397795,89.52947222088116,55.4980663919243,31.094689750936077,1408.377967600512,1000.35,4,0.15450057655173768,373.11247390254056,ON_TIME,5.354626345568889
SHP-10001738,ORD-501738,DHL Express,WH-10,Zone-Metro-A,SPRINTER_VAN,2026-10-02 04:26:52.766051861,2026-10-06 04:26:52.766051861,2026-10-02 19:15:50.355062903,18.68663864308863,73.77427846687841,9.992413011006887,65.67303046179872,78.74442740232966,19.849275514339247,101.26289560749433,91.2,4,0.10264824921846959,97.25141875420582,ON_TIME,14.815996947511668
SHP-10001739,ORD-501739,DHL Express,WH-08,Zone-Suburban-B,EV_CARGO_VAN,2026-10-03 03:55:23.508864039,2026-10-05 03:55:23.508864039,2026-10-03 17:37:49.754683140,18.531462784333364,73.99379478406367,6.979619587772102,65.99184267334755,81.2660205545895,41.502354314609036,1515.1766473268292,1044.1,2,0.22257274533052535,31.344741258800536,ON_TIME,13.707290505305833
SHP-10001740,ORD-501740,BlueDart Logistics,WH-12,Zone-Rural-D,SPRINTER_VAN,2026-10-01 06:40:22.211943634,2026-10-03 06:40:22.211943634,2026-10-01 20:22:33.683031915,18.61636627507092,73.8092044786303,31.634117699225243,87.17347629093597,10.330760048523274,25.42465845875521,1117.6613293731896,806.11,2,0.02289664058584251,1375.5973434963475,ON_TIME,13.70318641341139
SHP-10001741,ORD-501741,UPS Ground,WH-11,Zone-Suburban-B,EV_CARGO_VAN,2026-10-01 08:22:27.623802528,2026-10-03 08:22:27.623802528,2026-10-01 19:23:34.478394518,18.59654094317495,73.90696619248597,7.483140992762324,92.6179319113187,33.780627353226734,17.042409555668826,1769.3135693258166,1222.81,2,0.053320447781021255,140.08008737472372,ON_TIME,11.018570719997221
SHP-10001742,ORD-501742,BlueDart Logistics,WH-10,Zone-Industrial-C,SPRINTER_VAN,2026-10-03 19:20:09.365056323,2026-10-05 19:20:09.365056323,2026-10-04 08:28:03.630137202,18.449542029424915,73.94929451456532,3.5308905567341387,47.03356699291369,72.80335220989201,27.474595754560575,1776.5396531521662,1232.87,2,0.0940785476941342,37.491452599178864,ON_TIME,13.131740300244166
SHP-10001743,ORD-501743,FedEx Freight,WH-01,,EV_CARGO_VAN,2026-10-03 07:14:59.244150585,2026-10-10 07:14:59.244150585,2026-10-04 11:49:02.182518911,18.697342832122942,73.98480900247662,44.314326662108456,91.14841066965262,50.23339040136515,46.97984095805247,105.39817038676497,109.19,7,0.21510630171041753,205.91556246219034,ON_TIME,28.567482880090555
SHP-10001744,ORD-501744,DHL Express,WH-01,Zone-Metro-A,SPRINTER_VAN,2026-10-02 01:06:23.834824793,2026-10-06 01:06:23.834824793,2026-10-02 05:50:58.238240335,18.539081296687264,73.90100263231398,8.619634858939806,92.34985563416406,70.56315501116146,31.168625809491104,307.0384904515013,218.72,4,0.20311026214127836,42.41732070079786,ON_TIME,4.742889837650556
SHP-10001745,ORD-501745,DHL Express,WH-03,Zone-Industrial-C,SPRINTER_VAN,2026-10-03 07:31:59.968158769,2026-10-04 07:31:59.968158769,2026-10-05 11:44:29.869423335,18.518434771725193,73.81476353729077,77.42488143752705,37.241935887265036,73.99924621284535,21.492534488838217,901.9725529717551,665.12,1,0.05923074242110122,1304.9707163278404,LATE,45.79516401284843
SHP-10001746,ORD-501746,FedEx Freight,WH-09,Zone-Industrial-C,EV_CARGO_VAN,2026-10-03 15:03:24.768640897,2026-10-04 15:03:24.768640897,2026-10-04 13:34:44.302849429,18.675884047825967,73.95915975435175,5.895154345853049,83.11032080508802,43.196966495599206,50.752773815310555,1628.5090988510221,1130.46,1,0.18220823078270404,32.33619415066111,ON_TIME,22.522092835703333
SHP-10001747,ORD-501747,FedEx Freight,WH-06,,SPRINTER_VAN,2026-10-02 04:05:21.078182138,2026-10-03 04:05:21.078182138,2026-10-02 20:05:15.061921826,18.558771500973133,73.79080499148752,1.8263153772832472,32.720722574435044,36.92372035185892,53.49040653495141,1508.9501715401516,1044.13,1,0.06462554779319309,28.216298502695917,ON_TIME,15.99832881658
SHP-10001748,ORD-501748,BlueDart Logistics,WH-06,,EV_CARGO_VAN,2026-10-01 08:35:40.888247789,2026-10-02 08:35:40.888247789,2026-10-02 14:14:38.760908624,18.611523088578792,73.75557060701777,3.58468931069764,23.839665733872277,44.15749495378941,28.828773307497112,1784.5121084345692,1242.23,1,0.030348047335574002,117.73133663351427,LATE,29.649409072454166
SHP-10001749,ORD-501749,FedEx Freight,WH-12,Zone-Industrial-C,SPRINTER_VAN,2026-10-04 01:09:36.349119060,2026-10-05 01:09:36.349119060,2026-10-04 07:33:36.566278416,18.653873814178603,73.9770372146106,4.035595978755617,69.58158614477162,58.95964019681997,25.607841139979207,1148.0386072506444,811.32,1,0.10505630357373881,38.37711902763617,ON_TIME,6.400060322043334
SHP-10001750,ORD-501750,UPS Ground,WH-12,Zone-Metro-A,EV_CARGO_VAN,2026-10-02 06:51:10.614086227,2026-10-04 06:51:10.614086227,2026-10-02 17:31:42.145649747,18.470648318717355,73.89384723951365,8.046379307871462,101.3219588844229,37.53693646651138,38.69844208604307,483.56374895425864,353.64,2,0.14718240138000815,54.63232017184956,ON_TIME,10.675425434311112
SHP-10001751,ORD-501751,FedEx Freight,WH-12,Zone-Industrial-C,SPRINTER_VAN,2026-10-01 13:40:00.073043395,2026-10-05 13:40:00.073043395,2026-10-02 04:52:00.376252893,18.450839975558356,73.76741037270283,3.479475765309109,18.368607234947508,68.12412165233145,8.188594533185217,58.14600341051593,63.12,4,0.010246758741092571,336.28654657716436,ON_TIME,15.200084224860555
SHP-10001752,ORD-501752,FedEx Freight,WH-04,Zone-Metro-A,EV_CARGO_VAN,2026-10-02 17:24:49.301065103,2026-10-06 17:24:49.301065103,2026-10-04 09:21:47.225551619,18.4205520416773,73.89493234678075,2.0066652283229836,93.51765557151757,77.79945952637668,43.02277383121784,421.7388899443689,301.86,4,0.31301748537599516,6.408665507495873,ON_TIME,39.949423468476674
SHP-10001753,ORD-501753,FedEx Freight,WH-09,Zone-Industrial-C,SPRINTER_VAN,2026-10-03 13:19:46.852636143,2026-10-04 13:19:46.852636143,2026-10-04 05:17:05.137675080,18.669139989773818,73.78625354208062,6.125542602721251,63.11476501683313,31.173340161904488,48.02581829574858,1253.152137838762,868.93,1,0.09449070332346206,64.75840000654573,ON_TIME,15.9550791774825
SHP-10001754,ORD-501754,UPS Ground,WH-04,Zone-Rural-D,EV_CARGO_VAN,2026-10-01 21:57:30.983948871,2026-10-03 21:57:30.983948871,2026-10-02 19:59:29.324439601,18.460110128422944,73.75784650159922,10.072116409067243,96.78506762851684,82.37422331306796,26.85930599914444,1714.493125304458,1186.81,2,0.21413836264746683,47.013598706600916,ON_TIME,22.03287235853611
SHP-10001755,ORD-501755,BlueDart Logistics,WH-03,Zone-Suburban-B,SPRINTER_VAN,2026-10-02 01:24:11.820994567,2026-10-04 01:24:11.820994567,2026-10-02 12:36:46.506038227,18.492326213219318,73.77913101187269,8745.76243031186,95.13030884124944,56.7043935043983,14.603871750406803,601.8209405125907,4112.46,2,0.07877775982250255,110877.41905947022,ON_TIME,11.20963473435
SHP-10001756,ORD-501756,DHL Express,WH-03,Zone-Suburban-B,EV_CARGO_VAN,2026-10-01 23:28:31.724578192,2026-10-05 23:28:31.724578192,2026-10-02 22:02:29.567975554,18.485742077823684,73.9437768571265,8.84469719827526,98.15224645754742,75.86265784148057,6.585010632747492,1621.544559071725,1123.62,4,0.049032583727975636,180.01693636231815,ON_TIME,22.566067610378333
SHP-10001757,ORD-501757,DHL Express,WH-05,Zone-Suburban-B,RIGID_TRUCK_24FT,2026-10-04 05:24:01.655293970,2026-10-08 05:24:01.655293970,2026-10-06 06:19:17.076234890,18.49137639625672,73.9389152262034,46.4990220229623,88.04302570663397,17.79373264540791,40.04850797179049,737.8229804510456,547.83,4,0.06274055569932865,739.9524320797669,ON_TIME,45.79516401284843
SHP-10001758,ORD-501758,FedEx Freight,WH-06,Zone-Suburban-B,RIGID_TRUCK_24FT,2026-10-01 20:12:47.047782956,2026-10-08 20:12:47.047782956,2026-10-03 03:37:19.207339164,18.600418338048616,73.90107953372882,9.715299553563844,95.08427368196452,28.862435279217905,19.79463736492004,578.6025563393955,413.92,7,0.05432368414427529,178.5123463492277,ON_TIME,31.40893321005778
SHP-10001759,ORD-501759,UPS Ground,WH-11,Zone-Metro-A,EV_CARGO_VAN,2026-10-02 23:26:14.840237619,2026-10-04 23:26:14.840237619,2026-10-03 15:02:02.637641085,18.68623406762216,73.80233207247821,0.656813029867985,31.722394684114345,34.076430957444416,30.513927291670633,947.2557182770936,659.6,2,0.032985127971075785,19.8522136726264,ON_TIME,15.596610389851667
SHP-10001760,ORD-501760,DHL Express,WH-02,Zone-Industrial-C,SPRINTER_VAN,2026-10-04 00:37:08.595117485,2026-10-08 00:37:08.595117485,2026-10-05 02:07:44.459068873,18.49883603078726,73.93474176644882,12.19007893130915,43.866049143119454,32.7116613380885,26.249553691164195,824.8986790488727,583.55,4,0.037666307352466344,322.7765642412766,ON_TIME,25.50996220871889
SHP-10001761,ORD-501761,BlueDart Logistics,WH-10,Zone-Rural-D,EV_CARGO_VAN,2026-10-01 16:34:35.590653120,2026-10-02 16:34:35.590653120,2026-10-02 16:30:45.399072009,18.52229414639761,73.85201131680377,9.105534782751164,38.03618622669316,22.88958674488989,14.618663777110445,1691.5641583342792,1171.46,1,0.012727485020072288,709.8456765689407,ON_TIME,23.936057894135836
SHP-10001762,ORD-501762,FedEx Freight,WH-07,Zone-Rural-D,EV_CARGO_VAN,2026-10-04 03:54:05.408087307,2026-10-06 03:54:05.408087307,2026-10-05 02:45:32.629896064,18.63134409523258,73.87768840428159,21.808204654718764,85.53068885416575,75.11507106436243,32.96027676533872,872.6562693361366,618.94,2,0.2117580368261805,102.93782091736915,ON_TIME,22.857561613543613
SHP-10001763,ORD-501763,DHL Express,WH-04,Zone-Metro-A,SPRINTER_VAN,2026-10-04 02:13:06.099155345,2026-10-05 02:13:06.099155345,2026-10-05 12:05:47.368509590,18.529701383256306,73.97441017333158,2.35547750618856,29.596096339877914,41.39591059671625,30.277643750740587,521.7424417160128,383.58,1,0.037094878027071204,63.328007272243084,LATE,33.878130376179165
SHP-10001764,ORD-501764,FedEx Freight,WH-07,Zone-Rural-D,SPRINTER_VAN,2026-10-03 21:41:21.059045501,2026-10-05 21:41:21.059045501,2026-10-05 07:24:11.134518020,18.677812830377814,73.86446438093454,32.25710728871301,32.31164008588992,82.23476593500911,39.328119257840775,1560.6355314484988,1094.51,2,0.10450032507523138,308.38438853333224,ON_TIME,33.7139098534775
SHP-10001765,ORD-501765,DHL Express,WH-04,Zone-Industrial-C,SPRINTER_VAN,2026-10-01 21:26:53.050328736,2026-10-05 21:26:53.050328736,2026-10-02 12:35:17.413545802,18.550965415223565,73.90659153846288,12.432443715122277,98.50164846858453,53.760427509261035,18.85367469913827,1847.7016024302836,1280.66,4,0.09983945963414702,124.39974921451743,ON_TIME,15.140100893629445
SHP-10001766,ORD-501766,UPS Ground,WH-08,Zone-Metro-A,EV_CARGO_VAN,2026-10-03 03:39:07.070518046,2026-10-05 03:39:07.070518046,,18.504320456729083,73.99043787295948,10.619839195858093,82.05880832671963,20.37959767336473,16.80514939193732,1203.3390684552733,,2,0.02810367984691464,376.54090719725207,EXCEPTION_OR_IN_TRANSIT,
SHP-10001767,ORD-501767,DHL Express,WH-06,Zone-Metro-A,EV_CARGO_VAN,2026-10-03 12:47:03.069791553,2026-10-04 12:47:03.069791553,2026-10-04 01:36:14.232128983,18.691471745120282,73.8628474747085,27.831428261519854,98.16109790231324,50.942853237546785,49.78897828660597,472.34799610502716,357.46,1,0.24897508367230337,111.7391103565236,ON_TIME,12.81976731595278
SHP-10001768,ORD-501768,DHL Express,WH-03,Zone-Metro-A,EV_CARGO_VAN,2026-10-04 04:59:38.438988514,2026-10-05 04:59:38.438988514,2026-10-04 14:01:08.583185169,18.52773456281925,73.89018197454817,36.28783830866552,28.238749534765596,84.51588607931818,43.62057347302228,450.9421115502235,342.01,1,0.10410586125007923,348.2322191222994,ON_TIME,9.02504005462639
SHP-10001769,ORD-501769,DHL Express,WH-02,Zone-Rural-D,SPRINTER_VAN,2026-10-01 18:59:25.854683491,2026-10-02 18:59:25.854683491,2026-10-02 08:47:33.827305284,18.46935246135641,73.89610365622086,32.2801412246917,52.903138433323726,52.38787653244561,47.47135484303598,118.06490764364753,115.37,1,0.13156605694215603,245.16676487755015,ON_TIME,13.802214617164722
SHP-10001770,ORD-501770,DHL Express,WH-07,Zone-Suburban-B,SPRINTER_VAN,2026-10-03 13:09:13.913155401,2026-10-04 13:09:13.913155401,2026-10-04 04:48:10.999572884,18.45331024443686,73.81017788971819,0.5408925060530555,,,,154.06460478888798,130.08,1,,,ON_TIME,15.649190671523055
SHP-10001771,ORD-501771,BlueDart Logistics,WH-12,Zone-Industrial-C,SPRINTER_VAN,2026-10-02 06:23:37.263245107,2026-10-03 06:23:37.263245107,2026-10-02 11:58:41.009981638,18.6985543977485,73.93423051557073,1.6372963448146873,15.919703101566704,79.98099276928144,17.32218038298597,1693.7389289459175,1167.08,1,0.022055875992135317,73.89896682017354,ON_TIME,5.584374093480833
SHP-10001772,ORD-501772,BlueDart Logistics,WH-05,Zone-Metro-A,EV_CARGO_VAN,2026-10-01 18:38:42.379875226,2026-10-02 18:38:42.379875226,2026-10-02 23:24:42.261216204,18.625896307938653,73.93165925706846,5.324224305987973,42.02968124167715,27.6170804596142,36.654233391200194,,,1,0.042545928149289626,124.8471902721775,LATE,28.76663370582722
SHP-10001773,ORD-501773,DHL Express,WH-10,Zone-Industrial-C,EV_CARGO_VAN,2026-10-02 12:20:20.903162631,2026-10-03 12:20:20.903162631,2026-10-02 15:03:38.844742760,18.522597939236555,73.80338918537392,2.1670970346447893,51.06040893789855,61.639678980171745,52.146074078009946,902.2239931327194,634.96,1,0.16412180105016014,13.196159223603134,ON_TIME,2.7216504389247222
SHP-10001774,ORD-501774,BlueDart Logistics,WH-09,Zone-Metro-A,EV_CARGO_VAN,2026-10-03 15:09:22.268428921,2026-10-10 15:09:22.268428921,2026-10-07 15:11:00.024566848,18.647909002855656,73.75333451120864,3.918176994944416,23.76086553805763,48.6310116216582,54.06630537426586,1295.1478310760615,898.81,7,0.06247442296836359,62.61627049961564,ON_TIME,45.79516401284843
SHP-10001775,ORD-501775,DHL Express,WH-12,Zone-Suburban-B,EV_CARGO_VAN,2026-10-02 15:28:09.069120090,2026-10-04 15:28:09.069120090,2026-10-04 11:07:11.921972715,18.564041838854344,73.99973539264211,8.486978687867328,68.81631799354788,34.40753176306646,50.755047924021,1574.9520907378826,1093.37,2,0.12017778456711516,70.56148164361626,ON_TIME,43.650792459062494
SHP-10001776,ORD-501776,UPS Ground,WH-11,Zone-Suburban-B,EV_CARGO_VAN,2026-10-02 20:42:05.987572630,2026-10-03 20:42:05.987572630,2026-10-03 10:34:48.759904601,18.49521687208998,73.89539693324018,5.134555486123511,51.40140293490015,31.19796427572915,7.386887034643506,326.79600656635074,238.86,1,0.011845753378262476,429.8226594453885,ON_TIME,13.878547869991944
SHP-10001777,ORD-501777,DHL Express,WH-08,Zone-Metro-A,RIGID_TRUCK_24FT,2026-10-04 05:39:05.319123871,2026-10-06 05:39:05.319123871,2026-10-04 22:11:49.891840473,18.623015742620787,73.795258010594,8.768011306313726,19.413857916366815,79.65698968803285,50.148355156064945,,,2,0.07755189774637786,112.9143209732143,ON_TIME,16.545714643500556
SHP-10001778,ORD-501778,FedEx Freight,WH-09,Zone-Industrial-C,RIGID_TRUCK_24FT,2026-10-02 10:44:09.130445284,2026-10-06 10:44:09.130445284,2026-10-03 06:45:35.542245991,18.623768421664945,73.82089137062867,11041.719372072068,81.8779921624578,78.39444219398779,54.450014763659496,474.22059843532304,4985.54,4,0.34950263982140556,31583.626993528218,ON_TIME,20.024003277974167
SHP-10001779,ORD-501779,BlueDart Logistics,WH-12,Zone-Metro-A,SPRINTER_VAN,2026-10-03 02:18:31.875620634,2026-10-07 02:18:31.875620634,2026-10-03 13:31:17.542472987,18.550050768755238,73.90444801055227,76.46689035646558,84.28158421490484,48.48511300403344,8.121199958395863,482.2028393586138,378.18,4,0.03318648884727776,2297.2350946146485,ON_TIME,11.212685236764722
SHP-10001780,ORD-501780,FedEx Freight,WH-05,Zone-Industrial-C,SPRINTER_VAN,2026-10-02 08:17:51.297058704,2026-10-04 08:17:51.297058704,2026-10-03 02:56:08.092936816,18.41354750210665,73.78440389526202,14.125329300148737,94.27478708209632,29.387139665135443,27.895449157734344,570.4566471605102,411.55,2,0.0772834027879286,182.53693674933888,ON_TIME,18.63799885503111
SHP-10001782,ORD-501782,DHL Express,WH-01,Zone-Suburban-B,RIGID_TRUCK_24FT,2026-10-03 08:05:10.083293049,2026-10-07 08:05:10.083293049,2026-10-03 23:33:12.063489227,18.636624843700382,73.94961995861368,5.591999240932456,107.02258574677843,21.743228714431417,17.80127050859248,42.46939295811113,46.8,4,0.0414238512536702,134.6695711525118,ON_TIME,15.467216721160556
SHP-10001783,ORD-501783,UPS Ground,WH-11,Zone-Metro-A,EV_CARGO_VAN,2026-10-04 01:31:40.304203793,2026-10-08 01:31:40.304203793,2026-10-04 20:01:52.223951599,18.64704291279646,73.92896156108797,4.264229464368452,101.83609373058336,49.16887943054534,33.41771108204108,763.3124342479404,535.66,4,0.16732804725687953,25.469027049129835,ON_TIME,18.50331104105722
SHP-10001784,ORD-501784,UPS Ground,WH-11,Zone-Metro-A,HEAVY_FREIGHT_TRAILER,2026-10-02 21:02:59.439967609,2026-10-06 21:02:59.439967609,2026-10-03 04:03:06.919984288,18.603486924573154,73.82740041203324,8.247408835472237,67.37840438451249,33.087247043425684,53.72756833785855,355.39378855787277,258.68,4,0.11977840934743221,68.79811702847637,ON_TIME,7.002077782410834
SHP-10001785,ORD-501785,BlueDart Logistics,WH-02,Zone-Rural-D,SPRINTER_VAN,2026-10-03 13:19:29.261583523,2026-10-07 13:19:29.261583523,2026-10-04 06:11:52.402319433,18.651720572625305,73.76462284444364,6.203486114951641,57.270433451594634,13.155110669496752,52.68183784901705,1789.5638186462227,1235.99,4,0.0396904381662892,155.90394076653538,ON_TIME,16.873094648863887
SHP-10001786,ORD-501786,UPS Ground,WH-08,Zone-Metro-A,EV_CARGO_VAN,2026-10-01 12:25:22.340045357,2026-10-05 12:25:22.340045357,2026-10-02 06:42:38.871974840,18.61584624110728,73.87156772771202,20.30345812974888,15.28827065077767,44.13755389833251,56.691050469161446,1083.0561947020703,764.43,4,0.03825437649521712,529.3648335615824,ON_TIME,18.2879255359675
SHP-10001787,ORD-501787,UPS Ground,WH-06,Zone-Industrial-C,HEAVY_FREIGHT_TRAILER,2026-10-01 21:12:12.163302355,2026-10-03 21:12:12.163302355,2026-10-02 15:05:04.636012608,18.669080386152675,73.81904657248138,9.182855496845992,82.5444805152272,65.96419693482352,31.626038911699812,1607.559471710133,1120.2,2,0.17220316101044203,53.294759324174485,ON_TIME,17.881242419514724
SHP-10001788,ORD-501788,FedEx Freight,WH-02,,EV_CARGO_VAN,2026-10-02 18:09:12.521326342,2026-10-04 18:09:12.521326342,2026-10-03 08:26:44.239381067,18.445119481783983,73.84944480432841,55.206710208411074,68.67067788472065,76.87713369699907,27.581181991165607,371.6781956825469,295.51,2,0.14560671069651857,378.8892765783241,ON_TIME,14.29214390409028
SHP-10001789,ORD-501789,DHL Express,,Zone-Metro-A,SPRINTER_VAN,2026-10-01 07:26:27.038764578,2026-10-05 07:26:27.038764578,2026-10-02 17:53:39.262396200,18.51632245849806,73.8184923365939,10.417659668939878,104.06669382117767,53.896303426231704,41.618330046779434,1500.808855357122,1039.89,4,0.23342931019247296,44.60964518909309,ON_TIME,34.45339545322833
SHP-10001790,ORD-501790,FedEx Freight,WH-03,Zone-Metro-A,SPRINTER_VAN,2026-10-02 00:12:20.010495255,2026-10-06 00:12:20.010495255,2026-10-02 13:16:22.897955458,18.539233238167245,73.79381690498148,3.863419215511341,71.4520518979182,64.24690928818345,27.921831768056876,774.3701638790188,545.49,4,0.12817722089487837,30.11773398706047,ON_TIME,13.067468738945276
SHP-10001791,ORD-501791,UPS Ground,WH-01,Zone-Industrial-C,EV_CARGO_VAN,2026-10-02 19:15:10.414322631,2026-10-03 19:15:10.414322631,,18.489299138427462,73.8467474467091,5.116844556099674,109.32132891980933,37.30528531486993,7.306952780047177,338.60283810520167,249.39,1,0.029799677842546585,171.13376883340587,EXCEPTION_OR_IN_TRANSIT,
SHP-10001792,ORD-501792,DHL Express,WH-08,Zone-Rural-D,SPRINTER_VAN,2026-10-01 07:04:37.942588033,2026-10-08 07:04:37.942588033,2026-10-02 21:17:34.045884503,18.617609934444832,73.99122353086945,4.4243472649449505,96.11283082701259,47.21786344127046,44.595679869375026,1411.168681989572,978.15,7,0.20238601063359563,21.850137948299732,ON_TIME,38.21558424901945
SHP-10001793,ORD-501793,UPS Ground,WH-10,Zone-Rural-D,SPRINTER_VAN,2026-10-02 01:02:50.397389790,2026-10-03 01:02:50.397389790,2026-10-02 16:39:54.152391105,18.67373164380674,73.81655696675249,21.700092362019127,105.59180390242055,64.7220142382522,20.45411677055531,1412.5763974168865,987.77,1,0.13978577059858757,155.12723180607932,ON_TIME,15.6177097225875
SHP-10001794,ORD-501794,FedEx Freight,WH-01,Zone-Suburban-B,SPRINTER_VAN,2026-10-02 19:00:36.788408145,2026-10-04 19:00:36.788408145,2026-10-03 13:54:53.065644516,18.52374465978078,73.83399166101175,7.955122837729689,46.1279632720787,64.57436705292209,7.6996921746954765,1842.4419728161442,1280.65,2,0.022934950130039728,345.3501220024551,ON_TIME,18.9045214545475
SHP-10001795,ORD-501795,FedEx Freight,WH-09,Zone-Industrial-C,EV_CARGO_VAN,2026-10-02 23:16:00.285076738,2026-10-06 23:16:00.285076738,2026-10-03 14:42:45.880419671,18.68246258937939,73.83231050838116,10.401238296093556,29.186919502890312,41.839469842712816,6.134159208979728,1447.3626871850254,1011.94,4,0.0074908219924668135,1370.238731248845,ON_TIME,15.445998706370277
SHP-10001796,ORD-501796,UPS Ground,WH-07,Zone-Metro-A,HEAVY_FREIGHT_TRAILER,2026-10-04 00:39:14.838839935,2026-10-05 00:39:14.838839935,2026-10-05 13:24:34.968513998,18.555030672143214,73.87007220494763,14.91119129983055,90.7028508105369,50.7750506168742,56.2248697717525,279.001201690061,223.97,1,0.2589403677515939,57.56319537860446,LATE,36.755591576128616
SHP-10001797,ORD-501797,FedEx Freight,WH-02,,EV_CARGO_VAN,2026-10-03 04:27:53.585546557,2026-10-05 04:27:53.585546557,2026-10-03 18:22:23.127612893,18.556754688044816,73.9608763846982,17.23621388463394,89.68872478206758,79.28915046632271,18.86418047542929,604.8372354021685,434.06,2,0.13414965389578953,128.3892612342483,ON_TIME,13.908206129537778
SHP-10001798,ORD-501798,FedEx Freight,WH-03,Zone-Rural-D,EV_CARGO_VAN,2026-10-02 11:51:39.520015774,2026-10-03 11:51:39.520015774,2026-10-04 01:43:54.414827984,18.580065862203327,73.85053064788741,32.119812345761375,35.0876492435285,57.399820370742525,29.634455588768496,842.2740739811263,600.65,1,0.05968452741781202,537.2596177149289,LATE,37.870804114502775
SHP-10001799,ORD-501799,FedEx Freight,WH-08,Zone-Metro-A,EV_CARGO_VAN,2026-10-04 00:59:07.025112891,2026-10-06 00:59:07.025112891,2026-10-04 16:21:32.877050782,18.480499319535795,73.95153699100825,13.506222639169403,87.65074214281671,58.19309692649422,57.281704909437046,244.78785689460338,190.28,2,0.29217496684670724,46.210672042444074,ON_TIME,15.373847760525278
SHP-10001800,ORD-501800,DHL Express,WH-04,Zone-Metro-A,EV_CARGO_VAN,2026-10-03 14:30:41.669294116,2026-10-04 14:30:41.669294116,2026-10-03 23:55:03.384296293,18.51500815574051,73.77875302735814,2.8540954150712547,70.28746901393359,68.846521928902,30.713433832939884,1460.4156350350822,1020.11,1,0.1486237737070219,19.190579582075927,ON_TIME,9.406031945049167
SHP-10001801,ORD-501801,UPS Ground,WH-12,Zone-Metro-A,EV_CARGO_VAN,2026-10-01 20:24:02.312352424,2026-10-03 20:24:02.312352424,2026-10-02 21:58:30.217694949,18.565971235865646,73.97372680117053,5.035057540886724,25.40488876565893,18.64171722369796,9.323512793947124,980.071912683334,678.04,2,0.004415529439738973,1115.0536405710561,ON_TIME,25.57441815070139
SHP-10001802,ORD-501802,DHL Express,WH-11,Zone-Metro-A,HEAVY_FREIGHT_TRAILER,2026-10-01 15:25:14.340061614,2026-10-03 15:25:14.340061614,2026-10-02 04:54:39.177207250,18.682594865671977,73.79632602088098,5.029016841391569,62.66944176916983,49.216321873654564,35.35648259856626,1747.8983079979948,1211.25,2,0.10905210008153315,46.0734776301606,ON_TIME,13.490232540454443
SHP-10001803,ORD-501803,DHL Express,,Zone-Industrial-C,EV_CARGO_VAN,2026-10-03 06:39:30.375984516,2026-10-10 06:39:30.375984516,,18.592807773536563,73.75980037477063,3.768444590920026,103.45811007967446,81.95738022032364,9.850925939973585,1095.1483696384576,764.59,7,0.08352753448623056,45.06224671182322,EXCEPTION_OR_IN_TRANSIT,
SHP-10001804,ORD-501804,DHL Express,WH-04,Zone-Suburban-B,EV_CARGO_VAN,2026-10-02 22:18:41.716517554,2026-10-09 22:18:41.716517554,2026-10-03 01:06:04.165381378,18.499934967366613,73.78958862009426,31.359728494840944,63.11346681729674,37.12452941320742,10.229833310544501,973.0885159109107,697.99,7,0.023969090272963307,1302.9046025086864,ON_TIME,2.78956912884
SHP-10001805,ORD-501805,BlueDart Logistics,,Zone-Metro-A,EV_CARGO_VAN,2026-10-03 14:51:23.400695082,2026-10-04 14:51:23.400695082,2026-10-04 07:21:24.769246762,18.40314057199495,73.79768744782267,7.552545793133453,89.92640400757985,32.11946098165683,51.831239059135285,143.27943109060465,,1,0.14970870947345932,50.414597520256265,ON_TIME,16.500380153244446
SHP-10001806,ORD-501806,UPS Ground,WH-06,Zone-Metro-A,SPRINTER_VAN,2026-10-03 11:11:38.268980395,2026-10-07 11:11:38.268980395,2026-10-03 23:23:30.390617774,18.694499694978973,73.87712603190334,11.180811398883096,17.746448730985872,55.09059742035682,20.91818488505242,286.49777328813394,222.61,4,0.020450924149510562,544.0539470410812,ON_TIME,12.197811565938611
SHP-10001807,ORD-501807,FedEx Freight,WH-05,,RIGID_TRUCK_24FT,2026-10-03 03:00:54.829575867,2026-10-04 03:00:54.829575867,2026-10-03 11:15:15.314891793,18.547895367345518,73.86248457318827,13.478321564765478,84.16773422194639,26.583956842397757,42.326861006184,1573.4289290925099,1098.04,1,0.09470683462345628,142.16613832006146,ON_TIME,8.239023698868333
SHP-10001808,ORD-501808,FedEx Freight,WH-01,Zone-Suburban-B,EV_CARGO_VAN,2026-10-04 05:01:10.258886208,2026-10-05 05:01:10.258886208,2026-10-04 16:29:49.455220633,18.68154854749923,73.92896860423292,11.598872941705162,104.94955168306033,51.695886739273675,32.9908384430764,1832.8624472438357,1285.23,1,0.178990478863903,64.76543597004698,ON_TIME,11.477554537340279
SHP-10001809,ORD-501809,FedEx Freight,WH-01,Zone-Suburban-B,EV_CARGO_VAN,2026-10-02 20:25:06.458044617,2026-10-03 20:25:06.458044617,2026-10-03 07:44:39.731388969,18.564803570150517,73.76273777144841,13.091948671380921,62.455139564828904,21.67390081432304,17.22796801624278,775.0992517810193,561.49,1,0.02332057861199885,558.9933915925392,ON_TIME,11.32590926232
SHP-10001810,ORD-501810,UPS Ground,WH-09,Zone-Metro-A,EV_CARGO_VAN,2026-10-01 14:08:37.012085245,2026-10-08 14:08:37.012085245,2026-10-02 06:04:59.724401875,18.581639458066686,73.87442656284402,162.3234688830177,47.082441737430706,53.48450955234292,33.480116425926425,1500.9382218864196,1112.94,7,0.08430900326807786,1923.0587093593351,ON_TIME,15.939642310175
SHP-10001811,ORD-501811,BlueDart Logistics,WH-06,,EV_CARGO_VAN,2026-10-03 17:38:08.508000304,2026-10-10 17:38:08.508000304,2026-10-04 00:23:49.738614774,18.61357367677119,73.83311780673084,20.321768059584247,76.43179796425524,55.178438773388315,8.794644474486402,1165.502638515738,818.65,7,0.037090421776731816,546.4247805949476,ON_TIME,6.761452948463889
SHP-10001812,ORD-501812,FedEx Freight,WH-03,Zone-Industrial-C,EV_CARGO_VAN,2026-10-02 00:08:00.391520007,2026-10-03 00:08:00.391520007,2026-10-02 20:19:52.781971000,18.49629272009932,73.90767658302275,2.989846079632779,102.04481543385583,41.380035925919714,24.096679227434016,1774.7509450086097,1226.21,1,0.10175107454739547,29.35507644783346,ON_TIME,20.197886236386946
SHP-10001813,ORD-501813,FedEx Freight,WH-08,Zone-Metro-A,SPRINTER_VAN,2026-10-03 13:57:56.716798903,2026-10-04 13:57:56.716798903,2026-10-05 05:55:55.830071843,18.609695188202508,73.76092493103125,13.192860357973167,31.793116800667576,38.705981907901645,33.75599237612704,449.6962387462434,337.08,1,0.041539577495289956,316.8346354970934,LATE,39.96642035359445
SHP-10001814,ORD-501814,FedEx Freight,WH-04,Zone-Metro-A,EV_CARGO_VAN,2026-10-04 02:54:42.159283213,2026-10-05 02:54:42.159283213,2026-10-04 22:39:03.067285541,18.558037572955413,73.75873370222953,10.246008663028475,53.35094995215743,28.4093708800337,17.56168859471086,1013.4080956485992,719.36,1,0.026617670532467594,383.4918411235522,ON_TIME,19.739141111757778
SHP-10001815,ORD-501815,UPS Ground,WH-08,Zone-Metro-A,SPRINTER_VAN,2026-10-03 08:10:09.397219557,2026-10-05 08:10:09.397219557,2026-10-04 11:59:30.151838770,18.60174398487475,73.85681290034907,1.7046089215595688,29.84757669327491,34.81917308751957,41.310347159974825,763.3667141136907,535.55,2,0.04293251935753301,39.61211072484349,ON_TIME,27.822431838670276
SHP-10001816,ORD-501816,DHL Express,WH-05,Zone-Metro-A,EV_CARGO_VAN,2026-10-03 00:54:51.017718188,2026-10-05 00:54:51.017718188,2026-10-04 10:24:41.388996742,18.650749978272952,73.95283486980038,0.5163407718220318,,,,1007.673963783262,695.44,2,,,ON_TIME,33.49732535515389
SHP-10001817,ORD-501817,BlueDart Logistics,WH-11,Zone-Suburban-B,HEAVY_FREIGHT_TRAILER,2026-10-02 15:08:52.096734970,2026-10-03 15:08:52.096734970,2026-10-04 03:52:56.536750183,18.455268739081593,73.91777351603382,10.697901252008494,66.34009123790311,28.57441757718258,31.66454438288448,506.16115732385583,359.52,1,0.06002424345909471,177.9299104077171,LATE,36.734566670892505
SHP-10001818,ORD-501818,UPS Ground,WH-11,Zone-Rural-D,HEAVY_FREIGHT_TRAILER,2026-10-02 08:14:15.037266008,2026-10-06 08:14:15.037266008,2026-10-04 15:41:36.684541274,18.584065273100727,73.75417652297789,6.449342014880356,104.69934339855772,68.71258475288968,44.324767970916085,926.8574470715375,658.84,4,0.3188795838609818,20.218667090904223,ON_TIME,45.79516401284843
SHP-10001819,ORD-501819,DHL Express,WH-06,Zone-Suburban-B,SPRINTER_VAN,2026-10-02 07:24:58.831451899,2026-10-04 07:24:58.831451899,2026-10-02 19:18:15.169811523,18.41563339858295,73.79461802355353,2.273471725949944,54.1889396079246,63.17764309943288,28.647033242622506,1160.3900216801183,816.82,2,0.09807396300646802,23.15758329731642,ON_TIME,11.887871766562222
SHP-10001820,ORD-501820,FedEx Freight,WH-05,Zone-Industrial-C,EV_CARGO_VAN,2026-10-03 03:49:07.805319925,2026-10-10 03:49:07.805319925,2026-10-03 14:07:39.021806955,18.43063452668471,73.80668286612936,4.715978734862646,68.86087828627134,30.19794003594966,53.10225284254159,161.27479479106645,131.73,7,0.11042383404130562,42.66933712325038,ON_TIME,10.308671246397221
SHP-10001821,ORD-501821,FedEx Freight,WH-05,Zone-Suburban-B,EV_CARGO_VAN,2026-10-03 12:05:29.991910263,2026-10-07 12:05:29.991910263,2026-10-04 15:27:22.794658690,18.602378270720674,73.8557647318863,6.611479298273309,99.09994453514447,17.3076372326161,39.77060296823661,1377.6105743364114,961.17,4,0.06821397703942676,96.78076998002263,ON_TIME,27.36466743011861
SHP-10001822,ORD-501822,UPS Ground,WH-11,Zone-Industrial-C,SPRINTER_VAN,2026-10-03 06:51:11.624410360,2026-10-05 06:51:11.624410360,2026-10-04 08:54:44.947979436,18.421281295542496,73.89667892098045,4.483955356844975,45.533475016735075,10.01350292379721,57.717110383230576,1310.589206288847,922.0,2,0.026316092538795546,169.7433240839723,ON_TIME,26.059256546965557
SHP-10001823,ORD-501823,BlueDart Logistics,WH-05,Zone-Industrial-C,SPRINTER_VAN,2026-10-01 20:17:07.898229371,2026-10-05 20:17:07.898229371,2026-10-02 23:30:43.119942479,18.57860733394419,73.80411504347433,12.503515184892812,79.04556755192104,54.75391392861167,20.62669970262383,1630.2810714678299,1143.91,4,0.08927347432496649,139.90185879346478,ON_TIME,27.22645047586333
SHP-10001824,ORD-501824,UPS Ground,WH-03,Zone-Metro-A,SPRINTER_VAN,2026-10-02 17:34:01.477093192,2026-10-06 17:34:01.477093192,2026-10-05 01:43:02.874709793,18.466003779595415,73.84562855611807,11.139865881139254,86.93037563809916,25.852280984023665,56.633413197011095,794.7243422266431,568.49,4,0.12727501603071043,87.4572284917586,ON_TIME,45.79516401284843
SHP-10001825,ORD-501825,UPS Ground,WH-02,Zone-Suburban-B,RIGID_TRUCK_24FT,2026-10-03 14:59:53.106709849,2026-10-05 14:59:53.106709849,2026-10-04 07:33:52.975280404,18.49122544855352,73.89598584849844,23.535081319019223,46.40018229526589,10.943685257615435,38.37524244371332,125.3478657458512,115.01,2,0.01948652563739337,1201.595512891144,ON_TIME,16.5666301584875
SHP-10001826,ORD-501826,FedEx Freight,WH-06,Zone-Suburban-B,HEAVY_FREIGHT_TRAILER,2026-10-02 16:15:02.497066603,2026-10-04 16:15:02.497066603,2026-10-03 13:56:38.244823747,18.438890950644225,73.84585882597541,36.181782563939755,30.612412625411224,36.931395294401696,45.98483945673693,860.1655551418605,617.95,2,0.05198857924255954,694.6202620626871,ON_TIME,21.69326326587333
SHP-10001827,ORD-501827,UPS Ground,WH-07,Zone-Metro-A,EV_CARGO_VAN,2026-10-02 20:38:12.754107440,2026-10-09 20:38:12.754107440,2026-10-03 05:19:54.738103654,18.47460024585185,73.78579235534616,19.550913811498113,62.77640648071596,82.1498846738075,54.61886143738958,264.92565824988515,206.95,7,0.2816735404122153,69.38520126090076,ON_TIME,8.694995554503889
SHP-10001828,ORD-501828,BlueDart Logistics,WH-11,Zone-Suburban-B,SPRINTER_VAN,2026-10-03 13:31:18.463685877,2026-10-04 13:31:18.463685877,2026-10-06 07:24:35.832896970,18.646387535445797,73.87291528138455,3.981295332462616,48.896164362663654,61.7457105722363,35.31584533955015,1202.007243253101,835.16,1,0.10662307208772903,37.30491687111379,LATE,45.79516401284843
SHP-10001829,ORD-501829,DHL Express,WH-03,Zone-Suburban-B,EV_CARGO_VAN,2026-10-03 05:36:39.967383911,2026-10-04 05:36:39.967383911,2026-10-03 18:49:28.889280681,18.59166352168196,73.83099854898845,11.04533865028499,40.31393102026033,74.33227771918436,52.41994355723159,98.62774135334013,94.96,1,0.15708298237566745,70.27057562686157,ON_TIME,13.213589415769444
SHP-10001830,ORD-501830,UPS Ground,WH-05,,EV_CARGO_VAN,2026-10-02 11:28:22.203492716,2026-10-04 11:28:22.203492716,2026-10-03 00:55:55.166485929,18.684927938413857,73.96604709063871,1.3150387418294536,,,,699.4053946465036,495.49,2,,,ON_TIME,13.45915638700361
SHP-10001831,ORD-501831,UPS Ground,WH-11,Zone-Suburban-B,SPRINTER_VAN,2026-10-03 22:28:10.974741541,2026-10-07 22:28:10.974741541,2026-10-04 11:35:45.405221082,18.414623456606126,73.94390622702346,5.104071346742541,62.704536776645654,15.49661159645773,37.955941018948074,164.2652474200165,129.75,4,0.03688208590918327,138.01469606870157,ON_TIME,13.126230688761389
SHP-10001832,ORD-501832,UPS Ground,WH-11,Zone-Industrial-C,EV_CARGO_VAN,2026-10-01 17:42:17.384197573,2026-10-05 17:42:17.384197573,2026-10-02 04:31:06.853807999,18.63772359915522,73.79756877305842,0.42822369027572754,,,,18.18750582360688,38.19,4,,,ON_TIME,10.813741558451667
SHP-10001833,ORD-501833,BlueDart Logistics,WH-05,Zone-Suburban-B,RIGID_TRUCK_24FT,2026-10-04 05:40:37.863474612,2026-10-11 05:40:37.863474612,2026-10-04 15:54:45.805278134,18.609723154983826,73.78815894783271,5.911010988793267,33.555154001619115,81.67467175146153,13.010120351205659,1777.5041775311258,1233.95,7,0.035655616349621326,165.31699330798608,ON_TIME,10.235539389867222
SHP-10001834,ORD-501834,BlueDart Logistics,WH-06,Zone-Industrial-C,EV_CARGO_VAN,2026-10-01 14:33:26.588341040,2026-10-03 14:33:26.588341040,,18.47826769155926,73.83691916832862,4.747341209917794,104.2470626654174,32.515205151516135,35.44267783418766,1842.882065672303,1276.44,2,0.12013701927801569,39.48319110390492,EXCEPTION_OR_IN_TRANSIT,
SHP-10001835,ORD-501835,UPS Ground,WH-04,Zone-Suburban-B,SPRINTER_VAN,2026-10-01 07:04:35.032510218,2026-10-02 07:04:35.032510218,2026-10-01 13:50:40.490964750,18.618750010843176,73.8530436251109,20.68245526883781,90.47098628405706,44.46287067556435,58.75965266463996,1033.0144249154723,730.33,1,0.23636656488502203,87.46460743358924,ON_TIME,6.768182904036666
SHP-10001836,ORD-501836,FedEx Freight,WH-12,Zone-Rural-D,SPRINTER_VAN,2026-10-03 22:04:52.899177759,2026-10-05 22:04:52.899177759,2026-10-04 07:57:06.444795937,18.614964564974386,73.98300453783118,2.827430194036855,91.82575483796852,39.58927177013309,48.295229765275636,451.20085219979944,330.29,2,0.17556836178575477,16.095272736050163,ON_TIME,9.87042933838278
SHP-10001837,ORD-501837,DHL Express,WH-02,Zone-Suburban-B,SPRINTER_VAN,2026-10-01 23:38:11.949368455,2026-10-05 23:38:11.949368455,2026-10-04 10:00:28.984869236,18.537803560917624,73.82540518427133,11.08012527716061,52.02766314361322,64.78427015446445,46.112416661439,1686.6000296543125,1169.8,4,0.1554253211886257,71.24322388456801,ON_TIME,45.79516401284843
SHP-10001838,ORD-501838,FedEx Freight,WH-12,Zone-Suburban-B,EV_CARGO_VAN,2026-10-03 10:32:18.143434190,2026-10-04 10:32:18.143434190,2026-10-04 13:03:56.562095469,18.606591885656112,73.96689608824212,5.730983457770636,61.1355143423802,33.24736614645573,40.381984150129625,1708.541265425884,1198.06,1,0.08208021220437496,69.73678096033852,LATE,26.527338517021946
SHP-10001839,ORD-501839,FedEx Freight,WH-09,Zone-Suburban-B,RIGID_TRUCK_24FT,2026-10-03 16:23:35.185182392,2026-10-04 16:23:35.185182392,2026-10-04 22:24:44.363315329,18.533374270904517,73.87632731983842,5.41891860664754,71.36866096037461,50.15896619605387,24.13497704179845,1582.5873419717575,1109.85,1,0.08639786594048363,62.64800348226073,LATE,30.019216148038055
SHP-10001840,ORD-501840,DHL Express,WH-07,Zone-Suburban-B,SPRINTER_VAN,2026-10-03 19:50:49.272555524,2026-10-04 19:50:49.272555524,2026-10-05 07:11:34.933640220,18.50066367881736,73.97140593138934,3.5873275904841826,90.02772593948114,84.66866987166007,14.328835696310817,1012.5520316348483,705.96,1,0.10922194853514645,32.81434001636803,LATE,35.34601696797111
SHP-10001841,ORD-501841,DHL Express,WH-01,Zone-Metro-A,SPRINTER_VAN,2026-10-04 05:23:41.225884152,2026-10-06 05:23:41.225884152,2026-10-06 11:34:04.969307652,18.539947288101075,73.92548844433215,12.94025479923692,95.66039144574158,43.30476635081772,17.35033809034794,,,2,0.0718746586816355,179.78904014641273,LATE,45.79516401284843
SHP-10001842,ORD-501842,DHL Express,WH-06,Zone-Metro-A,EV_CARGO_VAN,2026-10-02 03:10:15.092842367,2026-10-06 03:10:15.092842367,2026-10-02 08:22:13.533830323,18.668538844447838,73.92709724202734,7.439300140566259,22.41430438843377,51.34536555248167,5.347714924845757,174.5507488126344,137.33,4,0.0061545281645600716,1189.4262756253047,ON_TIME,5.199566941098889
SHP-10001843,ORD-501843,UPS Ground,WH-06,Zone-Metro-A,SPRINTER_VAN,2026-10-03 09:08:15.074227545,2026-10-07 09:08:15.074227545,2026-10-03 16:31:51.001880288,18.515375137858065,73.87969937187404,2.860663166660438,100.88592681565157,47.689604673312836,42.04142314940951,1659.9871698158602,1140.61,4,0.2022701140807472,14.135798557286044,ON_TIME,7.393313236873055
SHP-10001844,ORD-501844,DHL Express,WH-03,Zone-Rural-D,RIGID_TRUCK_24FT,2026-10-01 14:18:31.643266390,2026-10-08 14:18:31.643266390,2026-10-02 00:03:42.607951475,18.521106453237,73.96007601039453,10.57230583816283,104.0621819879048,70.23896186020241,49.653265720603855,1621.7697456263877,1135.78,7,0.3629266245849355,29.12267344096488,ON_TIME,9.753045745856944
SHP-10001845,ORD-501845,FedEx Freight,WH-09,Zone-Metro-A,SPRINTER_VAN,2026-10-02 11:17:24.968319695,2026-10-03 11:17:24.968319695,2026-10-02 23:24:29.056445501,18.582520968286612,73.81360620131042,13.034772079682627,71.32430341389463,30.012974052518125,19.790124315893287,810.4221439950782,575.81,1,0.04236381803266357,306.96184854730103,ON_TIME,12.117802257168334
SHP-10001846,ORD-501846,FedEx Freight,,Zone-Metro-A,RIGID_TRUCK_24FT,2026-10-03 19:03:14.262906623,2026-10-10 19:03:14.262906623,2026-10-04 08:34:48.648679971,18.625899842630087,73.97683781787921,56.446137676572135,32.74130825921607,22.782851210709772,10.051771980434953,615.1481905976698,456.54,7,0.007498022354576552,7429.056541610814,ON_TIME,13.526218270374445
SHP-10001848,ORD-501848,BlueDart Logistics,WH-09,Zone-Metro-A,EV_CARGO_VAN,2026-10-03 00:33:31.922634831,2026-10-05 00:33:31.922634831,2026-10-03 19:31:22.892592368,18.405939619035447,73.85967722537313,5.667728332449747,67.1158233822119,41.171363977649065,21.062817617933785,1495.2438488936548,1040.26,2,0.05820183063802566,97.21355694023674,ON_TIME,18.964158321538058
SHP-10001849,ORD-501849,UPS Ground,WH-01,Zone-Suburban-B,EV_CARGO_VAN,2026-10-02 18:16:18.076613425,2026-10-09 18:16:18.076613425,2026-10-03 11:05:52.687889381,18.606224599905655,73.99554747585388,1.9166149059683455,92.63366310305607,78.52945067325155,29.79819984277525,1356.836923491247,945.25,7,0.21676613099360845,8.837778850883971,ON_TIME,16.826280909987776
SHP-10001850,ORD-501850,DHL Express,WH-06,Zone-Metro-A,EV_CARGO_VAN,2026-10-03 04:30:30.636864242,2026-10-05 04:30:30.636864242,2026-10-03 14:47:17.050110208,18.535166214429676,73.96550352672791,5.275010043955191,92.40677202598508,58.311946434504826,19.525612987655606,1143.4782001371982,801.84,2,0.10521217894369778,50.08926884681902,ON_TIME,10.279559234990556
SHP-10001851,ORD-501851,BlueDart Logistics,WH-02,Zone-Rural-D,SPRINTER_VAN,2026-10-04 04:02:54.225729290,2026-10-08 04:02:54.225729290,2026-10-04 08:02:48.451534554,18.557226990266336,73.94300525320793,2.5282622755383817,23.23928499015028,52.32573337838069,23.6852987939766,437.5172996896001,323.92,4,0.028801622485876664,87.47821257349361,ON_TIME,3.998396057017778
SHP-10001852,ORD-501852,BlueDart Logistics,WH-08,Zone-Rural-D,RIGID_TRUCK_24FT,2026-10-01 10:00:46.648469163,2026-10-05 10:00:46.648469163,2026-10-01 18:38:15.728737893,18.56849900108289,73.81847561776723,33.94877338331751,72.66703569521309,15.284279111940787,54.915512864208345,494.4839496276744,374.99,4,0.060992642311853223,555.6933224466336,ON_TIME,8.624744519091665
SHP-10001853,ORD-501853,BlueDart Logistics,WH-12,Zone-Rural-D,EV_CARGO_VAN,2026-10-02 23:19:30.825336422,2026-10-06 23:19:30.825336422,2026-10-03 10:49:57.654601092,18.61951588513248,73.9934351751081,16.727185495703335,60.89870843052852,64.78089288533485,23.41594440892834,1342.8360308089757,933.72,4,0.09237760321252687,180.8782333735645,ON_TIME,11.507452573519444
SHP-10001854,ORD-501854,FedEx Freight,WH-09,Zone-Suburban-B,SPRINTER_VAN,2026-10-03 20:08:17.059581673,2026-10-05 20:08:17.059581673,2026-10-04 10:08:34.250750484,18.649399895082492,73.93574687570649,2.4791172842721942,104.88134964995417,61.453027413471865,48.203492570144334,1487.215288804995,1026.91,2,0.3106848357207865,7.976957043359311,ON_TIME,14.00477532466972
SHP-10001855,ORD-501855,FedEx Freight,WH-01,Zone-Industrial-C,SPRINTER_VAN,2026-10-02 16:39:34.398885192,2026-10-03 16:39:34.398885192,2026-10-03 00:33:01.808040998,18.59387828338967,73.90130432100726,2.794090015254616,43.18092273291265,58.00539433653661,39.42085351234527,225.4564757270462,179.36,1,0.09873845451092793,28.269260472356855,ON_TIME,7.890946987723889
SHP-10001856,ORD-501856,BlueDart Logistics,WH-05,Zone-Metro-A,SPRINTER_VAN,2026-10-01 11:39:14.246596055,2026-10-03 11:39:14.246596055,2026-10-01 23:36:24.767063786,18.5691721662418,73.98044980725334,14190.435605308197,34.57001008813788,30.09321426780179,23.56458700972556,356.25197369338053,6219.15,2,0.024514775273013937,576500.717472147,ON_TIME,11.952922352147501
SHP-10001857,ORD-501857,DHL Express,WH-07,Zone-Metro-A,EV_CARGO_VAN,2026-10-02 22:21:31.800146427,2026-10-04 22:21:31.800146427,2026-10-03 06:14:34.847505091,18.512130776443808,73.79054542048229,16428.61024233301,100.2232513218197,81.00544912558334,49.97835483791928,1262.7043418820085,7771.32,2,0.40575574525640995,40478.93970788514,ON_TIME,7.884179821851111
SHP-10001858,ORD-501858,BlueDart Logistics,WH-06,Zone-Metro-A,EV_CARGO_VAN,2026-10-02 05:54:33.552501534,2026-10-06 05:54:33.552501534,2026-10-02 21:03:45.382939850,18.441363465769584,73.78475401319108,4.339520995817678,29.12797904550995,34.12413452746151,37.72918382779457,726.9573477724352,509.29,4,0.03750156650888347,115.40798426024232,ON_TIME,15.153286232865556
SHP-10001859,ORD-501859,UPS Ground,WH-11,Zone-Suburban-B,EV_CARGO_VAN,2026-10-01 17:09:20.910759592,2026-10-05 17:09:20.910759592,2026-10-02 01:20:32.433964061,18.68757330449346,73.89092835359769,7.313408442289985,80.21934857882387,21.41732175654507,5.47403001793952,1047.3322900441544,739.94,4,0.00940484119761179,769.4403609949392,ON_TIME,8.18653422346361
SHP-10001860,ORD-501860,BlueDart Logistics,WH-11,Zone-Suburban-B,EV_CARGO_VAN,2026-10-03 19:07:49.745843076,2026-10-10 19:07:49.745843076,2026-10-04 04:36:04.577852264,18.538552687697592,73.76417839915828,56.820288936825925,43.501882314972036,84.04008662012603,8.780051086481988,1142.0298829810592,825.04,7,0.032099005957433,1764.659723096489,ON_TIME,9.470786669218889
SHP-10001861,ORD-501861,UPS Ground,WH-08,Zone-Suburban-B,EV_CARGO_VAN,2026-10-02 19:33:18.593767298,2026-10-03 19:33:18.593767298,2026-10-03 02:34:45.561668902,18.569863673349218,73.91599671546675,14.85663542620488,68.94534677226036,65.9684709342826,46.39517576987754,1438.661972837356,1005.17,1,0.2110154247978271,70.37209829851236,ON_TIME,7.024157750445555
SHP-10001862,ORD-501862,FedEx Freight,WH-05,Zone-Metro-A,EV_CARGO_VAN,2026-10-04 01:11:45.246088654,2026-10-08 01:11:45.246088654,2026-10-04 16:04:44.310012719,18.625321941830926,73.8101852845289,1.5880683897170853,73.5408461199198,41.1090161744636,29.559028427185687,1492.907755417676,1031.13,4,0.08936261332147251,17.75119606679232,ON_TIME,14.883073312240278
SHP-10001863,ORD-501863,UPS Ground,WH-04,Zone-Suburban-B,SPRINTER_VAN,2026-10-03 16:01:59.477993115,2026-10-10 16:01:59.477993115,2026-10-04 01:23:47.734076558,18.42052314549395,73.77975664448577,1.0026794993484205,,,,526.816898790557,378.34,7,,,ON_TIME,9.363404467623054
SHP-10001864,ORD-501864,BlueDart Logistics,WH-02,Zone-Industrial-C,EV_CARGO_VAN,2026-10-03 07:53:38.288946134,2026-10-07 07:53:38.288946134,2026-10-04 13:32:32.701028748,18.65650330270112,73.85237396244787,10.104365666542764,107.6216731225241,16.833803077464793,13.020495130769438,,,4,0.023588997339326855,426.54256411976485,ON_TIME,29.64844780072611
SHP-10001865,ORD-501865,DHL Express,WH-05,Zone-Suburban-B,HEAVY_FREIGHT_TRAILER,2026-10-01 06:21:42.610472288,2026-10-02 06:21:42.610472288,2026-10-02 03:46:14.338325724,18.63910772300272,73.86648740659139,142.82059914835983,27.524150968073016,16.574591231991832,13.652522667869864,239.03699918701594,240.33,1,0.0062283020202876455,22568.549776938125,ON_TIME,21.408813292621108
SHP-10001866,ORD-501866,FedEx Freight,WH-06,Zone-Industrial-C,EV_CARGO_VAN,2026-10-02 12:48:11.839960634,2026-10-03 12:48:11.839960634,2026-10-03 04:31:04.743308662,18.632328574572952,73.79262121597402,45.9195484564079,52.18291345849192,61.18382639714391,48.87638475527453,1559.6238800660944,1103.25,1,0.15605009296723646,294.0731419611949,ON_TIME,15.714695374452221
SHP-10001867,ORD-501867,FedEx Freight,WH-09,Zone-Metro-A,EV_CARGO_VAN,2026-10-01 20:13:08.444204206,2026-10-02 20:13:08.444204206,2026-10-02 06:00:42.066078557,18.40659481202032,73.76038381773904,14.183286394255308,55.88755605306,23.347903628413263,50.59594236788004,1565.9333106564136,1088.39,1,0.0660204833705902,214.5066955237037,ON_TIME,9.79267274287528
SHP-10001868,ORD-501868,FedEx Freight,WH-09,Zone-Industrial-C,EV_CARGO_VAN,2026-10-03 23:34:38.818543866,2026-10-07 23:34:38.818543866,2026-10-04 20:38:11.990034330,18.55795565542312,73.8535138978097,23.153769088869087,74.94946015463725,78.78546363949631,35.80013973513011,562.4915115210009,414.92,4,0.21139724637358506,109.47551084410183,ON_TIME,21.059214302906664
SHP-10001869,ORD-501869,UPS Ground,WH-01,Zone-Suburban-B,EV_CARGO_VAN,2026-10-01 18:34:12.168828112,2026-10-05 18:34:12.168828112,2026-10-02 20:20:00.473563847,18.41628051121973,73.9398815839971,25.34570392346703,53.689677028479316,73.0269380724153,21.23202953931281,307.21994124171414,241.22,4,0.08324638683766501,304.1008121063872,ON_TIME,25.76341798214861
SHP-10001870,ORD-501870,BlueDart Logistics,WH-05,Zone-Metro-A,RIGID_TRUCK_24FT,2026-10-02 02:35:46.765390086,2026-10-09 02:35:46.765390086,2026-10-02 20:38:20.894410785,18.565261773654186,73.96854994265026,1.267866443412674,,,,140.82868833208997,109.09,7,,,ON_TIME,18.042813616860833
SHP-10001871,ORD-501871,FedEx Freight,WH-03,Zone-Metro-A,EV_CARGO_VAN,2026-10-02 19:12:44.090196782,2026-10-04 19:12:44.090196782,2026-10-04 17:50:59.303004875,18.615534497876656,73.77438707353228,11.579346286177163,105.0058498271785,76.66296867020277,39.317931504737466,1068.806700233495,761.62,2,0.31651171458889144,36.572703259614116,ON_TIME,45.79516401284843
SHP-10001872,ORD-501872,DHL Express,WH-02,Zone-Suburban-B,HEAVY_FREIGHT_TRAILER,2026-10-02 00:57:43.850044302,2026-10-04 00:57:43.850044302,2026-10-02 23:07:57.784161542,18.436555075077525,73.88116886575281,43.64099939883427,54.52751275567514,13.216576525549627,48.81531656984835,180.04484853497908,163.64,2,0.0351795899471967,1237.0041563451323,ON_TIME,22.17053725478889
SHP-10001873,ORD-501873,BlueDart Logistics,WH-11,Zone-Industrial-C,RIGID_TRUCK_24FT,2026-10-01 21:06:36.924350748,2026-10-05 21:06:36.924350748,2026-10-03 02:53:25.746013522,18.608464931643187,73.8158507472016,111.01250664695769,47.55400408562189,51.14783895531204,5.180560615851848,1262.9333244126626,917.46,4,0.012600597508206305,8740.731022712009,ON_TIME,29.780228239659447
SHP-10001874,ORD-501874,UPS Ground,WH-01,Zone-Suburban-B,SPRINTER_VAN,2026-10-03 01:08:06.545066633,2026-10-07 01:08:06.545066633,2026-10-03 19:04:16.639269300,18.53485985379559,73.84365846740072,16.559871956464402,57.43860179653045,80.16720802816249,29.767578048144827,1258.396325100761,875.48,4,0.1370705385909383,120.72469880612086,ON_TIME,17.93613727851861
SHP-10001875,ORD-501875,UPS Ground,WH-06,Zone-Metro-A,SPRINTER_VAN,2026-10-01 12:24:10.532298102,2026-10-08 12:24:10.532298102,2026-10-02 13:54:56.759950760,18.643465879203344,73.98336045743997,1.7672743729169451,35.57658980224763,74.15372342017736,52.90219974759757,1140.508854307926,804.21,7,0.13956322939734153,12.653827213811978,ON_TIME,25.51284101462722
SHP-10001876,ORD-501876,UPS Ground,WH-03,Zone-Rural-D,SPRINTER_VAN,2026-10-01 10:11:17.083060463,2026-10-05 10:11:17.083060463,2026-10-01 19:59:06.846751518,18.56007668181409,73.8380186932364,17.910958073549878,24.521060043521835,36.70549928507462,23.602830577799672,1623.1182024243676,1132.14,4,0.02124391062825454,839.1600951439422,ON_TIME,9.797156580848611
SHP-10001877,ORD-501877,DHL Express,WH-11,Zone-Industrial-C,EV_CARGO_VAN,2026-10-02 08:48:05.980512229,2026-10-04 08:48:05.980512229,2026-10-02 21:00:32.565081356,18.500836460750392,73.84133648254458,17.56098761232438,29.114955515341943,23.715282642597614,44.96031472797546,707.2799132361442,511.13,2,0.03104372149685377,563.8692734295881,ON_TIME,12.207384602535278
SHP-10001878,ORD-501878,DHL Express,WH-07,Zone-Suburban-B,SPRINTER_VAN,2026-10-03 09:53:16.226608437,2026-10-07 09:53:16.226608437,2026-10-04 06:31:29.480734883,18.499597469027112,73.80234895643625,25.610137659804256,30.832208565338163,25.790544130280843,41.1721153820755,1670.3714928639736,1168.55,4,0.03273921947355693,779.864383817839,ON_TIME,20.637015035123888
SHP-10001879,ORD-501879,UPS Ground,WH-03,Zone-Suburban-B,EV_CARGO_VAN,2026-10-02 21:56:45.911744607,2026-10-06 21:56:45.911744607,2026-10-03 18:29:09.206212175,18.669245956002275,73.99000460450647,14.696400526865927,33.77897663051004,48.588090855880395,13.372010149486467,79.86882793918849,85.92,4,0.021946891696571467,666.5973929173598,ON_TIME,20.53980401876889
SHP-10001880,ORD-501880,UPS Ground,WH-07,Zone-Metro-A,EV_CARGO_VAN,2026-10-02 12:26:49.580626589,2026-10-04 12:26:49.580626589,2026-10-03 11:19:11.599136841,18.535861475375537,73.86412183916507,84.12235907055029,54.896220161488266,54.75797078773555,47.61971049899228,219.24734379954705,210.08,2,0.14314511738083302,587.2616156744923,ON_TIME,22.872782919514446
SHP-10001881,ORD-501881,BlueDart Logistics,WH-10,Zone-Suburban-B,SPRINTER_VAN,2026-10-02 22:44:02.805447011,2026-10-03 22:44:02.805447011,2026-10-04 08:21:31.055325925,18.521726169152924,73.89259803351419,11.338724932183322,74.2704305591946,12.461073746772733,11.188973467203938,,,1,0.010355275360654483,1084.4979726553597,LATE,33.62451385525389
SHP-10001882,ORD-501882,UPS Ground,WH-12,Zone-Suburban-B,SPRINTER_VAN,2026-10-02 08:18:45.024822128,2026-10-03 08:18:45.024822128,2026-10-02 14:49:31.087637150,18.411962086689375,73.86329202307535,9.69131004288115,74.74434461253959,41.01636694261661,45.03527531145674,1103.759168349598,777.14,1,0.1380665109331409,70.14225066138349,ON_TIME,6.512795226395
SHP-10001883,ORD-501883,BlueDart Logistics,WH-03,,RIGID_TRUCK_24FT,2026-10-04 01:24:09.130144003,2026-10-05 01:24:09.130144003,2026-10-04 10:07:52.116967093,18.50929738153462,73.81322976919097,6.588705862478524,15.009269108383052,72.27903367329284,59.50325852285019,71.50642014315397,64.37,1,0.06455243533046112,101.90963153671402,ON_TIME,8.728607450858334
SHP-10001884,ORD-501884,FedEx Freight,WH-12,Zone-Suburban-B,EV_CARGO_VAN,2026-10-01 09:57:11.347724072,2026-10-05 09:57:11.347724072,2026-10-02 05:02:39.304894484,18.654888116483328,73.95260315328525,10.144281401639462,102.49097835534799,43.324671267684785,57.68897874964695,1054.9445584777973,736.18,4,0.2561614458078804,39.5856714600941,ON_TIME,19.091099214003336
SHP-10001885,ORD-501885,DHL Express,WH-12,Zone-Suburban-B,RIGID_TRUCK_24FT,2026-10-03 06:29:03.071364533,2026-10-04 06:29:03.071364533,2026-10-03 16:45:12.727982899,18.628296296959782,73.75711780646921,12.621287372314756,93.17048215057055,22.688154321205786,49.01329586813526,576.9981056958117,416.14,1,0.10360755327072879,121.70075345782054,ON_TIME,10.269349060657223
SHP-10001886,ORD-501886,FedEx Freight,WH-12,Zone-Suburban-B,EV_CARGO_VAN,2026-10-03 22:10:20.466723352,2026-10-04 22:10:20.466723352,2026-10-10 01:55:35.200850966,18.46627396083898,73.92256085752292,10.45219350306756,106.57411374642379,81.61452197643226,34.39845833263362,1642.575832758142,1132.84,1,0.2991976305720029,34.92240644569034,LATE,45.79516401284843
SHP-10001887,ORD-501887,FedEx Freight,WH-08,Zone-Rural-D,EV_CARGO_VAN,2026-10-03 15:52:46.916504177,2026-10-05 15:52:46.916504177,2026-10-04 14:52:24.028492975,18.52391698696405,73.89856820264984,23.085041684378318,49.19870274936832,29.970665494485,42.1153516701407,992.1770794871273,700.49,2,0.06209983833841818,371.14311389005127,ON_TIME,22.993642219110555
SHP-10001888,ORD-501888,UPS Ground,WH-08,Zone-Industrial-C,EV_CARGO_VAN,2026-10-01 19:15:03.436225718,2026-10-03 19:15:03.436225718,2026-10-02 10:52:45.404831076,18.458973902824525,73.78607016267219,0.7507194973777604,,,,1092.549003303643,752.39,2,,,ON_TIME,15.628324612599444
SHP-10001889,ORD-501889,Unknown Carrier,WH-06,Zone-Suburban-B,SPRINTER_VAN,2026-10-02 03:18:24.109655690,2026-10-04 03:18:24.109655690,2026-10-02 15:04:10.315132692,18.686265045050412,73.79147626107518,7.664815142374371,30.961971179329225,24.534562475420117,5.462083835303129,1750.0528888291556,,2,0.0041492087141367165,1803.8217602430902,ON_TIME,11.762834854722778
SHP-10001890,ORD-501890,FedEx Freight,WH-10,Zone-Industrial-C,EV_CARGO_VAN,2026-10-03 09:37:38.825712881,2026-10-07 09:37:38.825712881,2026-10-03 21:39:48.094552804,18.57943536356066,73.91480639697522,16.795640819329517,92.61813758593192,41.73795469161924,10.630142152412605,1416.546346991143,,4,0.041092851546245236,407.73192893611304,ON_TIME,12.035908011089724
SHP-10001891,ORD-501891,DHL Express,WH-07,Zone-Suburban-B,SPRINTER_VAN,2026-10-01 12:04:02.928939654,2026-10-02 12:04:02.928939654,2026-10-02 04:50:14.920126534,18.626306437764562,73.82803469791581,12.656046053475814,30.329933680665043,46.78169048311089,37.838252264337434,817.5462631777552,581.41,1,0.05368815012515877,235.29431713168543,ON_TIME,16.76999755191111
SHP-10001892,ORD-501892,BlueDart Logistics,WH-09,Zone-Suburban-B,RIGID_TRUCK_24FT,2026-10-03 16:27:14.552596605,2026-10-04 16:27:14.552596605,2026-10-04 10:08:25.100647208,18.614142594903033,73.81643451954142,1.9569172878142393,45.96864157673621,47.54764719611834,5.359399707860001,888.5047322891636,625.18,1,0.01171404397053484,165.64330492547225,ON_TIME,17.686263347389723
SHP-10001893,ORD-501893,FedEx Freight,WH-06,Zone-Metro-A,SPRINTER_VAN,2026-10-03 09:45:40.680041561,2026-10-05 09:45:40.680041561,2026-10-03 21:58:55.830078570,18.662106809017025,73.76478902388432,17.052302737690855,61.62931131496341,48.735540107552865,54.98981079254235,1202.884070412175,843.33,2,0.16516397386703938,103.18221411891032,ON_TIME,12.220875010280277
SHP-10001894,ORD-501894,UPS Ground,WH-10,Zone-Suburban-B,SPRINTER_VAN,2026-10-03 10:31:54.043481800,2026-10-05 10:31:54.043481800,2026-10-04 00:18:03.997539931,18.684798333563638,73.9416207723307,9.57645191421455,71.48050854101129,26.871065551732105,31.93144922737928,379.9661602036431,287.28,2,0.06133256837576327,155.8855858937636,ON_TIME,13.769431682814167
SHP-10001895,ORD-501895,UPS Ground,WH-11,Zone-Metro-A,RIGID_TRUCK_24FT,2026-10-01 13:13:02.563173359,2026-10-03 13:13:02.563173359,2026-10-03 04:37:05.280513173,18.409733852132717,73.97066798382517,22.58576024626089,68.16513730723949,48.69366414706264,19.177189158281692,174.94024482819742,148.19,2,0.06365312382863902,354.26907561375003,ON_TIME,39.400754816615
SHP-10001897,ORD-501897,FedEx Freight,WH-11,Zone-Metro-A,SPRINTER_VAN,2026-10-03 06:56:48.858057016,2026-10-07 06:56:48.858057016,2026-10-04 02:19:07.595158802,18.661162738931765,73.866508529875,13.323919052228975,55.05922027206584,25.653962284469742,51.79270258520016,1442.6675826067913,1007.46,4,0.07315652739737591,181.88029825593733,ON_TIME,19.371871417162776
SHP-10001898,ORD-501898,DHL Express,WH-07,Zone-Rural-D,EV_CARGO_VAN,2026-10-03 17:49:35.109621023,2026-10-07 17:49:35.109621023,2026-10-04 00:42:12.276618668,18.514884222609428,73.88348910214513,9.063455623776541,102.67638009955314,84.11436696277832,55.99560805702637,484.96114213917,361.34,4,0.4836093567164365,18.737399841305496,ON_TIME,6.876990832679167
SHP-10001899,ORD-501899,BlueDart Logistics,WH-11,Zone-Suburban-B,RIGID_TRUCK_24FT,2026-10-01 08:59:41.671861676,2026-10-02 08:59:41.671861676,2026-10-02 08:19:53.777002287,18.651120772767122,73.81056904849618,12.722125658553384,97.8750101364259,74.91725445899127,11.392923926252603,252.33541021742042,189.79,1,0.08353892274897667,152.10771779947441,ON_TIME,23.336695872391946
SHP-10001900,ORD-501900,UPS Ground,WH-06,Zone-Suburban-B,SPRINTER_VAN,2026-10-01 07:39:50.285266851,2026-10-02 07:39:50.285266851,2026-10-03 04:49:37.966408835,18.620967394699285,73.79321368485469,12.752894756161394,71.12443470919078,76.56822632668623,47.78783486755672,414.5635359736343,302.55,1,0.2602464229654823,48.98432869136144,LATE,45.16324476166223
SHP-10001901,ORD-501901,FedEx Freight,WH-05,Zone-Suburban-B,EV_CARGO_VAN,2026-10-02 08:51:23.440288522,2026-10-09 08:51:23.440288522,2026-10-04 00:54:56.467456001,18.637934313006905,73.95575029372283,44.38671512035094,69.37083466809213,61.417828778717116,36.80249150190917,1259.9522122664882,894.89,7,0.15680091779653949,282.89646576770957,ON_TIME,40.05917421318861
SHP-10001902,ORD-501902,BlueDart Logistics,WH-12,Zone-Metro-A,EV_CARGO_VAN,2026-10-01 16:42:45.923173700,2026-10-05 16:42:45.923173700,2026-10-02 19:13:08.065348156,18.466207309851715,73.94958604013621,326.488459129174,25.609142351686366,21.992277301881742,37.20265167154677,1140.4365282026877,930.87,4,0.02095265842461832,15508.18203307705,ON_TIME,26.506150604015556
SHP-10001903,ORD-501903,FedEx Freight,WH-04,Zone-Suburban-B,RIGID_TRUCK_24FT,2026-10-02 22:12:13.256586201,2026-10-04 22:12:13.256586201,2026-10-04 15:39:26.245163927,18.5945691105807,73.94433995710922,2.48699605745189,34.02464796947882,52.60690479248117,47.86986670427045,1277.1229650308496,891.59,2,0.08568377830941025,28.991449274729288,ON_TIME,41.45360793825722
SHP-10001904,ORD-501904,BlueDart Logistics,WH-11,Zone-Metro-A,EV_CARGO_VAN,2026-10-04 00:02:56.835270549,2026-10-08 00:02:56.835270549,2026-10-04 17:04:27.872617222,18.407777768289787,73.86583982659941,0.37503568461811193,,,,603.7590294865422,425.8,4,,,ON_TIME,17.025288151853612
SHP-10001905,ORD-501905,FedEx Freight,WH-07,Zone-Suburban-B,HEAVY_FREIGHT_TRAILER,2026-10-02 10:11:11.546102576,2026-10-06 10:11:11.546102576,2026-10-03 10:55:21.792425751,18.654468739765854,73.96612694021114,4.790607610327572,61.37859420976154,12.90523665164969,34.207473238622704,1667.7735613033533,1153.45,4,0.027095920291689956,176.15170065752108,ON_TIME,24.736179534215278
SHP-10001906,ORD-501906,DHL Express,WH-07,Zone-Suburban-B,EV_CARGO_VAN,2026-10-03 18:50:11.137789059,2026-10-07 18:50:11.137789059,2026-10-04 05:24:03.206883105,18.685312891742736,73.9815580173377,2.9172188334489975,84.47882456909328,47.18823274657148,22.564393849794506,842.3539167691313,594.29,4,0.08995084486552567,32.395241130778125,ON_TIME,10.564463637234999
SHP-10001907,ORD-501907,DHL Express,WH-04,Zone-Industrial-C,RIGID_TRUCK_24FT,2026-10-01 06:01:02.434675030,2026-10-03 06:01:02.434675030,2026-10-02 01:54:08.926318024,18.598637032190585,73.83208608616336,24.762842864857504,58.76890878240453,39.70921599961886,10.198178973708316,956.2045526817224,681.05,2,0.023799156718108058,1036.1387707916508,ON_TIME,19.885136567498336
SHP-10001908,ORD-501908,DHL Express,WH-08,Zone-Metro-A,EV_CARGO_VAN,2026-10-01 18:07:58.995584620,2026-10-03 18:07:58.995584620,2026-10-03 09:09:28.263939801,18.5538008959528,73.8061736229451,54.08424450226565,26.975798974552788,25.909354724447773,10.779369505613213,1755.9090598919097,1249.75,2,0.007533976702231693,7084.675079825018,ON_TIME,39.024796765328055
SHP-10001909,ORD-501909,FedEx Freight,WH-05,Zone-Metro-A,SPRINTER_VAN,2026-10-01 08:11:25.781478338,2026-10-02 08:11:25.781478338,2026-10-01 19:24:04.547793304,18.61771932680892,73.866065757694,24.011215011855715,56.73814331608114,38.36875028239883,12.505930884383291,1811.9116184828652,1266.1,1,0.0272250570219469,878.7251566417747,ON_TIME,11.21076842082389
SHP-10001910,ORD-501910,DHL Express,WH-01,Zone-Suburban-B,RIGID_TRUCK_24FT,2026-10-02 05:37:35.749189505,2026-10-09 05:37:35.749189505,2026-10-02 15:01:13.830731363,18.497908386467383,73.79483158916865,6.191562602316399,30.450159106144397,83.76231331520896,38.81949168976609,1227.915530234622,849.88,7,0.09901205481240294,62.470328296952864,ON_TIME,9.393911539405
SHP-10001911,ORD-501911,BlueDart Logistics,WH-04,Zone-Rural-D,SPRINTER_VAN,2026-10-03 23:23:22.743204533,2026-10-07 23:23:22.743204533,2026-10-04 16:54:36.302670002,18.58791633874376,73.97100072128498,21.732096982011303,86.35899841082403,64.24324947713332,10.82066091075205,1748.566647954304,1213.08,4,0.06003283931361593,361.4014776297198,ON_TIME,17.5204331848525
SHP-10001912,ORD-501912,Unknown Carrier,WH-01,Zone-Industrial-C,SPRINTER_VAN,2026-10-01 12:58:49.990436857,2026-10-02 12:58:49.990436857,2026-10-02 03:10:20.737873633,18.615691881791932,73.83449762501944,38.77832858453409,30.817581738435006,32.4652810011206,36.35571134245954,1007.2905760937347,714.44,1,0.03637394194711572,1063.1789851713736,ON_TIME,14.191874287993333
SHP-10001913,ORD-501913,DHL Express,,Zone-Suburban-B,EV_CARGO_VAN,2026-10-03 01:39:41.414131993,2026-10-10 01:39:41.414131993,2026-10-04 02:44:18.156184963,18.442804234444356,73.89404294663514,20.0565172556888,60.840729006723386,55.40162886106222,37.356338188749284,576.7860539517264,428.71,7,0.1259160934567566,159.15837973957943,ON_TIME,25.076872792491667
SHP-10001914,ORD-501914,DHL Express,,Zone-Suburban-B,EV_CARGO_VAN,2026-10-02 14:30:27.747419759,2026-10-09 14:30:27.747419759,2026-10-03 02:45:21.369748404,18.442020401648975,73.89867987397677,17.49255907211247,80.87429225280383,28.499218021425985,54.71430805670401,591.140669266503,423.98,7,0.1261084965550672,138.60048688940788,ON_TIME,12.24822842462361
SHP-10001915,ORD-501915,UPS Ground,WH-05,Zone-Metro-A,EV_CARGO_VAN,2026-10-04 01:34:10.960645218,2026-10-11 01:34:10.960645218,2026-10-06 03:49:06.474960180,18.61484145331429,73.87874697008647,7.86157060792649,36.67881607479482,55.813293176820544,39.450712797903286,1039.332804203751,732.98,7,0.08076213878050614,97.22189799191558,ON_TIME,45.79516401284843
SHP-10001916,ORD-501916,BlueDart Logistics,WH-10,,SPRINTER_VAN,2026-10-01 14:49:16.961745614,2026-10-05 14:49:16.961745614,2026-10-01 21:55:58.293755993,18.52953474824965,73.78913142735577,2.091592333752561,22.22286022554601,77.21250171136988,59.207331248482575,1124.0563897642546,787.67,4,0.10159283144718399,20.56774606417432,ON_TIME,7.1114811139941665
SHP-10001917,ORD-501917,UPS Ground,WH-05,Zone-Industrial-C,EV_CARGO_VAN,2026-10-01 21:15:57.618850177,2026-10-08 21:15:57.618850177,2026-10-03 10:24:52.782883037,18.66676044953827,73.99775016002334,33.64575173246693,68.51345022710113,51.765759995691425,6.7045918967459155,820.0161745124985,584.41,7,0.02377884635461375,1409.0191474416042,ON_TIME,37.14865667579444
SHP-10001918,ORD-501918,DHL Express,WH-09,Zone-Metro-A,EV_CARGO_VAN,2026-10-01 08:07:37.278264099,2026-10-02 08:07:37.278264099,,18.49358166464705,73.79315080731028,68.94839971608916,20.149253032917287,65.0004981589512,43.72803751548154,1636.371986694769,1159.6,1,0.05727111293612349,1201.796447505833,EXCEPTION_OR_IN_TRANSIT,
SHP-10001919,ORD-501919,DHL Express,WH-11,Zone-Suburban-B,SPRINTER_VAN,2026-10-02 13:14:36.016704452,2026-10-06 13:14:36.016704452,2026-10-02 18:21:38.006856355,18.41272922117459,73.93787684014272,1.7277510189216052,70.83802108197597,44.00042490372226,6.456404292917382,796.2674661955058,560.87,4,0.020123986083779903,85.43078559114026,ON_TIME,5.117219486639722
SHP-10001920,ORD-501920,UPS Ground,WH-12,Zone-Metro-A,SPRINTER_VAN,2026-10-02 02:00:14.287567158,2026-10-06 02:00:14.287567158,2026-10-02 21:11:54.147039681,18.594962808769456,73.94784071851379,22.628356599096662,86.58236107068913,49.309293824799745,45.1157667831087,514.5526631817136,371.49,4,0.1926134235667079,117.41972188701136,ON_TIME,19.194405409034168
SHP-10001921,ORD-501921,FedEx Freight,WH-06,Zone-Rural-D,SPRINTER_VAN,2026-10-03 20:37:59.618064371,2026-10-04 20:37:59.618064371,2026-10-04 10:34:10.692519449,18.605271767980774,73.78629092709032,3.447102478805019,46.285019208869116,62.1306309066159,26.22176150622195,26.670692395426162,48.51,1,0.07540637700133442,45.653130446771385,ON_TIME,13.936409570855
SHP-10001922,ORD-501922,UPS Ground,WH-10,Zone-Metro-A,EV_CARGO_VAN,2026-10-03 01:33:20.658780858,2026-10-04 01:33:20.658780858,2026-10-03 09:33:00.861820614,18.56607748269361,73.98329087788747,15.798054685919329,61.393193862665754,70.93037537885479,38.62192709659243,1795.9063332537364,1248.7,1,0.16818467691652655,93.87696476819195,ON_TIME,7.994500844376667
SHP-10001923,ORD-501923,DHL Express,WH-04,Zone-Suburban-B,EV_CARGO_VAN,2026-10-03 02:12:52.319283301,2026-10-10 02:12:52.319283301,2026-10-03 07:43:39.041499428,18.60499979370838,73.87193969065693,1.6832056165086289,103.23237463136992,59.45885398940872,22.024593964858575,1527.0878144167318,1067.09,7,0.13518869087571003,12.441584034950807,ON_TIME,5.512978393368611
SHP-10001924,ORD-501924,BlueDart Logistics,WH-99_INVALID,Zone-Metro-A,HEAVY_FREIGHT_TRAILER,2026-10-02 20:17:51.252631633,2026-10-04 20:17:51.252631633,2026-10-03 12:39:11.126588234,18.55712630334232,73.90722073964193,23.030728494568656,59.75534209667748,83.31189954175697,13.750777153395699,1143.3985166516347,818.22,2,0.06845592097221011,335.94076438568175,ON_TIME,16.355520543500276
SHP-10001925,ORD-501925,FedEx Freight,WH-01,Zone-Industrial-C,EV_CARGO_VAN,2026-10-01 12:36:47.607409808,2026-10-05 12:36:47.607409808,2026-10-02 19:37:21.848759585,18.607789844829714,73.9105465140087,15.0748841088362,109.67263583237194,71.4866940848712,44.79318849491053,1538.536662674562,1073.33,4,0.3511846075781333,42.913591383258144,ON_TIME,31.009511486049167
SHP-10001926,ORD-501926,UPS Ground,WH-08,Zone-Industrial-C,RIGID_TRUCK_24FT,2026-10-02 14:02:28.842821612,2026-10-03 14:02:28.842821612,,18.413181221966557,73.87623878139807,24.349650026057322,29.915229078978925,68.28701534559065,54.754120914854774,1501.311605201235,1052.99,1,0.11185290676259314,217.49904250090697,EXCEPTION_OR_IN_TRANSIT,
SHP-10001927,ORD-501927,DHL Express,WH-09,Zone-Industrial-C,RIGID_TRUCK_24FT,2026-10-04 05:57:51.745172447,2026-10-05 05:57:51.745172447,2026-10-04 23:01:35.286272333,18.510519211066306,73.7855055110303,19.62642158126089,82.34872073591247,73.3826184235769,15.097034403501922,1724.7417340550667,1197.13,1,0.09123084675153585,214.89367808725416,ON_TIME,17.062094749968335
SHP-10001928,ORD-501928,UPS Ground,WH-09,Zone-Suburban-B,RIGID_TRUCK_24FT,2026-10-03 18:08:11.432187287,2026-10-05 18:08:11.432187287,2026-10-04 16:35:08.224376100,18.463245075386105,73.93793833947282,11.290605467205124,76.99876682873912,31.09082015682618,55.63866506619803,721.5924020163691,522.09,2,0.13319644995566868,84.70297199182814,ON_TIME,22.44910894133694
SHP-10001929,ORD-501929,FedEx Freight,WH-02,Zone-Rural-D,EV_CARGO_VAN,2026-10-03 22:19:44.586840116,2026-10-04 22:19:44.586840116,2026-10-04 14:29:07.310315160,18.429797841583486,73.89544645878087,23.241207983917544,97.86895728500107,42.40353654612855,12.710016006249909,1031.818420953959,731.16,1,0.0527464381433139,439.7875959187612,ON_TIME,16.15631207640111
SHP-10001930,ORD-501930,UPS Ground,WH-12,Zone-Metro-A,RIGID_TRUCK_24FT,2026-10-03 17:16:20.272316692,2026-10-07 17:16:20.272316692,2026-10-03 23:45:54.010388679,18.47022779084982,73.77967015381435,5.286476912068319,23.78210513910137,52.334718879594305,45.46140354022422,193.27830759781202,151.53,4,0.05658261699679931,93.26451727461401,ON_TIME,6.492705019996389
SHP-10001931,ORD-501931,UPS Ground,WH-03,Zone-Metro-A,RIGID_TRUCK_24FT,2026-10-01 13:25:08.406937310,2026-10-03 13:25:08.406937310,2026-10-01 19:56:56.688243159,18.457393185409536,73.9250804921584,18.006668817030487,41.619626192672584,44.67897388320142,57.76948369984533,1786.2497524714727,1238.37,2,0.1074236369423953,167.46707355776456,ON_TIME,6.530078140513611
SHP-10001932,ORD-501932,UPS Ground,WH-08,Zone-Metro-A,SPRINTER_VAN,2026-10-01 22:22:34.587453596,2026-10-02 22:22:34.587453596,2026-10-02 12:47:11.523624044,18.69193941650848,73.92569081520162,4.64956210144618,27.55702644723185,73.55933636680598,13.105398496593073,1822.6635533412348,1261.73,1,0.026565646333880356,174.36525045105031,ON_TIME,14.410260047346668
SHP-10001933,ORD-501933,UPS Ground,WH-03,,EV_CARGO_VAN,2026-10-01 06:13:29.132031581,2026-10-02 06:13:29.132031581,2026-10-01 21:02:19.675185016,18.485963775315536,73.88712161152398,19.10626807331085,103.64403661583255,12.030138825942402,28.929952571544433,1462.3368476975486,1025.52,1,0.036071373533416565,528.2151659421977,ON_TIME,14.814039764843056
SHP-10001934,ORD-501934,UPS Ground,WH-04,Zone-Suburban-B,EV_CARGO_VAN,2026-10-02 03:51:09.824368406,2026-10-04 03:51:09.824368406,2026-10-03 08:26:42.237173976,18.469287691044148,73.7726372025729,7.174025869450607,55.530355841299425,25.688156292461564,23.56016152971197,846.674367026643,599.77,2,0.033607921571216885,212.82907800451542,ON_TIME,28.592336890436112
SHP-10001935,ORD-501935,BlueDart Logistics,WH-07,Zone-Industrial-C,EV_CARGO_VAN,2026-10-01 13:49:11.038688210,2026-10-02 13:49:11.038688210,2026-10-02 16:43:22.801477169,18.650462351880698,73.83816100778418,16.2280597766485,101.45625532583156,76.12799057513911,26.366276260125396,924.6896881805893,657.92,1,0.2036441756904134,79.64919596674422,LATE,26.903267441377498
SHP-10001936,ORD-501936,FedEx Freight,WH-06,Zone-Industrial-C,SPRINTER_VAN,2026-10-02 16:02:28.035102170,2026-10-06 16:02:28.035102170,2026-10-03 16:24:38.595660506,18.52573486518065,73.76273102690668,6.395924537201904,42.96866446408815,14.43251032577254,46.42268565224771,812.2044228316812,573.91,4,0.028788828590852078,221.39784993660956,ON_TIME,24.369600155093334
SHP-10001937,ORD-501937,BlueDart Logistics,WH-03,Zone-Metro-A,SPRINTER_VAN,2026-10-03 06:45:11.445038355,2026-10-05 06:45:11.445038355,2026-10-03 20:27:32.183706150,18.526439634534793,73.8693990047066,6.545816863000405,27.00496962935693,27.024122770659854,41.36539129055576,551.1049499278596,400.02,2,0.030187867509526546,216.12009696428865,ON_TIME,13.705760741054165
SHP-10001938,ORD-501938,DHL Express,WH-03,Zone-Metro-A,EV_CARGO_VAN,2026-10-03 20:57:51.772473869,2026-10-04 20:57:51.772473869,2026-10-04 03:40:03.076862390,18.533077139914045,73.9766117829735,6.90370374431105,43.17104093367156,36.343774778236465,58.27778304545506,982.080603398633,693.08,1,0.09143775934711824,75.41919087326218,ON_TIME,6.7031401079225
SHP-10001939,ORD-501939,FedEx Freight,WH-06,Zone-Metro-A,SPRINTER_VAN,2026-10-03 11:56:37.089191560,2026-10-05 11:56:37.089191560,2026-10-04 09:26:21.092571285,18.52496035183618,73.75056324565323,1.8270789747494076,71.73156413616465,66.30554206087682,15.201372684603225,110.23203774204183,101.8,2,0.07230077245527212,25.235628195516057,ON_TIME,21.495556494368056
SHP-10001940,ORD-501940,FedEx Freight,WH-10,Zone-Suburban-B,EV_CARGO_VAN,2026-10-04 01:34:41.386425788,2026-10-05 01:34:41.386425788,2026-10-05 00:42:48.505069341,18.497969636487653,73.81665966326061,25.49939586305794,95.29709621953613,52.01355221251363,34.879347812923406,1835.0884198405154,1282.6,1,0.1728878755661728,147.4056825057875,ON_TIME,23.135310734320278
SHP-10001941,ORD-501941,DHL Express,WH-12,Zone-Metro-A,SPRINTER_VAN,2026-10-01 09:52:50.436870070,2026-10-02 09:52:50.436870070,2026-10-01 13:21:43.728005293,18.485901832766437,73.94996477528701,9.540994947963453,51.6121158563747,81.59535270852483,29.70193799804647,791.4041484316908,562.94,1,0.1250840327890463,76.21575000736274,ON_TIME,3.481469759784167
SHP-10001942,ORD-501942,BlueDart Logistics,WH-02,Zone-Metro-A,HEAVY_FREIGHT_TRAILER,2026-10-01 06:52:37.013339967,2026-10-02 06:52:37.013339967,2026-10-01 16:26:16.195303313,18.66458790294563,73.7524652084554,1.9211815791362394,101.906822629081,27.090626130473012,55.53708599091623,1716.4997814602013,1190.1,1,0.15332232359857595,12.522177568910655,ON_TIME,9.560883878707223
SHP-10001943,ORD-501943,UPS Ground,WH-05,Zone-Rural-D,EV_CARGO_VAN,2026-10-03 05:36:58.839106346,2026-10-07 05:36:58.839106346,2026-10-03 16:06:37.654271688,18.448512203840604,73.75254335926151,4.70412661517489,38.202045669403226,75.40903037415471,5.584057786232798,1343.2109446930865,929.6,4,0.016086437646360644,290.6214892955502,ON_TIME,10.494115323706112
SHP-10001944,ORD-501944,BlueDart Logistics,WH-02,Zone-Rural-D,EV_CARGO_VAN,2026-10-02 02:50:00.144729606,2026-10-09 02:50:00.144729606,2026-10-02 20:35:34.795257322,18.45431870587688,73.9027046465236,4.399129792860541,80.88636529385785,31.218511731193658,59.40437204219018,544.9150811959107,398.78,7,0.1500050655337381,29.30700424544819,ON_TIME,17.75962514658778
SHP-10001945,ORD-501945,DHL Express,WH-01,Zone-Metro-A,EV_CARGO_VAN,2026-10-02 00:15:07.463374616,2026-10-06 00:15:07.463374616,2026-10-02 10:00:26.718676869,18.571515730127512,73.94729993919965,14.578799922057152,84.89276829581587,28.412369434492014,31.38538729048908,420.13271220491924,310.57,4,0.07570170150336696,192.32813555523674,ON_TIME,9.755348695070277
SHP-10001946,ORD-501946,DHL Express,WH-09,Zone-Metro-A,SPRINTER_VAN,2026-10-02 05:49:25.933130231,2026-10-04 05:49:25.933130231,2026-10-02 21:51:57.262915760,18.50309757389882,73.94412635436667,7.019012525776422,41.02647733640852,47.3781398574513,39.40468059784786,1842.0514472552109,1274.92,2,0.07659317028581424,91.52069864394058,ON_TIME,16.042036051535835
SHP-10001947,ORD-501947,FedEx Freight,WH-08,Zone-Metro-A,SPRINTER_VAN,2026-10-02 01:25:31.138205700,2026-10-04 01:25:31.138205700,2026-10-02 15:46:00.272653614,18.526458809454105,73.94489450518732,26.80046995084562,17.562138438550107,15.340337894237027,24.802890569314354,1431.1682405893175,1002.06,2,0.006682125363046338,3951.632934547764,ON_TIME,14.341426235531667
SHP-10001948,ORD-501948,DHL Express,WH-03,Zone-Industrial-C,HEAVY_FREIGHT_TRAILER,2026-10-02 18:49:24.316513371,2026-10-04 18:49:24.316513371,2026-10-03 09:39:07.014672921,18.641963982367205,73.84025158620442,2.151149095279175,49.69754749482176,38.82302597449624,51.88896683325244,470.8777894864886,336.67,2,0.10011504880662873,21.465330016751803,ON_TIME,14.828527266541666
SHP-10001949,ORD-501949,DHL Express,WH-03,Zone-Industrial-C,EV_CARGO_VAN,2026-10-02 13:41:26.477520495,2026-10-06 13:41:26.477520495,2026-10-03 00:00:48.136402624,18.671089318113133,73.97068103606861,15.183432950504104,19.293633994082928,36.67569760823078,35.909336981511046,135.96399854980498,114.74,4,0.025409715670113218,595.2019672368507,ON_TIME,10.32268302281361
SHP-10001950,ORD-500000,FedEx Freight,WH-01,Zone-Metro-A,HEAVY_FREIGHT_TRAILER,2026-10-02 18:53:41.480516829,2026-10-09 18:53:41.480516829,2026-10-03 05:45:00.805733927,18.637166103866964,73.75320890034918,13.806054639405458,100.57160866320689,22.007616677633017,41.454601493737066,1292.932610263934,899.6,7,0.09175318620872026,150.3056693976148,ON_TIME,10.855368115860555
SHP-10001951,ORD-500001,FedEx Freight,WH-11,Zone-Metro-A,EV_CARGO_VAN,2026-10-03 06:26:07.368100913,2026-10-04 06:26:07.368100913,2026-10-03 14:35:01.749556277,18.470478478987225,73.82804718419308,5.450762219231287,105.5848999787355,74.5596133956183,40.6897589433372,568.9442476187584,407.97,1,0.320324810058857,17.011049232517507,ON_TIME,8.148439293156667
SHP-10001952,ORD-500002,UPS Ground,,Zone-Industrial-C,SPRINTER_VAN,2026-10-02 09:52:24.227925321,2026-10-03 09:52:24.227925321,2026-10-03 06:55:35.086176983,18.693991386882715,73.83429692370885,12.250712022656188,84.86109201487005,38.941723278203746,25.01901769437529,418.80603360974453,314.1,1,0.08267877563780578,147.99339478344714,ON_TIME,21.05301618101722
SHP-10001953,ORD-500003,UPS Ground,WH-02,Zone-Suburban-B,EV_CARGO_VAN,2026-10-02 00:05:38.952507247,2026-10-06 00:05:38.952507247,2026-10-02 23:55:50.240029661,18.50895295024483,73.79139278145489,8.635366024600101,84.03503560481421,83.64401346352619,9.17950476936387,1362.8149690444798,950.23,4,0.06452299283291525,133.62683537308627,ON_TIME,23.83646875622611
SHP-10001954,ORD-500004,Unknown Carrier,WH-03,Zone-Metro-A,RIGID_TRUCK_24FT,2026-10-01 17:57:59.179140826,2026-10-05 17:57:59.179140826,2026-10-02 03:55:53.874340974,18.450720118349384,73.83405649324803,38.46608998303764,37.8848035941144,77.47809617783307,49.42384243517275,1260.4823110386908,896.6,4,0.14507096068121614,264.9709680402688,ON_TIME,9.965193111152223
SHP-10001955,ORD-500005,DHL Express,WH-11,Zone-Suburban-B,SPRINTER_VAN,2026-10-02 07:09:43.691782856,2026-10-06 07:09:43.691782856,2026-10-04 03:20:54.574776971,18.54984901164041,73.89647103251303,9.9932835747029,22.02292977301804,24.61080246774441,20.934375555137464,896.8364962092313,636.45,4,0.011346472883815129,873.0447952078774,ON_TIME,44.186356387254165
SHP-10001956,ORD-500006,UPS Ground,WH-12,Zone-Metro-A,SPRINTER_VAN,2026-10-03 11:24:36.238383807,2026-10-07 11:24:36.238383807,2026-10-04 00:48:48.509894791,18.617585730890482,73.88006982817434,35.34711667693029,91.19994040678708,47.884162925345386,51.691162566273746,1744.6016044319458,1218.93,4,0.22573700266689725,156.51605476302845,ON_TIME,13.40340875305111
SHP-10001957,ORD-500007,DHL Express,WH-06,Zone-Suburban-B,RIGID_TRUCK_24FT,2026-10-03 12:28:57.912700892,2026-10-10 12:28:57.912700892,2026-10-05 08:56:38.834007451,18.42498126439242,73.82985683964614,24.552774295110336,68.12038349756992,55.135310377491464,38.47536548349545,1261.1753168136686,894.1,7,0.14450725849093154,169.789362936094,ON_TIME,44.46136702959972
SHP-10001958,ORD-500008,UPS Ground,WH-01,Zone-Industrial-C,EV_CARGO_VAN,2026-10-03 06:01:01.876228547,2026-10-05 06:01:01.876228547,2026-10-03 16:51:01.468148015,18.590286074386313,73.93733187842061,2.0243592743220864,79.75461542478162,71.42203772077158,24.45371769536129,1654.105152419393,1150.64,2,0.1392941752230928,14.522552833231444,ON_TIME,10.833219977630002
SHP-10001959,ORD-500009,BlueDart Logistics,WH-01,Zone-Industrial-C,EV_CARGO_VAN,2026-10-01 22:51:00.103039541,2026-10-08 22:51:00.103039541,2026-10-02 03:15:17.852260292,18.65742337702798,73.92869764460946,8.165057340949433,89.06590146819185,76.4232062238546,37.68359319354925,362.2363080387837,273.86,7,0.2565009799409571,31.82005517994585,ON_TIME,4.4049303390975005
SHP-10001960,ORD-500010,FedEx Freight,WH-08,Zone-Suburban-B,RIGID_TRUCK_24FT,2026-10-03 00:20:31.954925537,2026-10-10 00:20:31.954925537,2026-10-03 21:42:00.924807197,18.478534444807625,73.8201741192701,24.49452007626359,53.89625555046554,56.80135158666174,40.50209807987907,557.2351827286734,411.29,7,0.12399231952954318,197.38949331535443,ON_TIME,21.35804718935
SHP-10001961,ORD-500011,DHL Express,WH-05,Zone-Rural-D,EV_CARGO_VAN,2026-10-02 23:05:22.760280719,2026-10-06 23:05:22.760280719,2026-10-03 18:25:03.525252009,18.60793696365301,73.83080709819448,12.099451922619943,28.731926047940185,12.635065235666154,43.86758742672698,204.10800572907254,162.18,4,0.01592523973363937,755.0247062589266,ON_TIME,19.32799026980278
SHP-10001962,ORD-500012,BlueDart Logistics,WH-01,Zone-Suburban-B,EV_CARGO_VAN,2026-10-02 16:52:01.798550040,2026-10-04 16:52:01.798550040,2026-10-03 09:41:00.921260263,18.519972588988132,73.82188004965803,9.958017404180202,90.52849593947506,46.0957337138597,50.22859739788892,571.818036088801,,2,0.20960280390188218,47.48633408277868,ON_TIME,16.816422975061943
SHP-10001963,ORD-500013,DHL Express,WH-08,Zone-Industrial-C,SPRINTER_VAN,2026-10-02 21:35:54.553270697,2026-10-03 21:35:54.553270697,2026-10-03 08:25:51.475837530,18.52424054294187,73.7822127916278,10.72328275341659,58.10773572669871,76.36026521397493,13.786521821989158,1798.1285690813272,1247.08,1,0.06117248081115615,175.0097696626012,ON_TIME,10.832478490786944
SHP-10001964,ORD-500014,UPS Ground,WH-01,Zone-Suburban-B,SPRINTER_VAN,2026-10-02 17:24:32.131976054,2026-10-04 17:24:32.131976054,2026-10-03 09:29:17.341244518,18.48424420936267,73.9381954107402,18.689408413129982,93.55780193131359,63.55672019081949,56.92794116227391,1781.7297803176486,1246.32,2,0.33850646301465975,55.19507290775143,ON_TIME,16.079224796795557
SHP-10001965,ORD-500015,UPS Ground,WH-10,Zone-Rural-D,EV_CARGO_VAN,2026-10-02 22:42:46.290086408,2026-10-04 22:42:46.290086408,2026-10-03 10:30:28.529552600,18.587318138931966,73.76156912762882,5.671920377982632,56.58141894220121,75.26064560570933,27.596233793513097,1409.5901196647212,986.49,2,0.11751453584010396,48.224654694837746,ON_TIME,11.795066518386665
SHP-10001966,ORD-500016,FedEx Freight,WH-04,Zone-Rural-D,EV_CARGO_VAN,2026-10-03 09:30:59.143437796,2026-10-07 09:30:59.143437796,2026-10-03 23:01:37.216830402,18.508299775909045,73.78764512352586,6.400468412176694,35.61655880344408,60.55598422920305,52.324766410700754,969.6867069950754,674.86,4,0.11285383502826848,56.6644630576277,ON_TIME,13.510575942390554
SHP-10001967,ORD-500017,DHL Express,WH-01,Zone-Metro-A,EV_CARGO_VAN,2026-10-01 13:53:35.627989371,2026-10-02 13:53:35.627989371,2026-10-02 18:18:44.338054455,18.649270901038474,73.77632612943697,24.690668382600986,31.24547658210932,13.302625736122948,17.126377745228183,1447.0732701801464,1015.68,1,0.007118525491237722,3420.4587089942393,LATE,28.41908612919
SHP-10001968,ORD-500018,DHL Express,WH-08,Zone-Rural-D,SPRINTER_VAN,2026-10-03 11:58:22.994957026,2026-10-05 11:58:22.994957026,2026-10-04 06:30:34.357446799,18.68887162691486,73.95633474388109,11.586925791588468,85.67256687312094,82.6004992154958,6.596593471259313,1029.3090163308173,712.36,2,0.04668143220207116,247.6821517891767,ON_TIME,18.5364895804925
SHP-10001970,ORD-500020,FedEx Freight,,Zone-Industrial-C,HEAVY_FREIGHT_TRAILER,2026-10-01 10:47:49.977187969,2026-10-02 10:47:49.977187969,2026-10-02 00:56:28.120804182,18.448938511897897,73.91615682247914,9.426313189652832,53.437275544145216,19.493465493446745,22.85664534898414,933.8435219083653,655.59,1,0.023809257457048608,394.2536988690083,ON_TIME,14.143928782281389
SHP-10001971,ORD-500021,BlueDart Logistics,WH-07,Zone-Metro-A,SPRINTER_VAN,2026-10-04 04:16:39.854668604,2026-10-06 04:16:39.854668604,2026-10-04 17:26:39.870878834,18.404257089998424,73.76111864960271,16.678869194454066,61.75109183817654,18.451837513281163,59.14541027213721,1112.8212937683145,786.5,2,0.06739152919317913,247.12537104789254,ON_TIME,13.166671169508334
SHP-10001972,ORD-500022,FedEx Freight,WH-04,Zone-Industrial-C,EV_CARGO_VAN,2026-10-04 02:54:12.266491218,2026-10-06 02:54:12.266491218,2026-10-04 10:40:23.320789068,18.531540502336647,73.94661085098045,8.834429136790163,67.2156675022213,50.430887535776506,10.74494000934606,500.4454810905217,358.57,2,0.03642261492889413,241.88928295495575,ON_TIME,7.769737304958333
SHP-10001973,ORD-500023,DHL Express,WH-09,Zone-Rural-D,HEAVY_FREIGHT_TRAILER,2026-10-01 10:21:05.152448594,2026-10-05 10:21:05.152448594,2026-10-01 23:16:49.708445123,18.618665112301656,73.97817852159844,10.931270890064068,37.74456197345062,66.77881259176624,7.601657630193696,385.65357107617393,279.19,4,0.01916025954919947,567.555741507046,ON_TIME,12.929043332369167
SHP-10001974,ORD-500024,DHL Express,WH-04,Zone-Metro-A,SPRINTER_VAN,2026-10-02 13:54:51.292030310,2026-10-03 13:54:51.292030310,2026-10-02 15:48:47.337278461,18.69323658050049,73.87171079145864,1.1534839495047926,50.92573007128047,38.66299089536903,7.475980020422329,515.2611162527871,368.37,1,0.014719763862120068,77.83416525638074,ON_TIME,1.8989014578197223
SHP-10001975,ORD-500025,DHL Express,WH-12,Zone-Rural-D,EV_CARGO_VAN,2026-10-01 19:24:34.688007301,2026-10-05 19:24:34.688007301,2026-10-02 06:36:52.511111377,18.63502669047163,73.95113545025308,12.09405965944724,42.77908918542483,20.228662265743154,16.9280532373087,1158.227803613837,812.64,4,0.014648923581697936,819.9960893725737,ON_TIME,11.204950862243333
SHP-10001976,ORD-500026,FedEx Freight,WH-05,Zone-Metro-A,HEAVY_FREIGHT_TRAILER,2026-10-02 16:56:41.397337241,2026-10-04 16:56:41.397337241,2026-10-03 08:32:13.934545455,18.57416479656011,73.92660263321255,7.722944160419407,51.90026544083459,48.29170740860159,36.85551140009361,280.4658432515455,205.27,2,0.09237290067067876,83.515755474384,ON_TIME,15.592371446726112
SHP-10001977,ORD-500027,DHL Express,WH-07,Zone-Metro-A,RIGID_TRUCK_24FT,2026-10-03 17:46:21.941385493,2026-10-10 17:46:21.941385493,2026-10-04 17:29:39.859354017,18.407905873668863,73.94890882304337,27.229007281799404,62.553410284200964,35.31746021642293,32.80598555045805,1335.96341784362,945.58,7,0.07247588803808233,375.17980169270106,ON_TIME,23.721643880145553
SHP-10001978,ORD-500028,BlueDart Logistics,WH-01,Zone-Suburban-B,SPRINTER_VAN,2026-10-04 02:26:38.572013357,2026-10-06 02:26:38.572013357,2026-10-04 16:15:12.902189717,18.647662207452207,73.94169379988149,8.497526247277126,31.468966210164762,36.38289666634935,24.25416926584588,788.8763209274382,559.0,2,0.027769378062657075,304.9054854461639,ON_TIME,13.8095361601
SHP-10001979,ORD-500029,BlueDart Logistics,WH-06,Zone-Suburban-B,SPRINTER_VAN,2026-10-03 03:39:58.287774638,2026-10-05 03:39:58.287774638,2026-10-04 00:16:49.975027871,18.453143510178762,73.80134197093469,53.475473887960156,52.38393095164436,58.373915263028664,9.883620907930009,661.4533652193883,492.37,2,0.030222681059523287,1763.5470222104716,ON_TIME,20.614357570342502
SHP-10001980,ORD-500030,FedEx Freight,WH-11,Zone-Suburban-B,EV_CARGO_VAN,2026-10-02 07:28:52.348941302,2026-10-03 07:28:52.348941302,,18.416681954256035,73.87488975253869,18.804561991444416,51.621972114157735,76.4206074422128,17.855540213687533,1495.6911141084886,1050.48,1,0.07043979306982796,266.5809066498056,EXCEPTION_OR_IN_TRANSIT,
SHP-10001981,ORD-500031,BlueDart Logistics,WH-11,Zone-Metro-A,EV_CARGO_VAN,2026-10-03 01:26:21.986615079,2026-10-04 01:26:21.986615079,2026-10-03 17:17:15.513282349,18.65510765420628,73.9901035467816,3.694973117692544,42.170362600014954,51.89437981417332,15.128088563159428,942.1442524643359,658.55,1,0.03310638183319251,111.27298168929426,ON_TIME,15.848201852019445
SHP-10001982,ORD-500032,DHL Express,WH-03,Zone-Rural-D,SPRINTER_VAN,2026-10-02 04:27:50.738543310,2026-10-04 04:27:50.738543310,2026-10-02 09:59:01.652057845,18.569875260361602,73.83588323614538,2.0520053701445806,109.85715085623295,61.570188312222676,46.01167604358266,707.5002314689259,509.37,2,0.3112195473090027,6.591315540195895,ON_TIME,5.519698198481945
SHP-10001983,ORD-500033,DHL Express,WH-03,Zone-Metro-A,EV_CARGO_VAN,2026-10-03 23:30:26.287703670,2026-10-04 23:30:26.287703670,2026-10-04 07:00:18.180666563,18.438565479358132,73.99262177265926,8.172422506393408,21.99461335445768,59.49602436409311,47.897051065072276,1626.048367200391,1129.17,1,0.06267770033873996,130.1803421007161,ON_TIME,7.497748045248055
SHP-10001984,ORD-500034,FedEx Freight,WH-11,Zone-Metro-A,SPRINTER_VAN,2026-10-03 20:40:07.800037032,2026-10-05 20:40:07.800037032,2026-10-04 11:13:47.173173866,18.515962798952224,73.89579042785843,9.338516540050785,76.0803582321449,51.33596444176975,47.73577071840008,688.8464999826365,496.3,2,0.18643962175949572,50.061839152278715,ON_TIME,14.560936982453889
SHP-10001985,ORD-500035,FedEx Freight,WH-12,Zone-Metro-A,RIGID_TRUCK_24FT,2026-10-02 22:11:33.669672488,2026-10-04 22:11:33.669672488,2026-10-04 11:53:21.658666933,18.425662500167668,73.86540285441644,1.177008894342197,31.571667620961385,33.306860918734756,58.29722994277817,1590.842520049915,1104.49,2,0.06130263534093603,19.16870322921639,ON_TIME,37.696663609568056
SHP-10001986,ORD-500036,UPS Ground,WH-02,Zone-Suburban-B,RIGID_TRUCK_24FT,2026-10-02 05:23:07.878866589,2026-10-04 05:23:07.878866589,2026-10-03 02:19:03.478833879,18.59140324207834,73.91443936625654,8.479293622418638,94.75477898209232,38.33456386826791,53.633087048371756,938.7172077741822,665.32,2,0.19481592042801513,43.50231424810754,ON_TIME,20.932111102025
SHP-10001987,ORD-500037,DHL Express,WH-06,Zone-Rural-D,SPRINTER_VAN,2026-10-02 03:07:26.603911107,2026-10-03 03:07:26.603911107,2026-10-02 19:45:53.042817094,18.484728179902802,73.95395979279442,6.080681190509027,101.84867092088358,33.67778488678121,32.379261094817764,394.3170451223033,291.07,1,0.11106208399582414,54.7010362880337,ON_TIME,16.64067747388528
SHP-10001988,ORD-500038,DHL Express,WH-05,Zone-Industrial-C,RIGID_TRUCK_24FT,2026-10-01 08:24:21.944227551,2026-10-05 08:24:21.944227551,2026-10-02 00:38:35.884146950,18.659828239409613,73.84855203871268,11.488886736414672,53.14040834785109,78.81235723615411,27.821481150004082,1138.359829748172,796.57,4,0.11651972518166576,98.51581041301309,ON_TIME,16.23720553316639
SHP-10001989,ORD-500039,UPS Ground,WH-11,Zone-Industrial-C,RIGID_TRUCK_24FT,2026-10-03 16:44:20.764585756,2026-10-10 16:44:20.764585756,2026-10-04 03:04:49.282004783,18.507338808645905,73.75823854377866,101.57638518655719,93.23045269496743,71.99640028828324,55.3672684740204,536.4246412841889,,7,0.371639334903082,273.24626599722,ON_TIME,10.34125483861861
SHP-10001990,ORD-500040,BlueDart Logistics,WH-02,Zone-Metro-A,SPRINTER_VAN,2026-10-02 14:25:39.328819710,2026-10-03 14:25:39.328819710,2026-10-03 01:58:27.910205530,18.548390158905974,73.9272015744926,1.216767100810922,,,,282.47113293984665,212.49,1,,,ON_TIME,11.546828162727778
SHP-10001991,ORD-500041,FedEx Freight,WH-03,Zone-Suburban-B,EV_CARGO_VAN,2026-10-02 05:24:34.455041348,2026-10-03 05:24:34.455041348,2026-10-03 03:07:12.131166778,18.41905701925179,73.98904169612435,28.043372396529552,28.30650819627985,78.41826032306506,21.19192668640774,171.04098462911873,142.6,1,0.047040718411079895,594.8864027056973,ON_TIME,21.710465590397224
SHP-10001992,ORD-500042,UPS Ground,WH-10,Zone-Suburban-B,EV_CARGO_VAN,2026-10-02 15:55:11.804015417,2026-10-09 15:55:11.804015417,2026-10-02 22:36:09.369216736,18.48267778499319,73.90624666256909,22735.559393691794,45.00843530824804,76.48065198609835,36.045521524334205,456.23970319569844,9886.52,7,0.12407857876234292,183087.6115694951,ON_TIME,6.682657000366389
SHP-10001993,ORD-500043,FedEx Freight,WH-01,Zone-Suburban-B,EV_CARGO_VAN,2026-10-03 16:56:56.887125845,2026-10-04 16:56:56.887125845,2026-10-04 17:07:41.343256051,18.60303018150718,73.79710361963637,4.971313461481144,47.45903131964949,79.57707998138763,59.56821824828695,1365.7874320000274,949.27,1,0.22496837882875304,22.088013817630284,LATE,24.17901559172389
SHP-10001994,ORD-500044,BlueDart Logistics,WH-07,Zone-Metro-A,EV_CARGO_VAN,2026-10-01 14:58:20.002637789,2026-10-08 14:58:20.002637789,2026-10-02 03:44:49.095277054,18.62087883033329,73.81206063304528,9.290833274464791,52.74896675463,26.63303932416497,51.72085330837992,1552.242570726615,1070.81,7,0.07266083240371715,127.69003552507665,ON_TIME,12.774747955351389
SHP-10001995,ORD-500045,UPS Ground,WH-06,Zone-Industrial-C,EV_CARGO_VAN,2026-10-03 19:45:04.432152281,2026-10-04 19:45:04.432152281,2026-10-04 23:52:29.697624718,18.47284655650337,73.97743767965784,27.01245969581198,50.43109948599278,63.812727832292104,20.47038438327479,1595.8429149147719,1112.4,1,0.06587668614928419,409.42431747316624,LATE,28.12368485345472
SHP-10001996,ORD-500046,DHL Express,WH-05,Zone-Suburban-B,EV_CARGO_VAN,2026-10-03 22:37:14.290060085,2026-10-07 22:37:14.290060085,2026-10-05 05:20:03.824352234,18.551146029616213,73.75339052390112,10.314230298823153,54.05872302079787,55.691837494262636,57.41249342544693,508.53252707887646,360.34,4,0.17284775312815764,59.637839244896746,ON_TIME,30.71375952559694
SHP-10001997,ORD-500047,FedEx Freight,WH-05,Zone-Industrial-C,SPRINTER_VAN,2026-10-04 02:09:46.691576783,2026-10-06 02:09:46.691576783,2026-10-04 07:42:20.683851434,18.645259331561352,73.88718666636585,0.8840300685536093,82.45316975148735,65.03729783759553,58.980416131351376,1226.8682507535384,850.75,2,0.3162843310583425,2.7941651395833214,ON_TIME,5.542775631847499
SHP-10001998,ORD-500048,FedEx Freight,WH-07,Zone-Suburban-B,HEAVY_FREIGHT_TRAILER,2026-10-02 10:37:08.887635945,2026-10-09 10:37:08.887635945,2026-10-02 21:53:13.916985436,18.513973048266866,73.78966941129849,13.978321961020223,38.33011262224484,29.75345229387154,17.714182767847838,435.39076212364046,330.73,7,0.020202196021302254,688.5128065138051,ON_TIME,11.268063708191944
