log_robust_cargo_weight_kg,log_robust_package_volume_m3,winsor_robust_transit_distance_km,winsor_robust_freight_cost_usd,robust_scheduled_days,dispatch_hour_sin,dispatch_hour_cos,carrier_name_DHL Express,carrier_name_FedEx Freight,carrier_name_UPS Ground,carrier_name_Unknown Carrier,origin_hub_WH-01,origin_hub_WH-02,origin_hub_WH-03,origin_hub_WH-04,origin_hub_WH-05,origin_hub_WH-06,origin_hub_WH-07,origin_hub_WH-08,origin_hub_WH-09,origin_hub_WH-10,origin_hub_WH-11,origin_hub_WH-12,origin_hub_WH-99_INVALID,destination_zone_Zone-Industrial-C,destination_zone_Zone-Metro-A,destination_zone_Zone-Rural-D,destination_zone_Zone-Suburban-B,vehicle_type_HEAVY_FREIGHT_TRAILER,vehicle_type_RIGID_TRUCK_24FT,vehicle_type_SPRINTER_VAN
-0.47320324712237993,-0.4064758852690891,-0.9693995461870804,-1.003185463379566,0.0,0.5315833802039424,-0.8470059680373868,1.0,0.0,0.0,0.0,0.0,0.0,0.0,1.0,0.0,0.0,0.0,0.0,0.0,0.0,0.0,0.0,0.0,0.0,0.0,0.0,1.0,0.0,0.0,1.0
-0.9095367439606097,1.3343056333681977,0.5482079787602819,0.5454537942545976,0.0,0.925457873678479,-0.378850529954108,1.0,0.0,0.0,0.0,0.0,0.0,0.0,1.0,0.0,0.0,0.0,0.0,0.0,0.0,0.0,0.0,0.0,1.0,0.0,0.0,0.0,0.0,0.0,0.0
-0.669012958946908,-0.5064176308272289,-0.9014003686794924,-0.943938323479468,-0.5,-0.2319601247517669,-0.9727252955100657,0.0,0.0,1.0,0.0,0.0,0.0,0.0,0.0,0.0,0.0,0.0,0.0,0.0,0.0,0.0,1.0,0.0,1.0,0.0,0.0,0.0,0.0,1.0,0.0
-0.8900816849053887,-0.627060180488218,0.6713916601572535,0.6541974987295334,1.0,0.1110353085542777,0.9938164620563781,0.0,0.0,1.0,0.0,0.0,0.0,0.0,1.0,0.0,0.0,0.0,0.0,0.0,0.0,0.0,0.0,0.0,0.0,1.0,0.0,0.0,0.0,0.0,1.0
0.8064776247108454,0.016231717565897884,0.7604638624090567,0.7740965224325208,0.0,-0.2765459965069414,0.9610006825262836,0.0,1.0,0.0,0.0,0.0,0.0,0.0,1.0,0.0,0.0,0.0,0.0,0.0,0.0,0.0,0.0,0.0,0.0,1.0,0.0,0.0,0.0,0.0,0.0
0.8010319446943509,0.24388402645987112,0.565005311024448,0.586125261840132,1.0,0.8403695772697163,-0.5420138131076719,0.0,1.0,0.0,0.0,0.0,0.0,0.0,0.0,0.0,0.0,0.0,0.0,0.0,1.0,0.0,0.0,0.0,0.0,1.0,0.0,0.0,1.0,0.0,0.0
0.49956370702208475,1.2931668887135144,0.6355202009583647,0.6251275631411727,-0.5,-0.12287979997126713,-0.9924215610107538,0.0,1.0,0.0,0.0,0.0,0.0,0.0,0.0,0.0,1.0,0.0,0.0,0.0,0.0,0.0,0.0,0.0,0.0,0.0,0.0,1.0,0.0,0.0,1.0
-0.29240722898446725,-0.18887705364333873,0.10980031515064913,0.09135793287803119,1.0,0.1383808989278622,0.9903790823780139,0.0,0.0,0.0,0.0,0.0,0.0,0.0,0.0,0.0,0.0,0.0,0.0,0.0,1.0,0.0,0.0,0.0,0.0,0.0,0.0,1.0,0.0,0.0,0.0
-0.5108890764236586,-0.32972766314024193,-0.4916254316857783,-0.5161855418799605,1.0,0.8747254553756338,-0.48461879629033167,0.0,0.0,1.0,0.0,1.0,0.0,0.0,0.0,0.0,0.0,0.0,0.0,0.0,0.0,0.0,0.0,0.0,1.0,0.0,0.0,0.0,0.0,0.0,1.0
-0.9752865828665956,0.9980496979206689,0.2755605103209193,0.25943140924734653,1.0,0.7326913916086017,-0.6805610366915303,0.0,0.0,1.0,0.0,0.0,0.0,0.0,0.0,0.0,0.0,1.0,0.0,0.0,0.0,0.0,0.0,0.0,0.0,1.0,0.0,0.0,0.0,0.0,0.0
0.6184740957316294,0.99151203915418,-0.13746773311894772,-0.13725174250217936,1.0,-0.9934560875751426,0.11421471910349612,0.0,1.0,0.0,0.0,1.0,0.0,0.0,0.0,0.0,0.0,0.0,0.0,0.0,0.0,0.0,0.0,0.0,0.0,1.0,0.0,0.0,0.0,1.0,0.0
0.5835760146391904,0.07575342750062218,-1.0179210395789613,-1.056681416477646,1.0,-0.559494313065977,-0.8288341894775038,0.0,0.0,1.0,0.0,1.0,0.0,0.0,0.0,0.0,0.0,0.0,0.0,0.0,0.0,0.0,0.0,0.0,0.0,0.0,0.0,1.0,0.0,1.0,0.0
-0.7756481522535674,-0.6070120284955437,0.29169504761216714,0.26876882460119733,0.0,-0.5160350854840722,0.8565674465851748,0.0,1.0,0.0,0.0,0.0,1.0,0.0,0.0,0.0,0.0,0.0,0.0,0.0,0.0,0.0,0.0,0.0,0.0,1.0,0.0,0.0,0.0,0.0,1.0
-0.294574998952369,0.08413505890104246,-1.0005897793520817,-1.0572267876399062,0.0,0.9808278191676579,-0.19487634322004346,0.0,1.0,0.0,0.0,0.0,0.0,0.0,0.0,0.0,0.0,1.0,0.0,0.0,0.0,0.0,0.0,0.0,0.0,0.0,0.0,1.0,0.0,0.0,1.0
-0.14432616784969318,-0.5371327613976066,0.23121257151019653,0.21338886203349078,-0.5,-0.40700236546555707,-0.9134271041005084,0.0,1.0,0.0,0.0,0.0,0.0,0.0,0.0,0.0,1.0,0.0,0.0,0.0,0.0,0.0,0.0,0.0,0.0,1.0,0.0,0.0,0.0,1.0,0.0
-1.09611317851731,-0.44357353955694734,0.29442028767544404,0.2688679829943357,-0.5,-0.8751832165658678,-0.4837916260554964,1.0,0.0,0.0,0.0,0.0,0.0,0.0,0.0,1.0,0.0,0.0,0.0,0.0,0.0,0.0,0.0,0.0,0.0,0.0,1.0,0.0,0.0,0.0,0.0
1.014675132158325,0.8829064234875214,-0.7081417417329867,-0.7127670562765197,-0.5,0.6037878475917793,0.7971450527353766,0.0,0.0,1.0,0.0,0.0,0.0,0.0,0.0,0.0,0.0,0.0,0.0,0.0,0.0,0.0,1.0,0.0,0.0,0.0,1.0,0.0,0.0,0.0,1.0
-0.9051782237426031,-0.4164635041012567,-0.1546375148854464,-0.19370592099555015,-0.5,-0.6798147246017952,-0.7333838968879706,1.0,0.0,0.0,0.0,1.0,0.0,0.0,0.0,0.0,0.0,0.0,0.0,0.0,0.0,0.0,0.0,0.0,0.0,1.0,0.0,0.0,0.0,0.0,1.0
-0.5820939791953428,-0.5213620700308709,0.9266697938840681,0.9205204162999873,0.0,-0.4128395052119127,0.9108037894828848,1.0,0.0,0.0,0.0,0.0,0.0,0.0,0.0,0.0,0.0,0.0,0.0,1.0,0.0,0.0,0.0,0.0,0.0,1.0,0.0,0.0,0.0,0.0,0.0
-1.0981415415137583,0.0,0.7641601878201902,0.74953829373195,-0.5,-0.9991914740060203,-0.04020445589330389,0.0,0.0,1.0,0.0,0.0,0.0,0.0,0.0,0.0,0.0,0.0,0.0,0.0,0.0,0.0,0.0,0.0,0.0,0.0,0.0,1.0,0.0,0.0,1.0
-0.20297748703185625,-0.3657563637068663,-0.1957047709282599,-0.20287807236083738,-0.5,-0.9872754118385364,0.15901968802336472,0.0,1.0,0.0,0.0,0.0,0.0,0.0,0.0,0.0,0.0,0.0,1.0,0.0,0.0,0.0,0.0,0.0,0.0,1.0,0.0,0.0,0.0,1.0,0.0
-0.23405357975198388,-0.20624118950224038,-0.31934628999341996,-0.34407962418969,2.5,-0.823714068499802,-0.5670054085769407,1.0,0.0,0.0,0.0,0.0,0.0,0.0,0.0,0.0,0.0,0.0,0.0,0.0,0.0,0.0,1.0,0.0,1.0,0.0,0.0,0.0,0.0,1.0,0.0
0.6687290832921041,-0.26136760826886374,-0.7771393076760293,-0.7942917818350087,-0.5,0.115948452234495,-0.9932552322663218,1.0,0.0,0.0,0.0,1.0,0.0,0.0,0.0,0.0,0.0,0.0,0.0,0.0,0.0,0.0,0.0,0.0,1.0,0.0,0.0,0.0,0.0,0.0,0.0
-0.683355814640743,-0.3555350866246505,-0.9573880015163984,-0.999962815602573,1.0,-0.36670420362535067,0.9303375876763753,1.0,0.0,0.0,0.0,0.0,0.0,0.0,0.0,0.0,1.0,0.0,0.0,0.0,0.0,0.0,0.0,0.0,1.0,0.0,0.0,0.0,0.0,0.0,0.0
-0.7626199148231356,-0.5486467684245124,-0.42556618180223377,-0.44634498031292735,-0.5,0.19822760554901364,-0.980156016355715,0.0,0.0,0.0,0.0,0.0,0.0,0.0,1.0,0.0,0.0,0.0,0.0,0.0,0.0,0.0,0.0,0.0,1.0,0.0,0.0,0.0,0.0,0.0,0.0
-0.0024478570048716286,-0.22547567612217012,0.8779042551796842,0.8803116878824313,2.5,-0.9910124073820491,-0.1337699832355356,0.0,1.0,0.0,0.0,0.0,0.0,0.0,0.0,0.0,0.0,0.0,0.0,0.0,1.0,0.0,0.0,0.0,0.0,0.0,0.0,1.0,0.0,1.0,0.0
-1.2117880786611206,2.4687676504465084,0.9150728682063469,0.9202890467159982,1.0,-0.4092596130395068,0.9124179794013011,1.0,0.0,0.0,0.0,0.0,0.0,0.0,0.0,0.0,0.0,0.0,0.0,0.0,0.0,0.0,0.0,0.0,0.0,1.0,0.0,0.0,0.0,0.0,0.0
0.9392357140529671,0.2357551478222744,0.618832574439736,0.6451740849539536,1.0,-0.8958087432703711,0.4444397546128816,0.0,0.0,1.0,0.0,0.0,0.0,0.0,1.0,0.0,0.0,0.0,0.0,0.0,0.0,0.0,0.0,0.0,1.0,0.0,0.0,0.0,0.0,0.0,1.0
-0.8898307748390207,0.5289185774623971,-0.3173620580239825,-0.35004565417684064,1.0,-0.8710709761493955,-0.49115715866730403,0.0,1.0,0.0,0.0,0.0,0.0,0.0,0.0,0.0,0.0,0.0,0.0,1.0,0.0,0.0,0.0,0.0,0.0,0.0,0.0,1.0,0.0,0.0,0.0
1.3170557871486634,0.0828324737630439,-0.7375056820884958,-0.7146510657461462,-0.5,0.9287826027186435,-0.3706249814666874,0.0,0.0,1.0,0.0,0.0,0.0,1.0,0.0,0.0,0.0,0.0,0.0,0.0,0.0,0.0,0.0,0.0,1.0,0.0,0.0,0.0,0.0,0.0,1.0
-0.5897515825057739,0.04661120930776158,0.1788425156423804,0.16647041568024729,2.5,0.8955823832147035,0.4448957123590561,0.0,1.0,0.0,0.0,0.0,0.0,0.0,0.0,0.0,0.0,0.0,1.0,0.0,0.0,0.0,0.0,0.0,0.0,1.0,0.0,0.0,0.0,0.0,0.0
-0.9426607749236428,-0.2602198571019682,0.2821993273357835,0.27154525960906817,1.0,-0.08230089078558692,0.9966075272522774,0.0,1.0,0.0,0.0,0.0,0.0,0.0,0.0,0.0,1.0,0.0,0.0,0.0,0.0,0.0,0.0,0.0,0.0,1.0,0.0,0.0,0.0,1.0,0.0
0.36765396217771124,2.1157466567718215,-0.1678190480569546,-0.17987332515276577,1.0,-0.46979258054837086,-0.8827768298169716,1.0,0.0,0.0,0.0,0.0,0.0,0.0,0.0,0.0,0.0,0.0,0.0,0.0,0.0,0.0,0.0,0.0,0.0,0.0,0.0,0.0,0.0,0.0,0.0
0.32454720352919536,0.0924548995939383,0.3737349585351135,0.3565074761296827,1.0,-0.742365753784098,-0.669994841479073,0.0,0.0,1.0,0.0,0.0,0.0,0.0,0.0,0.0,0.0,0.0,1.0,0.0,0.0,0.0,0.0,0.0,0.0,1.0,0.0,0.0,0.0,0.0,1.0
0.34267812362556094,0.7599350433676252,0.4853315942388258,0.48139747228729507,0.0,-0.2904238555136626,-0.9568981054159211,0.0,0.0,0.0,0.0,0.0,0.0,0.0,0.0,1.0,0.0,0.0,0.0,0.0,0.0,0.0,0.0,0.0,0.0,0.0,0.0,0.0,0.0,0.0,0.0
0.012250495036206364,-0.11411450333951938,0.5591001810984546,0.55264277775712,1.0,0.3922033298404618,0.9198785507131112,1.0,0.0,0.0,0.0,0.0,1.0,0.0,0.0,0.0,0.0,0.0,0.0,0.0,0.0,0.0,0.0,0.0,0.0,0.0,0.0,0.0,0.0,0.0,1.0
1.6483507496018965,-0.5066500021084234,-0.010214192743232367,0.057396183228184156,0.0,-0.9169440441854387,0.3990158140134951,0.0,1.0,0.0,0.0,0.0,1.0,0.0,0.0,0.0,0.0,0.0,0.0,0.0,0.0,0.0,0.0,0.0,1.0,0.0,0.0,0.0,0.0,1.0,0.0
-0.9040581269986844,-0.10569643052123757,0.5764963597259444,0.5731024595413098,0.0,0.969516665904914,-0.24502537528309049,0.0,0.0,1.0,0.0,0.0,0.0,1.0,0.0,0.0,0.0,0.0,0.0,0.0,0.0,0.0,0.0,0.0,1.0,0.0,0.0,0.0,0.0,0.0,0.0
0.0,0.0,-0.9770827087462187,-1.037461214607684,-0.5,0.8736661003213527,0.4865259963756099,1.0,0.0,0.0,0.0,0.0,0.0,0.0,1.0,0.0,0.0,0.0,0.0,0.0,0.0,0.0,0.0,0.0,0.0,0.0,0.0,1.0,0.0,1.0,0.0
-1.0281473694857226,-0.5215644583478619,0.35093828042842523,0.3346595768415573,2.5,0.9279176051283542,0.3727853512315897,0.0,1.0,0.0,0.0,0.0,0.0,0.0,0.0,0.0,0.0,0.0,0.0,0.0,0.0,1.0,0.0,0.0,0.0,0.0,1.0,0.0,0.0,0.0,1.0
1.188177311418561,1.9455322841963314,-0.5509387092853353,-0.5411734569507968,-0.5,0.33771137720929634,0.9412497148490406,1.0,0.0,0.0,0.0,0.0,0.0,0.0,0.0,0.0,0.0,0.0,1.0,0.0,0.0,0.0,0.0,0.0,0.0,1.0,0.0,0.0,0.0,0.0,0.0
0.19612594496003521,2.5894268385813852,-0.48019843120171857,-0.49879977028305583,-0.5,0.716251196776397,-0.6978425489437994,0.0,1.0,0.0,0.0,0.0,0.0,0.0,0.0,0.0,0.0,1.0,0.0,0.0,0.0,0.0,0.0,0.0,0.0,0.0,0.0,1.0,0.0,0.0,1.0
1.1161116754212619,-0.40515175796317476,-0.8436064153946915,-0.828534480265414,0.0,0.7493410907377631,-0.6621842113278898,0.0,1.0,0.0,0.0,0.0,1.0,0.0,0.0,0.0,0.0,0.0,0.0,0.0,0.0,0.0,0.0,0.0,0.0,0.0,0.0,1.0,0.0,0.0,0.0
0.6014886038246534,-0.16429201724418732,-0.6386214495843544,-0.6519664348839227,1.0,-0.6026858411242704,-0.7979785566720016,0.0,1.0,0.0,0.0,0.0,0.0,0.0,0.0,0.0,0.0,0.0,0.0,0.0,0.0,1.0,0.0,0.0,0.0,0.0,0.0,1.0,0.0,0.0,1.0
-0.295216546223466,-0.5853961168147285,-0.18644063765339808,-0.21902436404351397,-0.5,0.7178732092626714,-0.696173868672843,1.0,0.0,0.0,0.0,1.0,0.0,0.0,0.0,0.0,0.0,0.0,0.0,0.0,0.0,0.0,0.0,0.0,0.0,1.0,0.0,0.0,0.0,0.0,0.0
-0.8541923908177413,-0.2962691035184642,0.8525211600621844,0.8321868144126724,-0.5,0.8322767767222777,-0.5543603222893715,0.0,0.0,1.0,0.0,0.0,0.0,0.0,0.0,0.0,0.0,0.0,0.0,1.0,0.0,0.0,0.0,0.0,0.0,0.0,0.0,1.0,0.0,0.0,1.0
1.0651008230717531,-0.37377199575421544,-0.698424932104596,-0.6965711853972739,1.0,-0.7681904152858058,0.6402214350230873,0.0,0.0,1.0,0.0,0.0,0.0,0.0,0.0,0.0,0.0,1.0,0.0,0.0,0.0,0.0,0.0,0.0,0.0,0.0,1.0,0.0,0.0,1.0,0.0
0.5318458897980767,1.7571111010267997,-0.6149647078734406,-0.6364481463577882,2.5,-0.8637622251129937,-0.5038996114980145,0.0,1.0,0.0,0.0,0.0,1.0,0.0,0.0,0.0,0.0,0.0,0.0,0.0,0.0,0.0,0.0,0.0,0.0,1.0,0.0,0.0,1.0,0.0,0.0
0.048976670164401576,-0.1950152017518363,0.10235606521510494,0.09071340332263247,1.0,-0.7372282045543015,-0.6756438221501333,0.0,0.0,1.0,0.0,0.0,0.0,0.0,0.0,0.0,1.0,0.0,0.0,0.0,0.0,0.0,0.0,0.0,0.0,0.0,1.0,0.0,0.0,0.0,1.0
-0.3454335152443089,2.4659745600934784,-0.31998244583253743,-0.35204534843846186,0.0,-0.9856298578984718,0.16891945778695325,0.0,0.0,0.0,0.0,0.0,0.0,0.0,0.0,0.0,0.0,1.0,0.0,0.0,0.0,0.0,0.0,0.0,1.0,0.0,0.0,0.0,1.0,0.0,0.0
0.2486029190518428,-0.6068603660856017,0.27694789931188474,0.2792630878749944,2.5,0.7323943710996986,0.6808806688263935,1.0,0.0,0.0,0.0,0.0,0.0,1.0,0.0,0.0,0.0,0.0,0.0,0.0,0.0,0.0,0.0,0.0,1.0,0.0,0.0,0.0,0.0,0.0,1.0
-0.6895677239179862,-0.2336739849819783,-0.17294312390342678,-0.20892673434226994,0.0,0.8778088601203649,-0.4790110699077691,0.0,0.0,0.0,0.0,0.0,0.0,0.0,0.0,0.0,0.0,0.0,0.0,0.0,0.0,0.0,1.0,0.0,0.0,0.0,0.0,1.0,0.0,0.0,0.0
0.14368783262324997,-0.5711878481063827,0.6169627927283817,0.6107661225349842,0.0,-0.8239201830271496,-0.5667058602136634,0.0,0.0,1.0,0.0,0.0,0.0,0.0,0.0,0.0,0.0,0.0,0.0,0.0,0.0,1.0,0.0,0.0,1.0,0.0,0.0,0.0,0.0,1.0,0.0
-0.14698256564259576,-0.5392058053998757,-0.1536542940378975,-0.17921226919851088,0.0,0.35116083372514434,-0.9363151546661314,0.0,1.0,0.0,0.0,0.0,0.0,0.0,0.0,0.0,0.0,0.0,0.0,1.0,0.0,0.0,0.0,0.0,0.0,1.0,0.0,0.0,0.0,0.0,1.0
-0.6049121923044795,-0.4437112325476437,0.13183088880074953,0.12085755483665721,0.0,0.998424484122611,-0.05611193727272474,0.0,1.0,0.0,0.0,0.0,0.0,0.0,0.0,0.0,1.0,0.0,0.0,0.0,0.0,0.0,0.0,0.0,1.0,0.0,0.0,0.0,0.0,0.0,1.0
0.45223717987573836,-0.11847990693991535,-0.3776904769892115,-0.3970632589232225,1.0,-0.2883355381942549,0.9575294342286452,0.0,1.0,0.0,0.0,0.0,0.0,0.0,0.0,0.0,1.0,0.0,0.0,0.0,0.0,0.0,0.0,0.0,0.0,1.0,0.0,0.0,0.0,0.0,1.0
1.3708686894806155,1.803488583560582,0.39886710810979636,0.43687535376822556,0.0,-0.9341785291313873,-0.3568059356427772,0.0,1.0,0.0,0.0,0.0,0.0,0.0,0.0,0.0,0.0,0.0,0.0,1.0,0.0,0.0,0.0,0.0,0.0,0.0,1.0,0.0,0.0,1.0,0.0
-0.9433764710627285,-0.4782732894103024,0.29888597633258684,0.2813949933274664,0.0,-0.5595545861096474,0.8287934997112738,1.0,0.0,0.0,0.0,0.0,0.0,0.0,0.0,0.0,0.0,1.0,0.0,0.0,0.0,0.0,0.0,0.0,0.0,0.0,0.0,0.0,0.0,1.0,0.0
0.641615850825779,0.07270737787087207,-0.22372887400322905,-0.23981457380483154,0.0,0.7914013854951863,0.6112968567204475,1.0,0.0,0.0,0.0,1.0,0.0,0.0,0.0,0.0,0.0,0.0,0.0,0.0,0.0,0.0,0.0,0.0,0.0,1.0,0.0,0.0,0.0,0.0,1.0
-0.5991600240275076,0.3686807114385113,-0.4690219331768699,-0.5004358837698367,-0.5,0.1337699832355351,0.9910124073820492,0.0,1.0,0.0,0.0,0.0,0.0,0.0,0.0,0.0,0.0,1.0,0.0,0.0,0.0,0.0,0.0,0.0,0.0,1.0,0.0,0.0,0.0,0.0,0.0
0.36835609006466047,0.44346478785588894,0.2164993972944065,0.0,0.0,0.5670653092550443,0.8236728325248327,0.0,0.0,0.0,0.0,0.0,0.0,0.0,0.0,0.0,0.0,0.0,0.0,0.0,0.0,1.0,0.0,0.0,1.0,0.0,0.0,0.0,0.0,0.0,1.0
-0.47976750937228774,0.031903532070494366,0.8837204147827844,0.9021926399682695,-0.5,-0.998303927220216,0.058217427774625075,1.0,0.0,0.0,0.0,0.0,0.0,0.0,0.0,0.0,1.0,0.0,0.0,0.0,0.0,0.0,0.0,0.0,0.0,1.0,0.0,0.0,0.0,0.0,1.0
-0.2691506687146488,-0.09045114389251517,-0.7597771360783027,0.0,-0.5,0.7976277932389317,0.6031499842102228,1.0,0.0,0.0,0.0,1.0,0.0,0.0,0.0,0.0,0.0,0.0,0.0,0.0,0.0,0.0,0.0,0.0,0.0,0.0,1.0,0.0,0.0,0.0,0.0
-0.20106632957621207,0.26409101086507697,0.5916553915244509,0.5820101885248951,1.0,0.9610609926328371,-0.2763363321019983,0.0,0.0,1.0,0.0,0.0,0.0,0.0,0.0,0.0,0.0,0.0,0.0,0.0,1.0,0.0,0.0,0.0,0.0,1.0,0.0,0.0,0.0,1.0,0.0
0.9623554465245369,2.5204124977290108,0.07230181122204016,0.08268157347843526,1.0,-0.9373580138094577,-0.3483675558188341,0.0,1.0,0.0,0.0,0.0,0.0,1.0,0.0,0.0,0.0,0.0,0.0,0.0,0.0,0.0,0.0,0.0,0.0,1.0,0.0,0.0,0.0,0.0,1.0
-0.12503940638362973,0.9688366279996891,0.03695415913288263,0.0206579985704665,1.0,0.999999830768105,-0.0005817763845130442,0.0,0.0,0.0,0.0,0.0,0.0,0.0,1.0,0.0,0.0,0.0,0.0,0.0,0.0,0.0,0.0,0.0,0.0,0.0,0.0,0.0,0.0,0.0,0.0
-0.2960162745175613,1.737249958526203,0.9212994296479723,0.926403814292856,0.0,-0.5742910628709756,-0.8186511925762553,0.0,1.0,0.0,0.0,0.0,0.0,1.0,0.0,0.0,0.0,0.0,0.0,0.0,0.0,0.0,0.0,0.0,1.0,0.0,0.0,0.0,0.0,0.0,0.0
-0.11858804355131833,-0.26047102857703,0.1998119868985169,0.20021732214496146,1.0,-0.236555523866315,0.9716179723164518,0.0,0.0,0.0,0.0,0.0,0.0,0.0,0.0,1.0,0.0,0.0,0.0,0.0,0.0,0.0,0.0,0.0,1.0,0.0,0.0,0.0,0.0,0.0,0.0
1.3789062220606125,-0.17598490470652275,0.6553287555631063,0.6970173981663961,2.5,-0.3491172768594226,-0.9370790398884511,0.0,0.0,0.0,0.0,0.0,0.0,0.0,0.0,0.0,0.0,0.0,0.0,0.0,1.0,0.0,0.0,0.0,0.0,1.0,0.0,0.0,1.0,0.0,0.0
0.35041806502153583,2.0006690561664486,0.014481883351196033,0.00578423959973062,1.0,0.034318068814334225,-0.999410961593305,0.0,1.0,0.0,0.0,0.0,0.0,0.0,0.0,0.0,0.0,1.0,0.0,0.0,0.0,0.0,0.0,0.0,1.0,0.0,0.0,0.0,0.0,0.0,0.0
-0.47544824436904465,0.11758745070504187,-0.5221054987311011,-0.5550391055912939,1.0,0.31999297428265,-0.947419915565291,0.0,1.0,0.0,0.0,0.0,0.0,1.0,0.0,0.0,0.0,0.0,0.0,0.0,0.0,0.0,0.0,0.0,0.0,0.0,0.0,1.0,0.0,0.0,0.0
1.0685092668860354,-0.31676106230563994,0.37950077709829905,0.4022525481641238,0.0,0.9351609719846066,-0.3542230321094407,0.0,0.0,0.0,0.0,0.0,0.0,0.0,0.0,0.0,0.0,0.0,0.0,0.0,0.0,1.0,0.0,0.0,0.0,0.0,0.0,1.0,0.0,0.0,1.0
0.07012447729238547,0.05805765009336403,0.843216904908134,0.851026909108938,2.5,-0.9999992358122994,-0.0012362745719141273,0.0,0.0,1.0,0.0,0.0,0.0,0.0,0.0,0.0,0.0,0.0,0.0,0.0,0.0,1.0,0.0,0.0,1.0,0.0,0.0,0.0,0.0,0.0,0.0
0.0,0.0,0.6770504071872728,0.6782599354644127,0.0,-0.0007999424885164921,0.9999996800459563,0.0,0.0,1.0,0.0,0.0,0.0,0.0,0.0,0.0,0.0,0.0,0.0,0.0,0.0,1.0,0.0,0.0,0.0,0.0,0.0,1.0,0.0,0.0,0.0
0.226501309245963,-0.08293418475001078,-0.6265131428858187,-0.6457690353127827,-0.5,0.4738961074060773,0.8805807625569433,0.0,0.0,0.0,0.0,0.0,0.0,1.0,0.0,0.0,0.0,0.0,0.0,0.0,0.0,0.0,0.0,0.0,0.0,0.0,0.0,1.0,0.0,0.0,0.0
-0.16581332061194806,0.44611497874851314,0.0,0.0,0.0,0.035044851836571,0.9993857405225236,0.0,1.0,0.0,0.0,0.0,0.0,0.0,0.0,0.0,1.0,0.0,0.0,0.0,0.0,0.0,0.0,0.0,0.0,1.0,0.0,0.0,0.0,0.0,1.0
-1.4845126102595072,0.0,0.01935539504431496,0.0034540173609820513,-0.5,0.7736559339620507,-0.6336059468197146,1.0,0.0,0.0,0.0,0.0,0.0,0.0,0.0,0.0,0.0,0.0,0.0,0.0,0.0,0.0,0.0,0.0,1.0,0.0,0.0,0.0,0.0,0.0,1.0
0.18001149491315344,0.6596683116493826,0.13031842643829977,0.11024760677086567,2.5,-0.9656618197922601,-0.25980232831039174,0.0,1.0,0.0,0.0,0.0,0.0,0.0,0.0,0.0,0.0,0.0,0.0,0.0,1.0,0.0,0.0,0.0,0.0,1.0,0.0,0.0,0.0,0.0,0.0
-0.7570146650025941,-0.6239400990817772,-0.6357383113397009,-0.6767229803707697,0.0,0.9328487765289519,0.360268178068002,0.0,0.0,0.0,0.0,1.0,0.0,0.0,0.0,0.0,0.0,0.0,0.0,0.0,0.0,0.0,0.0,0.0,1.0,0.0,0.0,0.0,0.0,0.0,1.0
-0.8644219071608809,0.1915020752932833,-0.5623378647567746,-0.5949338324305787,0.0,-0.8925202315314126,-0.45100735726494934,0.0,0.0,1.0,0.0,1.0,0.0,0.0,0.0,0.0,0.0,0.0,0.0,0.0,0.0,0.0,0.0,0.0,0.0,1.0,0.0,0.0,1.0,0.0,0.0
-1.1649192547306366,-0.05623280904530703,0.5099669312551741,0.5048319058656322,1.0,-0.6306193700763749,0.7760922690534136,1.0,0.0,0.0,0.0,0.0,0.0,0.0,0.0,0.0,1.0,0.0,0.0,0.0,0.0,0.0,0.0,0.0,0.0,0.0,0.0,1.0,0.0,0.0,0.0
0.03217050716707474,-0.4357706993040421,0.45214877078319354,0.4405772671120532,0.0,-0.4060057291120076,-0.9138705312724703,0.0,1.0,0.0,0.0,0.0,0.0,0.0,0.0,0.0,0.0,0.0,0.0,0.0,0.0,0.0,1.0,0.0,1.0,0.0,0.0,0.0,0.0,0.0,0.0
-0.16397065016993115,-0.45514951179113644,0.672951782892654,0.6643116548296336,-0.5,0.9525951288580989,-0.3042408921822013,1.0,0.0,0.0,0.0,0.0,0.0,0.0,0.0,0.0,0.0,1.0,0.0,0.0,0.0,0.0,0.0,0.0,0.0,1.0,0.0,0.0,0.0,0.0,0.0
0.6449663351130399,-0.29886374361813095,0.8629932174939238,0.8574060990674979,1.0,0.9937354521187343,0.11175800285605819,1.0,0.0,0.0,0.0,0.0,0.0,0.0,0.0,0.0,0.0,1.0,0.0,0.0,0.0,0.0,0.0,0.0,0.0,1.0,0.0,0.0,0.0,0.0,1.0
-0.593095807935985,-0.08747908806847808,-0.4036699956390804,-0.4139201857567231,1.0,0.596983581358851,0.8022534534596657,0.0,0.0,1.0,0.0,0.0,1.0,0.0,0.0,0.0,0.0,0.0,0.0,0.0,0.0,0.0,0.0,0.0,0.0,1.0,0.0,0.0,0.0,1.0,0.0
-0.3912221391424279,-0.2204288194276749,0.7142894976455948,0.7043551192586258,0.0,0.37379733032732454,-0.9275104074026151,0.0,0.0,1.0,0.0,0.0,0.0,0.0,0.0,0.0,0.0,0.0,0.0,1.0,0.0,0.0,0.0,0.0,0.0,0.0,0.0,1.0,0.0,0.0,0.0
1.4442679823450475,-0.19312124999823913,0.32175393643933886,0.34761627354495395,1.0,0.5561747478249479,-0.831065370402266,0.0,0.0,0.0,0.0,0.0,0.0,0.0,0.0,0.0,0.0,0.0,0.0,0.0,0.0,1.0,0.0,0.0,1.0,0.0,0.0,0.0,0.0,0.0,1.0
-1.1765662373625327,0.1154758386764009,0.913363431078885,0.9074976140011654,-0.5,-0.5738146937516165,0.8189851630125777,1.0,0.0,0.0,0.0,0.0,0.0,0.0,0.0,1.0,0.0,0.0,0.0,0.0,0.0,0.0,0.0,0.0,0.0,1.0,0.0,0.0,0.0,0.0,0.0
0.8499057362423277,1.4417558402008368,-0.4770476044852042,-0.47994314918793407,-0.5,-0.8509257293058022,0.5252860203787919,0.0,1.0,0.0,0.0,0.0,0.0,0.0,0.0,0.0,0.0,0.0,0.0,0.0,1.0,0.0,0.0,0.0,1.0,0.0,0.0,0.0,0.0,0.0,1.0
-0.5822013923624612,-0.5821994960880226,-0.48191955337358394,-0.5152104843474344,-0.5,-0.48149874644288776,-0.8764467794304043,0.0,0.0,1.0,0.0,0.0,0.0,0.0,0.0,0.0,0.0,0.0,0.0,0.0,0.0,0.0,0.0,0.0,0.0,1.0,0.0,0.0,0.0,1.0,0.0
2.3376383388208524,-0.07487466056811876,0.3993790328936457,0.6375554150811653,0.0,0.0476149338353532,0.9988657657943107,0.0,0.0,0.0,0.0,0.0,0.0,1.0,0.0,0.0,0.0,0.0,0.0,0.0,0.0,0.0,0.0,0.0,0.0,0.0,0.0,1.0,0.0,0.0,0.0
0.47240838898435616,0.6029564916173191,0.8538298109185493,0.8672062535893273,1.0,0.900033720500134,0.43582026336861246,0.0,0.0,1.0,0.0,0.0,0.0,0.0,0.0,0.0,0.0,1.0,0.0,0.0,0.0,0.0,0.0,0.0,0.0,0.0,1.0,0.0,0.0,0.0,1.0
-0.486702076765863,1.050699507508479,0.643239387280096,0.6397864789267759,1.0,-0.8202766792207813,0.5719669304483673,0.0,0.0,0.0,0.0,0.0,0.0,0.0,1.0,0.0,0.0,0.0,0.0,0.0,0.0,0.0,0.0,0.0,0.0,1.0,0.0,0.0,0.0,0.0,0.0
-0.9262961158494453,0.4350403306584399,0.44550213811044487,0.4344790259340516,0.0,-0.21224873784683573,0.9772156738829076,1.0,0.0,0.0,0.0,0.0,0.0,0.0,0.0,0.0,0.0,0.0,0.0,0.0,1.0,0.0,0.0,0.0,0.0,0.0,0.0,1.0,0.0,0.0,1.0
0.23801471531050888,-0.36370755814651134,-0.2433813565620331,-0.26885145659547915,0.0,0.005599568753830621,-0.9999843222919903,0.0,0.0,1.0,0.0,0.0,0.0,0.0,0.0,0.0,0.0,0.0,1.0,0.0,0.0,0.0,0.0,0.0,0.0,1.0,0.0,0.0,0.0,0.0,0.0
-1.1524834579766412,0.0,0.4267005171674758,0.4053925639468347,1.0,-0.8962285103138634,0.44359267047663586,1.0,0.0,0.0,0.0,0.0,0.0,0.0,0.0,0.0,0.0,0.0,1.0,0.0,0.0,0.0,0.0,0.0,0.0,1.0,0.0,0.0,0.0,1.0,0.0
0.4469947218413651,0.1065942453009841,0.59566819615763,0.5933307717415106,-0.5,-0.43856722279762694,-0.8986983871619981,0.0,1.0,0.0,0.0,0.0,0.0,0.0,0.0,0.0,0.0,0.0,0.0,0.0,1.0,0.0,0.0,0.0,0.0,1.0,0.0,0.0,0.0,0.0,0.0
-0.926283108459191,-0.1145366322083563,0.49872234562182655,0.4809182067204601,-0.5,0.026758520902174867,0.9996419266713096,0.0,1.0,0.0,0.0,0.0,0.0,0.0,0.0,1.0,0.0,0.0,0.0,0.0,0.0,0.0,0.0,0.0,0.0,1.0,0.0,0.0,0.0,1.0,0.0
-0.6964226947132609,-0.5747890290595116,0.34365147216084285,0.3323293546028087,2.5,-0.9484620152027414,-0.31689084195911166,0.0,1.0,0.0,0.0,0.0,0.0,0.0,0.0,0.0,0.0,0.0,0.0,0.0,0.0,0.0,1.0,0.0,0.0,0.0,0.0,1.0,0.0,0.0,0.0
-1.400706165177197,-0.15211657541564602,-0.933172438777105,-0.9784784970892879,1.0,0.9756144177909112,0.21949147545747968,0.0,0.0,1.0,0.0,0.0,0.0,0.0,0.0,0.0,0.0,1.0,0.0,0.0,0.0,0.0,0.0,0.0,0.0,0.0,0.0,1.0,0.0,0.0,1.0
0.03357741243569163,-0.07685257528425025,0.3089855702001894,0.28936071757623844,2.5,0.500629659177988,-0.8656615645570338,1.0,0.0,0.0,0.0,0.0,1.0,0.0,0.0,0.0,0.0,0.0,0.0,0.0,0.0,0.0,0.0,0.0,0.0,0.0,0.0,1.0,0.0,0.0,0.0
0.14226880520351853,0.18820474411896046,-0.05888686532969195,-0.07258394377719103,0.0,0.6264904546249934,-0.7794290925182156,1.0,0.0,0.0,0.0,0.0,0.0,0.0,0.0,0.0,0.0,0.0,0.0,1.0,0.0,0.0,0.0,0.0,0.0,1.0,0.0,0.0,1.0,0.0,0.0
-0.03958772417328056,-0.16891652099725013,0.921066491389205,0.9394927221871037,1.0,-0.821771272390342,-0.5698174934783578,0.0,1.0,0.0,0.0,0.0,0.0,0.0,0.0,0.0,0.0,0.0,0.0,0.0,1.0,0.0,0.0,0.0,0.0,1.0,0.0,0.0,0.0,0.0,0.0
-1.0775171590710484,0.0,0.20247863378950293,0.0,-0.5,0.3863756143443647,0.9223415227777696,0.0,1.0,0.0,0.0,0.0,0.0,0.0,1.0,0.0,0.0,0.0,0.0,0.0,0.0,0.0,0.0,0.0,1.0,0.0,0.0,0.0,0.0,0.0,0.0
1.0191891397037613,-0.5030881712985248,0.20458215212213024,0.2127112796803795,0.0,-0.8248669063817634,0.565326973313833,1.0,0.0,0.0,0.0,0.0,0.0,0.0,0.0,0.0,0.0,0.0,0.0,0.0,0.0,1.0,0.0,0.0,0.0,0.0,1.0,0.0,0.0,0.0,1.0
-0.17410717409251422,0.4748843910916591,0.9869393537237765,0.9846263174638589,0.0,-0.9952486655831865,-0.0973657725018743,0.0,0.0,0.0,0.0,0.0,0.0,0.0,0.0,0.0,0.0,0.0,0.0,0.0,0.0,0.0,1.0,0.0,0.0,1.0,0.0,0.0,0.0,0.0,0.0
-0.41787863390523655,-0.5701620516476411,-0.838970842149603,-0.8698670038052032,0.0,0.14450012016571684,-0.9895047828444758,0.0,1.0,0.0,0.0,0.0,0.0,0.0,1.0,0.0,0.0,0.0,0.0,0.0,0.0,0.0,0.0,0.0,0.0,0.0,1.0,0.0,0.0,0.0,0.0
0.5338417788448109,0.5084175623204421,-0.4684456864651506,-0.48093473311931645,-0.5,-0.375280761427592,-0.9269111878180816,0.0,1.0,0.0,0.0,0.0,0.0,0.0,0.0,0.0,0.0,0.0,0.0,0.0,0.0,0.0,0.0,0.0,0.0,0.0,0.0,1.0,1.0,0.0,0.0
-0.3640261441763004,1.2562653770154062,0.3016137476937913,0.28509690667129406,0.0,-0.9999740838330242,-0.0071994209700340555,1.0,0.0,0.0,0.0,0.0,1.0,0.0,0.0,0.0,0.0,0.0,0.0,0.0,0.0,0.0,0.0,0.0,0.0,0.0,0.0,1.0,1.0,0.0,0.0
0.26173535996218794,0.41913229230868077,-0.38952625868596297,-0.41461429450869075,-0.5,0.8627711561383605,0.5055946322259334,0.0,1.0,0.0,0.0,0.0,0.0,1.0,0.0,0.0,0.0,0.0,0.0,0.0,0.0,0.0,0.0,0.0,0.0,0.0,0.0,1.0,0.0,0.0,0.0
-0.5824962265203485,-0.21066655605108064,-0.32684104592213575,-0.33799790941054464,1.0,0.8799942239206399,0.4749843848657666,0.0,1.0,0.0,0.0,0.0,0.0,1.0,0.0,0.0,0.0,0.0,0.0,0.0,0.0,0.0,0.0,0.0,0.0,1.0,0.0,0.0,1.0,0.0,0.0
0.5436646048407324,0.5351192613516418,0.7813061397898318,0.7971508488371615,0.0,0.9980585629024511,0.062282461552945256,0.0,0.0,0.0,0.0,0.0,0.0,0.0,0.0,0.0,0.0,0.0,0.0,0.0,0.0,0.0,1.0,0.0,0.0,1.0,0.0,0.0,0.0,0.0,1.0
0.5241696162601203,-0.40325094902698905,0.14603461727737224,0.1544061445150949,-0.5,0.15822987359457535,-0.9874023025607367,0.0,0.0,1.0,0.0,0.0,0.0,0.0,0.0,0.0,0.0,0.0,0.0,1.0,0.0,0.0,0.0,0.0,0.0,0.0,0.0,1.0,0.0,0.0,0.0
-0.37258499130965683,-0.5446120599637077,-0.8201579268550411,-0.8508616451203741,-0.5,0.5431744499506705,0.8396198645344133,0.0,0.0,0.0,0.0,0.0,1.0,0.0,0.0,0.0,0.0,0.0,0.0,0.0,0.0,0.0,0.0,0.0,0.0,1.0,0.0,0.0,0.0,0.0,1.0
0.04958750903894752,-0.5587575423283002,-0.3983949075884583,-0.4239351834636853,-0.5,0.34877652223399713,-0.9372059205630096,0.0,0.0,0.0,0.0,0.0,0.0,0.0,0.0,0.0,1.0,0.0,0.0,0.0,0.0,0.0,0.0,0.0,0.0,0.0,1.0,0.0,0.0,0.0,1.0
-0.07748073560179429,-0.18364970762647692,-0.8745158652387794,-0.9063077132835062,1.0,-0.14687434279440573,0.9891551584199071,0.0,1.0,0.0,0.0,0.0,0.0,0.0,0.0,0.0,0.0,0.0,1.0,0.0,0.0,0.0,0.0,0.0,0.0,0.0,0.0,1.0,1.0,0.0,0.0
-0.1482643117152815,0.10312390280551399,0.09894253306283884,0.09624974693951753,-0.5,-0.9954863648306577,0.09490467552361581,0.0,0.0,0.0,0.0,0.0,1.0,0.0,0.0,0.0,0.0,0.0,0.0,0.0,0.0,0.0,0.0,0.0,0.0,1.0,0.0,0.0,0.0,0.0,0.0
-0.819286906466888,-0.6030513042849531,-0.6774000099319423,-0.7091312485281176,1.0,-0.8460381229036448,0.533122401136622,0.0,0.0,1.0,0.0,0.0,0.0,0.0,0.0,0.0,0.0,0.0,0.0,0.0,0.0,0.0,1.0,0.0,1.0,0.0,0.0,0.0,0.0,0.0,1.0
-0.3271685097691218,-0.49176161097979515,0.1418982819546739,0.1352189954428456,-0.5,0.7571850959711482,0.6532003754126011,0.0,0.0,0.0,0.0,0.0,0.0,0.0,0.0,0.0,0.0,1.0,0.0,0.0,0.0,0.0,0.0,0.0,0.0,0.0,0.0,1.0,0.0,0.0,0.0
-0.0105992596930404,-0.3626445432557985,-0.9083440473860909,-0.930965100377215,1.0,-0.6069713608138414,-0.7947237049137225,1.0,0.0,0.0,0.0,0.0,0.0,0.0,0.0,0.0,0.0,0.0,0.0,0.0,0.0,0.0,0.0,0.0,1.0,0.0,0.0,0.0,0.0,0.0,0.0
-0.6453501694073397,-0.4335394263294038,-0.41864574948653405,-0.43890810082755943,1.0,0.9756622801842143,0.2192786241879033,0.0,1.0,0.0,0.0,0.0,0.0,0.0,0.0,0.0,1.0,0.0,0.0,0.0,0.0,0.0,0.0,0.0,0.0,0.0,1.0,0.0,1.0,0.0,0.0
-0.04953232617418792,0.4625945321008095,0.2210279248161644,0.1955734040663205,-0.5,0.5871967631586287,0.8094442299108873,0.0,1.0,0.0,0.0,0.0,0.0,0.0,0.0,0.0,0.0,0.0,0.0,0.0,0.0,0.0,0.0,0.0,1.0,0.0,0.0,0.0,0.0,1.0,0.0
-1.2789808507299145,0.0,-0.348440144979424,-0.376190417167623,1.0,0.9999898355262329,-0.00450875195789264,1.0,0.0,0.0,0.0,0.0,0.0,0.0,0.0,0.0,0.0,0.0,0.0,1.0,0.0,0.0,0.0,0.0,1.0,0.0,0.0,0.0,0.0,1.0,0.0
-0.057766331896490664,0.49323084584835636,0.011844649839642632,0.001966641463908501,0.0,-0.7323943710996983,-0.6808806688263939,0.0,0.0,0.0,0.0,0.0,0.0,0.0,0.0,0.0,0.0,0.0,1.0,0.0,0.0,0.0,0.0,0.0,1.0,0.0,0.0,0.0,0.0,0.0,1.0
-0.0046451780957042,-0.36082311956472257,0.8152045228022923,0.8125534525713013,1.0,0.3140614993061832,0.9494026409556444,0.0,0.0,0.0,0.0,0.0,0.0,1.0,0.0,0.0,0.0,0.0,0.0,0.0,0.0,0.0,0.0,0.0,0.0,0.0,1.0,0.0,0.0,0.0,0.0
1.0098990360861948,0.2369667238530418,-0.34768066805209474,-0.33984886608245846,1.0,-0.30410233961942784,0.9526393688264149,1.0,0.0,0.0,0.0,0.0,0.0,0.0,0.0,0.0,1.0,0.0,0.0,0.0,0.0,0.0,0.0,0.0,0.0,1.0,0.0,0.0,0.0,0.0,0.0
0.44388309419430855,0.3296719790865547,0.6335083155300412,0.6278709453513307,2.5,-0.509604661020872,-0.8604086758429405,1.0,0.0,0.0,0.0,0.0,0.0,1.0,0.0,0.0,0.0,0.0,0.0,0.0,0.0,0.0,0.0,0.0,0.0,1.0,0.0,0.0,0.0,0.0,0.0
1.301754351567567,0.6366822598227234,-0.38238808665444673,-0.35634221214111883,-0.5,0.4579385650571074,0.8889838416042428,0.0,1.0,0.0,0.0,1.0,0.0,0.0,0.0,0.0,0.0,0.0,0.0,0.0,0.0,0.0,0.0,0.0,0.0,1.0,0.0,0.0,0.0,1.0,0.0
-0.08065894805327727,0.49264511828512564,-0.8706632323763642,-0.9138437511620123,1.0,0.8533233826927736,0.521382014025956,0.0,1.0,0.0,0.0,0.0,0.0,0.0,0.0,0.0,0.0,1.0,0.0,0.0,0.0,0.0,0.0,0.0,1.0,0.0,0.0,0.0,0.0,0.0,1.0
-0.026759060940050098,-0.00025997079106305766,-0.6618335713378225,-0.6932493792271429,0.0,0.7254744804543797,-0.6882490669877059,1.0,0.0,0.0,0.0,0.0,0.0,0.0,0.0,0.0,0.0,1.0,0.0,0.0,0.0,0.0,0.0,0.0,0.0,0.0,0.0,1.0,0.0,0.0,0.0
0.5364657031498976,1.7909449081902606,0.8951742877987657,0.8987386226072872,-0.5,0.9613818739141861,-0.27521790005239144,1.0,0.0,0.0,0.0,0.0,0.0,0.0,0.0,0.0,0.0,0.0,0.0,1.0,0.0,0.0,0.0,0.0,0.0,0.0,0.0,1.0,0.0,0.0,0.0
-0.13546629284503106,-0.2331541259965529,0.8637292558640127,0.8677185719538748,-0.5,0.3646059357457976,-0.9311619148241251,1.0,0.0,0.0,0.0,0.0,0.0,0.0,0.0,0.0,0.0,0.0,0.0,0.0,0.0,0.0,1.0,0.0,0.0,1.0,0.0,0.0,0.0,0.0,0.0
-0.2904111874408662,-0.6629516174336,-0.57288259755707,-0.5986853249709755,-0.5,0.37548297314623064,-0.926829292198551,1.0,0.0,0.0,0.0,1.0,0.0,0.0,0.0,0.0,0.0,0.0,0.0,0.0,0.0,0.0,0.0,0.0,1.0,0.0,0.0,0.0,0.0,0.0,1.0
0.9723291446616796,-0.17239969713265793,0.0936135203762365,0.1077686469424097,1.0,0.7762756759548465,0.6303935873094254,0.0,0.0,1.0,0.0,0.0,0.0,0.0,0.0,0.0,0.0,0.0,0.0,0.0,1.0,0.0,0.0,0.0,0.0,1.0,0.0,0.0,1.0,0.0,0.0
0.47357845771217116,-0.4930304894013946,-0.7501959283726471,-0.7717828265926284,0.0,-0.7420245938131627,0.6703726591802583,1.0,0.0,0.0,0.0,0.0,0.0,1.0,0.0,0.0,0.0,0.0,0.0,0.0,0.0,0.0,0.0,0.0,1.0,0.0,0.0,0.0,0.0,0.0,1.0
0.4252931526058726,-0.6255275891017124,0.33932596692725275,0.3382127525956777,0.0,0.6548507412225926,0.7557582329820967,0.0,0.0,1.0,0.0,0.0,0.0,0.0,0.0,0.0,0.0,0.0,0.0,0.0,0.0,1.0,0.0,0.0,0.0,0.0,0.0,1.0,0.0,1.0,0.0
-0.6337423647994859,-0.7073722880507115,-0.6529909353068204,-0.6712031631527411,-0.5,-0.6413380451365612,-0.767258438767808,0.0,0.0,1.0,0.0,0.0,0.0,0.0,0.0,0.0,0.0,0.0,0.0,0.0,0.0,1.0,0.0,0.0,0.0,1.0,0.0,0.0,0.0,0.0,1.0
0.6408664396958278,-0.5388231705617772,-0.9277803414329073,-0.9395588277825291,0.0,0.7681904152858052,-0.640221435023088,0.0,1.0,0.0,0.0,0.0,0.0,0.0,0.0,0.0,0.0,1.0,0.0,0.0,0.0,0.0,0.0,0.0,0.0,1.0,0.0,0.0,0.0,0.0,0.0
-0.0009230714701634662,-0.37014522072083056,0.6439308096272864,0.6300359036015155,2.5,0.916653629259821,0.39968252897118056,1.0,0.0,0.0,0.0,0.0,0.0,0.0,0.0,0.0,0.0,0.0,0.0,1.0,0.0,0.0,0.0,0.0,0.0,1.0,0.0,0.0,0.0,0.0,0.0
-0.7079505571836255,1.7134950775219868,-0.3689160926724609,-0.4031615001012242,0.0,0.7211559444851579,-0.6927727648614082,1.0,0.0,0.0,0.0,0.0,0.0,0.0,1.0,0.0,0.0,0.0,0.0,0.0,0.0,0.0,0.0,0.0,1.0,0.0,0.0,0.0,0.0,1.0,0.0
0.4533448531763558,-0.26522086813506285,-0.8086873875305073,-0.8358887277565,1.0,0.6019892440682012,0.7985041953716935,1.0,0.0,0.0,0.0,0.0,0.0,0.0,0.0,0.0,1.0,0.0,0.0,0.0,0.0,0.0,0.0,0.0,0.0,0.0,1.0,0.0,0.0,1.0,0.0
-0.8252843404826894,0.8232057208415754,0.6621949194401727,0.6491569470783393,1.0,0.9137228430141442,-0.40633799496742806,0.0,1.0,0.0,0.0,0.0,0.0,0.0,0.0,0.0,0.0,0.0,0.0,0.0,0.0,1.0,0.0,0.0,0.0,0.0,0.0,1.0,0.0,0.0,0.0
-1.3117721282376977,-0.05212302461519038,0.5171986663294205,0.49549449051178135,1.0,0.8482407241728221,0.529610870219604,0.0,0.0,1.0,0.0,0.0,0.0,0.0,0.0,0.0,1.0,0.0,0.0,0.0,0.0,0.0,0.0,0.0,0.0,1.0,0.0,0.0,0.0,0.0,1.0
-1.1116478747840373,0.3216660960202623,0.35773947681758944,0.3451207873176416,0.0,0.08288067958163489,0.9965594778798135,1.0,0.0,0.0,0.0,0.0,0.0,0.0,0.0,1.0,0.0,0.0,0.0,0.0,0.0,0.0,0.0,0.0,0.0,0.0,0.0,1.0,0.0,0.0,1.0
-0.2340058849556472,1.2757944312222498,0.8190296748142274,0.8135780893003962,1.0,0.9728095742864881,0.23160641652713734,0.0,1.0,0.0,0.0,0.0,0.0,0.0,0.0,0.0,0.0,1.0,0.0,0.0,0.0,0.0,0.0,0.0,1.0,0.0,0.0,0.0,0.0,0.0,1.0
0.0,-0.15445116543674947,-0.03672080792463449,-0.060470093415469404,0.0,0.04238425611947917,0.9991013836609368,0.0,1.0,0.0,0.0,0.0,0.0,0.0,0.0,0.0,0.0,0.0,0.0,0.0,0.0,1.0,0.0,0.0,1.0,0.0,0.0,0.0,1.0,0.0,0.0
0.16680608511865985,-0.4801609510864971,-0.7690774010434808,-0.8132806141209815,1.0,-0.7991166719278784,0.6011759681215738,0.0,1.0,0.0,0.0,0.0,0.0,0.0,0.0,1.0,0.0,0.0,0.0,0.0,0.0,0.0,0.0,0.0,0.0,1.0,0.0,0.0,0.0,0.0,1.0
-0.13238608689427253,1.358109629282339,-0.9043478501569084,-0.9535236348161645,-0.5,-0.9838980381959088,-0.178730664504561,0.0,1.0,0.0,0.0,0.0,0.0,1.0,0.0,0.0,0.0,0.0,0.0,0.0,0.0,0.0,0.0,0.0,0.0,1.0,0.0,0.0,0.0,0.0,1.0
0.9296779802497352,0.27821649242121277,-0.38302784742710844,-0.3889983762813123,0.0,-0.3648090750832433,-0.931082347989107,0.0,1.0,0.0,0.0,0.0,0.0,0.0,0.0,0.0,0.0,0.0,0.0,1.0,0.0,0.0,0.0,0.0,1.0,0.0,0.0,0.0,0.0,0.0,0.0
0.31315116701031886,-0.4652192555612999,-0.8526721727465664,-0.8768411441225927,-0.5,0.47651954030419663,0.8791638798928657,1.0,0.0,0.0,0.0,0.0,0.0,0.0,0.0,0.0,0.0,0.0,0.0,0.0,0.0,1.0,0.0,0.0,0.0,0.0,0.0,1.0,0.0,0.0,0.0
0.7023173224422037,-0.34399513601897386,0.057129616019808115,0.05868524233898122,1.0,-0.7509760819432414,-0.6603294059400793,0.0,0.0,0.0,0.0,0.0,1.0,0.0,0.0,0.0,0.0,0.0,0.0,0.0,0.0,0.0,0.0,0.0,0.0,1.0,0.0,0.0,0.0,0.0,0.0
0.6627207895094407,1.0669606558047875,-0.9993419954900079,-1.014390361804187,0.0,-0.9624552364536472,0.2714404498650747,0.0,1.0,0.0,0.0,0.0,0.0,1.0,0.0,0.0,0.0,0.0,0.0,0.0,0.0,0.0,0.0,0.0,0.0,1.0,0.0,0.0,0.0,0.0,0.0
-0.27871316790277884,-0.4895443681077957,-0.12890733632777523,-0.1576618450898003,-0.5,0.6564979901753337,-0.7543277728519263,0.0,0.0,1.0,0.0,0.0,1.0,0.0,0.0,0.0,0.0,0.0,0.0,0.0,0.0,0.0,0.0,0.0,0.0,0.0,0.0,1.0,0.0,0.0,1.0
-0.22241279442234713,-0.05839861077867161,-0.6668718148589671,-0.6937451711928342,-0.5,0.5627448149040695,-0.8266306752707551,0.0,0.0,0.0,0.0,0.0,0.0,0.0,0.0,1.0,0.0,0.0,0.0,0.0,0.0,0.0,0.0,0.0,0.0,0.0,1.0,0.0,0.0,0.0,1.0
-0.6150827261970853,0.7022668364308438,-0.2819917911765833,-0.2971611778364464,2.5,0.2676588137302324,-0.9635137567427488,0.0,1.0,0.0,0.0,0.0,0.0,0.0,0.0,0.0,1.0,0.0,0.0,0.0,0.0,0.0,0.0,0.0,0.0,0.0,1.0,0.0,0.0,0.0,0.0
0.5547560474371217,0.6676601590246822,0.34004874585363215,0.3461619504455931,1.0,-0.58707902805724,-0.8095296256563848,0.0,0.0,1.0,0.0,0.0,0.0,0.0,0.0,0.0,0.0,0.0,0.0,0.0,1.0,0.0,0.0,0.0,0.0,0.0,0.0,1.0,0.0,1.0,0.0
-0.8406055132015832,-0.3041991132552065,-0.31708028883052003,-0.35708590008965563,0.0,0.7638429656225723,0.6454021412026102,1.0,0.0,0.0,0.0,0.0,0.0,0.0,0.0,0.0,0.0,0.0,0.0,1.0,0.0,0.0,0.0,0.0,0.0,0.0,0.0,1.0,0.0,0.0,0.0
-0.6467863366586479,0.23375122277745924,-0.3365949849689445,-0.35640831773654436,1.0,-0.7288192650633857,-0.6847061259200667,0.0,0.0,1.0,0.0,0.0,0.0,0.0,0.0,0.0,0.0,0.0,1.0,0.0,0.0,0.0,0.0,0.0,0.0,1.0,0.0,0.0,0.0,0.0,0.0
-0.10950232467533699,0.9406783717798161,0.9802387921768113,0.9821143048376901,0.0,-0.074616135131259,-0.9972123306388032,0.0,0.0,1.0,0.0,0.0,0.0,0.0,0.0,1.0,0.0,0.0,0.0,0.0,0.0,0.0,0.0,0.0,0.0,0.0,0.0,1.0,0.0,0.0,0.0
0.01898278167315912,-0.47252329877260507,0.4288243436133285,0.42286096753802105,0.0,-0.9361618427215854,-0.35156934484127816,0.0,0.0,1.0,0.0,0.0,0.0,0.0,0.0,0.0,0.0,0.0,0.0,0.0,0.0,1.0,0.0,0.0,0.0,0.0,0.0,1.0,0.0,0.0,0.0
0.37034224269837435,0.43363689998761235,0.013233736739699936,0.021914004883550848,2.5,0.6894088615066944,-0.724372432990132,0.0,1.0,0.0,0.0,0.0,0.0,0.0,0.0,0.0,1.0,0.0,0.0,0.0,0.0,0.0,0.0,0.0,0.0,0.0,0.0,1.0,0.0,0.0,0.0
-0.08942364582115343,2.0336186659373667,0.14607871233971567,0.1319467684692837,-0.5,0.845805423843768,-0.5334915041464708,0.0,0.0,0.0,0.0,0.0,0.0,0.0,0.0,0.0,0.0,0.0,0.0,0.0,0.0,0.0,0.0,0.0,0.0,0.0,0.0,1.0,0.0,0.0,1.0
-0.312618288974311,-0.300064969396056,0.22882449746867853,0.2175039353487277,0.0,0.5526644777167219,-0.8334038487252762,1.0,0.0,0.0,0.0,0.0,0.0,0.0,0.0,0.0,0.0,0.0,1.0,0.0,0.0,0.0,0.0,0.0,0.0,1.0,0.0,0.0,0.0,0.0,1.0
0.4730806586619349,-0.4944581938635974,-0.9789097543344141,-1.0063254791622769,0.0,0.9374086719019841,-0.3482312189378753,0.0,1.0,0.0,0.0,0.0,1.0,0.0,0.0,0.0,0.0,0.0,0.0,0.0,0.0,0.0,0.0,0.0,0.0,1.0,0.0,0.0,1.0,0.0,0.0
0.618405500344806,-0.013807515075529728,-0.8659867734622724,-0.8902275271962551,0.0,-0.3601324969031452,-0.9329011655445104,0.0,1.0,0.0,0.0,0.0,0.0,0.0,0.0,0.0,0.0,0.0,0.0,1.0,0.0,0.0,0.0,0.0,0.0,1.0,0.0,0.0,0.0,0.0,0.0
-1.067959553247554,0.0,0.2876424687162502,0.27197494597933386,0.0,-0.8627343859777922,0.5056573733779839,0.0,0.0,1.0,0.0,0.0,0.0,0.0,0.0,1.0,0.0,0.0,0.0,0.0,0.0,0.0,0.0,0.0,0.0,1.0,0.0,0.0,0.0,0.0,0.0
0.7372520035818104,0.9430566741599671,-0.2896955355658776,-0.3009622495734123,0.0,-0.9472802021074201,-0.3204063337315996,0.0,0.0,1.0,0.0,0.0,0.0,0.0,0.0,0.0,0.0,0.0,0.0,1.0,0.0,0.0,0.0,0.0,0.0,1.0,0.0,0.0,0.0,0.0,0.0
-0.2876222621975179,0.12878819837537567,-0.9163162978505155,-0.9528295260641968,-0.5,-0.8364057549711942,-0.5481107671365949,0.0,1.0,0.0,0.0,1.0,0.0,0.0,0.0,0.0,0.0,0.0,0.0,0.0,0.0,0.0,0.0,0.0,0.0,0.0,0.0,0.0,0.0,0.0,1.0
1.1462431723201105,0.02107367945988477,-0.42546384478371335,-0.41811789106624186,0.0,-0.9672677527758767,-0.25375794458480583,1.0,0.0,0.0,0.0,0.0,0.0,1.0,0.0,0.0,0.0,0.0,0.0,0.0,0.0,0.0,0.0,0.0,0.0,0.0,0.0,1.0,0.0,0.0,0.0
-0.5008887007067497,0.7467451283277213,-0.7645617893511603,-0.8179741113961914,-0.5,0.7914902866480328,0.6111817455894891,0.0,1.0,0.0,0.0,0.0,0.0,0.0,0.0,0.0,0.0,0.0,0.0,0.0,0.0,1.0,0.0,0.0,0.0,0.0,0.0,1.0,0.0,1.0,0.0
-0.710766154198828,-0.1308924717024684,0.8293004262974316,0.8177427418122022,-0.5,0.8584008338792711,0.5129795399383605,0.0,0.0,1.0,0.0,0.0,0.0,1.0,0.0,0.0,0.0,0.0,0.0,0.0,0.0,0.0,0.0,0.0,0.0,0.0,1.0,0.0,0.0,0.0,1.0
0.41646863581372084,-0.23924935252971696,-0.6172630443673591,-0.6321017034585621,-0.5,0.6587441755331492,0.7523670056569144,0.0,1.0,0.0,0.0,0.0,0.0,0.0,0.0,0.0,0.0,0.0,0.0,0.0,0.0,1.0,0.0,0.0,0.0,0.0,0.0,0.0,0.0,0.0,1.0
1.5628474915235762,0.14744055093231798,-0.7373743567534521,-0.6909026305895379,1.0,-0.26071513589451395,0.9654157746357293,0.0,0.0,1.0,0.0,0.0,0.0,0.0,1.0,0.0,0.0,0.0,0.0,0.0,0.0,0.0,0.0,0.0,0.0,0.0,0.0,1.0,0.0,0.0,1.0
-1.0343380021732178,0.0,0.24096290169693366,0.219553208806918,0.0,0.3591146455336279,-0.9332934540450055,1.0,0.0,0.0,0.0,0.0,0.0,0.0,0.0,0.0,0.0,0.0,0.0,1.0,0.0,0.0,0.0,0.0,1.0,0.0,0.0,0.0,0.0,0.0,0.0
0.5605675749179535,-0.6794434051955278,0.02955745478193756,0.0232030639943481,1.0,0.7247733921981108,-0.6889873220616207,1.0,0.0,0.0,0.0,0.0,0.0,0.0,0.0,0.0,0.0,0.0,0.0,1.0,0.0,0.0,0.0,0.0,0.0,1.0,0.0,0.0,0.0,0.0,0.0
0.35059560980953736,-0.6793191250340284,0.1390968177638959,0.12244408912686909,1.0,-0.21381189838325002,-0.976874849768255,0.0,1.0,0.0,0.0,0.0,0.0,0.0,0.0,0.0,0.0,1.0,0.0,0.0,0.0,0.0,0.0,0.0,0.0,1.0,0.0,0.0,0.0,0.0,0.0
-0.08302688470070828,0.10859102511103727,-0.14475440468325707,-0.17205633849370142,1.0,0.9918296312812085,-0.12756952031179733,1.0,0.0,0.0,0.0,0.0,0.0,0.0,1.0,0.0,0.0,0.0,0.0,0.0,0.0,0.0,0.0,0.0,0.0,0.0,0.0,1.0,0.0,0.0,1.0
1.5177570132824965,0.37339814638724156,-0.08144612744431035,-0.032358688960778606,0.0,-0.9667118373348275,-0.2558675898911819,0.0,1.0,0.0,0.0,0.0,0.0,1.0,0.0,0.0,0.0,0.0,0.0,0.0,0.0,0.0,0.0,0.0,1.0,0.0,0.0,0.0,0.0,0.0,0.0
-1.153792281638759,2.4740252665703024,0.5504536961762159,0.534711634997955,0.0,0.2670982188839979,-0.9636693112624247,0.0,1.0,0.0,0.0,1.0,0.0,0.0,0.0,0.0,0.0,0.0,0.0,0.0,0.0,0.0,0.0,0.0,1.0,0.0,0.0,0.0,0.0,0.0,0.0
0.7702180587952676,0.6784401695757539,-0.5827980360942159,-0.6009494416142985,0.0,0.9968657688548647,0.07911155974571349,0.0,0.0,0.0,0.0,0.0,0.0,0.0,1.0,0.0,0.0,0.0,0.0,0.0,0.0,0.0,0.0,0.0,0.0,1.0,0.0,0.0,1.0,0.0,0.0
0.6631504587544405,0.4814647050924053,-0.22468541780993076,-0.23414601899709542,1.0,0.6679949231658011,0.7441658300571959,0.0,1.0,0.0,0.0,0.0,0.0,0.0,0.0,0.0,0.0,0.0,0.0,1.0,0.0,0.0,0.0,0.0,0.0,1.0,0.0,0.0,0.0,0.0,0.0
0.8356566830572094,-0.22203593617406817,0.9134748775527387,0.9228010593421669,0.0,-0.946696121748228,-0.3221280072686389,0.0,0.0,1.0,0.0,0.0,0.0,0.0,0.0,0.0,0.0,0.0,0.0,0.0,0.0,0.0,1.0,0.0,0.0,0.0,0.0,1.0,0.0,1.0,0.0
0.7381570365107837,-0.5334031037955147,-0.6435013229123149,-0.6447113457859748,1.0,-0.16891945778695455,0.9856298578984716,0.0,0.0,0.0,0.0,0.0,0.0,0.0,0.0,0.0,0.0,0.0,0.0,0.0,0.0,1.0,0.0,0.0,0.0,1.0,0.0,0.0,0.0,1.0,0.0
0.11004468152844732,0.9924597866818503,-0.4330468699171173,-0.4502617368418878,1.0,0.35857161666859144,0.93350222052209,0.0,0.0,1.0,0.0,0.0,0.0,0.0,0.0,0.0,0.0,0.0,0.0,0.0,1.0,0.0,0.0,0.0,0.0,0.0,0.0,1.0,0.0,0.0,0.0
-0.272811814158368,1.6610865231536356,-0.6402950198436289,-0.6906877874044051,-0.5,-0.9286747529883077,0.370895137690029,0.0,0.0,1.0,0.0,0.0,0.0,0.0,0.0,0.0,0.0,0.0,0.0,0.0,1.0,0.0,0.0,0.0,1.0,0.0,0.0,0.0,0.0,0.0,0.0
-0.4754018348171483,0.003053187103595652,-0.9871827198453041,-1.020505129381045,-0.5,0.8290375725550417,-0.5591929034707467,0.0,1.0,0.0,0.0,0.0,0.0,0.0,0.0,0.0,0.0,0.0,0.0,1.0,0.0,0.0,0.0,0.0,1.0,0.0,0.0,0.0,0.0,0.0,0.0
0.37113281306398904,-0.35449637186994903,-0.4815983125313107,-0.5058400161958708,1.0,-0.7282214688101443,0.6853418799139566,0.0,1.0,0.0,0.0,0.0,0.0,0.0,1.0,0.0,0.0,0.0,0.0,0.0,0.0,0.0,0.0,0.0,1.0,0.0,0.0,0.0,0.0,0.0,1.0
-0.06427778516899223,-0.3802152272286148,-0.9345184615769605,-0.9750905853237315,0.0,0.39734810418106825,-0.9176679596148658,0.0,0.0,0.0,0.0,0.0,0.0,0.0,0.0,0.0,0.0,0.0,0.0,0.0,0.0,0.0,1.0,0.0,0.0,0.0,1.0,0.0,0.0,0.0,1.0
-0.20796162371947435,-0.5162366216742998,-0.7150815706619946,-0.742184046240864,-0.5,0.9995019812842525,-0.0315561310818314,0.0,1.0,0.0,0.0,0.0,0.0,0.0,0.0,0.0,0.0,0.0,0.0,1.0,0.0,0.0,0.0,0.0,0.0,0.0,0.0,1.0,0.0,1.0,0.0
-0.4387230860431486,-0.3554543283270363,-0.293318671574229,-0.3216037217450224,1.0,-0.7210047877526806,0.6929300801940351,0.0,0.0,1.0,0.0,0.0,0.0,0.0,0.0,0.0,0.0,0.0,1.0,0.0,0.0,0.0,0.0,0.0,1.0,0.0,0.0,0.0,1.0,0.0,0.0
-0.3421823413006968,0.2621299101640437,-0.9867250178247597,-1.0293302263703483,-0.5,0.6689144059852838,-0.7433394362371439,1.0,0.0,0.0,0.0,0.0,1.0,0.0,0.0,0.0,0.0,0.0,0.0,0.0,0.0,0.0,0.0,0.0,0.0,0.0,0.0,1.0,0.0,0.0,1.0
0.5139600123812481,1.1804461686327452,0.4980549895865259,0.48741308147101486,2.5,0.9511463654565518,0.3087403301786009,1.0,0.0,0.0,0.0,0.0,0.0,0.0,0.0,0.0,1.0,0.0,0.0,0.0,0.0,0.0,0.0,0.0,0.0,1.0,0.0,0.0,0.0,0.0,0.0
-0.04655573445694445,1.4852240864470243,0.5845023405871265,0.5845056747522075,1.0,0.9799681766359863,-0.19915414326782205,0.0,0.0,1.0,0.0,0.0,0.0,0.0,0.0,0.0,1.0,0.0,0.0,0.0,0.0,0.0,0.0,0.0,0.0,1.0,0.0,0.0,0.0,0.0,0.0
0.0,0.0,-0.19450358154424854,-0.23498886533877042,1.0,0.6787473422982327,0.7343718712771382,0.0,0.0,0.0,0.0,0.0,0.0,0.0,0.0,0.0,0.0,0.0,0.0,0.0,0.0,1.0,0.0,0.0,0.0,1.0,0.0,0.0,0.0,1.0,0.0
0.0,0.0,0.9679005182745095,0.9603655639427032,-0.5,-0.11537058017439153,0.9933225202471876,0.0,0.0,0.0,0.0,0.0,0.0,0.0,0.0,0.0,0.0,1.0,0.0,0.0,0.0,0.0,0.0,0.0,0.0,0.0,0.0,1.0,0.0,0.0,0.0
0.39578605867909983,-0.5631291514188809,0.3480782562134349,0.3332713593376221,-0.5,0.3228852066539807,-0.9464381349692204,0.0,0.0,0.0,0.0,0.0,0.0,0.0,0.0,1.0,0.0,0.0,0.0,0.0,0.0,0.0,0.0,0.0,0.0,0.0,0.0,1.0,0.0,0.0,0.0
-0.7186292096514411,-0.5412558944710422,0.4793292163969235,0.46777971962964354,0.0,-0.8942193513011627,0.4476290336411702,0.0,0.0,1.0,0.0,0.0,0.0,0.0,0.0,0.0,0.0,0.0,0.0,0.0,0.0,0.0,0.0,0.0,1.0,0.0,0.0,0.0,0.0,0.0,1.0
0.8447402393833909,-0.5419329794071661,-0.638807676714432,-0.6435379714671724,-0.5,0.17371979444848704,-0.9847951223563078,0.0,1.0,0.0,0.0,0.0,1.0,0.0,0.0,0.0,0.0,0.0,0.0,0.0,0.0,0.0,0.0,0.0,0.0,1.0,0.0,0.0,0.0,0.0,1.0
0.8653357060913257,0.056077627505201656,0.6693602734296433,0.6843581766424144,0.0,0.37305525574593495,0.9278091270085325,0.0,1.0,0.0,0.0,0.0,0.0,0.0,0.0,0.0,1.0,0.0,0.0,0.0,0.0,0.0,0.0,0.0,0.0,1.0,0.0,0.0,1.0,0.0,0.0
-0.9344761368380077,0.7524307392293843,0.8875624652345521,0.8876824617723739,0.0,0.6765011685618798,-0.736441558397142,0.0,0.0,0.0,0.0,1.0,0.0,0.0,0.0,0.0,0.0,0.0,0.0,0.0,0.0,0.0,0.0,0.0,0.0,0.0,1.0,0.0,0.0,0.0,1.0
-0.5734130324301129,0.25358402821584786,-0.5495675348636204,-0.5807707086106669,-0.5,0.9988061373414341,0.04884976979561317,0.0,0.0,1.0,0.0,0.0,0.0,0.0,0.0,0.0,0.0,0.0,0.0,0.0,1.0,0.0,0.0,0.0,0.0,1.0,0.0,0.0,0.0,0.0,0.0
-0.5467768998230992,-0.36095285863917886,0.3632262141253837,0.35027702376083003,-0.5,0.09570097699844664,0.9954101280384597,0.0,1.0,0.0,0.0,0.0,0.0,0.0,0.0,0.0,0.0,0.0,0.0,0.0,0.0,0.0,1.0,0.0,0.0,0.0,0.0,1.0,1.0,0.0,0.0
0.8859481876922245,-0.16600788584851361,0.4858571084179438,0.5107979358527829,1.0,-0.7336804521967831,-0.6794946608063405,0.0,1.0,0.0,0.0,0.0,0.0,0.0,1.0,0.0,0.0,0.0,0.0,0.0,0.0,0.0,0.0,0.0,0.0,0.0,0.0,1.0,0.0,0.0,0.0
-0.4649035114427706,-0.0027145303019845118,-0.409939648196838,-0.4434363341142056,-0.5,0.45061787892756705,-0.8927169356469163,0.0,0.0,1.0,0.0,0.0,0.0,0.0,0.0,0.0,0.0,0.0,0.0,0.0,0.0,1.0,0.0,0.0,0.0,0.0,0.0,1.0,0.0,0.0,0.0
0.44812117488862485,-0.22866322606687203,-0.06554930215489545,-0.09025066415465406,-0.5,0.8646769124533675,0.5023284155511326,0.0,1.0,0.0,0.0,0.0,0.0,0.0,1.0,0.0,0.0,0.0,0.0,0.0,0.0,0.0,0.0,0.0,0.0,1.0,0.0,0.0,0.0,0.0,1.0
-0.5078953082254793,-0.1657601590193431,-0.8309586410256081,-0.8698670038052032,1.0,-0.9856175711226114,-0.1689911343661678,0.0,1.0,0.0,0.0,0.0,0.0,0.0,0.0,0.0,0.0,0.0,0.0,0.0,0.0,0.0,1.0,0.0,0.0,1.0,0.0,0.0,0.0,0.0,0.0
0.7417878937541313,0.5519309923760041,-0.6777516039840855,-0.6971330829583906,2.5,-0.9904393681567033,0.13794875137292992,0.0,0.0,1.0,0.0,0.0,0.0,0.0,0.0,0.0,0.0,0.0,0.0,0.0,1.0,0.0,0.0,0.0,0.0,1.0,0.0,0.0,0.0,0.0,1.0
0.8181347277709841,0.07060002921917422,-0.9038934066245327,-0.9317087883257519,0.0,-0.20136285952435565,-0.9795167169600397,0.0,0.0,1.0,0.0,0.0,0.0,0.0,0.0,0.0,0.0,0.0,0.0,0.0,0.0,1.0,0.0,0.0,0.0,0.0,0.0,1.0,0.0,0.0,0.0
1.2022147151302844,0.584718163421756,0.10712557763643363,0.13586352499824414,-0.5,0.9557716290551241,-0.2941098316842096,0.0,0.0,1.0,0.0,1.0,0.0,0.0,0.0,0.0,0.0,0.0,0.0,0.0,0.0,0.0,0.0,0.0,0.0,0.0,0.0,1.0,0.0,0.0,1.0
-0.18065553129417117,0.028269366152782395,0.2391259354451718,0.2238335461107187,0.0,-0.46278038440112823,0.8864729639495748,0.0,1.0,0.0,0.0,0.0,0.0,0.0,0.0,0.0,0.0,0.0,0.0,0.0,0.0,0.0,0.0,0.0,0.0,1.0,0.0,0.0,0.0,0.0,0.0
-0.05784610438263291,-0.024845331396626653,0.828906520742411,0.8107355486971,2.5,0.6452354811605208,-0.763983752347883,0.0,0.0,1.0,0.0,0.0,0.0,0.0,0.0,0.0,0.0,0.0,0.0,0.0,1.0,0.0,0.0,0.0,0.0,0.0,0.0,1.0,0.0,1.0,0.0
-0.15808806043542512,-0.4446951758967103,0.07066550491679424,0.06519664348839235,1.0,-0.9923947291794132,0.1230963098428187,0.0,1.0,0.0,0.0,0.0,0.0,0.0,1.0,0.0,0.0,0.0,0.0,0.0,0.0,0.0,0.0,0.0,1.0,0.0,0.0,0.0,0.0,1.0,0.0
-0.04100821981591361,0.9721733199127199,-0.5002911071970134,-0.5340175262459871,1.0,-0.3769653123835527,0.9262273766519593,1.0,0.0,0.0,0.0,0.0,0.0,0.0,0.0,0.0,0.0,0.0,0.0,0.0,0.0,1.0,0.0,0.0,0.0,1.0,0.0,0.0,0.0,0.0,0.0
-0.35421288738340495,0.1798865107119884,-0.9081455225783741,-0.9512595181728413,0.0,0.929990494711726,0.36758356838389705,0.0,0.0,0.0,0.0,0.0,0.0,0.0,1.0,0.0,0.0,0.0,0.0,0.0,0.0,0.0,0.0,0.0,0.0,0.0,0.0,1.0,0.0,0.0,0.0
0.7276666211856484,-0.5334324403427343,0.7657090232024893,0.785169209666291,0.0,0.7514560884192492,0.6597831061626552,0.0,0.0,1.0,0.0,0.0,0.0,0.0,0.0,0.0,0.0,0.0,0.0,0.0,0.0,1.0,0.0,0.0,1.0,0.0,0.0,0.0,0.0,0.0,0.0
-0.5703803313418045,-0.05454892042929814,-0.05774439211470234,-0.07762449542838477,-0.5,0.307840991240412,-0.9514378193618964,0.0,0.0,0.0,0.0,0.0,1.0,0.0,0.0,0.0,0.0,0.0,0.0,0.0,0.0,0.0,0.0,0.0,0.0,1.0,0.0,0.0,0.0,0.0,0.0
-0.1619066447871429,-0.11841689469028832,0.4663521953545929,0.4644744398583689,1.0,-0.7549957681242462,0.6557296623719866,0.0,0.0,1.0,0.0,0.0,0.0,0.0,0.0,0.0,0.0,0.0,0.0,1.0,0.0,0.0,0.0,0.0,0.0,1.0,0.0,0.0,0.0,1.0,0.0
0.0788699170576343,1.2681917266423894,-0.9990371643646718,-1.0526324487578345,1.0,-0.883049994651958,0.4692789223320998,0.0,0.0,1.0,0.0,0.0,0.0,0.0,0.0,0.0,0.0,1.0,0.0,0.0,0.0,0.0,0.0,0.0,0.0,0.0,0.0,1.0,0.0,0.0,1.0
0.298373105495393,-0.29176687149036923,-0.03892528996811169,-0.05559480575283942,2.5,-0.2659767581720733,-0.9639794417477348,0.0,1.0,0.0,0.0,0.0,1.0,0.0,0.0,0.0,0.0,0.0,0.0,0.0,0.0,0.0,0.0,0.0,0.0,0.0,1.0,0.0,0.0,0.0,0.0
-0.8208300935470658,-0.5294054645621717,-0.3682626741125665,-0.3973772605014936,0.0,-0.3482993882993455,0.937383345334395,1.0,0.0,0.0,0.0,0.0,0.0,0.0,1.0,0.0,0.0,0.0,0.0,0.0,0.0,0.0,0.0,0.0,1.0,0.0,0.0,0.0,0.0,0.0,0.0
-0.23222216029823908,0.2723583427068445,-0.967238361840023,-0.9947074207662465,-0.5,0.9516837700341189,-0.30707979720855366,0.0,1.0,0.0,0.0,1.0,0.0,0.0,0.0,0.0,0.0,0.0,0.0,0.0,0.0,0.0,0.0,0.0,0.0,0.0,0.0,1.0,0.0,0.0,0.0
-0.0440780945488182,0.9300221172521553,0.5441175304666162,0.5288612898027988,0.0,-0.5675444066920352,0.8233427879277171,0.0,1.0,0.0,0.0,0.0,0.0,0.0,0.0,0.0,1.0,0.0,0.0,0.0,0.0,0.0,0.0,0.0,1.0,0.0,0.0,0.0,0.0,0.0,1.0
0.5331180996693918,-0.5787234814780733,0.011286990592206014,0.00023136958398920225,1.0,0.8804428745135218,-0.4741522379134859,0.0,0.0,1.0,0.0,0.0,0.0,0.0,1.0,0.0,0.0,0.0,0.0,0.0,0.0,0.0,0.0,0.0,0.0,0.0,0.0,1.0,0.0,0.0,0.0
-0.20992373795757835,-0.532662779452523,-0.353140589613777,-0.37857021860294077,1.0,-0.7176706701241876,-0.6963826600680831,1.0,0.0,0.0,0.0,0.0,0.0,0.0,0.0,0.0,0.0,0.0,1.0,0.0,0.0,0.0,0.0,0.0,0.0,0.0,0.0,1.0,1.0,0.0,0.0
-0.13215634736029505,-0.002622687160228126,0.6052044511455827,0.6034614542404676,-0.5,0.11276967549959833,0.9936211553140942,0.0,0.0,0.0,0.0,0.0,0.0,0.0,1.0,0.0,0.0,0.0,0.0,0.0,0.0,0.0,0.0,0.0,0.0,0.0,0.0,1.0,0.0,1.0,0.0
0.03885853148639557,1.2882651416178337,-0.12249938558664603,-0.15141486632209125,0.0,-0.8898149277675995,0.4563215909004763,0.0,0.0,1.0,0.0,0.0,0.0,0.0,1.0,0.0,0.0,0.0,0.0,0.0,0.0,0.0,0.0,0.0,0.0,1.0,0.0,0.0,0.0,0.0,0.0
0.7216414432293883,-0.038319824532194575,0.0,0.0,0.0,-0.7746226510345015,0.6324237096316686,0.0,0.0,0.0,0.0,0.0,0.0,0.0,0.0,0.0,0.0,0.0,0.0,0.0,1.0,0.0,0.0,0.0,1.0,0.0,0.0,0.0,0.0,0.0,1.0
-1.2036346628162822,-0.4665172493962386,0.8863483258703072,0.8736680755421694,0.0,-0.6158906723115611,-0.7878316316064069,1.0,0.0,0.0,0.0,1.0,0.0,0.0,0.0,0.0,0.0,0.0,0.0,0.0,0.0,0.0,0.0,0.0,0.0,0.0,0.0,1.0,1.0,0.0,0.0
0.016186942283484503,-0.06455430203003945,-0.5102850685819874,-0.5344472126162529,1.0,-0.7738402097265061,-0.6333808726275503,0.0,0.0,1.0,0.0,0.0,0.0,0.0,0.0,0.0,0.0,0.0,0.0,0.0,0.0,0.0,1.0,0.0,0.0,0.0,0.0,1.0,0.0,0.0,1.0
0.8140175011835091,0.527199060568656,0.6554457444046369,0.6666914562649514,0.0,0.13326548673308075,0.9910803751693377,1.0,0.0,0.0,0.0,0.0,0.0,0.0,0.0,0.0,0.0,0.0,0.0,0.0,0.0,1.0,0.0,0.0,0.0,0.0,1.0,0.0,0.0,0.0,0.0
-0.6112645621619384,-0.2052697834651405,0.6267327222722818,0.6181534228237832,1.0,-0.2531951681048018,-0.9674152194628639,0.0,1.0,0.0,0.0,0.0,0.0,0.0,0.0,0.0,0.0,0.0,0.0,1.0,0.0,0.0,0.0,0.0,0.0,1.0,0.0,0.0,0.0,0.0,0.0
-0.5655242255585403,-0.37374095099280596,-0.6994907037440348,-0.7330945268698588,0.0,-0.617550790712162,0.7865310044052831,0.0,0.0,1.0,0.0,0.0,0.0,0.0,0.0,0.0,0.0,0.0,1.0,0.0,0.0,0.0,0.0,0.0,0.0,1.0,0.0,0.0,0.0,1.0,0.0
0.8563296934603528,1.2580989283705597,-0.06758985624040774,-0.05594186012882313,1.0,0.7776491329256681,-0.6286985176218859,1.0,0.0,0.0,0.0,0.0,0.0,0.0,0.0,0.0,0.0,0.0,0.0,0.0,0.0,0.0,1.0,0.0,0.0,1.0,0.0,0.0,0.0,0.0,1.0
-0.30273613408611316,0.009790403819132239,-0.9472292589752922,-0.9875680164602932,0.0,-0.7207527836081401,-0.6931921991202133,0.0,1.0,0.0,0.0,0.0,0.0,1.0,0.0,0.0,0.0,0.0,0.0,0.0,0.0,0.0,0.0,0.0,1.0,0.0,0.0,0.0,0.0,0.0,1.0
-0.2827399177739702,-0.45241263036163415,-0.30980497096237564,-0.3386754917636559,1.0,0.7597916463497774,0.6501666356689605,0.0,0.0,1.0,0.0,1.0,0.0,0.0,0.0,0.0,0.0,0.0,0.0,0.0,0.0,0.0,0.0,0.0,1.0,0.0,0.0,0.0,0.0,1.0,0.0
0.14065135577092686,-0.5941956460201909,0.4534899694493885,0.45464123253882677,0.0,-0.9653209121192746,-0.26106615373351594,0.0,1.0,0.0,0.0,0.0,0.0,1.0,0.0,0.0,0.0,0.0,0.0,0.0,0.0,0.0,0.0,0.0,0.0,1.0,0.0,0.0,0.0,1.0,0.0
-1.4321494066199603,0.0,-0.548027867716436,-0.5713506612625342,0.0,0.6822110733736938,-0.731155285398603,1.0,0.0,0.0,0.0,0.0,0.0,0.0,0.0,0.0,0.0,0.0,0.0,0.0,1.0,0.0,0.0,0.0,1.0,0.0,0.0,0.0,1.0,0.0,0.0
-1.1169875354036884,0.0,-0.7912376499109753,-0.833409767928044,-0.5,0.9798230885408726,-0.19986674351233455,1.0,0.0,0.0,0.0,1.0,0.0,0.0,0.0,0.0,0.0,0.0,0.0,0.0,0.0,0.0,0.0,0.0,0.0,0.0,0.0,1.0,0.0,0.0,0.0
0.36497255250318505,0.7951226631787345,-0.0004294749980660262,-0.00702371951395861,0.0,0.895873374937219,-0.44430945981218656,0.0,1.0,0.0,0.0,0.0,0.0,0.0,0.0,0.0,0.0,0.0,1.0,0.0,0.0,0.0,0.0,0.0,1.0,0.0,0.0,0.0,0.0,0.0,1.0
-0.23152771428793886,-0.24333203132213646,0.0601244686530373,0.03399480244755976,0.0,0.0926602281082433,-0.99569778654315,1.0,0.0,0.0,0.0,0.0,0.0,0.0,0.0,0.0,0.0,0.0,0.0,0.0,0.0,0.0,0.0,1.0,0.0,0.0,0.0,1.0,0.0,0.0,1.0
-0.17288787735312375,-0.2861328705558027,0.34166050512847584,0.3341142056792971,0.0,0.9999735576321774,0.007272141118421617,0.0,1.0,0.0,0.0,0.0,0.0,0.0,0.0,0.0,0.0,0.0,0.0,0.0,0.0,1.0,0.0,0.0,0.0,0.0,0.0,1.0,0.0,1.0,0.0
-0.505444533031475,2.128687165613368,0.510588792816619,0.5056912786061636,2.5,0.9986635746648053,-0.05168234357798505,0.0,1.0,0.0,0.0,0.0,0.0,0.0,0.0,0.0,0.0,1.0,0.0,0.0,0.0,0.0,0.0,0.0,0.0,0.0,1.0,0.0,0.0,0.0,1.0
-0.2522357423375225,0.8380476036879588,0.38217588775552835,0.3666712114263522,-0.5,-0.5958745230144652,0.8030775509390632,1.0,0.0,0.0,0.0,1.0,0.0,0.0,0.0,0.0,0.0,0.0,0.0,0.0,0.0,0.0,0.0,0.0,0.0,1.0,0.0,0.0,0.0,0.0,0.0
0.8314999685940139,0.21291656000078318,0.6855306278058864,0.7088172469498467,1.0,0.1416211601371638,0.989920929671357,0.0,0.0,1.0,0.0,0.0,0.0,0.0,0.0,0.0,0.0,0.0,0.0,0.0,0.0,1.0,0.0,0.0,0.0,1.0,0.0,0.0,0.0,1.0,0.0
0.034899443099308466,-0.48054124482176924,-0.5767467050839908,-0.6071964203820077,2.5,-0.06525799584154604,0.9978684251837738,0.0,0.0,1.0,0.0,0.0,0.0,0.0,0.0,0.0,0.0,0.0,1.0,0.0,0.0,0.0,0.0,0.0,0.0,0.0,0.0,1.0,0.0,0.0,1.0
0.729554592667153,-0.4898844062929989,0.126594389800181,0.12662526803753146,-0.5,-0.7839644095628368,-0.6208057703813591,0.0,0.0,0.0,0.0,0.0,1.0,0.0,0.0,0.0,0.0,0.0,0.0,0.0,0.0,0.0,0.0,0.0,0.0,0.0,1.0,0.0,0.0,0.0,0.0
-0.16876058381970224,0.4691362082914277,-0.298563842034927,-0.32054603221821454,1.0,0.09012560917626261,0.9959304064896339,1.0,0.0,0.0,0.0,0.0,1.0,0.0,0.0,0.0,0.0,0.0,0.0,0.0,0.0,0.0,0.0,0.0,0.0,0.0,0.0,1.0,0.0,0.0,1.0
-0.04605309214764117,-0.3518923503764949,0.9221677253335028,0.9129843784214812,0.0,0.9190207073136967,0.39420925855265343,1.0,0.0,0.0,0.0,0.0,0.0,0.0,0.0,0.0,0.0,0.0,0.0,0.0,0.0,0.0,1.0,0.0,0.0,1.0,0.0,0.0,0.0,0.0,0.0
0.17617269467081886,2.8252861695153486,-0.13597151872908814,-0.16533009415915742,-0.5,0.9798521476166836,-0.19972423190733013,0.0,0.0,0.0,0.0,0.0,0.0,0.0,0.0,0.0,0.0,0.0,0.0,1.0,0.0,0.0,0.0,0.0,0.0,1.0,0.0,0.0,0.0,0.0,0.0
0.3253323019341134,0.9737150556019399,0.9173043548144925,0.9236439056838419,0.0,0.6763404858393381,0.7365891305297737,1.0,0.0,0.0,0.0,0.0,0.0,0.0,0.0,0.0,0.0,0.0,0.0,0.0,0.0,1.0,0.0,0.0,0.0,0.0,0.0,1.0,0.0,0.0,0.0
-0.6235497870280006,1.635851569357098,0.5307199681727683,0.5118886781773035,2.5,0.07215025243830425,-0.9973937743304241,0.0,1.0,0.0,0.0,0.0,0.0,0.0,0.0,0.0,0.0,0.0,0.0,0.0,0.0,1.0,0.0,0.0,0.0,1.0,0.0,0.0,0.0,0.0,1.0
-0.07819256473311656,0.4116417331167708,0.4281128908125557,0.40722699421989217,-0.5,-0.8776346287555157,0.4793302185437177,0.0,0.0,1.0,0.0,0.0,0.0,0.0,0.0,0.0,0.0,0.0,1.0,0.0,0.0,0.0,0.0,0.0,1.0,0.0,0.0,0.0,0.0,0.0,1.0
-0.5168825319971654,0.23575163154299722,-0.03198072135789243,-0.04829013745832235,0.0,0.03417271001969542,0.9994159423833051,1.0,0.0,0.0,0.0,0.0,0.0,0.0,0.0,0.0,0.0,1.0,0.0,0.0,0.0,0.0,0.0,0.0,0.0,0.0,0.0,0.0,0.0,0.0,1.0
1.0769527306944193,-0.6608343654749363,-0.12968835385008126,-0.10611600705677218,0.0,0.9367231149399402,0.3500711441081879,0.0,0.0,1.0,0.0,0.0,0.0,0.0,0.0,0.0,1.0,0.0,0.0,0.0,0.0,0.0,0.0,0.0,0.0,0.0,0.0,1.0,0.0,0.0,1.0
-1.0783281773713067,0.0,0.038958560686215435,0.022707272028656793,1.0,0.5417693365786637,0.8405272071403249,0.0,0.0,1.0,0.0,0.0,0.0,0.0,1.0,0.0,0.0,0.0,0.0,0.0,0.0,0.0,0.0,0.0,0.0,0.0,0.0,1.0,0.0,1.0,0.0
-0.5782421905775079,2.5847435074059026,0.8053652280006478,0.7994645446770535,1.0,-0.042674881133956614,-0.9990890123108164,0.0,0.0,1.0,0.0,0.0,0.0,0.0,0.0,0.0,0.0,0.0,0.0,0.0,1.0,0.0,0.0,0.0,0.0,1.0,0.0,0.0,0.0,0.0,0.0
-0.7902729925541854,0.3587616961414619,0.5819507216956492,0.5669876919644518,1.0,-0.9503348265602212,0.31122936466014,0.0,0.0,0.0,1.0,0.0,0.0,0.0,0.0,0.0,0.0,0.0,1.0,0.0,0.0,0.0,0.0,0.0,0.0,0.0,1.0,0.0,0.0,1.0,0.0
-0.2708702408662697,-0.1325701554019522,0.5962770804660871,0.5798452302747104,1.0,-0.15772721166243667,-0.9874827222292007,0.0,1.0,0.0,0.0,0.0,0.0,0.0,0.0,0.0,0.0,0.0,0.0,0.0,0.0,0.0,1.0,0.0,0.0,0.0,0.0,1.0,0.0,0.0,0.0
0.9073757408181168,0.7354594226032589,-0.15042101969036734,-0.14791126976454014,2.5,0.9153700465695764,-0.40261355894109113,1.0,0.0,0.0,0.0,0.0,0.0,0.0,0.0,0.0,1.0,0.0,0.0,0.0,0.0,0.0,0.0,0.0,0.0,0.0,0.0,1.0,1.0,0.0,0.0
-0.49585307276140156,-0.18194368481788584,-0.8845925540152183,-0.9235943264872725,1.0,-0.9522626868413954,-0.3052798310560435,0.0,0.0,0.0,0.0,0.0,0.0,0.0,0.0,0.0,0.0,0.0,1.0,0.0,0.0,0.0,0.0,0.0,1.0,0.0,0.0,0.0,0.0,1.0,0.0
-1.1113037286727234,-0.39257029019223544,0.35635831988707806,0.3369402198837368,-0.5,0.9656429238803547,-0.2598725525325821,0.0,0.0,0.0,0.0,0.0,0.0,0.0,0.0,0.0,0.0,0.0,1.0,0.0,0.0,0.0,0.0,0.0,0.0,0.0,0.0,1.0,0.0,0.0,1.0
-0.6814659615324542,-0.5179670571049374,-0.26953025801552477,-0.28922850638538733,0.0,0.9838460059270774,0.17901686127663263,0.0,0.0,1.0,0.0,0.0,0.0,0.0,0.0,0.0,0.0,0.0,1.0,0.0,0.0,0.0,0.0,0.0,0.0,0.0,0.0,1.0,1.0,0.0,0.0
-1.0316316394753589,1.3534471150002871,0.5535781993647928,0.5372732268206928,0.0,0.5062219233690992,0.8624032492404524,1.0,0.0,0.0,0.0,0.0,0.0,1.0,0.0,0.0,0.0,0.0,0.0,0.0,0.0,0.0,0.0,0.0,1.0,0.0,0.0,0.0,0.0,0.0,0.0
0.47170774473695615,-0.6523423969327468,-0.7340550651995564,-0.759189710664072,0.0,0.8506964490466935,-0.525657256755147,1.0,0.0,0.0,0.0,0.0,0.0,0.0,0.0,0.0,0.0,1.0,0.0,0.0,0.0,0.0,0.0,0.0,0.0,0.0,1.0,0.0,0.0,0.0,1.0
-1.015625528408353,0.0,0.191378496784594,0.16898242830641597,0.0,0.9851967197711768,-0.17142760382188524,0.0,0.0,0.0,0.0,0.0,1.0,0.0,0.0,0.0,0.0,0.0,0.0,0.0,0.0,0.0,0.0,0.0,0.0,0.0,0.0,1.0,0.0,0.0,0.0
-0.39181072748482715,0.6287232727827534,0.37488494922337906,0.36478720195672565,0.0,-0.4476940619237848,-0.8941867964347172,0.0,0.0,0.0,0.0,0.0,0.0,0.0,0.0,1.0,0.0,0.0,0.0,0.0,0.0,0.0,0.0,0.0,0.0,0.0,1.0,0.0,1.0,0.0,0.0
0.5458144924792733,-0.22717391794399078,0.1232908703899964,0.12021302528125867,2.5,0.2551645096087567,-0.9668976538580093,0.0,0.0,0.0,0.0,0.0,0.0,0.0,0.0,0.0,0.0,1.0,0.0,0.0,0.0,0.0,0.0,0.0,0.0,1.0,0.0,0.0,0.0,0.0,0.0
-0.4050195093699561,1.7596476558757177,0.013599670715495504,-0.013435962270231404,-0.5,0.10539630743387984,0.9944302984017045,0.0,1.0,0.0,0.0,0.0,0.0,0.0,0.0,0.0,0.0,0.0,0.0,1.0,0.0,0.0,0.0,0.0,0.0,0.0,0.0,1.0,0.0,0.0,1.0
-0.9008397896249797,-0.3235719068445604,-0.5666960068777253,-0.601941025545681,2.5,-0.925182121108694,0.3795234416749747,1.0,0.0,0.0,0.0,0.0,0.0,0.0,0.0,0.0,0.0,0.0,0.0,0.0,0.0,0.0,1.0,0.0,0.0,0.0,0.0,1.0,0.0,0.0,1.0
-0.12418194439797038,-0.16549928435795114,-0.5503853657286127,-0.5922565558158462,0.0,0.1465146661278687,-0.9892084980475244,1.0,0.0,0.0,0.0,0.0,0.0,0.0,0.0,0.0,0.0,0.0,1.0,0.0,0.0,0.0,0.0,0.0,0.0,0.0,0.0,1.0,0.0,0.0,1.0
-0.39914792158033713,-0.26552849887324836,0.5285756060486706,0.5040551651193826,1.0,-0.9832151265403637,0.18245003409760335,0.0,0.0,0.0,0.0,0.0,0.0,0.0,0.0,0.0,0.0,0.0,0.0,0.0,1.0,0.0,0.0,0.0,0.0,0.0,0.0,1.0,0.0,0.0,0.0
0.8467337395187937,-0.05605350842908064,-0.990844224703168,-1.0171172176154886,1.0,-0.10865000281219164,-0.9940800656330006,0.0,0.0,1.0,0.0,0.0,0.0,0.0,0.0,0.0,0.0,1.0,0.0,0.0,0.0,0.0,0.0,0.0,0.0,1.0,0.0,0.0,0.0,0.0,0.0
0.5480886203720222,-0.08129792465551433,0.5506818303879528,0.5508083474840625,0.0,0.3431132935687342,-0.939294026264628,0.0,0.0,1.0,0.0,0.0,0.0,0.0,0.0,0.0,0.0,0.0,1.0,0.0,0.0,0.0,0.0,0.0,0.0,1.0,0.0,0.0,0.0,1.0,0.0
0.31022287499326906,-0.23625439010188337,0.03946660796560157,0.03189594979280039,0.0,0.8782960904439886,-0.47811711693977765,0.0,0.0,0.0,0.0,1.0,0.0,0.0,0.0,0.0,0.0,0.0,0.0,0.0,0.0,0.0,0.0,0.0,0.0,0.0,0.0,1.0,0.0,0.0,0.0
-0.04445660890376656,0.7232792188608934,0.8696702381900968,0.860992327619331,0.0,0.9991228300988584,-0.04187565372919962,0.0,0.0,0.0,0.0,0.0,0.0,0.0,1.0,0.0,0.0,0.0,0.0,0.0,0.0,0.0,0.0,0.0,0.0,1.0,0.0,0.0,0.0,1.0,0.0
-0.2135482482971867,-0.675405344253101,0.9935626703349335,0.9910055074224191,0.0,0.8995577789551803,0.43680178836770234,1.0,0.0,0.0,0.0,0.0,0.0,0.0,0.0,1.0,0.0,0.0,0.0,0.0,0.0,0.0,0.0,0.0,1.0,0.0,0.0,0.0,0.0,0.0,1.0
-0.2171713249586751,-0.4846527159173523,0.3166293888561945,0.304267529344687,2.5,-0.7261248176580963,0.687562905617367,1.0,0.0,0.0,0.0,0.0,0.0,0.0,0.0,0.0,1.0,0.0,0.0,0.0,0.0,0.0,0.0,0.0,0.0,1.0,0.0,0.0,0.0,1.0,0.0
-1.072162333392189,0.0,-0.19279340518552543,-0.20775336002346736,1.0,0.9972177542403927,0.07454361560688964,0.0,1.0,0.0,0.0,1.0,0.0,0.0,0.0,0.0,0.0,0.0,0.0,0.0,0.0,0.0,0.0,0.0,0.0,1.0,0.0,0.0,0.0,0.0,1.0
-0.05773335913687426,1.9234187737184714,-0.06539335711044884,-0.08473084693662536,-0.5,0.08396770781076275,0.9964684761923011,0.0,0.0,1.0,0.0,0.0,1.0,0.0,0.0,0.0,0.0,0.0,0.0,0.0,0.0,0.0,0.0,0.0,0.0,0.0,0.0,1.0,0.0,0.0,0.0
-0.5900344181715629,1.384607861974765,-0.6146471937041402,-0.6477191503778348,-0.5,-0.9655672891657366,0.2601534356742781,0.0,1.0,0.0,0.0,0.0,0.0,0.0,1.0,0.0,0.0,0.0,0.0,0.0,0.0,0.0,0.0,0.0,0.0,0.0,0.0,1.0,0.0,0.0,1.0
-0.12051260373239674,-0.7082605898336777,-0.8275211612238474,-0.867156674392758,0.0,-0.4473688968413072,-0.894349523474459,1.0,0.0,0.0,0.0,0.0,0.0,0.0,0.0,0.0,0.0,0.0,0.0,0.0,0.0,0.0,0.0,0.0,0.0,0.0,1.0,0.0,0.0,1.0,0.0
-0.022555835711104543,-0.32948120591993035,0.14483721534425845,0.14452335799898372,-0.5,0.9432709588492917,-0.3320239421962488,0.0,0.0,1.0,0.0,0.0,0.0,0.0,0.0,1.0,0.0,0.0,0.0,0.0,0.0,0.0,0.0,0.0,0.0,0.0,0.0,1.0,0.0,0.0,1.0
-0.39405941037242753,-0.5239388424376926,0.6045892645390804,0.6008172304234476,1.0,0.1655496574448389,-0.9862014555454157,1.0,0.0,0.0,0.0,0.0,0.0,0.0,0.0,0.0,0.0,1.0,0.0,0.0,0.0,0.0,0.0,0.0,0.0,1.0,0.0,0.0,1.0,0.0,0.0
0.6327535152203869,0.8653243338777323,0.0,0.0,-0.5,-0.9808844649004105,0.19459102373191672,0.0,0.0,1.0,0.0,0.0,0.0,1.0,0.0,0.0,0.0,0.0,0.0,0.0,0.0,0.0,0.0,0.0,1.0,0.0,0.0,0.0,0.0,0.0,1.0
-0.7567770014062879,0.7460095924866107,-0.17779704843104743,-0.1918714907224927,0.0,0.8385913445384574,0.5447610089435386,0.0,1.0,0.0,0.0,0.0,0.0,0.0,0.0,0.0,0.0,0.0,1.0,0.0,0.0,0.0,0.0,0.0,0.0,0.0,0.0,1.0,0.0,0.0,0.0
-0.39958515786960175,-0.3293655335582756,0.0961923721158033,0.08251630948987149,-0.5,0.877460281356467,-0.4796493038062597,0.0,1.0,0.0,0.0,0.0,0.0,0.0,1.0,0.0,0.0,0.0,0.0,0.0,0.0,0.0,0.0,0.0,0.0,1.0,0.0,0.0,0.0,0.0,0.0
-0.2886874962375796,-0.6442901317250412,0.8122349546462009,0.8086697488400533,0.0,0.2319601247517671,-0.9727252955100657,0.0,0.0,0.0,0.0,0.0,0.0,1.0,0.0,0.0,0.0,0.0,0.0,0.0,0.0,0.0,0.0,0.0,0.0,0.0,0.0,1.0,1.0,0.0,0.0
0.8033218338516069,0.6911291449377231,-0.7476346397455982,-0.7559174836905102,1.0,-0.9099009465648503,0.41482558677158454,1.0,0.0,0.0,0.0,0.0,0.0,0.0,0.0,0.0,0.0,1.0,0.0,0.0,0.0,0.0,0.0,0.0,0.0,0.0,1.0,0.0,0.0,0.0,0.0
-0.037662151415835454,0.7625314499595449,-0.5484056377405668,-0.5675991687221376,0.0,-0.3911327372935169,-0.9203342772152304,0.0,1.0,0.0,0.0,1.0,0.0,0.0,0.0,0.0,0.0,0.0,0.0,0.0,0.0,0.0,0.0,0.0,0.0,0.0,0.0,1.0,0.0,1.0,0.0
-0.07220591436833218,-0.059654902372622755,0.8337951253900717,0.8243863541524642,2.5,-0.9883504451294709,0.1521952614649244,0.0,0.0,1.0,0.0,1.0,0.0,0.0,0.0,0.0,0.0,0.0,0.0,0.0,0.0,0.0,0.0,0.0,0.0,1.0,0.0,0.0,0.0,1.0,0.0
0.5850159845030908,-0.5183910483845372,-0.9485744293460162,-0.976528382024236,1.0,0.6033239852449046,0.7974961873439936,0.0,0.0,0.0,0.0,0.0,0.0,1.0,0.0,0.0,0.0,0.0,0.0,0.0,0.0,0.0,0.0,0.0,0.0,1.0,0.0,0.0,0.0,0.0,0.0
-0.41805000072876053,2.0504065390600497,0.30168714178398204,0.2854770138449907,0.0,0.9133678983448978,0.4071352137472567,0.0,1.0,0.0,0.0,1.0,0.0,0.0,0.0,0.0,0.0,0.0,0.0,0.0,0.0,0.0,0.0,0.0,0.0,1.0,0.0,0.0,0.0,0.0,0.0
0.5885562686898645,-0.15551322191173092,0.26804750608995553,0.2558451806955136,-0.5,0.8607050061915694,-0.5091040093308737,0.0,0.0,1.0,0.0,0.0,1.0,0.0,0.0,0.0,0.0,0.0,0.0,0.0,0.0,0.0,0.0,0.0,0.0,0.0,0.0,1.0,0.0,0.0,1.0
0.22953231079624295,0.2549607972482587,-0.25160334852418065,-0.265033858459657,1.0,-0.995904147877197,-0.09041530977104506,0.0,1.0,0.0,0.0,0.0,0.0,0.0,0.0,1.0,0.0,0.0,0.0,0.0,0.0,0.0,0.0,0.0,0.0,0.0,0.0,1.0,0.0,0.0,0.0
0.86657895158817,1.2037063492957087,-0.07942778372455439,-0.08038440403739922,2.5,-0.6604386239990078,-0.7508800329814991,0.0,1.0,0.0,0.0,0.0,0.0,0.0,0.0,0.0,0.0,0.0,0.0,0.0,0.0,1.0,0.0,0.0,0.0,1.0,0.0,0.0,0.0,1.0,0.0
-0.32297926869572613,1.251198360804586,0.7048057658604325,0.6938773823836853,1.0,0.16942117506029905,0.9855437410085802,0.0,0.0,1.0,0.0,0.0,0.0,0.0,0.0,0.0,0.0,0.0,1.0,0.0,0.0,0.0,0.0,0.0,0.0,0.0,1.0,0.0,0.0,0.0,1.0
-0.26555428591703495,-0.17651090047033946,-0.6942021005161335,-0.7329127364824386,-0.5,0.7025154219696443,-0.7116685196738806,0.0,0.0,1.0,0.0,0.0,0.0,0.0,0.0,0.0,0.0,1.0,0.0,0.0,0.0,0.0,0.0,0.0,1.0,0.0,0.0,0.0,0.0,0.0,1.0
0.04227054794754314,-0.38272268892567785,-0.5591844548505412,-0.5873151625577907,2.5,-0.6150882549886726,0.788458266856902,0.0,0.0,1.0,0.0,0.0,0.0,0.0,1.0,0.0,0.0,0.0,0.0,0.0,0.0,0.0,0.0,0.0,0.0,0.0,0.0,1.0,0.0,1.0,0.0
-0.10299251200451957,-0.6596553883018804,0.010169218429176492,-0.007387300288798678,0.0,0.7247232857096975,-0.6890400272481565,0.0,0.0,1.0,0.0,0.0,0.0,0.0,0.0,0.0,0.0,0.0,0.0,0.0,0.0,0.0,1.0,0.0,1.0,0.0,0.0,0.0,0.0,0.0,0.0
0.5068685086927386,0.6474350278953209,-0.19788661462093296,-0.20246491238942807,1.0,-0.796266036078316,0.604946609039282,0.0,0.0,1.0,0.0,0.0,0.0,0.0,0.0,1.0,0.0,0.0,0.0,0.0,0.0,0.0,0.0,0.0,0.0,1.0,0.0,0.0,0.0,0.0,1.0
-0.2119075562473004,0.3466783067065497,0.1359336377654334,0.12690621681808992,2.5,-0.9746962121256347,0.22353365309934806,1.0,0.0,0.0,0.0,0.0,1.0,0.0,0.0,0.0,0.0,0.0,0.0,0.0,0.0,0.0,0.0,0.0,0.0,0.0,0.0,1.0,0.0,0.0,0.0
-0.7485131152884408,1.9213139595748239,0.8384766291556137,0.8216429719423065,-0.5,0.9965413724042871,-0.08309809315850801,1.0,0.0,0.0,0.0,0.0,0.0,0.0,0.0,0.0,0.0,0.0,1.0,0.0,0.0,0.0,0.0,0.0,0.0,0.0,0.0,1.0,0.0,0.0,0.0
0.9570801752438605,-0.1872234733274585,0.8308986381887971,0.8571582030846525,2.5,-0.03359126764299847,-0.9994356541259354,0.0,0.0,0.0,0.0,0.0,1.0,0.0,0.0,0.0,0.0,0.0,0.0,0.0,0.0,0.0,0.0,0.0,1.0,0.0,0.0,0.0,0.0,0.0,1.0
1.3938861396313378,-0.5153718875077112,-0.5623256989491996,-0.5251263236612583,0.0,-0.9870780653780729,0.16024010998960594,0.0,1.0,0.0,0.0,0.0,0.0,0.0,0.0,1.0,0.0,0.0,0.0,0.0,0.0,0.0,0.0,0.0,1.0,0.0,0.0,0.0,0.0,1.0,0.0
0.290725427057622,1.4593577054534888,-0.7001096702997323,-0.728285344802654,0.0,0.37985982229107906,0.9250440613338318,0.0,1.0,0.0,0.0,0.0,0.0,0.0,0.0,0.0,0.0,0.0,0.0,0.0,0.0,1.0,0.0,0.0,0.0,0.0,1.0,0.0,0.0,0.0,1.0
0.491312966158127,-0.5956398380320393,0.8525717982585853,0.8556873535864351,2.5,0.8526021649316534,-0.522560569076789,0.0,1.0,0.0,0.0,0.0,0.0,0.0,0.0,0.0,0.0,1.0,0.0,0.0,0.0,0.0,0.0,0.0,0.0,1.0,0.0,0.0,0.0,0.0,1.0
0.11588649822331958,-0.31506199288753234,-0.22197874024937578,-0.23814540752033767,-0.5,0.39888244568834796,0.9170020689844065,0.0,0.0,1.0,0.0,0.0,0.0,0.0,0.0,0.0,0.0,0.0,0.0,1.0,0.0,0.0,0.0,0.0,0.0,0.0,1.0,0.0,0.0,0.0,0.0
0.0,-0.27662211610235177,-0.11685884636748345,-0.1415155534071237,1.0,0.3842281839021212,-0.9232381614162608,0.0,0.0,0.0,0.0,0.0,0.0,0.0,0.0,0.0,0.0,0.0,0.0,0.0,0.0,0.0,0.0,1.0,0.0,0.0,0.0,0.0,0.0,0.0,0.0
-0.9001879525294362,-0.2646107484324096,0.5988014627020958,0.5944545668637441,0.0,0.7940169238552975,0.6078956527491955,0.0,0.0,1.0,0.0,0.0,1.0,0.0,0.0,0.0,0.0,0.0,0.0,0.0,0.0,0.0,0.0,0.0,0.0,1.0,0.0,0.0,1.0,0.0,0.0
-0.44523102997967756,-0.2746807091684526,0.011432622425720015,-0.010940476042919065,0.0,-0.8059713325306751,0.5919545684752572,1.0,0.0,0.0,0.0,0.0,0.0,0.0,1.0,0.0,0.0,0.0,0.0,0.0,0.0,0.0,0.0,0.0,1.0,0.0,0.0,0.0,0.0,0.0,1.0
0.016736934707126793,1.4418482144420348,-0.7859096690769063,-0.8078930080938038,-0.5,0.06141146754557168,-0.9981125345640637,0.0,1.0,0.0,0.0,0.0,0.0,0.0,0.0,1.0,0.0,0.0,0.0,0.0,0.0,0.0,0.0,0.0,0.0,1.0,0.0,0.0,0.0,0.0,1.0
0.6226541385392508,0.6857412352293393,-0.14090056782943666,-0.14455641079669623,1.0,-0.8958410614726213,0.4443746083875711,0.0,1.0,0.0,0.0,0.0,0.0,0.0,0.0,0.0,1.0,0.0,0.0,0.0,0.0,0.0,0.0,0.0,0.0,0.0,0.0,1.0,0.0,0.0,1.0
0.8432840235042636,-0.46029268094857745,0.2497941508093134,0.2659923895933267,-0.5,-0.9955276800426534,-0.09447030363501811,0.0,1.0,0.0,0.0,0.0,0.0,0.0,0.0,0.0,1.0,0.0,0.0,0.0,0.0,0.0,0.0,0.0,0.0,0.0,0.0,1.0,0.0,0.0,0.0
-0.8289603147770861,0.30806796283319593,0.42962401179950704,0.4093258468746515,0.0,-0.7815658401568222,-0.623822761287179,0.0,0.0,1.0,0.0,0.0,0.0,0.0,0.0,0.0,0.0,0.0,0.0,0.0,0.0,0.0,1.0,0.0,0.0,0.0,0.0,1.0,0.0,0.0,1.0
-1.0999780490994162,0.0,0.27986103455079764,0.27390853464552944,0.0,0.848817935232459,-0.5286852682151311,0.0,0.0,1.0,0.0,0.0,0.0,0.0,0.0,0.0,0.0,0.0,0.0,1.0,0.0,0.0,0.0,0.0,0.0,0.0,1.0,0.0,0.0,0.0,1.0
0.515885327878733,-0.2326601967257074,-0.7870751367050599,-0.8152307291860336,2.5,-0.7365891305297746,0.6763404858393371,0.0,0.0,1.0,0.0,0.0,0.0,0.0,0.0,0.0,0.0,0.0,1.0,0.0,0.0,0.0,0.0,0.0,1.0,0.0,0.0,0.0,0.0,0.0,1.0
0.02377322966393179,-0.6717922306500004,-0.4116118139255654,-0.4411391646731697,-0.5,-0.44658825940251523,-0.8947395858929188,0.0,1.0,0.0,0.0,0.0,0.0,0.0,1.0,0.0,0.0,0.0,0.0,0.0,0.0,0.0,0.0,0.0,0.0,0.0,0.0,1.0,0.0,0.0,0.0
0.05837077303837598,1.2415305356209672,0.45873329253570305,0.44680771948090586,-0.5,0.3387379202452913,-0.9408807689542255,1.0,0.0,0.0,0.0,0.0,0.0,0.0,0.0,0.0,0.0,0.0,0.0,0.0,0.0,1.0,0.0,0.0,1.0,0.0,0.0,0.0,0.0,0.0,0.0
0.5343007827977737,-0.20099968609799201,0.7560512035365005,0.757586649975004,-0.5,-0.9885707587088388,-0.15075760354234508,0.0,0.0,1.0,0.0,0.0,0.0,0.0,0.0,0.0,0.0,0.0,0.0,0.0,0.0,0.0,1.0,0.0,0.0,0.0,1.0,0.0,0.0,0.0,0.0
-0.6007329122118222,0.8560400822163164,-0.9330605820204539,-0.9572916537554176,0.0,-0.7194913341651934,-0.694501418329142,0.0,0.0,1.0,0.0,0.0,0.0,0.0,0.0,0.0,0.0,0.0,0.0,0.0,0.0,1.0,0.0,0.0,0.0,1.0,0.0,0.0,1.0,0.0,0.0
-0.22805792097410463,-0.629354051172676,-0.9431126920752104,-0.9765449084230924,-0.5,-0.25305446058714154,0.9674520349748358,0.0,0.0,1.0,0.0,1.0,0.0,0.0,0.0,0.0,0.0,0.0,0.0,0.0,0.0,0.0,0.0,0.0,0.0,0.0,0.0,0.0,0.0,0.0,1.0
0.3231893050953599,-0.3326195883189253,0.27591237662017587,0.2720410515747593,0.0,-0.8351679786752314,0.5499949521545886,1.0,0.0,0.0,0.0,0.0,0.0,0.0,0.0,0.0,0.0,0.0,1.0,0.0,0.0,0.0,0.0,0.0,0.0,1.0,0.0,0.0,0.0,0.0,1.0
-0.6852668748722666,-0.41501987084977454,0.08255076246112572,0.04559633444473371,1.0,-0.785271907021734,-0.6191510575315601,0.0,1.0,0.0,0.0,1.0,0.0,0.0,0.0,0.0,0.0,0.0,0.0,0.0,0.0,0.0,0.0,0.0,1.0,0.0,0.0,0.0,0.0,0.0,0.0
-0.4313276854480978,1.2449304689442735,-0.7137555851738505,-0.7380359201279142,1.0,0.10597482566111696,-0.9943688130297007,1.0,0.0,0.0,0.0,0.0,0.0,0.0,1.0,0.0,0.0,0.0,0.0,0.0,0.0,0.0,0.0,0.0,0.0,1.0,0.0,0.0,0.0,0.0,0.0
0.015322926880976523,-0.275629774688896,0.08304842471663133,0.05825555596871553,0.0,0.6293203910498374,0.7771459614569709,0.0,0.0,0.0,0.0,1.0,0.0,0.0,0.0,0.0,0.0,0.0,0.0,0.0,0.0,0.0,0.0,0.0,0.0,1.0,0.0,0.0,0.0,0.0,1.0
0.3230763620500783,0.3290248289926668,0.9472609314653451,0.951507414155687,-0.5,-0.8417071632357298,-0.5399343028162412,0.0,1.0,0.0,0.0,0.0,0.0,0.0,0.0,0.0,0.0,0.0,1.0,0.0,0.0,0.0,0.0,0.0,0.0,0.0,0.0,1.0,0.0,0.0,1.0
-0.952137966692081,1.1276063233833762,0.2505569387092834,0.2256514499849198,1.0,-0.28143440815409254,-0.959580467656025,0.0,1.0,0.0,0.0,0.0,0.0,0.0,0.0,0.0,0.0,0.0,0.0,1.0,0.0,0.0,0.0,0.0,0.0,0.0,0.0,1.0,0.0,0.0,1.0
0.4308109102124766,2.562357684372981,-0.1180024668528459,-0.12913728066370017,-0.5,-0.624845293835753,-0.7807485887091384,0.0,1.0,0.0,0.0,0.0,1.0,0.0,0.0,0.0,0.0,0.0,0.0,0.0,0.0,0.0,0.0,0.0,0.0,0.0,0.0,1.0,0.0,0.0,0.0
0.2584633035709539,0.17717212744530875,0.6492752744377586,0.6597834215429873,1.0,-0.7598389257926534,-0.6501113803420661,0.0,1.0,0.0,0.0,0.0,0.0,0.0,0.0,1.0,0.0,0.0,0.0,0.0,0.0,0.0,0.0,0.0,0.0,1.0,0.0,0.0,0.0,0.0,1.0
-0.6204298982227178,-0.1603232772749633,-0.5971943519889036,-0.6388444741919623,0.0,0.44215824068878373,0.8969370603286496,0.0,0.0,0.0,0.0,0.0,0.0,0.0,0.0,0.0,1.0,0.0,0.0,0.0,0.0,0.0,0.0,0.0,0.0,0.0,0.0,1.0,0.0,0.0,0.0
1.6558151826541412,0.9782158687759452,-0.18859753994607084,-0.12978181021909868,0.0,-0.9671754198430856,-0.25410963628196204,0.0,0.0,1.0,0.0,0.0,0.0,0.0,0.0,1.0,0.0,0.0,0.0,0.0,0.0,0.0,0.0,0.0,0.0,0.0,1.0,0.0,0.0,0.0,0.0
-0.6851063454785569,2.848033896139723,0.04143179903940951,0.020492734581902917,0.0,-0.7618210306902224,-0.64778755560607,1.0,0.0,0.0,0.0,0.0,1.0,0.0,0.0,0.0,0.0,0.0,0.0,0.0,0.0,0.0,0.0,0.0,0.0,0.0,0.0,1.0,0.0,0.0,1.0
0.48175940371308223,0.029002395720705603,-0.005668453235422858,-0.0025285390250250543,1.0,-0.6139408387503662,-0.7893520421931502,0.0,1.0,0.0,0.0,0.0,0.0,0.0,0.0,0.0,1.0,0.0,0.0,0.0,0.0,0.0,0.0,0.0,0.0,1.0,0.0,0.0,0.0,0.0,0.0
4.740522122822979,-0.6569676507517533,0.8387468921363402,1.995209410131509,-0.5,-0.9755345439458565,-0.2198462043528381,1.0,0.0,0.0,0.0,0.0,0.0,0.0,0.0,0.0,0.0,0.0,0.0,0.0,1.0,0.0,0.0,0.0,0.0,0.0,0.0,1.0,0.0,0.0,0.0
-0.3461824180402256,-0.2279259929441762,-0.4352885073623578,-0.47037436425009393,0.0,-0.517342601413434,0.8557783782982489,1.0,0.0,0.0,0.0,1.0,0.0,0.0,0.0,0.0,0.0,0.0,0.0,0.0,0.0,0.0,0.0,0.0,0.0,1.0,0.0,0.0,0.0,0.0,1.0
0.004798313271667004,0.2400381129773728,-0.9141675455133518,-0.9477393952164339,-0.5,-0.9695344820893788,0.24495486939369088,0.0,1.0,0.0,0.0,0.0,1.0,0.0,0.0,0.0,0.0,0.0,0.0,0.0,0.0,0.0,0.0,0.0,1.0,0.0,0.0,0.0,0.0,0.0,1.0
0.3306411779786368,0.20326321046999823,0.8294289082912771,0.8319719712275397,1.0,-0.8209001102029491,-0.5710718072788974,1.0,0.0,0.0,0.0,0.0,0.0,0.0,0.0,1.0,0.0,0.0,0.0,0.0,0.0,0.0,0.0,0.0,1.0,0.0,0.0,0.0,0.0,1.0,0.0
2.1324553654202734,1.2222894690700072,-0.588586264765954,-0.4403128447303511,2.5,0.8242909146482184,0.5661664843739901,1.0,0.0,0.0,0.0,0.0,0.0,0.0,0.0,0.0,0.0,0.0,0.0,0.0,0.0,0.0,1.0,0.0,0.0,0.0,0.0,1.0,0.0,0.0,1.0
-0.953229836081652,-0.43073514532145896,-0.2601734930943671,-0.29213715258410905,0.0,-0.05625715163355437,-0.9984163124118512,0.0,0.0,1.0,0.0,0.0,0.0,0.0,0.0,0.0,0.0,0.0,0.0,1.0,0.0,0.0,0.0,0.0,0.0,0.0,0.0,1.0,0.0,0.0,0.0
-1.3827292726846172,1.280179865284613,0.0477659044324381,0.007783933861351837,0.0,-0.9139295727458837,-0.40587280773725953,0.0,0.0,1.0,0.0,0.0,0.0,0.0,0.0,0.0,0.0,0.0,0.0,1.0,0.0,0.0,0.0,0.0,1.0,0.0,0.0,0.0,0.0,0.0,0.0
-0.7198046767180261,2.543082588646529,0.9500858253890314,0.9445498002371538,2.5,0.8146219672274692,-0.579992284871487,0.0,1.0,0.0,0.0,0.0,0.0,0.0,0.0,1.0,0.0,0.0,0.0,0.0,0.0,0.0,0.0,0.0,0.0,0.0,0.0,1.0,1.0,0.0,0.0
-0.08125790623507094,-0.3998819297595633,0.0566409342324868,0.02859067002152575,0.0,-0.8220198239405443,-0.5694588738870935,1.0,0.0,0.0,0.0,0.0,0.0,0.0,0.0,0.0,0.0,0.0,1.0,0.0,0.0,0.0,0.0,0.0,1.0,0.0,0.0,0.0,0.0,0.0,1.0
0.4296254008401381,-0.4421134675756055,-0.12083693666646074,-0.11361899213756575,0.0,0.9294548826213165,0.3689357954595824,0.0,0.0,1.0,0.0,1.0,0.0,0.0,0.0,0.0,0.0,0.0,0.0,0.0,0.0,0.0,0.0,0.0,0.0,0.0,0.0,1.0,0.0,0.0,1.0
0.009280103567062888,0.2013417605263339,0.1547226033666339,0.14435809401041994,0.0,-0.9980630895717504,-0.06220988052144281,1.0,0.0,0.0,0.0,0.0,0.0,0.0,0.0,0.0,0.0,0.0,1.0,0.0,0.0,0.0,0.0,0.0,1.0,0.0,0.0,0.0,0.0,0.0,0.0
-0.16722729320320925,-0.45764430377483695,0.9398005183110433,0.9397736709676622,1.0,0.5988488917756788,-0.8008620385678431,0.0,0.0,0.0,0.0,0.0,0.0,0.0,0.0,0.0,0.0,0.0,0.0,0.0,0.0,0.0,1.0,0.0,0.0,0.0,0.0,1.0,0.0,0.0,1.0
0.0,0.0,0.6298335659836078,0.6210620690225048,-0.5,-0.9358546841657138,0.3523861661942648,0.0,0.0,1.0,0.0,0.0,0.0,0.0,0.0,0.0,0.0,0.0,1.0,0.0,0.0,0.0,0.0,0.0,0.0,0.0,0.0,1.0,0.0,0.0,0.0
-0.5890364666094239,0.6747933784377097,0.0,0.0,1.0,-0.6119297367272734,0.7909121299543267,0.0,1.0,0.0,0.0,0.0,0.0,0.0,0.0,0.0,0.0,0.0,0.0,0.0,0.0,1.0,0.0,0.0,0.0,0.0,1.0,0.0,0.0,0.0,1.0
1.1964585247552686,1.4465346901661855,0.6000571060587482,0.6312588571168871,0.0,-0.8377584280605646,0.5460410389462426,0.0,1.0,0.0,0.0,0.0,0.0,0.0,0.0,0.0,0.0,0.0,0.0,0.0,1.0,0.0,0.0,0.0,0.0,0.0,0.0,1.0,1.0,0.0,0.0
0.3957808107297619,0.018476657462704504,0.6767847011604002,0.6819122696116712,-0.5,0.9544141418993183,0.2984855871605661,0.0,0.0,1.0,0.0,0.0,1.0,0.0,0.0,0.0,0.0,0.0,0.0,0.0,0.0,0.0,0.0,0.0,0.0,0.0,0.0,1.0,1.0,0.0,0.0
1.0696418114778785,0.49055533937200446,0.3718031514414435,0.3836934022484167,1.0,0.5661664843739902,0.8242909146482184,0.0,1.0,0.0,0.0,0.0,0.0,0.0,0.0,0.0,0.0,0.0,0.0,0.0,0.0,0.0,1.0,0.0,0.0,1.0,0.0,0.0,0.0,0.0,1.0
-0.6806204088055967,0.9682931117877329,0.30395379604184924,0.2924181013646675,0.0,-0.8355677254168444,0.5493874554826684,0.0,0.0,1.0,0.0,1.0,0.0,0.0,0.0,0.0,0.0,0.0,0.0,0.0,0.0,0.0,0.0,0.0,0.0,0.0,0.0,1.0,0.0,0.0,1.0
-0.3048398855318701,-0.4237070648676466,-0.13475999220452498,-0.14060660147002307,-0.5,0.5618427660882414,-0.8272440427070561,1.0,0.0,0.0,0.0,0.0,0.0,0.0,0.0,0.0,0.0,1.0,0.0,0.0,0.0,0.0,0.0,0.0,0.0,0.0,0.0,1.0,1.0,0.0,0.0
-0.9593806842509812,1.6056822205979908,0.2724466873422107,0.24151679288703792,1.0,-0.9882728414118517,-0.15269836583194027,0.0,0.0,1.0,0.0,0.0,1.0,0.0,0.0,0.0,0.0,0.0,0.0,0.0,0.0,0.0,0.0,0.0,0.0,1.0,0.0,0.0,0.0,0.0,1.0
0.15753777981327385,0.3374989096718319,0.4668651775132916,0.46409433268467226,1.0,-0.9252648982609064,-0.3793215892171635,1.0,0.0,0.0,0.0,1.0,0.0,0.0,0.0,0.0,0.0,0.0,0.0,0.0,0.0,0.0,0.0,0.0,0.0,1.0,0.0,0.0,0.0,0.0,0.0
0.17278550297578055,3.040704667868146,-0.7796951328998583,-0.8166519994876816,1.0,-0.8008184869298558,-0.598907130523069,0.0,0.0,1.0,0.0,0.0,0.0,0.0,0.0,0.0,1.0,0.0,0.0,0.0,0.0,0.0,0.0,0.0,0.0,0.0,0.0,1.0,0.0,0.0,1.0
1.4669405402834195,0.787501224484058,-0.5069449417861003,-0.4657800253680222,2.5,-0.30791018093707573,0.9514154300174542,1.0,0.0,0.0,0.0,0.0,0.0,0.0,1.0,0.0,0.0,0.0,0.0,0.0,0.0,0.0,0.0,0.0,1.0,0.0,0.0,0.0,0.0,0.0,0.0
-0.00198537103246468,-0.7041119049646956,-0.6351953555967926,-0.6621962757760177,1.0,-0.6379281529247162,-0.7700958847481656,0.0,0.0,1.0,0.0,0.0,0.0,0.0,0.0,0.0,0.0,1.0,0.0,0.0,0.0,0.0,0.0,0.0,0.0,0.0,0.0,1.0,0.0,0.0,1.0
-0.9860597095941559,0.0,0.6770133833549852,0.6813173192528416,-0.5,-0.9483928577745477,0.31709775672846774,1.0,0.0,0.0,0.0,0.0,0.0,0.0,0.0,0.0,0.0,0.0,1.0,0.0,0.0,0.0,0.0,0.0,0.0,1.0,0.0,0.0,0.0,0.0,1.0
0.6412299681669751,-0.49485847254393833,0.3501235863605879,0.36529952032127333,0.0,-0.2536876022178919,-0.9672862040166481,1.0,0.0,0.0,0.0,1.0,0.0,0.0,0.0,0.0,0.0,0.0,0.0,0.0,0.0,0.0,0.0,0.0,1.0,0.0,0.0,0.0,0.0,0.0,1.0
-0.6631130559862615,0.03579425388414017,-0.11468228526526798,-0.15154707751294214,1.0,-0.5463456204033676,-0.8375598265593087,0.0,0.0,1.0,0.0,0.0,1.0,0.0,0.0,0.0,0.0,0.0,0.0,0.0,0.0,0.0,0.0,0.0,0.0,1.0,0.0,0.0,0.0,0.0,0.0
-0.8627643875493239,-0.06164837206400607,0.6462808406849933,0.6411416436329984,0.0,-0.6826363268002781,-0.7307582673720661,0.0,1.0,0.0,0.0,0.0,0.0,0.0,0.0,0.0,0.0,1.0,0.0,0.0,0.0,0.0,0.0,0.0,0.0,0.0,0.0,1.0,0.0,0.0,0.0
0.4571608562621243,-0.6459261156858817,0.4247011801588214,0.4284799431491879,1.0,0.6130794241475911,0.790021277996269,0.0,1.0,0.0,0.0,0.0,0.0,0.0,0.0,1.0,0.0,0.0,0.0,0.0,0.0,0.0,0.0,0.0,0.0,1.0,0.0,0.0,0.0,0.0,1.0
-0.46801328152394656,2.383134772470676,-0.8729978622978759,-0.9071670860240376,0.0,-0.9810820713207002,-0.19359227601607565,0.0,1.0,0.0,0.0,0.0,0.0,0.0,0.0,0.0,0.0,0.0,0.0,1.0,0.0,0.0,0.0,0.0,0.0,1.0,0.0,0.0,0.0,0.0,1.0
0.9942444626231914,0.4222180334509201,0.0036945966235514918,0.017551035585468347,2.5,-0.37453916571277895,-0.9272110942752873,0.0,1.0,0.0,0.0,0.0,0.0,0.0,0.0,0.0,0.0,0.0,0.0,0.0,0.0,1.0,0.0,0.0,0.0,0.0,0.0,1.0,0.0,0.0,0.0
0.31562132992678,-0.353586573400765,0.40435601952208583,0.39010564500468947,0.0,0.3642673316238155,-0.931294427725016,0.0,1.0,0.0,0.0,0.0,0.0,0.0,0.0,0.0,0.0,0.0,0.0,1.0,0.0,0.0,0.0,0.0,0.0,1.0,0.0,0.0,1.0,0.0,0.0
0.37811118671641714,0.4779064358049534,-0.6080007633350644,-0.6278874717501869,0.0,0.12143625185968433,-0.992599232688738,0.0,0.0,1.0,0.0,0.0,0.0,0.0,0.0,0.0,1.0,0.0,0.0,0.0,0.0,0.0,0.0,0.0,0.0,0.0,0.0,1.0,1.0,0.0,0.0
-0.9176417022004466,0.35827127342914167,-0.3654165259514182,-0.3976747356809082,2.5,-0.04892240489840244,0.9988025822448382,0.0,1.0,0.0,0.0,0.0,0.0,0.0,0.0,0.0,0.0,0.0,0.0,1.0,0.0,0.0,0.0,0.0,0.0,0.0,0.0,1.0,0.0,0.0,0.0
0.0,-0.0963857682829325,0.581940507999801,0.5507918210852062,-0.5,-0.9970247904903282,0.07708156165852593,0.0,0.0,0.0,0.0,0.0,0.0,0.0,1.0,0.0,0.0,0.0,0.0,0.0,0.0,0.0,0.0,0.0,0.0,0.0,0.0,1.0,0.0,0.0,1.0
-0.3665520816368431,2.3084526802453085,-0.027899924605902758,-0.045910336023004705,0.0,-0.42288187810552996,0.9061848140252294,0.0,1.0,0.0,0.0,0.0,0.0,0.0,0.0,0.0,0.0,0.0,0.0,0.0,1.0,0.0,0.0,0.0,1.0,0.0,0.0,0.0,0.0,1.0,0.0
0.23745544077226777,1.7503431557664868,-0.029331847335152365,-0.03941546127244993,1.0,-0.14716207014851773,0.9891123925568837,0.0,0.0,0.0,0.0,0.0,0.0,0.0,0.0,0.0,1.0,0.0,0.0,0.0,0.0,0.0,0.0,0.0,0.0,1.0,0.0,0.0,1.0,0.0,0.0
-0.053906124077961574,0.03252976590073727,-0.1550158227131704,-0.17119696575316984,1.0,-0.1272810033739129,-0.991866697787626,1.0,0.0,0.0,0.0,0.0,0.0,0.0,0.0,0.0,0.0,0.0,0.0,0.0,1.0,0.0,0.0,0.0,0.0,0.0,0.0,1.0,0.0,1.0,0.0
-0.9603601853232228,1.0936156352737798,-0.5652238415348227,-0.6056759916872213,1.0,-0.9606782561929277,0.2776639841213036,0.0,1.0,0.0,0.0,0.0,0.0,0.0,0.0,0.0,0.0,0.0,0.0,0.0,0.0,1.0,0.0,0.0,0.0,1.0,0.0,0.0,0.0,0.0,1.0
0.6471980179731599,-0.32148044562252653,0.8430032447314276,0.873486285154749,1.0,-0.9971468360751253,0.07548633853464636,0.0,0.0,1.0,0.0,0.0,0.0,0.0,0.0,0.0,0.0,0.0,0.0,0.0,0.0,1.0,0.0,0.0,0.0,1.0,0.0,0.0,0.0,0.0,1.0
0.7203677301546045,0.19276160905846346,-0.38432539025093243,-0.39223755045716147,0.0,0.9974873642595198,0.0708446055998342,0.0,0.0,1.0,0.0,0.0,0.0,0.0,0.0,0.0,0.0,0.0,0.0,0.0,0.0,0.0,1.0,0.0,0.0,0.0,0.0,1.0,0.0,0.0,0.0
-0.46055393228484764,-0.5794649323169098,0.12192839590660406,0.107652962150415,1.0,-0.9351867293376056,0.35415502434785806,0.0,0.0,0.0,0.0,0.0,0.0,0.0,0.0,0.0,1.0,0.0,0.0,0.0,0.0,0.0,0.0,0.0,0.0,0.0,0.0,1.0,0.0,0.0,0.0
0.3870455231528817,-0.19469822301112838,-0.7270561445945797,0.0,1.0,0.14903199333857045,0.9888323745516893,0.0,0.0,1.0,0.0,0.0,0.0,0.0,1.0,0.0,0.0,0.0,0.0,0.0,0.0,0.0,0.0,0.0,0.0,0.0,1.0,0.0,0.0,0.0,1.0
0.6177914543367381,-0.6619801581837079,-0.1482111997465452,-0.1662390460962579,-0.5,-0.9872291131173739,-0.15930686806752317,0.0,0.0,0.0,0.0,0.0,0.0,0.0,0.0,0.0,0.0,0.0,1.0,0.0,0.0,0.0,0.0,0.0,0.0,0.0,0.0,1.0,0.0,0.0,1.0
-1.136750238650701,0.0,0.803932787266267,0.8011998165569727,-0.5,0.8954529304094406,0.44515620788791144,1.0,0.0,0.0,0.0,0.0,0.0,0.0,0.0,1.0,0.0,0.0,0.0,0.0,0.0,0.0,0.0,0.0,0.0,0.0,1.0,0.0,0.0,0.0,1.0
-0.41357263906580916,-0.6965957241995253,0.9897985652417736,0.9889892867619415,2.5,0.9999984769132877,0.0017453283658984836,0.0,1.0,0.0,0.0,0.0,0.0,0.0,0.0,0.0,0.0,0.0,1.0,0.0,0.0,0.0,0.0,0.0,0.0,1.0,0.0,0.0,0.0,0.0,1.0
-1.24510835105642,-0.27004142137654535,-0.2952048986777369,-0.31776959721034387,1.0,0.2189948062617258,0.9757260244712084,0.0,0.0,0.0,0.0,0.0,0.0,0.0,0.0,0.0,0.0,0.0,0.0,1.0,0.0,0.0,0.0,0.0,0.0,1.0,0.0,0.0,0.0,0.0,0.0
0.40594206689211043,1.4973790759010375,-0.7164899957485364,-0.7467949115217921,1.0,-0.12893982793878928,-0.9916524193340706,0.0,0.0,0.0,0.0,0.0,0.0,0.0,0.0,0.0,0.0,0.0,0.0,1.0,0.0,0.0,0.0,0.0,0.0,1.0,0.0,0.0,0.0,0.0,1.0
0.26566628256606617,-0.02819243705939236,-0.39111748257810336,-0.41530840326065843,1.0,0.4146270673087353,0.9099914258139785,0.0,0.0,0.0,1.0,0.0,0.0,0.0,0.0,1.0,0.0,0.0,0.0,0.0,0.0,0.0,0.0,0.0,0.0,1.0,0.0,0.0,0.0,0.0,0.0
-0.5041373589139495,0.23922034953829782,-0.365182248597341,-0.391774811289183,0.0,-0.11840396830650055,-0.992965508106537,1.0,0.0,0.0,0.0,0.0,0.0,1.0,0.0,0.0,0.0,0.0,0.0,0.0,0.0,0.0,0.0,0.0,0.0,0.0,0.0,1.0,0.0,0.0,1.0
-0.1658615343384203,-0.5632133531131103,0.2781515344444729,0.2641083801237002,1.0,0.7189860882746012,0.6950244635029672,1.0,0.0,0.0,0.0,0.0,0.0,0.0,0.0,0.0,1.0,0.0,0.0,0.0,0.0,0.0,0.0,0.0,0.0,0.0,0.0,1.0,0.0,1.0,0.0
-0.3156089685754612,2.0138008070029665,-0.022667304227206222,-0.046290443196701316,0.0,0.6030339675711391,-0.7977155094113504,0.0,0.0,0.0,0.0,0.0,1.0,0.0,0.0,0.0,0.0,0.0,0.0,0.0,0.0,0.0,0.0,0.0,0.0,1.0,0.0,0.0,0.0,0.0,1.0
-1.1997557915129191,0.0,0.5294913106031416,0.5172597578056248,-0.5,-0.6588535959104972,-0.7522711872428767,1.0,0.0,0.0,0.0,0.0,0.0,0.0,0.0,0.0,0.0,0.0,0.0,0.0,0.0,0.0,1.0,0.0,0.0,0.0,1.0,0.0,1.0,0.0,0.0
0.9151255116968237,0.6633481361499188,0.39331576918631567,0.41742378231427435,1.0,0.7612082806150744,-0.64850748147037,1.0,0.0,0.0,0.0,0.0,0.0,0.0,0.0,1.0,0.0,0.0,0.0,0.0,0.0,0.0,0.0,0.0,1.0,0.0,0.0,0.0,0.0,0.0,0.0
0.12452955463915485,0.1766285537723018,-0.5191544195584543,-0.5414048265347859,0.0,0.12020903386812021,0.9927486027068954,0.0,0.0,0.0,0.0,0.0,1.0,0.0,0.0,0.0,0.0,0.0,0.0,0.0,0.0,0.0,0.0,0.0,0.0,1.0,0.0,0.0,0.0,0.0,1.0
-0.16169130026774287,-0.6498098912445534,0.561521351283217,0.5620958779029653,1.0,-0.5864312630756565,-0.8099989961027668,1.0,0.0,0.0,0.0,1.0,0.0,0.0,0.0,0.0,0.0,0.0,0.0,0.0,0.0,0.0,0.0,0.0,0.0,1.0,0.0,0.0,0.0,0.0,0.0
-0.15715610166090416,0.16350856482302092,0.6896867944614204,0.6816147944322564,0.0,-0.8906761374051664,0.4546383378653996,0.0,0.0,0.0,0.0,0.0,0.0,0.0,0.0,0.0,0.0,0.0,0.0,1.0,0.0,0.0,0.0,0.0,0.0,1.0,0.0,0.0,0.0,0.0,1.0
-1.0181863080804787,0.0,0.8523230716636456,0.8463003590360154,-0.5,-0.9998347390248375,-0.018179511520801817,0.0,1.0,0.0,0.0,0.0,0.0,0.0,0.0,1.0,0.0,0.0,0.0,0.0,0.0,0.0,0.0,0.0,0.0,1.0,0.0,0.0,0.0,0.0,1.0
-0.6404239278651663,-0.12768292062292208,0.5588699502445909,0.5429417816284289,0.0,0.27654599650694217,0.9610006825262833,0.0,1.0,0.0,0.0,1.0,0.0,0.0,0.0,0.0,0.0,0.0,0.0,0.0,0.0,0.0,0.0,0.0,0.0,0.0,0.0,1.0,0.0,1.0,0.0
0.09370540343505758,-0.40451507015415467,0.17856356256540967,0.16719757722992779,-0.5,-7.27220521020543e-05,0.9999999973557515,1.0,0.0,0.0,0.0,0.0,0.0,0.0,0.0,0.0,1.0,0.0,0.0,0.0,0.0,0.0,0.0,0.0,0.0,1.0,0.0,0.0,0.0,0.0,0.0
0.7726234198418578,0.18575939979522918,0.8087232754284639,0.8357895693633619,-0.5,-0.7494855390879012,0.6620207147046973,0.0,0.0,0.0,0.0,0.0,0.0,0.0,1.0,0.0,0.0,0.0,0.0,0.0,0.0,0.0,0.0,0.0,0.0,0.0,0.0,1.0,0.0,1.0,0.0
-1.3123975809503499,0.0,0.18862635143867576,0.18203828340295095,2.5,-0.6539159161077599,-0.7565672307607231,1.0,0.0,0.0,0.0,0.0,0.0,0.0,0.0,0.0,0.0,0.0,0.0,1.0,0.0,0.0,0.0,0.0,0.0,0.0,0.0,0.0,0.0,0.0,0.0
0.6809143784151717,2.796684441595641,0.028095856683040252,0.0358292327206172,-0.5,-0.6942920974037994,0.7196933259956169,0.0,0.0,0.0,0.0,0.0,0.0,0.0,0.0,0.0,0.0,0.0,1.0,0.0,0.0,0.0,0.0,0.0,1.0,0.0,0.0,0.0,0.0,1.0,0.0
-0.2601691270227772,-0.1738061680313168,0.7614716182702124,0.7493069241479611,0.0,-0.15945045303615865,0.9872059324307992,0.0,1.0,0.0,0.0,0.0,0.0,1.0,0.0,0.0,0.0,0.0,0.0,0.0,0.0,0.0,0.0,0.0,0.0,1.0,0.0,0.0,0.0,0.0,0.0
-0.03569542069265043,-0.6631251939541599,-0.7798838688958932,-0.7925399835562331,1.0,-0.9832549075639546,0.18223552549214742,0.0,1.0,0.0,0.0,0.0,0.0,0.0,0.0,0.0,0.0,0.0,0.0,0.0,0.0,0.0,0.0,0.0,0.0,0.0,0.0,1.0,0.0,0.0,1.0
-0.7735564403761594,-0.3406044343971293,-0.06860365734020513,-0.09732396286518175,-0.5,0.6380401520831672,-0.7700030937143622,0.0,1.0,0.0,0.0,0.0,0.0,0.0,0.0,0.0,1.0,0.0,0.0,0.0,0.0,0.0,0.0,0.0,0.0,0.0,0.0,1.0,1.0,0.0,0.0
-0.8473315627573821,-0.045381736909394,0.060990205489237656,0.051281415651326184,1.0,-0.5644268469347505,-0.825483091564749,1.0,0.0,0.0,0.0,0.0,0.0,0.0,0.0,0.0,0.0,0.0,0.0,1.0,0.0,0.0,0.0,0.0,0.0,1.0,0.0,0.0,0.0,0.0,0.0
0.0897534705061581,-0.5163951007203071,0.09614258104270763,0.08413589657779609,1.0,0.9342044743210294,0.3567379993196254,1.0,0.0,0.0,0.0,0.0,1.0,0.0,0.0,0.0,0.0,0.0,0.0,0.0,0.0,0.0,0.0,0.0,0.0,1.0,0.0,0.0,0.0,0.0,0.0
1.3779373429213655,1.040996814512608,0.29311832757337425,0.326049323037387,-0.5,0.949471135951201,-0.3138543643085691,1.0,0.0,0.0,0.0,0.0,0.0,0.0,0.0,0.0,0.0,1.0,0.0,0.0,0.0,0.0,0.0,0.0,1.0,0.0,0.0,0.0,0.0,1.0,0.0
-0.6825476600272542,0.2445653537965508,-0.0031221597893817893,-0.03827513975136028,0.0,-0.6205206718450799,-0.7841900890810408,0.0,0.0,1.0,0.0,1.0,0.0,0.0,0.0,0.0,0.0,0.0,0.0,0.0,0.0,0.0,0.0,0.0,0.0,0.0,0.0,1.0,0.0,0.0,0.0
-0.6871703395174785,-0.6636569298319125,-0.5079827625268296,-0.528828237005086,2.5,-0.8110212775221544,-0.5850166556657448,0.0,0.0,1.0,0.0,0.0,0.0,0.0,0.0,0.0,0.0,1.0,0.0,0.0,0.0,0.0,0.0,0.0,0.0,0.0,0.0,1.0,0.0,0.0,0.0
-0.83853225083138,0.3769786104552735,0.7089148607305373,0.6939600143779672,1.0,0.6185226870682113,-0.7857669410085407,1.0,0.0,0.0,0.0,0.0,0.0,0.0,0.0,0.0,0.0,0.0,0.0,0.0,0.0,0.0,0.0,0.0,0.0,0.0,0.0,1.0,0.0,0.0,1.0
-0.21820135801272653,0.47471963167570136,0.304545628659739,0.2797258270429728,1.0,-0.4608453006062138,-0.8874804836779051,1.0,0.0,0.0,0.0,0.0,0.0,0.0,0.0,1.0,0.0,0.0,0.0,0.0,0.0,0.0,0.0,0.0,0.0,0.0,0.0,1.0,0.0,0.0,0.0
-0.7038760738926059,0.42799485374961505,0.7114361833529254,0.6995459371914211,-0.5,-0.23620221797196833,0.9717039221003086,1.0,0.0,0.0,0.0,1.0,0.0,0.0,0.0,0.0,0.0,0.0,0.0,0.0,0.0,0.0,0.0,0.0,0.0,1.0,0.0,0.0,1.0,0.0,0.0
-0.6913090334175799,-0.5239188639849937,-0.4689988409340104,-0.5006672533538261,0.0,-0.20036550081473534,-0.9797212185531455,0.0,0.0,1.0,0.0,1.0,0.0,0.0,0.0,0.0,0.0,0.0,0.0,0.0,0.0,0.0,0.0,0.0,0.0,1.0,0.0,0.0,0.0,1.0,0.0
0.09167009437900554,-0.5235241442814764,0.26304104949845714,0.25420906720873265,0.0,-0.9502442534023859,-0.3115057926840882,0.0,0.0,0.0,0.0,0.0,0.0,0.0,0.0,1.0,0.0,0.0,0.0,0.0,0.0,0.0,0.0,0.0,0.0,1.0,0.0,0.0,0.0,0.0,1.0
-0.9512864913069328,0.02526829378016006,0.419413665966978,0.40611972549651504,-0.5,-0.2151614603865001,0.976578489402848,0.0,0.0,0.0,0.0,0.0,0.0,1.0,0.0,0.0,0.0,0.0,0.0,0.0,0.0,0.0,0.0,0.0,0.0,1.0,0.0,0.0,1.0,0.0,0.0
1.1651206293682592,-0.4891734696437908,-0.251297714490716,-0.24300416878411146,0.0,0.06859570830751814,0.9976445403057093,0.0,0.0,0.0,0.0,1.0,0.0,0.0,0.0,0.0,0.0,0.0,0.0,0.0,0.0,0.0,0.0,0.0,0.0,0.0,1.0,0.0,0.0,0.0,1.0
-0.8126620508627446,0.42213604019070455,0.6182744961220537,0.6064857852311837,1.0,-0.4018811867302893,0.9156918213854781,0.0,1.0,0.0,0.0,0.0,0.0,0.0,0.0,0.0,0.0,0.0,0.0,0.0,1.0,0.0,0.0,0.0,0.0,0.0,0.0,1.0,0.0,0.0,0.0
0.7848278115043122,-0.36964505446788376,-1.0236550433231402,-1.02904927758979,0.0,0.9765001899319369,-0.215516540114422,1.0,0.0,0.0,0.0,0.0,0.0,0.0,0.0,0.0,1.0,0.0,0.0,0.0,0.0,0.0,0.0,0.0,1.0,0.0,0.0,0.0,0.0,0.0,0.0
1.4391093340163001,-0.5948972732048111,0.17759804254681968,0.21419865557745307,1.0,-0.7745766578362442,-0.6324800401081713,0.0,1.0,0.0,0.0,0.0,0.0,0.0,1.0,0.0,0.0,0.0,0.0,0.0,0.0,0.0,0.0,0.0,0.0,1.0,0.0,0.0,0.0,0.0,1.0
0.836168932526948,-0.11211307779428147,0.21541272448974624,0.2248416564409575,1.0,0.8988577952912132,0.4382404178578459,0.0,0.0,1.0,0.0,0.0,0.0,0.0,0.0,0.0,0.0,0.0,0.0,0.0,0.0,0.0,1.0,0.0,0.0,0.0,0.0,1.0,0.0,0.0,0.0
0.7405115936499874,-0.2941006521204198,0.05375070352557239,0.04391064176138367,0.0,-0.5909577142467575,-0.80670253499803,1.0,0.0,0.0,0.0,0.0,1.0,0.0,0.0,0.0,0.0,0.0,0.0,0.0,0.0,0.0,0.0,0.0,0.0,1.0,0.0,0.0,1.0,0.0,0.0
0.5284780183243563,-0.14229500616924626,0.24882984804025335,0.24150026648818157,1.0,0.9646724629733155,0.26345215729045995,0.0,0.0,0.0,0.0,0.0,0.0,0.0,0.0,0.0,0.0,0.0,0.0,0.0,0.0,0.0,1.0,0.0,0.0,1.0,0.0,0.0,0.0,1.0,0.0
0.09429158096140766,-0.5511737906953154,-0.6896502514736114,-0.709907989274367,-0.5,0.8935347062651242,0.44899412991674864,1.0,0.0,0.0,0.0,0.0,0.0,0.0,1.0,0.0,0.0,0.0,0.0,0.0,0.0,0.0,0.0,0.0,0.0,1.0,0.0,0.0,0.0,0.0,0.0
0.8213029467943959,0.175485149994345,0.3598139143984806,0.3506406045356703,1.0,-0.7743466304046296,-0.6327616423116971,0.0,1.0,0.0,0.0,0.0,0.0,0.0,0.0,0.0,0.0,0.0,0.0,0.0,0.0,0.0,1.0,0.0,1.0,0.0,0.0,0.0,0.0,0.0,1.0
-0.24234285076497394,1.0400262117305679,-0.34785079436200783,-0.35726769047707574,-0.5,-0.8190686123140689,0.5736955711193048,0.0,1.0,0.0,0.0,0.0,0.0,0.0,0.0,0.0,0.0,0.0,1.0,0.0,0.0,0.0,0.0,0.0,1.0,0.0,0.0,0.0,0.0,0.0,1.0
0.5809861100989654,1.8962025728860716,-0.11209651018102121,-0.13204592686242184,-0.5,0.08222841522344085,0.9966135097066673,0.0,0.0,0.0,0.0,0.0,0.0,0.0,0.0,0.0,0.0,0.0,0.0,0.0,0.0,1.0,0.0,0.0,0.0,0.0,0.0,1.0,1.0,0.0,0.0
0.7666314408563868,0.4968027593552231,-0.3532843135062119,-0.3776612666658403,1.0,0.3556507618148765,-0.9346189253489884,0.0,0.0,1.0,0.0,0.0,0.0,0.0,0.0,0.0,0.0,0.0,0.0,0.0,0.0,0.0,0.0,0.0,0.0,0.0,0.0,1.0,0.0,1.0,0.0
0.31185251123809965,-0.5752428075599378,-0.06772465549962985,-0.08215272871503104,0.0,-0.8533233826927742,0.5213820140259551,0.0,1.0,0.0,0.0,0.0,0.0,0.0,1.0,0.0,0.0,0.0,0.0,0.0,0.0,0.0,0.0,0.0,0.0,0.0,1.0,0.0,0.0,0.0,1.0
-0.24832652585792753,-0.7119079171322903,0.23163614611018363,0.21208327652383735,2.5,0.7479911871646702,0.6637086589189471,0.0,1.0,0.0,0.0,0.0,0.0,0.0,0.0,0.0,0.0,0.0,0.0,0.0,0.0,0.0,0.0,0.0,0.0,1.0,0.0,0.0,0.0,1.0,0.0
0.29664750386521566,1.3935122592536358,0.6711970942166715,0.664989237182745,0.0,-0.06133888259144259,0.9981169978927487,0.0,0.0,1.0,0.0,0.0,0.0,0.0,0.0,1.0,0.0,0.0,0.0,0.0,0.0,0.0,0.0,0.0,0.0,1.0,0.0,0.0,0.0,0.0,1.0
-0.3164292581774485,-0.3871231858043261,-0.048463486609867844,-0.06489916830897753,0.0,-0.5891963573533419,-0.8079898838980307,0.0,1.0,0.0,0.0,0.0,0.0,0.0,0.0,1.0,0.0,0.0,0.0,0.0,0.0,0.0,0.0,0.0,0.0,1.0,0.0,0.0,0.0,0.0,1.0
-0.43228255318753217,-0.23968944398288078,-0.37332957193464295,-0.40954069005978416,0.0,0.9142244900891665,-0.40520807213233473,0.0,0.0,0.0,0.0,0.0,0.0,0.0,0.0,1.0,0.0,0.0,0.0,0.0,0.0,0.0,0.0,0.0,1.0,0.0,0.0,0.0,0.0,0.0,0.0
0.5220347768472144,-0.5722769481400353,-0.03932484265941097,-0.044092432148803616,0.0,0.882674315967603,0.46998516139461677,0.0,0.0,1.0,0.0,0.0,0.0,0.0,0.0,0.0,0.0,1.0,0.0,0.0,0.0,0.0,0.0,0.0,0.0,0.0,0.0,0.0,0.0,0.0,0.0
0.04520053080354901,0.048551950637973136,0.36796983834722413,0.3642748835921782,0.0,0.051682343577985006,-0.9986635746648053,0.0,1.0,0.0,0.0,0.0,1.0,0.0,0.0,0.0,0.0,0.0,0.0,0.0,0.0,0.0,0.0,0.0,0.0,1.0,0.0,0.0,0.0,0.0,1.0
0.5130103574221478,2.0277018998905736,-0.32572463773004784,-0.352094927635031,1.0,0.36913856227733366,0.9293743711980781,0.0,1.0,0.0,0.0,0.0,0.0,0.0,0.0,0.0,0.0,1.0,0.0,0.0,0.0,0.0,0.0,0.0,0.0,0.0,1.0,0.0,0.0,0.0,0.0
0.0498256086069056,0.042516649129703654,0.0,0.0,1.0,-0.7267745058834689,0.686876129733622,0.0,0.0,0.0,0.0,0.0,0.0,0.0,0.0,0.0,0.0,1.0,0.0,0.0,0.0,0.0,0.0,0.0,1.0,0.0,0.0,0.0,0.0,0.0,0.0
0.31258041351733856,-0.575039279021156,0.11254840579186641,0.10771906774584063,1.0,0.9717210966408842,0.23613155304413944,1.0,0.0,0.0,0.0,0.0,0.0,0.0,0.0,0.0,0.0,0.0,0.0,0.0,1.0,0.0,0.0,0.0,0.0,1.0,0.0,0.0,0.0,0.0,1.0
0.9910167827129672,-0.3415240415513181,0.0,0.0,2.5,0.008508377443028084,-0.9999638031015358,1.0,0.0,0.0,0.0,0.0,0.0,0.0,0.0,0.0,0.0,0.0,0.0,0.0,0.0,1.0,0.0,0.0,0.0,0.0,0.0,1.0,0.0,0.0,0.0
-0.17414765787428407,0.37107045310713477,-0.604773676702651,-0.6357044584092515,0.0,-0.9701724491648892,0.24241579750791897,0.0,0.0,0.0,0.0,0.0,0.0,0.0,0.0,0.0,1.0,0.0,0.0,0.0,0.0,0.0,0.0,0.0,0.0,0.0,0.0,1.0,0.0,0.0,1.0
-0.3394621610007072,-0.5074073573561966,-0.7440636826161141,-0.7858302656205457,1.0,0.9118516268315262,-0.41051992721998176,1.0,0.0,0.0,0.0,0.0,0.0,0.0,1.0,0.0,0.0,0.0,0.0,0.0,0.0,0.0,0.0,0.0,0.0,0.0,0.0,0.0,0.0,0.0,1.0
0.2532397190833059,-0.44214533162622854,-0.3137422052740897,-0.32360341600664355,0.0,-0.33750602034139615,0.9413233696415452,0.0,0.0,0.0,0.0,0.0,0.0,0.0,1.0,0.0,0.0,0.0,0.0,0.0,0.0,0.0,0.0,0.0,0.0,1.0,0.0,0.0,1.0,0.0,0.0
-1.3540226845845025,0.0,-0.9307155227765965,-0.972231518321579,1.0,-0.8881163950137486,0.4596186124470846,0.0,0.0,0.0,0.0,0.0,0.0,1.0,0.0,0.0,0.0,0.0,0.0,0.0,0.0,0.0,0.0,0.0,1.0,0.0,0.0,0.0,0.0,0.0,1.0
0.46236314504395676,2.4121702539243177,0.15440637223685624,0.16215702557873385,0.0,-0.6000130645819571,-0.7999902013968472,1.0,0.0,0.0,0.0,1.0,0.0,0.0,0.0,0.0,0.0,0.0,0.0,0.0,0.0,0.0,0.0,0.0,0.0,1.0,0.0,0.0,0.0,0.0,0.0
1.2068971090471483,0.1357922142034121,-0.2634851543808758,-0.24667302933022636,1.0,0.9916805260409504,-0.12872347987505578,0.0,0.0,0.0,0.0,0.0,0.0,0.0,1.0,0.0,0.0,0.0,0.0,0.0,0.0,0.0,0.0,0.0,0.0,0.0,0.0,1.0,0.0,1.0,0.0
0.523611553342442,-0.5454379974555661,-0.4828293706358892,-0.5078066576597793,2.5,-0.5622036658998908,-0.8269988138133717,0.0,0.0,1.0,0.0,0.0,0.0,0.0,0.0,0.0,0.0,0.0,0.0,0.0,0.0,0.0,0.0,0.0,0.0,0.0,0.0,1.0,1.0,0.0,0.0
0.6197664217193446,-0.5688267003576081,0.24952227817212463,0.24725145329019946,1.0,0.8624768671127968,-0.5060964865470764,1.0,0.0,0.0,0.0,0.0,0.0,0.0,0.0,0.0,0.0,1.0,0.0,0.0,0.0,0.0,0.0,0.0,1.0,0.0,0.0,0.0,0.0,0.0,1.0
0.6377862543674164,-0.1603904790938346,0.695534368609571,0.7107343092171857,2.5,-0.4519806772849631,-0.8920277279104198,0.0,1.0,0.0,0.0,0.0,0.0,0.0,0.0,1.0,0.0,0.0,0.0,0.0,0.0,0.0,0.0,0.0,1.0,0.0,0.0,0.0,0.0,0.0,0.0
-0.3765826519745597,-0.14329435737037963,0.2554251732066597,0.22647776992773846,1.0,0.5087910145110325,0.8608900647311678,0.0,1.0,0.0,0.0,0.0,0.0,0.0,0.0,0.0,0.0,0.0,1.0,0.0,0.0,0.0,0.0,0.0,0.0,0.0,1.0,0.0,1.0,0.0,0.0
4.9557760793099295,2.008596368965809,0.07131461982374601,1.995209410131509,0.0,-0.8905107673649694,-0.45496216678648493,1.0,0.0,0.0,0.0,0.0,1.0,0.0,0.0,0.0,0.0,0.0,0.0,0.0,0.0,0.0,0.0,0.0,0.0,1.0,0.0,0.0,0.0,0.0,0.0
-1.0645797761126399,0.0,0.3279830362081264,0.29671496506732453,0.0,0.9007614172970303,0.43431425156106174,0.0,1.0,0.0,0.0,0.0,0.0,0.0,0.0,0.0,1.0,0.0,0.0,0.0,0.0,0.0,0.0,0.0,1.0,0.0,0.0,0.0,0.0,0.0,1.0
1.0656854410808714,0.23032519850459118,-0.9679290794095572,-0.9817837768605626,0.0,0.6082420501117723,-0.7937516037626811,1.0,0.0,0.0,0.0,0.0,0.0,0.0,0.0,0.0,0.0,0.0,1.0,0.0,0.0,0.0,0.0,0.0,0.0,1.0,0.0,0.0,0.0,0.0,1.0
-0.8725293300556215,0.7055896986900162,-0.7796456300073582,-0.8227502406656834,-0.5,0.6865589491567441,0.7270741429405857,0.0,1.0,0.0,0.0,0.0,0.0,0.0,0.0,0.0,0.0,1.0,0.0,0.0,0.0,0.0,0.0,0.0,0.0,0.0,0.0,1.0,0.0,0.0,0.0
-0.07038968148674092,-0.37795464785884003,-0.8362547988348233,-0.8727921764027814,0.0,0.9979946353290974,0.06329856123437586,0.0,1.0,0.0,0.0,0.0,0.0,0.0,0.0,0.0,1.0,0.0,0.0,0.0,0.0,0.0,0.0,0.0,0.0,0.0,0.0,1.0,0.0,0.0,0.0
0.8569611541414239,-0.20827614938048886,-0.8296242443728269,-0.8397889578866041,0.0,0.7565196746528493,0.6539709335002184,0.0,1.0,0.0,0.0,0.0,0.0,0.0,0.0,0.0,0.0,0.0,0.0,0.0,0.0,0.0,0.0,1.0,0.0,0.0,0.0,1.0,0.0,0.0,0.0
1.0965695953863106,-0.07713788958656435,-0.5005499590813983,-0.489462354929205,0.0,-0.28227169281545716,0.959334504453528,0.0,0.0,1.0,0.0,0.0,0.0,0.0,0.0,0.0,0.0,0.0,0.0,0.0,0.0,0.0,1.0,0.0,0.0,0.0,0.0,1.0,0.0,0.0,1.0
-0.23564193795593777,0.11600287042959183,0.05011936760668317,0.042258001875746354,2.5,0.3748088646372504,0.9271021060214109,0.0,0.0,0.0,0.0,0.0,0.0,0.0,0.0,0.0,0.0,0.0,1.0,0.0,0.0,0.0,0.0,0.0,0.0,0.0,0.0,0.0,1.0,0.0,0.0
-1.0706429918984086,-0.4004243076861291,-0.7961982062039471,-0.8218412887285828,2.5,-0.846425596706649,-0.5325070039349654,0.0,0.0,1.0,0.0,0.0,0.0,0.0,0.0,0.0,0.0,0.0,1.0,0.0,0.0,0.0,0.0,0.0,0.0,1.0,0.0,0.0,0.0,0.0,0.0
0.10691297254699163,-0.3284512344595349,0.8674267283328781,0.8767915649260237,-0.5,0.9965655024977614,0.08280820751220436,0.0,0.0,1.0,0.0,0.0,0.0,0.0,0.0,0.0,0.0,0.0,1.0,0.0,0.0,0.0,0.0,0.0,1.0,0.0,0.0,0.0,0.0,1.0,0.0
0.1817705225874312,0.6821785758260477,0.7034651305571645,0.6979263501034965,0.0,0.05015716174729338,0.9987413374470168,1.0,0.0,0.0,0.0,0.0,0.0,1.0,0.0,0.0,0.0,0.0,0.0,0.0,0.0,0.0,0.0,0.0,0.0,0.0,0.0,1.0,0.0,0.0,0.0
0.24891669383000867,-0.1866729239219576,0.9414960988514999,0.9465329680999187,0.0,-0.3700170153361282,-0.9290249772539722,1.0,0.0,0.0,0.0,0.0,0.0,0.0,0.0,1.0,0.0,0.0,0.0,0.0,0.0,0.0,0.0,0.0,0.0,1.0,0.0,0.0,0.0,0.0,1.0
-0.2731419845777209,-0.49569490512278935,-0.9425633033179185,-0.9853038998169701,0.0,-0.9285398303223542,0.37123278883327865,0.0,0.0,0.0,0.0,1.0,0.0,0.0,0.0,0.0,0.0,0.0,0.0,0.0,0.0,0.0,0.0,0.0,0.0,1.0,0.0,0.0,0.0,0.0,0.0
-0.15734762299616925,0.9131513178114957,0.697677250903867,0.6931998000305739,1.0,0.7492447720228066,0.6622931915673697,0.0,1.0,0.0,0.0,0.0,0.0,0.0,0.0,0.0,1.0,0.0,0.0,0.0,0.0,0.0,0.0,0.0,0.0,0.0,1.0,0.0,1.0,0.0,0.0
0.0,0.0,0.601018375695827,0.5860426298458502,0.0,0.9589023110161614,-0.2837364233366327,0.0,0.0,1.0,0.0,0.0,0.0,0.0,0.0,0.0,0.0,1.0,0.0,0.0,0.0,0.0,0.0,0.0,0.0,0.0,1.0,0.0,0.0,1.0,0.0
0.05426704136733206,0.4241149534270478,0.8004903979992234,0.7886893326226982,0.0,-0.5337990124033695,0.845611384950077,0.0,1.0,0.0,0.0,0.0,0.0,1.0,0.0,0.0,0.0,0.0,0.0,0.0,0.0,0.0,0.0,0.0,0.0,0.0,1.0,0.0,0.0,0.0,1.0
0.5327530109972968,1.6926136295970717,0.041789239931513414,0.04610865280928138,1.0,0.5662863666390188,0.8242085603527658,0.0,0.0,1.0,0.0,0.0,0.0,0.0,0.0,0.0,0.0,0.0,0.0,0.0,0.0,0.0,0.0,0.0,0.0,0.0,0.0,0.0,0.0,1.0,0.0
0.13044028925730264,1.563950298138338,0.5688888886644874,0.5773332176485416,1.0,-0.48614474132352276,-0.8738783041611029,0.0,1.0,0.0,0.0,0.0,0.0,0.0,0.0,0.0,0.0,0.0,0.0,0.0,0.0,0.0,1.0,0.0,0.0,1.0,0.0,0.0,0.0,0.0,1.0
-0.09107127079296828,0.12794154021910814,-0.9247459228141001,-0.9671579138726725,-0.5,-0.9965110912080515,0.0834604403255733,0.0,0.0,0.0,0.0,0.0,0.0,0.0,0.0,0.0,0.0,0.0,0.0,0.0,1.0,0.0,0.0,0.0,0.0,0.0,0.0,1.0,1.0,0.0,0.0
0.7789564450033104,-0.692617335597561,-0.8748820480385093,-0.887616356176948,1.0,-0.7300131920323198,0.6834330541163364,0.0,0.0,1.0,0.0,0.0,0.0,0.0,0.0,0.0,0.0,1.0,0.0,0.0,0.0,0.0,0.0,0.0,1.0,0.0,0.0,0.0,0.0,0.0,1.0
0.12551498494633792,-0.5042337625776243,-0.7883900794908753,-0.8253283588872775,0.0,0.7512641335035112,-0.6600016679609367,0.0,0.0,0.0,1.0,0.0,0.0,0.0,0.0,0.0,0.0,0.0,0.0,0.0,0.0,1.0,0.0,0.0,0.0,0.0,0.0,1.0,1.0,0.0,0.0
-0.03770467997728989,2.244509421934414,0.8262081715630679,0.822601503075976,0.0,-0.03511752912579557,-0.9993831893463583,0.0,1.0,0.0,0.0,0.0,1.0,0.0,0.0,0.0,0.0,0.0,0.0,0.0,0.0,0.0,0.0,0.0,0.0,0.0,0.0,1.0,0.0,0.0,1.0
-0.004247941707823516,0.31179150937056127,-0.9047068821277295,-0.9439548498783243,-0.5,0.9515720497592125,0.30742581888489906,0.0,0.0,1.0,0.0,0.0,0.0,0.0,0.0,0.0,0.0,0.0,0.0,0.0,1.0,0.0,0.0,0.0,0.0,0.0,0.0,1.0,0.0,0.0,0.0
-0.831373921202706,-0.09044759978225592,-0.8256653717087279,-0.869635634221214,0.0,0.9700665829690416,0.24283909200696574,0.0,0.0,1.0,0.0,0.0,1.0,0.0,0.0,0.0,0.0,0.0,0.0,0.0,0.0,0.0,0.0,0.0,0.0,0.0,0.0,1.0,0.0,0.0,1.0
-0.7652874896601651,0.7729147868894811,0.8578845298817246,0.8522829154220224,0.0,0.6783734191635992,0.7347172954084366,0.0,0.0,1.0,0.0,0.0,0.0,0.0,0.0,0.0,0.0,0.0,0.0,0.0,1.0,0.0,0.0,0.0,0.0,0.0,0.0,1.0,0.0,0.0,0.0
-0.14766092054955404,-0.47137798209552945,-0.810978367767957,-0.8605626412490653,0.0,0.9983792783499226,-0.05691060148590766,0.0,0.0,1.0,0.0,0.0,0.0,0.0,1.0,0.0,0.0,0.0,0.0,0.0,0.0,0.0,0.0,0.0,0.0,1.0,0.0,0.0,0.0,0.0,1.0
-0.5559071017886827,-0.07328686085763855,0.7348940173582219,0.7220053132372325,1.0,-0.0389691501577655,0.9992404141826838,0.0,0.0,1.0,0.0,0.0,0.0,0.0,0.0,0.0,0.0,0.0,0.0,0.0,0.0,1.0,0.0,0.0,0.0,0.0,0.0,1.0,0.0,0.0,1.0
-0.09197985180847366,0.1750540933291654,0.5716906466050821,0.5966029987150725,1.0,0.20812508457067616,0.9781022181615012,1.0,0.0,0.0,0.0,0.0,0.0,0.0,0.0,0.0,0.0,0.0,0.0,0.0,0.0,0.0,1.0,0.0,0.0,0.0,0.0,1.0,0.0,0.0,1.0
0.5745040033320978,0.01902609895660876,-0.9470609365382691,-0.9847915814524226,-0.5,0.2874301739072343,0.9578015948658976,0.0,0.0,1.0,0.0,0.0,1.0,0.0,0.0,0.0,0.0,0.0,0.0,0.0,0.0,0.0,0.0,0.0,0.0,0.0,0.0,1.0,0.0,0.0,0.0
0.4599941673336798,-0.429996869301158,-0.9844414224136905,-1.0161752128806754,-0.5,0.5265230856533778,-0.8501608320041837,0.0,0.0,1.0,0.0,0.0,0.0,0.0,0.0,0.0,1.0,0.0,0.0,0.0,0.0,0.0,0.0,0.0,0.0,1.0,0.0,0.0,0.0,0.0,0.0
0.2256462178941464,1.2898556832950356,0.05485640867448068,0.04343137619454891,1.0,-0.2927194076092396,-0.9561983833958808,0.0,1.0,0.0,0.0,0.0,0.0,0.0,0.0,0.0,0.0,0.0,0.0,0.0,0.0,0.0,0.0,0.0,1.0,0.0,0.0,0.0,0.0,0.0,1.0
0.565401874808045,0.8799116959071839,0.9932663289678563,1.0027061978127312,-0.5,-0.15298583628403858,-0.9882283814465528,0.0,1.0,0.0,0.0,0.0,0.0,0.0,0.0,0.0,0.0,1.0,0.0,0.0,0.0,0.0,0.0,0.0,0.0,1.0,0.0,0.0,1.0,0.0,0.0
0.707162607836417,1.385066076146387,0.7532934130969068,0.7577353875647113,2.5,-0.9660010728300397,0.2585380577230603,1.0,0.0,0.0,0.0,0.0,0.0,0.0,0.0,0.0,0.0,0.0,0.0,0.0,0.0,1.0,0.0,0.0,0.0,0.0,0.0,1.0,0.0,0.0,0.0
0.6794574425890202,-0.4125944964028057,-0.4000924316033843,-0.40375645046005354,1.0,-0.3402427872488922,0.9403376232636367,1.0,0.0,0.0,0.0,0.0,0.0,0.0,0.0,0.0,0.0,0.0,1.0,0.0,0.0,0.0,0.0,0.0,1.0,0.0,0.0,0.0,0.0,0.0,1.0
0.6605809493603693,0.6968889079212512,0.0,0.0,0.0,-0.9626326876573361,0.2708104662925965,0.0,0.0,0.0,0.0,0.0,0.0,0.0,0.0,1.0,0.0,0.0,0.0,0.0,0.0,0.0,0.0,0.0,0.0,0.0,0.0,1.0,0.0,0.0,1.0
-0.8251513084253098,-0.3682153973289308,-0.242171207381774,-0.2752141201551829,-0.5,-0.907227639471749,-0.42064000068766433,1.0,0.0,0.0,0.0,0.0,0.0,0.0,1.0,0.0,0.0,0.0,0.0,0.0,0.0,0.0,0.0,0.0,0.0,1.0,0.0,0.0,0.0,0.0,1.0
-1.1453939771409618,2.5305919857713426,0.45997866908975016,0.4514185847618341,-0.5,-0.8274482798113102,-0.5615419345314326,0.0,0.0,1.0,0.0,0.0,0.0,1.0,0.0,0.0,0.0,0.0,0.0,0.0,0.0,0.0,0.0,0.0,1.0,0.0,0.0,0.0,0.0,0.0,0.0
-0.5824712347152847,0.22657800303114362,-0.33701499913665023,-0.37005912319190865,-0.5,-0.8304176692728655,-0.5571413595842816,0.0,1.0,0.0,0.0,0.0,0.0,0.0,0.0,0.0,0.0,0.0,0.0,0.0,1.0,0.0,0.0,0.0,0.0,0.0,0.0,1.0,0.0,0.0,1.0
-0.37498243530659897,-0.3420373527215561,-0.7290487483791437,-0.7711052442395171,-0.5,0.4013483908420007,0.9159254714050356,0.0,1.0,0.0,0.0,0.0,0.0,0.0,0.0,1.0,0.0,0.0,0.0,0.0,0.0,0.0,0.0,0.0,1.0,0.0,0.0,0.0,0.0,0.0,0.0
0.6293171033265965,0.24290318727899174,0.4861944424239568,0.4943541689906915,1.0,-0.9354697337723271,0.35340681543503305,1.0,0.0,0.0,0.0,0.0,0.0,0.0,0.0,0.0,0.0,1.0,0.0,0.0,0.0,0.0,0.0,0.0,1.0,0.0,0.0,0.0,1.0,0.0,0.0
-0.12816651470312573,1.983523600773092,-0.10000740001440508,-0.1319467684692835,-0.5,0.9151649757859522,0.4030794798730115,1.0,0.0,0.0,0.0,0.0,0.0,0.0,0.0,0.0,0.0,1.0,0.0,0.0,0.0,0.0,0.0,0.0,0.0,0.0,0.0,1.0,0.0,0.0,0.0
-0.39024035737106627,0.02728835266604912,-0.8730551912855377,-0.8961439779868368,0.0,0.9942058127030764,0.10749326484675827,0.0,0.0,1.0,0.0,0.0,0.0,0.0,0.0,0.0,0.0,0.0,1.0,0.0,0.0,0.0,0.0,0.0,0.0,0.0,0.0,1.0,0.0,0.0,0.0
0.05776104713990456,-0.1885446862920146,0.573275282637904,0.5792502799158806,0.0,-0.49905501554055787,0.8665703038206499,0.0,1.0,0.0,0.0,0.0,0.0,0.0,0.0,0.0,0.0,0.0,0.0,0.0,0.0,1.0,0.0,0.0,0.0,1.0,0.0,0.0,0.0,0.0,0.0
0.3322640438709007,-0.4165408207596865,0.15811456864947412,0.15263781983746288,0.0,-0.9978589232386036,0.06540312923014237,0.0,0.0,1.0,0.0,0.0,0.0,0.0,0.0,0.0,0.0,0.0,0.0,0.0,0.0,0.0,0.0,0.0,0.0,1.0,0.0,0.0,0.0,0.0,0.0
0.512991547774482,0.5083952193325283,-0.036430358262246526,-0.05088478207877302,-0.5,0.9477220092341492,0.31909715325146226,0.0,0.0,0.0,0.0,0.0,0.0,0.0,0.0,0.0,1.0,0.0,0.0,0.0,0.0,0.0,0.0,0.0,0.0,0.0,0.0,1.0,0.0,1.0,0.0
-0.34579653042733793,-0.67572923826619,0.3366200315235742,0.3130265207385649,-0.5,-0.14694627579900182,-0.9891444748007258,0.0,0.0,1.0,0.0,0.0,0.0,0.0,0.0,0.0,0.0,0.0,0.0,0.0,0.0,1.0,0.0,0.0,0.0,0.0,0.0,1.0,0.0,0.0,0.0
-0.68890508597479,-0.6148017817304539,-0.003989912057441791,-0.0481909790651842,-0.5,0.8993035057561272,0.4373250559192091,0.0,0.0,1.0,0.0,0.0,0.0,0.0,0.0,0.0,0.0,0.0,0.0,0.0,1.0,0.0,0.0,0.0,0.0,0.0,0.0,1.0,0.0,0.0,0.0
4.961386823359217,-0.18196499891438195,0.2860827273237571,1.995209410131509,1.0,0.5458582554165542,0.8378775357972046,1.0,0.0,0.0,0.0,0.0,0.0,0.0,0.0,0.0,0.0,0.0,1.0,0.0,0.0,0.0,0.0,0.0,0.0,1.0,0.0,0.0,0.0,0.0,1.0
0.026343080207783153,-0.6466945654107635,0.7302956121378518,0.7182703470956923,0.0,0.8660617625205035,0.4999370195333398,0.0,0.0,0.0,0.0,0.0,0.0,0.0,0.0,0.0,0.0,0.0,0.0,0.0,0.0,0.0,1.0,0.0,0.0,1.0,0.0,0.0,0.0,0.0,0.0
-0.7439286270633146,-0.5872814872396304,0.2153030194257591,0.19915963261815342,1.0,-0.9687276791168871,-0.24812634626901164,0.0,0.0,1.0,0.0,0.0,0.0,1.0,0.0,0.0,0.0,0.0,0.0,0.0,0.0,0.0,0.0,0.0,0.0,0.0,0.0,1.0,0.0,0.0,0.0
0.6443691917266676,0.4187495279794272,0.30875352569803916,0.3108450360895236,0.0,0.30915531666917095,-0.9510115615360228,0.0,1.0,0.0,0.0,0.0,1.0,0.0,0.0,0.0,0.0,0.0,0.0,0.0,0.0,0.0,0.0,0.0,0.0,1.0,0.0,0.0,0.0,1.0,0.0
-0.7384578194200931,1.290291922527484,0.2159958994864032,0.18312902572747153,0.0,0.9999702893716984,-0.007708461187659142,0.0,1.0,0.0,0.0,0.0,0.0,0.0,0.0,0.0,0.0,0.0,0.0,0.0,0.0,1.0,0.0,0.0,1.0,0.0,0.0,0.0,0.0,1.0,0.0
-1.004790410999897,0.0,0.04835020288950685,0.020360523391051866,0.0,0.23980446465501654,0.9708212084269281,0.0,0.0,0.0,0.0,0.0,0.0,0.0,0.0,0.0,1.0,0.0,0.0,0.0,0.0,0.0,0.0,0.0,0.0,1.0,0.0,0.0,1.0,0.0,0.0
0.051829968677570025,-0.13944157062894216,-0.6800275206900277,-0.719377615819069,1.0,-0.013671319898486774,0.9999065431390242,1.0,0.0,0.0,0.0,0.0,0.0,0.0,0.0,0.0,0.0,0.0,0.0,0.0,0.0,1.0,0.0,0.0,0.0,0.0,0.0,1.0,0.0,1.0,0.0
-0.2529285880130199,0.45122907011946806,-0.3480765204736653,-0.3683734305085586,0.0,0.6556198457534551,0.7550911321517527,0.0,0.0,1.0,0.0,0.0,0.0,0.0,0.0,0.0,0.0,0.0,0.0,0.0,0.0,0.0,1.0,0.0,0.0,0.0,1.0,0.0,0.0,0.0,1.0
0.28403435279946415,-0.4482462092789053,0.37669985699111685,0.37680189392530894,-0.5,-0.9374846218593172,0.34802669980519174,0.0,0.0,1.0,0.0,1.0,0.0,0.0,0.0,0.0,0.0,0.0,0.0,0.0,0.0,0.0,0.0,0.0,0.0,1.0,0.0,0.0,0.0,0.0,0.0
-0.4029421013162402,0.16476891476406322,-0.16598894032868286,-0.19251602027789141,0.0,0.9603545292404667,0.2787815958188804,1.0,0.0,0.0,0.0,0.0,0.0,0.0,0.0,0.0,0.0,0.0,0.0,0.0,0.0,0.0,1.0,0.0,0.0,0.0,0.0,1.0,0.0,1.0,0.0
0.23347999448811868,0.16830163312727825,-0.20521974172533297,-0.23070852803496972,0.0,0.6480091329513067,-0.7616325647001286,1.0,0.0,0.0,0.0,0.0,0.0,0.0,0.0,0.0,1.0,0.0,0.0,0.0,0.0,0.0,0.0,0.0,0.0,1.0,0.0,0.0,0.0,1.0,0.0
0.6894397667659848,2.429505126519796,0.5108555157972803,0.5180530249507307,0.0,0.9200210990553466,-0.3918688266409976,0.0,0.0,0.0,0.0,0.0,0.0,0.0,0.0,0.0,0.0,1.0,0.0,0.0,0.0,0.0,0.0,0.0,0.0,0.0,0.0,1.0,0.0,1.0,0.0
-0.4837331312225517,0.9101731807282496,-1.0174499970955897,-1.049161904997996,1.0,0.9652829313763138,0.2612065512071828,0.0,1.0,0.0,0.0,0.0,0.0,0.0,0.0,0.0,0.0,0.0,1.0,0.0,0.0,0.0,0.0,0.0,0.0,0.0,0.0,1.0,0.0,0.0,1.0
0.314894875559172,1.5372995974577635,0.3480794027717152,0.3290571276292468,0.0,0.04143970018133932,0.9991410066896868,0.0,1.0,0.0,0.0,0.0,0.0,0.0,0.0,0.0,0.0,0.0,0.0,0.0,0.0,0.0,1.0,0.0,0.0,0.0,0.0,1.0,0.0,0.0,0.0
1.3004711785572718,-0.4048344224367923,-0.03671994893634966,0.009238256960712671,1.0,0.6741949764764027,0.7385534061217122,1.0,0.0,0.0,0.0,1.0,0.0,0.0,0.0,0.0,0.0,0.0,0.0,0.0,0.0,0.0,0.0,0.0,0.0,0.0,0.0,1.0,0.0,1.0,0.0
0.5096366545038834,2.684209144729918,-0.26476711158082106,-0.28076699017092427,0.0,0.12468386921269907,0.9921965192229565,0.0,0.0,0.0,0.0,0.0,0.0,0.0,0.0,0.0,1.0,0.0,0.0,0.0,0.0,0.0,0.0,0.0,0.0,0.0,1.0,0.0,0.0,0.0,1.0
-0.5904748936782807,-0.4210010727810885,-0.33822381590794315,-0.3679437441382929,1.0,-0.6934018282758128,-0.7205511116803306,0.0,0.0,0.0,0.0,0.0,0.0,0.0,0.0,0.0,0.0,0.0,0.0,1.0,0.0,0.0,0.0,0.0,0.0,1.0,0.0,0.0,1.0,0.0,0.0
0.1830391220481383,1.3038671461831628,-0.6781963040263224,-0.6930841152385792,1.0,-0.970768868105146,0.24001625927810327,0.0,1.0,0.0,0.0,0.0,0.0,0.0,0.0,0.0,0.0,0.0,0.0,0.0,1.0,0.0,0.0,0.0,0.0,1.0,0.0,0.0,0.0,0.0,0.0
-0.8795071797560478,0.028037604569492006,-0.3509671815073299,-0.38151191759937525,0.0,-0.6226284557953016,-0.7825176074913319,0.0,0.0,1.0,0.0,0.0,0.0,0.0,0.0,0.0,0.0,0.0,0.0,1.0,0.0,0.0,0.0,0.0,0.0,0.0,1.0,0.0,0.0,0.0,0.0
-0.8028005676761684,-0.6188313536047255,-0.23504883346228125,-0.2635960617591525,1.0,-0.14500381315040392,-0.9894310962223912,1.0,0.0,0.0,0.0,0.0,1.0,0.0,0.0,0.0,0.0,0.0,0.0,0.0,0.0,0.0,0.0,0.0,0.0,0.0,0.0,1.0,0.0,0.0,0.0
1.0635382091752652,-0.3231344487996676,-0.14171123645750336,-0.1392349103649442,1.0,-0.9826127965436152,-0.1856666153855773,0.0,0.0,1.0,0.0,0.0,0.0,0.0,1.0,0.0,0.0,0.0,0.0,0.0,0.0,0.0,0.0,0.0,0.0,0.0,1.0,0.0,0.0,1.0,0.0
0.23702045544417233,-0.10115929317709756,0.334506058971646,0.32133929936332056,0.0,-0.18252153503682106,-0.9832018557996127,0.0,0.0,0.0,0.0,0.0,0.0,0.0,0.0,1.0,0.0,0.0,0.0,0.0,0.0,0.0,0.0,0.0,0.0,0.0,0.0,1.0,0.0,0.0,0.0
1.0997857609759343,-0.36023977506453,-0.1090198732339454,-0.10206703933696087,0.0,-0.7614440342637726,0.6482306554646352,0.0,0.0,0.0,0.0,0.0,0.0,0.0,0.0,0.0,0.0,0.0,0.0,0.0,0.0,1.0,0.0,0.0,1.0,0.0,0.0,0.0,0.0,0.0,0.0
0.2505489354112972,-0.024683859484936673,0.5859122060992964,0.5678305383061268,1.0,0.9113733480568412,-0.41158063663353217,1.0,0.0,0.0,0.0,0.0,0.0,0.0,1.0,0.0,0.0,0.0,0.0,0.0,0.0,0.0,0.0,0.0,0.0,0.0,0.0,1.0,1.0,0.0,0.0
-0.4333194977626178,1.153723997203435,0.2684776176178601,0.2346913901593558,0.0,-0.49457405047422176,-0.8691354949589402,1.0,0.0,0.0,0.0,0.0,0.0,1.0,0.0,0.0,0.0,0.0,0.0,0.0,0.0,0.0,0.0,0.0,1.0,0.0,0.0,0.0,0.0,0.0,0.0
-0.028989823881598924,-0.07930556397071253,-0.6442893451234241,-0.6764750843879241,-0.5,-0.5572017477880726,-0.830377150614055,0.0,1.0,0.0,0.0,0.0,0.0,0.0,0.0,0.0,0.0,0.0,0.0,0.0,0.0,0.0,1.0,0.0,0.0,0.0,1.0,0.0,0.0,1.0,0.0
0.13401569457329035,-0.6245452636483951,-0.4667081444532424,-0.5030305283902874,1.0,0.9683839136193247,-0.24946461841976758,0.0,1.0,0.0,0.0,1.0,0.0,0.0,0.0,0.0,0.0,0.0,0.0,0.0,0.0,0.0,0.0,0.0,0.0,0.0,0.0,1.0,0.0,0.0,0.0
1.6278435634180046,-0.5758486125848005,-0.86804574491934,-0.8144705148386403,-0.5,0.8287121070298157,0.5596751233190586,0.0,0.0,0.0,0.0,0.0,0.0,0.0,0.0,0.0,0.0,0.0,0.0,0.0,0.0,0.0,0.0,1.0,0.0,1.0,0.0,0.0,0.0,1.0,0.0
0.45794888045869553,-0.41113111537665126,0.8889319107649302,0.8933840693778223,1.0,-0.13369791442588966,0.9910221327892569,0.0,0.0,0.0,0.0,0.0,0.0,0.0,0.0,0.0,0.0,0.0,0.0,1.0,0.0,0.0,0.0,0.0,0.0,1.0,0.0,0.0,0.0,0.0,1.0
-0.559667804732359,-0.4142172525902061,0.768948186501187,0.747803021852031,1.0,0.942811294787321,-0.33332696023792535,0.0,0.0,0.0,1.0,0.0,0.0,0.0,0.0,0.0,0.0,0.0,0.0,0.0,0.0,1.0,0.0,0.0,0.0,1.0,0.0,0.0,1.0,0.0,0.0
-0.19589858811395214,0.8403832028132789,-0.856797813998611,-0.8800637918995856,2.5,-0.47549626434124354,0.8797177402994225,0.0,0.0,0.0,1.0,0.0,0.0,0.0,1.0,0.0,0.0,0.0,0.0,0.0,0.0,0.0,0.0,0.0,0.0,1.0,0.0,0.0,1.0,0.0,0.0
0.2852232258931232,-0.10088907707210884,0.1353324511414504,0.12052702685952985,-0.5,-0.6472333724764323,-0.762291913608418,0.0,0.0,1.0,0.0,1.0,0.0,0.0,0.0,0.0,0.0,0.0,0.0,0.0,0.0,0.0,0.0,0.0,0.0,1.0,0.0,0.0,0.0,0.0,0.0
-0.7641622380230733,-0.07774440626171078,0.9186992054957793,0.9169176613492978,0.0,-0.7115152376491489,0.7026706672354234,0.0,0.0,0.0,0.0,0.0,0.0,0.0,0.0,0.0,0.0,0.0,0.0,0.0,1.0,0.0,0.0,0.0,0.0,0.0,0.0,1.0,0.0,0.0,0.0
-0.07250472280632793,0.2850143152558853,0.4862661864880926,0.4901895164788855,0.0,0.9842084833324962,0.1770131671270458,1.0,0.0,0.0,0.0,0.0,0.0,0.0,0.0,0.0,0.0,0.0,0.0,0.0,0.0,1.0,0.0,0.0,0.0,0.0,0.0,1.0,0.0,0.0,0.0
-0.20384504502477807,-0.32651327462492297,-0.03147686535189626,-0.05230605238042114,0.0,-0.8400935538989419,-0.5424415366631188,0.0,0.0,0.0,0.0,0.0,0.0,0.0,0.0,0.0,0.0,0.0,0.0,0.0,1.0,0.0,0.0,0.0,0.0,0.0,0.0,1.0,0.0,0.0,1.0
0.29490998128309454,-0.7003236311440211,-0.5398489562810079,-0.5634345162103315,-0.5,-0.5215061193659662,0.8532475417273997,0.0,1.0,0.0,0.0,0.0,1.0,0.0,0.0,0.0,0.0,0.0,0.0,0.0,0.0,0.0,0.0,0.0,0.0,0.0,0.0,1.0,0.0,1.0,0.0
-0.1298025555838,-0.6187573333002743,-0.4629286425606896,-0.478968091655408,0.0,-0.8519174044863514,-0.5236761746854999,1.0,0.0,0.0,0.0,0.0,0.0,0.0,0.0,0.0,0.0,0.0,0.0,0.0,1.0,0.0,0.0,0.0,0.0,1.0,0.0,0.0,0.0,0.0,1.0
-0.9284472504299814,0.9135550187247322,0.46415405897977446,0.44669203468891133,0.0,-0.6644155031205754,0.7473633916730419,0.0,1.0,0.0,0.0,0.0,0.0,0.0,0.0,0.0,0.0,0.0,0.0,0.0,1.0,0.0,0.0,0.0,0.0,1.0,0.0,0.0,0.0,0.0,1.0
-0.09214141505938123,-0.1579554674772698,0.554058437812325,0.55432847044047,-0.5,0.04739701399894841,0.9988761299900921,1.0,0.0,0.0,0.0,0.0,0.0,0.0,0.0,0.0,0.0,0.0,0.0,1.0,0.0,0.0,0.0,0.0,0.0,1.0,0.0,0.0,0.0,0.0,0.0
0.5072961543595035,-0.2447355402156049,0.043308331955506305,0.03439143602011273,1.0,0.9899620837148079,-0.1413331978235677,0.0,0.0,1.0,0.0,0.0,0.0,0.0,0.0,0.0,0.0,0.0,0.0,0.0,1.0,0.0,0.0,0.0,0.0,0.0,0.0,1.0,0.0,1.0,0.0
1.0273834970763633,0.048449198659258536,-0.7834901353071785,-0.7860616352045349,1.0,-0.853550797275327,-0.5210096318405769,0.0,1.0,0.0,0.0,0.0,0.0,0.0,0.0,0.0,0.0,0.0,0.0,0.0,0.0,1.0,0.0,0.0,0.0,1.0,0.0,0.0,1.0,0.0,0.0
0.6549250551553055,0.34348712847650786,0.8648963823013534,0.8773204096894279,1.0,0.9899928942757671,0.14111721823891604,0.0,0.0,1.0,0.0,0.0,0.0,0.0,0.0,0.0,0.0,0.0,1.0,0.0,0.0,0.0,0.0,0.0,0.0,1.0,0.0,0.0,0.0,0.0,0.0
-1.0222211318342773,0.0,0.6842136665196766,0.6699802096373697,2.5,0.3437279865380243,-0.9390692579732955,0.0,0.0,1.0,0.0,0.0,1.0,0.0,0.0,0.0,0.0,0.0,0.0,0.0,0.0,0.0,0.0,0.0,0.0,0.0,0.0,1.0,0.0,0.0,1.0
-0.8973282159426045,1.102682822811948,-0.7437666290919068,-0.7856484752331255,0.0,-0.9671754198430862,0.25410963628196,1.0,0.0,0.0,0.0,0.0,0.0,0.0,0.0,0.0,0.0,1.0,0.0,0.0,0.0,0.0,0.0,0.0,1.0,0.0,0.0,0.0,0.0,0.0,0.0
-0.7467558369322694,0.5462699597384718,-0.9137136106443259,-0.9592417688204695,2.5,-0.8413928997654643,-0.5404238967923821,0.0,1.0,0.0,0.0,1.0,0.0,0.0,0.0,0.0,0.0,0.0,0.0,0.0,0.0,0.0,0.0,0.0,0.0,1.0,0.0,0.0,0.0,0.0,1.0
1.0743008598206607,-0.5544838542123017,0.05785603705108722,0.061527782942277454,1.0,0.7248735936757876,-0.6888819007577054,0.0,0.0,1.0,0.0,0.0,0.0,0.0,0.0,0.0,1.0,0.0,0.0,0.0,0.0,0.0,0.0,0.0,0.0,0.0,0.0,1.0,0.0,0.0,1.0
0.3017612971826014,-0.2971633086066194,-0.45257594972380055,0.0,0.0,0.512480055792264,-0.8586991279925456,0.0,0.0,1.0,0.0,0.0,0.0,0.0,0.0,0.0,1.0,0.0,0.0,0.0,0.0,0.0,0.0,0.0,1.0,0.0,0.0,0.0,0.0,0.0,0.0
1.9627143931163895,-0.277237818026809,-0.45438653209538615,-0.3411875043898247,-0.5,-0.2307573919423955,-0.9730113185692876,0.0,0.0,0.0,0.0,1.0,0.0,0.0,0.0,0.0,0.0,0.0,0.0,0.0,0.0,0.0,0.0,0.0,1.0,0.0,0.0,0.0,0.0,0.0,1.0
0.008505497880459519,3.5596576323404805,0.9044726427081368,0.9027380111305296,0.0,-0.1446440362737061,-0.9894837556880107,0.0,0.0,0.0,0.0,0.0,1.0,0.0,0.0,0.0,0.0,0.0,0.0,0.0,0.0,0.0,0.0,0.0,0.0,1.0,0.0,0.0,0.0,0.0,1.0
-0.37411182604115756,1.128535426442388,0.6546162738260316,0.6544949739089478,0.0,0.9400651477368802,0.34099489440523517,0.0,0.0,1.0,0.0,0.0,0.0,0.0,0.0,0.0,0.0,0.0,0.0,0.0,0.0,1.0,0.0,0.0,0.0,1.0,0.0,0.0,0.0,0.0,1.0
0.21205116206346875,-0.4014674190876017,-0.7979156718257221,-0.8192962233047014,0.0,0.06540312923014312,-0.9978589232386035,0.0,0.0,1.0,0.0,0.0,0.0,0.0,0.0,0.0,0.0,0.0,0.0,0.0,0.0,0.0,1.0,0.0,0.0,0.0,1.0,0.0,0.0,0.0,0.0
0.562630940634974,-0.1355826078443513,0.7487687382080734,0.0,1.0,0.20677342391987094,-0.9783888547813969,0.0,0.0,0.0,0.0,1.0,0.0,0.0,0.0,0.0,0.0,0.0,0.0,0.0,0.0,0.0,0.0,0.0,0.0,0.0,0.0,1.0,0.0,1.0,0.0
0.846083191095892,-0.4495288302277843,0.35611243263400855,0.36300235088023747,0.0,0.9706640488485562,-0.2404398142424165,1.0,0.0,0.0,0.0,0.0,0.0,0.0,0.0,0.0,0.0,0.0,0.0,0.0,0.0,0.0,1.0,0.0,0.0,0.0,0.0,1.0,0.0,0.0,1.0
-0.26183223705446607,-0.28455898460712986,-0.3688334642436468,-0.4003685386944971,-0.5,0.3013992824675044,-0.9534980191526742,0.0,1.0,0.0,0.0,0.0,0.0,0.0,0.0,0.0,0.0,1.0,0.0,0.0,0.0,0.0,0.0,0.0,1.0,0.0,0.0,0.0,0.0,0.0,0.0
1.610864108538509,0.3144411939317113,0.0,0.0,1.0,0.19423435121997196,0.9809551553491915,0.0,1.0,0.0,0.0,0.0,0.0,0.0,1.0,0.0,0.0,0.0,0.0,0.0,0.0,0.0,0.0,0.0,1.0,0.0,0.0,0.0,0.0,0.0,0.0
-0.0913480592174472,-0.7036814229055817,0.18388896701799926,0.17921226919851108,0.0,-0.403412216595172,-0.915018351456281,0.0,0.0,0.0,0.0,1.0,0.0,0.0,0.0,0.0,0.0,0.0,0.0,0.0,0.0,0.0,0.0,0.0,0.0,0.0,1.0,0.0,0.0,1.0,0.0
0.8246996061432258,-0.5951759911507375,0.6921362538118466,0.6965546589984176,2.5,-0.9953402691190215,-0.09642483430151044,0.0,0.0,1.0,0.0,0.0,0.0,0.0,0.0,0.0,0.0,1.0,0.0,0.0,0.0,0.0,0.0,0.0,0.0,0.0,0.0,0.0,1.0,0.0,0.0
0.18441717294649568,0.7404604985802865,-0.07719069310237037,-0.1015547209724132,-0.5,-0.9973516302265804,0.07273050037214472,0.0,0.0,1.0,0.0,0.0,0.0,0.0,0.0,0.0,0.0,0.0,0.0,0.0,1.0,0.0,0.0,0.0,1.0,0.0,0.0,0.0,0.0,0.0,0.0
-0.30627260707744625,-0.22820265863206737,-0.013554018368872801,-0.0327057433367625,2.5,-0.35490300663401836,0.9349031264693332,0.0,1.0,0.0,0.0,0.0,0.0,0.0,0.0,0.0,0.0,0.0,0.0,1.0,0.0,0.0,0.0,0.0,0.0,1.0,0.0,0.0,0.0,0.0,0.0
-1.1724509110514825,0.0,-0.43865065154869803,-0.4736465912236559,-0.5,0.9804003310807342,0.1970157121063867,0.0,1.0,0.0,0.0,1.0,0.0,0.0,0.0,0.0,0.0,0.0,0.0,0.0,0.0,0.0,0.0,0.0,0.0,0.0,1.0,0.0,0.0,0.0,0.0
-0.8465878021639589,1.7556581820010535,-0.2426037321851955,-0.25860508930452786,-0.5,-0.6101451639012672,0.792289643355191,0.0,1.0,0.0,0.0,1.0,0.0,0.0,0.0,0.0,0.0,0.0,0.0,0.0,0.0,0.0,0.0,0.0,0.0,1.0,0.0,0.0,0.0,0.0,1.0
0.8197091497965139,2.4407646648866885,0.12250915645722649,0.11930407334415823,-0.5,-0.9617413095492114,-0.2739592186924323,1.0,0.0,0.0,0.0,0.0,0.0,0.0,0.0,0.0,1.0,0.0,0.0,0.0,0.0,0.0,0.0,0.0,0.0,1.0,0.0,0.0,0.0,0.0,0.0
0.49525015846796905,-0.3960401055511972,0.8916439444246405,0.8991022033821275,1.0,-0.7022048311337108,0.7119749820973182,0.0,0.0,1.0,0.0,0.0,0.0,0.0,1.0,0.0,0.0,0.0,0.0,0.0,0.0,0.0,0.0,0.0,0.0,0.0,1.0,0.0,0.0,0.0,0.0
0.37483582410462574,0.18462577032532787,0.18813823426651236,0.16423935183463687,1.0,0.04463650429929518,0.9990032945310736,1.0,0.0,0.0,0.0,0.0,0.0,1.0,0.0,0.0,0.0,0.0,0.0,0.0,0.0,0.0,0.0,0.0,0.0,1.0,0.0,0.0,0.0,0.0,1.0
1.1120560970442561,1.8853853754931982,-0.729898105353152,-0.717741502332288,0.0,-0.31067642963073105,0.9505157316277839,1.0,0.0,0.0,0.0,0.0,0.0,0.0,1.0,0.0,0.0,0.0,0.0,0.0,0.0,0.0,0.0,0.0,0.0,1.0,0.0,0.0,0.0,0.0,1.0
-0.7018804623360567,1.4536795461558716,-1.014555759049242,-1.070233063539872,2.5,-0.5593737581023053,-0.8289155558598859,0.0,1.0,0.0,0.0,0.0,0.0,0.0,0.0,0.0,0.0,0.0,0.0,0.0,0.0,1.0,0.0,0.0,0.0,1.0,0.0,0.0,0.0,0.0,0.0
-0.38508614679911657,-0.26301974177546456,0.6968365686134984,0.7090816693315484,0.0,0.4440488420168015,0.8960025814156662,1.0,0.0,0.0,0.0,0.0,0.0,0.0,0.0,0.0,0.0,0.0,0.0,0.0,0.0,0.0,1.0,0.0,0.0,0.0,1.0,0.0,0.0,0.0,1.0
-0.33999344400603815,0.0,-0.2899863848626189,-0.3173729636377909,1.0,0.4286066430736503,-0.9034911983595283,1.0,0.0,0.0,0.0,0.0,0.0,0.0,0.0,0.0,1.0,0.0,0.0,0.0,0.0,0.0,0.0,0.0,0.0,0.0,0.0,1.0,0.0,0.0,1.0
-0.8985853337053681,1.7295469067266744,-0.3900743889816596,-0.4233237067059995,1.0,0.5182758028303425,-0.8552135360251052,0.0,0.0,0.0,0.0,0.0,0.0,0.0,0.0,0.0,0.0,0.0,0.0,0.0,0.0,0.0,1.0,0.0,1.0,0.0,0.0,0.0,0.0,0.0,0.0
-0.5941255670554202,-0.37582283738150457,0.5949291806838524,0.5832992476356922,0.0,0.6402772977135884,0.7681438550379641,1.0,0.0,0.0,0.0,0.0,0.0,0.0,0.0,1.0,0.0,0.0,0.0,0.0,0.0,0.0,0.0,0.0,0.0,1.0,0.0,0.0,0.0,0.0,0.0
-0.7553948803186635,0.5411923224642031,0.8882070846882888,0.8727591236050689,0.0,0.3430449852723398,0.9393189756837133,0.0,0.0,1.0,0.0,0.0,0.0,0.0,0.0,0.0,1.0,0.0,0.0,0.0,0.0,0.0,0.0,0.0,1.0,0.0,0.0,0.0,0.0,1.0,0.0
-1.010451955246838,0.5703160676309708,0.4880958094853087,0.4787201956725626,2.5,-0.8664977100454488,0.49918104780329264,0.0,0.0,0.0,0.0,0.0,0.0,1.0,0.0,0.0,0.0,0.0,0.0,0.0,0.0,0.0,0.0,0.0,1.0,0.0,0.0,0.0,0.0,0.0,0.0
-0.653338037540905,1.8310012999918701,-0.6762257144610624,-0.7149320145267045,2.5,0.2512247768080754,-0.9679287739899732,1.0,0.0,0.0,0.0,0.0,0.0,0.0,0.0,0.0,0.0,0.0,0.0,1.0,0.0,0.0,0.0,0.0,0.0,1.0,0.0,0.0,0.0,0.0,1.0
-0.10654062660441933,-0.1194042954462307,-0.2351303048940036,-0.26116668112726565,2.5,0.9788078618584278,-0.20478078416719905,0.0,1.0,0.0,0.0,0.0,0.0,0.0,0.0,0.0,0.0,0.0,0.0,0.0,0.0,0.0,0.0,0.0,0.0,0.0,0.0,1.0,1.0,0.0,0.0
1.293693322688771,1.8767584025660142,0.5111176377966359,0.5598978668550678,2.5,-0.9932889182807971,0.1156595210977632,0.0,1.0,0.0,0.0,0.0,0.0,0.0,0.0,0.0,0.0,0.0,1.0,0.0,0.0,0.0,0.0,0.0,0.0,1.0,0.0,0.0,0.0,0.0,0.0
-0.7250475543114954,0.2567130636467563,0.8102639844683545,0.7881439614604381,-0.5,0.9779202223517722,-0.2089785604205854,1.0,0.0,0.0,0.0,0.0,0.0,0.0,0.0,1.0,0.0,0.0,0.0,0.0,0.0,0.0,0.0,0.0,0.0,0.0,0.0,0.0,0.0,0.0,0.0
0.7402614601167137,-0.6347807590959356,0.9961551637669444,1.0109693972409177,1.0,0.39934919789180057,-0.9167988973287302,0.0,1.0,0.0,0.0,0.0,0.0,0.0,0.0,0.0,0.0,0.0,0.0,1.0,0.0,0.0,0.0,0.0,0.0,0.0,0.0,1.0,0.0,0.0,1.0
0.09969525003509534,1.9798069272520913,0.008568312102053003,-0.008858149787016057,0.0,0.3676511982291258,0.9299637608211881,1.0,0.0,0.0,0.0,0.0,1.0,0.0,0.0,0.0,0.0,0.0,0.0,0.0,0.0,0.0,0.0,0.0,0.0,0.0,1.0,0.0,0.0,1.0,0.0
0.25858169212087706,-0.4110647544581196,0.6391210423130276,0.6379024694571491,2.5,-0.3402427872488914,-0.9403376232636369,0.0,0.0,0.0,0.0,0.0,0.0,0.0,0.0,0.0,0.0,0.0,0.0,0.0,0.0,0.0,1.0,0.0,0.0,1.0,0.0,0.0,1.0,0.0,0.0
0.044175464548856146,-0.4461725439861896,-0.9341855137770669,-0.973603209426658,0.0,-0.5619029234869654,0.827203182160708,1.0,0.0,0.0,0.0,0.0,0.0,0.0,0.0,0.0,0.0,1.0,0.0,0.0,0.0,0.0,0.0,0.0,1.0,0.0,0.0,0.0,0.0,0.0,1.0
-1.1308496850919998,0.0,-0.4491650299900224,0.0,0.0,-0.5113555825228997,0.8593692269465237,1.0,0.0,0.0,0.0,0.0,0.0,0.0,0.0,0.0,1.0,0.0,0.0,0.0,0.0,0.0,0.0,0.0,1.0,0.0,0.0,0.0,0.0,0.0,0.0
-0.7435850266331743,0.163135743789885,-0.2754110587921815,0.0,0.0,-0.7730565857001696,-0.6343370675796871,0.0,0.0,1.0,0.0,0.0,0.0,0.0,0.0,0.0,0.0,0.0,1.0,0.0,0.0,0.0,0.0,0.0,1.0,0.0,0.0,0.0,0.0,0.0,1.0
0.36052883654627593,-0.25422944529385416,0.9493626834833698,0.9587955560513477,0.0,-0.8475467386441462,-0.5307207606770922,0.0,1.0,0.0,0.0,0.0,0.0,0.0,0.0,0.0,0.0,0.0,1.0,0.0,0.0,0.0,0.0,0.0,0.0,0.0,1.0,0.0,0.0,0.0,1.0
-0.026834975585841792,0.12257077983630248,-1.0218607536938347,-1.0655891454612312,-0.5,-0.7258747647347954,0.6878268865937165,0.0,1.0,0.0,0.0,1.0,0.0,0.0,0.0,0.0,0.0,0.0,0.0,0.0,0.0,0.0,0.0,0.0,0.0,0.0,0.0,1.0,0.0,0.0,1.0
-1.0444996249798726,0.0,-0.40415742514044495,-0.4302978470233889,1.0,-0.23888655619107757,-0.9710474825008132,0.0,1.0,0.0,0.0,0.0,0.0,0.0,0.0,0.0,0.0,0.0,0.0,1.0,0.0,0.0,0.0,0.0,0.0,1.0,0.0,0.0,0.0,0.0,0.0
-0.21261161455753327,-0.17757665587665658,0.8578882953538455,0.8542165040882181,1.0,-0.9697833702541574,0.2439676510902376,0.0,1.0,0.0,0.0,0.0,0.0,0.0,1.0,0.0,0.0,0.0,0.0,0.0,0.0,0.0,0.0,0.0,1.0,0.0,0.0,0.0,0.0,0.0,0.0
0.37461830570146054,0.504535524481553,-0.40687966628810895,-0.42044811330499055,-0.5,0.9970471704253044,-0.07679153564615065,0.0,1.0,0.0,0.0,0.0,0.0,0.0,0.0,0.0,0.0,0.0,0.0,1.0,0.0,0.0,0.0,0.0,1.0,0.0,0.0,0.0,0.0,1.0,0.0
-0.854514598221019,-0.1525543480089192,-0.5723661838069494,-0.6081880043133902,1.0,-0.9652829313763139,0.26120655120718234,0.0,1.0,0.0,0.0,0.0,0.0,0.0,0.0,0.0,0.0,0.0,0.0,0.0,0.0,1.0,0.0,0.0,0.0,0.0,0.0,1.0,0.0,0.0,1.0
-0.3348062045005552,0.38136755630948493,0.45168461129906406,0.432462805273574,1.0,0.9838850379335417,-0.1788022151163497,0.0,0.0,1.0,0.0,0.0,0.0,0.0,0.0,0.0,0.0,0.0,0.0,0.0,0.0,1.0,0.0,0.0,0.0,1.0,0.0,0.0,0.0,0.0,0.0
1.0842209800512426,-0.43006080810381436,0.4826083596357757,0.4916934187748154,0.0,0.25678139190610055,-0.9664695115577965,0.0,1.0,0.0,0.0,0.0,0.0,0.0,0.0,0.0,0.0,1.0,0.0,0.0,0.0,0.0,0.0,0.0,0.0,0.0,0.0,1.0,0.0,0.0,0.0
1.1373570016652177,1.8488156972640857,0.8913565050478401,0.9308163627875078,1.0,0.18159194767401104,-0.9833739698303791,0.0,0.0,0.0,0.0,0.0,1.0,0.0,0.0,0.0,0.0,0.0,0.0,0.0,0.0,0.0,0.0,0.0,0.0,0.0,0.0,1.0,0.0,0.0,1.0
4.539728034848904,0.24970203702887672,-0.6177057255285459,1.995209410131509,1.0,-0.6913028993697877,0.722565084489228,1.0,0.0,0.0,0.0,0.0,0.0,0.0,0.0,0.0,0.0,0.0,0.0,0.0,1.0,0.0,0.0,0.0,0.0,0.0,0.0,1.0,0.0,0.0,0.0
0.7465766433212138,-0.19335792172247337,0.8234240305283153,0.8422183385184913,0.0,-0.8479324655261623,0.5301042670142578,0.0,0.0,1.0,0.0,0.0,0.0,0.0,1.0,0.0,0.0,0.0,0.0,0.0,0.0,0.0,0.0,0.0,1.0,0.0,0.0,0.0,0.0,0.0,0.0
-0.7321196566619422,-0.21807105205665778,0.5032287795782522,0.49979135421443843,1.0,0.9632016694126025,-0.26877973145454154,0.0,1.0,0.0,0.0,0.0,0.0,0.0,0.0,0.0,0.0,1.0,0.0,0.0,0.0,0.0,0.0,0.0,0.0,1.0,0.0,0.0,0.0,0.0,0.0
0.5544320426296401,1.6718698807624695,-0.2821128531280267,-0.3091758698050298,-0.5,-0.9261451135366984,0.37716737487764784,0.0,1.0,0.0,0.0,0.0,0.0,0.0,1.0,0.0,0.0,0.0,0.0,0.0,0.0,0.0,0.0,0.0,0.0,0.0,0.0,1.0,1.0,0.0,0.0
-0.5418548957739636,-0.2290448663441768,0.6074555135500851,0.5972640546693276,0.0,0.9774619749435719,0.2111115523589651,0.0,1.0,0.0,0.0,0.0,1.0,0.0,0.0,0.0,0.0,0.0,0.0,0.0,0.0,0.0,0.0,0.0,0.0,1.0,0.0,0.0,0.0,0.0,1.0
0.2735869560384279,0.5854170274000664,-0.7586433226304397,-0.8017617141180894,-0.5,-0.03191955816388409,-0.9994904410781638,0.0,1.0,0.0,0.0,0.0,0.0,0.0,0.0,0.0,0.0,0.0,1.0,0.0,0.0,0.0,0.0,0.0,0.0,1.0,0.0,0.0,0.0,0.0,1.0
0.3112500232015568,-0.6588019456769303,-0.7631442542963955,-0.7939612538578812,-0.5,0.625469647882932,-0.7802484986061818,0.0,1.0,0.0,0.0,1.0,0.0,0.0,0.0,0.0,0.0,0.0,0.0,0.0,0.0,0.0,0.0,0.0,1.0,0.0,0.0,0.0,0.0,0.0,1.0
4.537460349209204,0.07071959163007088,0.8569250064399991,1.995209410131509,1.0,-0.8648960122547157,0.5019510812677772,0.0,1.0,0.0,0.0,0.0,0.0,0.0,0.0,0.0,0.0,0.0,0.0,0.0,1.0,0.0,0.0,0.0,0.0,0.0,1.0,0.0,0.0,0.0,0.0
-0.7186216834882165,-0.6396299190119568,-0.8365523247434029,-0.878047571239108,2.5,-0.9745985843886396,-0.22395892325973468,0.0,1.0,0.0,0.0,0.0,0.0,0.0,1.0,0.0,0.0,0.0,0.0,0.0,0.0,0.0,0.0,0.0,0.0,0.0,0.0,1.0,0.0,1.0,0.0
0.0,0.0,-1.0204698106479064,-1.0497899081545383,0.0,-0.6110666215295998,-0.7915791710577035,0.0,1.0,0.0,0.0,1.0,0.0,0.0,0.0,0.0,0.0,0.0,0.0,0.0,0.0,0.0,0.0,0.0,1.0,0.0,0.0,0.0,0.0,0.0,1.0
-0.04192994853938895,-0.0733032549080145,-0.23989102763908274,-0.2651660696505079,-0.5,0.16232144003693513,-0.9867379338529231,1.0,0.0,0.0,0.0,0.0,0.0,0.0,0.0,0.0,0.0,1.0,0.0,0.0,0.0,0.0,0.0,0.0,0.0,0.0,1.0,0.0,0.0,0.0,0.0
0.8796447371929953,-0.6755723288473457,-0.8181598127364598,-0.8364175725199039,1.0,0.9241575834353841,-0.3820114670777189,0.0,1.0,0.0,0.0,1.0,0.0,0.0,0.0,0.0,0.0,0.0,0.0,0.0,0.0,0.0,0.0,0.0,1.0,0.0,0.0,0.0,0.0,0.0,0.0
-0.49448650045298115,1.4746775886224643,0.7212680255953636,0.7130314786582218,1.0,-0.002545269077607161,0.9999967607974151,1.0,0.0,0.0,0.0,0.0,0.0,0.0,1.0,0.0,0.0,0.0,0.0,0.0,0.0,0.0,0.0,0.0,0.0,1.0,0.0,0.0,0.0,0.0,1.0
-0.8818728880278563,-0.36221618981151416,0.8422367155533476,0.8258241508529689,1.0,0.8785740990559435,0.4776060641030819,1.0,0.0,0.0,0.0,0.0,0.0,0.0,0.0,0.0,0.0,0.0,0.0,1.0,0.0,0.0,0.0,0.0,0.0,0.0,1.0,0.0,1.0,0.0,0.0
-1.0443332281005033,0.0,-0.05050885033580186,-0.08268157347843508,1.0,-0.6731738599652015,0.739484248824511,0.0,0.0,1.0,0.0,1.0,0.0,0.0,0.0,0.0,0.0,0.0,0.0,0.0,0.0,0.0,0.0,0.0,0.0,0.0,0.0,1.0,0.0,0.0,0.0
-0.25955644891402924,0.31095336646539257,-0.1659982145682652,-0.18177386102124884,0.0,-0.027558168391123922,-0.9996202015540334,0.0,1.0,0.0,0.0,0.0,0.0,0.0,0.0,0.0,0.0,0.0,0.0,0.0,0.0,1.0,0.0,0.0,0.0,1.0,0.0,0.0,0.0,1.0,0.0
-0.35505756431161567,2.0542417440161573,0.06428719290654422,0.052570474762123245,1.0,-0.10633638135102538,0.9943302137625957,0.0,0.0,0.0,0.0,1.0,0.0,0.0,0.0,0.0,0.0,0.0,0.0,0.0,0.0,0.0,0.0,0.0,0.0,1.0,0.0,0.0,0.0,1.0,0.0
-0.26977310779322333,-0.5602818901145333,-0.5700791834017748,-0.5998917520874907,-0.5,0.9917085855473361,0.12850712568453912,0.0,0.0,1.0,0.0,0.0,0.0,0.0,1.0,0.0,0.0,0.0,0.0,0.0,0.0,0.0,0.0,0.0,0.0,0.0,0.0,1.0,0.0,0.0,0.0
-0.2665891226484946,-0.32655759061926415,-0.4245460602878512,-0.44788193540657006,0.0,-0.41595015717017186,-0.9093874129050332,0.0,1.0,0.0,0.0,0.0,0.0,0.0,0.0,0.0,0.0,0.0,0.0,0.0,1.0,0.0,0.0,0.0,0.0,1.0,0.0,0.0,0.0,0.0,0.0
0.9879856105823187,-0.23109846755545058,-0.8239871285769549,-0.8135615629015398,0.0,-0.3140614993061835,0.9494026409556443,0.0,0.0,0.0,0.0,0.0,0.0,0.0,1.0,0.0,0.0,0.0,0.0,0.0,0.0,0.0,0.0,0.0,0.0,1.0,0.0,0.0,0.0,0.0,0.0
-0.16361021082962313,-0.644150618770378,-0.12345923621713097,-0.1458454699074935,0.0,0.5935359473841403,0.8048074795644056,0.0,1.0,0.0,0.0,0.0,1.0,0.0,0.0,0.0,0.0,0.0,0.0,0.0,0.0,0.0,0.0,0.0,0.0,1.0,0.0,0.0,0.0,0.0,1.0
0.7847110221834693,-0.2877828192420308,0.21160697252468283,0.20786904481546226,2.5,0.7070039291953888,0.7072096182195783,0.0,1.0,0.0,0.0,0.0,0.0,0.0,0.0,1.0,0.0,0.0,0.0,0.0,0.0,0.0,0.0,0.0,1.0,0.0,0.0,0.0,0.0,0.0,0.0
0.21952687226229603,-0.017604704665027865,0.8575060159679663,0.8629920218809523,1.0,-0.26758874432485624,-0.9635332188931769,0.0,1.0,0.0,0.0,0.0,0.0,0.0,1.0,0.0,0.0,0.0,0.0,0.0,0.0,0.0,0.0,0.0,0.0,0.0,1.0,0.0,0.0,0.0,0.0
-0.6627892968354523,-0.609122572441369,0.469903128556669,0.46280527357387524,-0.5,0.9603139719434375,-0.2789212707740641,0.0,0.0,0.0,0.0,0.0,0.0,0.0,0.0,0.0,0.0,0.0,0.0,0.0,0.0,1.0,0.0,0.0,0.0,1.0,0.0,0.0,0.0,0.0,1.0
-0.053798864973177596,-0.3154235882554229,0.43744021600580846,0.4347765011134662,-0.5,-0.9944990671275117,-0.10474543179780714,0.0,0.0,0.0,0.0,0.0,0.0,0.0,1.0,0.0,0.0,0.0,0.0,0.0,0.0,0.0,0.0,0.0,0.0,0.0,1.0,0.0,0.0,0.0,1.0
1.1053446456809481,1.0135532570417969,-0.4042015804482618,-0.38711436681168576,0.0,0.997174217764166,0.07512376073136634,0.0,1.0,0.0,0.0,0.0,0.0,0.0,0.0,0.0,0.0,0.0,0.0,0.0,1.0,0.0,0.0,0.0,0.0,0.0,1.0,0.0,0.0,0.0,0.0
0.6955424132308768,0.16343646009221183,0.7724821578866334,0.7914327148328564,0.0,-0.9686012438063883,0.2486194491521477,0.0,1.0,0.0,0.0,0.0,0.0,0.0,0.0,0.0,0.0,0.0,0.0,0.0,0.0,0.0,1.0,0.0,1.0,0.0,0.0,0.0,0.0,0.0,1.0
0.8395783017956923,1.6839329853467357,0.8914340189374865,0.9140090151505761,1.0,-0.9988483864849507,0.04797812852134433,1.0,0.0,0.0,0.0,0.0,0.0,0.0,0.0,0.0,1.0,0.0,0.0,0.0,0.0,0.0,0.0,0.0,0.0,1.0,0.0,0.0,0.0,0.0,1.0
0.3091010770759061,2.7501665170926626,0.861640979663372,0.8695860550246451,2.5,-0.9598665011101711,0.2804573052115381,1.0,0.0,0.0,0.0,0.0,0.0,0.0,0.0,0.0,0.0,0.0,0.0,0.0,0.0,0.0,1.0,0.0,1.0,0.0,0.0,0.0,0.0,0.0,1.0
-0.3885515824681533,1.820060188248185,-0.9500598811047533,-0.985700533389523,2.5,0.9269657603881742,-0.3751459436912171,0.0,0.0,1.0,0.0,0.0,0.0,0.0,0.0,1.0,0.0,0.0,0.0,0.0,0.0,0.0,0.0,0.0,0.0,0.0,1.0,0.0,0.0,1.0,0.0
1.1789454614234716,-0.43086128402355733,0.19672139017005993,0.20722451526006352,1.0,0.3882528999684768,0.9215528664520923,1.0,0.0,0.0,0.0,0.0,0.0,0.0,0.0,0.0,0.0,0.0,0.0,0.0,0.0,0.0,0.0,0.0,1.0,0.0,0.0,0.0,0.0,0.0,0.0
0.34996905592727096,0.05570294171310494,0.27554855289192626,0.2538785392316051,1.0,0.4876057157625978,0.8730639529585703,1.0,0.0,0.0,0.0,0.0,1.0,0.0,0.0,0.0,0.0,0.0,0.0,0.0,0.0,0.0,0.0,0.0,0.0,1.0,0.0,0.0,0.0,1.0,0.0
0.6310762007758016,-0.5315515867520978,-0.4304279166631535,-0.4528729078611948,0.0,-0.8542698711721574,0.5198297675273182,0.0,0.0,0.0,0.0,0.0,0.0,0.0,0.0,0.0,0.0,0.0,0.0,1.0,0.0,0.0,0.0,0.0,0.0,0.0,0.0,1.0,0.0,0.0,1.0
0.017980453642714778,0.8507389102489105,0.9836077748678866,0.9909889810235627,-0.5,0.5897250592614668,0.8076040827528421,0.0,1.0,0.0,0.0,0.0,0.0,0.0,0.0,0.0,0.0,1.0,0.0,0.0,0.0,0.0,0.0,0.0,0.0,0.0,0.0,1.0,0.0,0.0,1.0
-0.7331578075439644,-0.6499897558414953,-0.43829087154416124,-0.4731177464602519,0.0,0.929159457820146,-0.36967918786884996,0.0,1.0,0.0,0.0,0.0,0.0,0.0,0.0,1.0,0.0,0.0,0.0,0.0,0.0,0.0,0.0,0.0,0.0,0.0,0.0,1.0,0.0,0.0,1.0
0.2274202690413158,2.2197266152478563,-0.5895109102863216,-0.6141705606993971,0.0,0.9898900091690443,-0.1418371240095811,0.0,0.0,1.0,0.0,0.0,0.0,0.0,0.0,0.0,0.0,0.0,1.0,0.0,0.0,0.0,0.0,0.0,0.0,1.0,0.0,0.0,0.0,0.0,1.0
1.2209699741301878,-0.21627086669879447,-0.04702259197277952,-0.012014691968583286,1.0,-0.5118554567070411,0.8590715869118396,0.0,0.0,0.0,0.0,0.0,0.0,0.0,0.0,0.0,0.0,0.0,0.0,1.0,0.0,0.0,0.0,0.0,0.0,1.0,0.0,0.0,0.0,0.0,0.0
0.537660169487625,-0.2270351742667451,-0.3734845879614034,-0.37982622491602525,-0.5,0.792511446017228,-0.6098570389293562,1.0,0.0,0.0,0.0,1.0,0.0,0.0,0.0,0.0,0.0,0.0,0.0,0.0,0.0,0.0,0.0,0.0,1.0,0.0,0.0,0.0,0.0,0.0,1.0
0.34573643993044306,-0.4612926979522569,0.8449456622722982,0.8300549089602003,0.0,0.13938914062473876,-0.9902376823146536,0.0,0.0,1.0,0.0,0.0,0.0,1.0,0.0,0.0,0.0,0.0,0.0,0.0,0.0,0.0,0.0,0.0,0.0,0.0,1.0,0.0,0.0,0.0,1.0
-0.6310976008979691,0.2675820249369914,-0.13638272757919997,-0.15551341323847165,0.0,0.6733351743799293,0.739337367473571,0.0,1.0,0.0,0.0,0.0,0.0,0.0,0.0,0.0,0.0,0.0,0.0,1.0,0.0,0.0,0.0,0.0,0.0,1.0,0.0,0.0,0.0,0.0,1.0
1.0878589323006287,1.5455867202034803,-0.1970671422631705,-0.18616988311704405,2.5,-0.8964542069666838,-0.4431363839854883,1.0,0.0,0.0,0.0,0.0,0.0,0.0,0.0,0.0,0.0,0.0,0.0,1.0,0.0,0.0,0.0,0.0,0.0,0.0,1.0,0.0,0.0,0.0,0.0
0.951432466934118,1.8747821273214036,0.24034102145403352,0.24609460537025346,0.0,-0.8130160860931581,-0.5822412247116847,0.0,0.0,1.0,0.0,0.0,0.0,0.0,0.0,0.0,0.0,0.0,0.0,0.0,0.0,0.0,0.0,0.0,0.0,1.0,0.0,0.0,1.0,0.0,0.0
-1.1023950960189832,0.0,-0.8642630341366196,-0.9072001388217503,1.0,-0.6894088615066949,-0.7243724329901315,0.0,1.0,0.0,0.0,0.0,0.0,0.0,0.0,0.0,0.0,0.0,0.0,0.0,1.0,0.0,0.0,0.0,1.0,0.0,0.0,0.0,0.0,0.0,1.0
0.6295591436785257,1.519133095425246,0.505712493213372,0.5067820209306844,1.0,0.42307956689807263,0.906092533946362,0.0,1.0,0.0,0.0,0.0,0.0,0.0,0.0,0.0,0.0,0.0,0.0,0.0,0.0,0.0,1.0,0.0,1.0,0.0,0.0,0.0,0.0,0.0,0.0
-0.2346872773220365,1.4971185341922773,0.5293678083775283,0.5081867648334759,0.0,0.38429532265980365,0.9232102171129809,1.0,0.0,0.0,0.0,0.0,0.0,0.0,0.0,0.0,0.0,0.0,0.0,1.0,0.0,0.0,0.0,0.0,1.0,0.0,0.0,0.0,0.0,0.0,1.0
0.1512821728998394,-0.187960129887303,-0.06754290702784184,-0.0827476790738605,0.0,-0.9932299126006243,-0.11616514414985359,0.0,1.0,0.0,0.0,0.0,0.0,0.0,1.0,0.0,0.0,0.0,0.0,0.0,0.0,0.0,0.0,0.0,0.0,0.0,1.0,0.0,0.0,1.0,0.0
-0.7710097758999827,-0.22332752018033084,0.38101383882846274,0.34819469750492704,2.5,0.2796195569864376,0.9601108807584197,1.0,0.0,0.0,0.0,0.0,0.0,0.0,0.0,0.0,0.0,0.0,0.0,1.0,0.0,0.0,0.0,0.0,0.0,1.0,0.0,0.0,0.0,1.0,0.0
-0.5966271994190872,0.47478811612829075,0.845585404138442,0.0,-0.5,-0.7761839807138236,0.6305064853617627,0.0,1.0,0.0,0.0,1.0,0.0,0.0,0.0,0.0,0.0,0.0,0.0,0.0,0.0,0.0,0.0,0.0,1.0,0.0,0.0,0.0,0.0,0.0,0.0
0.31870949076803107,-0.2533606269820931,0.3224302921526339,0.31765391241834934,-0.5,-0.5747077264062634,-0.8183587411453143,0.0,0.0,0.0,0.0,0.0,0.0,0.0,0.0,1.0,0.0,0.0,0.0,0.0,0.0,0.0,0.0,0.0,1.0,0.0,0.0,0.0,0.0,0.0,1.0
-0.5679843588923175,0.2040008209775409,-0.15311301716574077,-0.18651693749302795,1.0,-0.4278180351637131,-0.9038648841440075,0.0,0.0,1.0,0.0,0.0,0.0,0.0,0.0,0.0,0.0,0.0,0.0,0.0,0.0,0.0,1.0,0.0,1.0,0.0,0.0,0.0,0.0,1.0,0.0
0.252598155747099,-0.09798031095874928,-0.9785127708794285,-1.0211331325375872,1.0,-0.1465146661278689,-0.9892084980475244,0.0,0.0,1.0,0.0,0.0,0.0,0.0,0.0,0.0,0.0,1.0,0.0,0.0,0.0,0.0,0.0,0.0,0.0,1.0,0.0,0.0,0.0,1.0,0.0
0.018833873739882014,0.6167745824671643,0.4480565944824606,0.44611361072893824,2.5,0.5578658234733893,-0.8299311555787969,0.0,0.0,0.0,0.0,0.0,0.0,0.0,0.0,0.0,1.0,0.0,0.0,0.0,0.0,0.0,0.0,0.0,0.0,0.0,1.0,0.0,0.0,0.0,1.0
1.760150697834411,1.4258412085909065,0.9277514100092905,1.0302557047063055,1.0,-0.6315783513024976,0.7753120572814658,1.0,0.0,0.0,0.0,0.0,0.0,0.0,0.0,0.0,1.0,0.0,0.0,0.0,0.0,0.0,0.0,0.0,0.0,1.0,0.0,0.0,0.0,1.0,0.0
-0.49873181654596876,0.6710008884647448,-0.07522946873237665,-0.10254630490379563,2.5,-0.8414321982753927,0.5403627075450712,0.0,1.0,0.0,0.0,0.0,0.0,1.0,0.0,0.0,0.0,0.0,0.0,0.0,0.0,0.0,0.0,0.0,0.0,1.0,0.0,0.0,0.0,0.0,0.0
-0.2940087530794152,-0.44476204295685123,-0.33978106403102226,-0.3618124501625784,1.0,0.07367335067469845,-0.9972824260962202,0.0,0.0,1.0,0.0,0.0,0.0,0.0,0.0,1.0,0.0,0.0,0.0,0.0,0.0,0.0,0.0,0.0,1.0,0.0,0.0,0.0,0.0,1.0,0.0
-0.5428143462276128,0.15931505620514627,0.02417887709982167,0.019914310621929818,1.0,-0.40673664307580015,0.913545457642601,0.0,0.0,1.0,0.0,0.0,0.0,0.0,0.0,1.0,0.0,0.0,0.0,0.0,0.0,0.0,0.0,0.0,0.0,0.0,0.0,1.0,0.0,0.0,0.0
1.0153738707203501,-0.44545968989506135,0.4483361991123252,0.4688043563587387,0.0,0.009890037858741147,0.9999510923795987,0.0,0.0,0.0,0.0,1.0,0.0,0.0,0.0,0.0,0.0,0.0,0.0,0.0,0.0,0.0,0.0,0.0,1.0,0.0,0.0,0.0,0.0,0.0,0.0
0.016492107464424935,-0.4001633316894482,-1.0273420764970518,-1.0618211265219781,0.0,0.7526543653975502,-0.6584158307999672,1.0,0.0,0.0,0.0,0.0,0.0,0.0,0.0,0.0,0.0,0.0,0.0,0.0,1.0,0.0,0.0,0.0,0.0,0.0,0.0,1.0,0.0,0.0,0.0
-0.1736426493596169,0.4825243785569829,0.7702890097278146,0.7647756334775262,2.5,-0.5710121082282564,-0.8209416375460085,0.0,1.0,0.0,0.0,0.0,0.0,0.0,0.0,0.0,1.0,0.0,0.0,0.0,0.0,0.0,0.0,0.0,0.0,1.0,0.0,0.0,0.0,0.0,1.0
0.5088605260717638,-0.5956538768283625,0.7685677395202601,0.7705763994761131,0.0,-0.7644527787734549,0.6446797259302818,1.0,0.0,0.0,0.0,0.0,0.0,0.0,0.0,0.0,0.0,0.0,0.0,0.0,0.0,1.0,0.0,0.0,1.0,0.0,0.0,0.0,0.0,0.0,0.0
-0.6372894381171722,0.5277769481802933,0.06886715242972556,0.05427269384432964,0.0,-0.7680972907277969,0.6403331570179841,1.0,0.0,0.0,0.0,0.0,0.0,0.0,0.0,0.0,0.0,0.0,0.0,0.0,0.0,1.0,0.0,0.0,0.0,0.0,0.0,1.0,0.0,0.0,0.0
-0.9003252571015132,0.3462940915320847,-0.7805903416573015,-0.8203373864326529,0.0,-0.9788971211532057,-0.2043536791887197,0.0,0.0,1.0,0.0,0.0,0.0,1.0,0.0,0.0,0.0,0.0,0.0,0.0,0.0,0.0,0.0,0.0,0.0,1.0,0.0,0.0,0.0,0.0,0.0
0.14649156916163045,1.2424998401558935,0.333502645828568,0.3278176477150188,0.0,-0.6312963981380839,0.7755416543925167,0.0,0.0,1.0,0.0,0.0,0.0,0.0,0.0,0.0,0.0,0.0,0.0,1.0,0.0,0.0,0.0,0.0,1.0,0.0,0.0,0.0,0.0,0.0,0.0
0.05674009694515506,0.011134530335731672,-0.7492275575978085,-0.768047860451088,0.0,-0.3159940371272292,-0.948761175691773,1.0,0.0,0.0,0.0,0.0,0.0,0.0,0.0,0.0,1.0,0.0,0.0,0.0,0.0,0.0,0.0,0.0,0.0,0.0,0.0,1.0,0.0,0.0,1.0
-0.5553205265070269,-0.3572175987665251,0.0004294749980660262,-0.015683552514698183,-0.5,0.08614146323320175,-0.9962829157985411,0.0,0.0,0.0,0.0,0.0,0.0,0.0,0.0,0.0,0.0,0.0,0.0,0.0,0.0,0.0,1.0,0.0,0.0,0.0,0.0,1.0,0.0,0.0,1.0
0.19834290081178643,-0.3068045266367638,-0.8388853077819436,-0.8803116878824312,1.0,0.7830606552902806,-0.6219453433673705,0.0,0.0,1.0,0.0,0.0,0.0,1.0,0.0,0.0,0.0,0.0,0.0,0.0,0.0,0.0,0.0,0.0,0.0,0.0,0.0,1.0,0.0,0.0,0.0
1.3427498532788256,0.5204341521067447,0.16572684050418532,0.19061548440940854,0.0,-0.9992712675506253,-0.03816980282588097,0.0,1.0,0.0,0.0,0.0,0.0,0.0,0.0,0.0,0.0,0.0,0.0,1.0,0.0,0.0,0.0,0.0,1.0,0.0,0.0,0.0,0.0,0.0,1.0
0.26651175898729035,0.968634034457154,-0.38378154239836226,-0.39471651028561744,0.0,-0.5224985647159495,0.8526401643540918,0.0,1.0,0.0,0.0,0.0,0.0,0.0,0.0,0.0,0.0,0.0,1.0,0.0,0.0,0.0,0.0,0.0,1.0,0.0,0.0,0.0,0.0,1.0,0.0
-1.1791974812060253,0.0,0.6562890649692389,0.6433231282820395,-0.5,-0.4454817743267363,0.8952910078531465,0.0,1.0,0.0,0.0,0.0,0.0,0.0,1.0,0.0,0.0,0.0,0.0,0.0,0.0,0.0,0.0,0.0,1.0,0.0,0.0,0.0,0.0,1.0,0.0
1.0055829664647342,0.990232749379383,0.5933374145142873,0.6160049909724546,-0.5,0.7242721548744219,-0.6895142099141696,0.0,1.0,0.0,0.0,0.0,1.0,0.0,0.0,0.0,0.0,0.0,0.0,0.0,0.0,0.0,0.0,0.0,0.0,1.0,0.0,0.0,0.0,0.0,0.0
1.451937417666763,-0.3226781799627814,0.9958992868477783,1.0512442312538994,-0.5,-0.97929648142879,0.20243122649727613,0.0,1.0,0.0,0.0,0.0,0.0,0.0,0.0,0.0,0.0,0.0,0.0,1.0,0.0,0.0,0.0,0.0,1.0,0.0,0.0,0.0,0.0,0.0,1.0
0.3272563165399483,0.4066271171445393,-0.5065937084591806,-0.5239860021401685,1.0,0.04187565372919963,0.9991228300988584,0.0,1.0,0.0,0.0,0.0,0.0,0.0,0.0,0.0,0.0,0.0,0.0,0.0,1.0,0.0,0.0,0.0,1.0,0.0,0.0,0.0,0.0,0.0,0.0
0.06341095739018703,1.631383206704295,-0.9034258732848427,-0.9218260018096407,-0.5,-0.9105935137285397,-0.4133031003458743,1.0,0.0,0.0,0.0,0.0,0.0,0.0,1.0,0.0,0.0,0.0,0.0,0.0,0.0,0.0,0.0,0.0,1.0,0.0,0.0,0.0,0.0,0.0,0.0
-1.000146362820517,0.0,-0.13044848944852597,-0.15551341323847165,2.5,0.5437848950639261,0.8392246349460404,0.0,1.0,0.0,0.0,0.0,0.0,0.0,0.0,0.0,0.0,0.0,0.0,1.0,0.0,0.0,0.0,0.0,0.0,0.0,0.0,1.0,0.0,0.0,0.0
-0.6345141434126674,1.3816765547775858,-0.8596222282349838,-0.8929378566087003,-0.5,-0.836804131167617,-0.5475023708266564,0.0,0.0,0.0,0.0,0.0,0.0,0.0,0.0,1.0,0.0,0.0,0.0,0.0,0.0,0.0,0.0,0.0,0.0,0.0,1.0,0.0,0.0,1.0,0.0
-0.27408249538746704,1.8377212254342445,-0.6667918709353086,-0.689448307490177,-0.5,-0.9990162364978611,-0.044345904136116235,0.0,1.0,0.0,0.0,0.0,0.0,0.0,0.0,0.0,0.0,0.0,0.0,1.0,0.0,0.0,0.0,0.0,1.0,0.0,0.0,0.0,0.0,0.0,0.0
-0.5540501276855059,0.3612590608589722,0.1824248474680375,0.17744394452087905,-0.5,-0.6251291407213291,0.7805213369415425,0.0,0.0,1.0,0.0,0.0,0.0,1.0,0.0,0.0,0.0,0.0,0.0,0.0,0.0,0.0,0.0,0.0,0.0,1.0,0.0,0.0,0.0,0.0,0.0
-0.4097451665955165,1.2647776816312795,0.17194289179345784,0.1480765337531039,-0.5,0.42459451128071346,-0.9053836208979551,1.0,0.0,0.0,0.0,0.0,0.0,0.0,0.0,0.0,0.0,0.0,0.0,0.0,0.0,0.0,1.0,0.0,0.0,0.0,0.0,1.0,0.0,0.0,0.0
0.028784996644982484,1.1875813928806966,-0.9408854883298238,-0.9725950990964192,1.0,0.9891230918691577,0.14709013947643776,0.0,0.0,0.0,0.0,0.0,0.0,0.0,1.0,0.0,0.0,0.0,0.0,0.0,0.0,0.0,0.0,0.0,0.0,0.0,1.0,0.0,0.0,1.0,0.0
-0.5226992730029855,0.6696728955287409,-0.13064824929053231,-0.14465556918983458,1.0,-0.9076249014454358,-0.41978213191626307,0.0,1.0,0.0,0.0,0.0,0.0,0.0,0.0,1.0,0.0,0.0,0.0,0.0,0.0,0.0,0.0,0.0,0.0,1.0,0.0,0.0,0.0,0.0,1.0
1.085070995750124,0.19915983055217046,0.04640137667088173,0.07403826687655204,1.0,0.6855007368816998,-0.7280719330771146,1.0,0.0,0.0,0.0,1.0,0.0,0.0,0.0,0.0,0.0,0.0,0.0,0.0,0.0,0.0,0.0,0.0,0.0,0.0,1.0,0.0,0.0,0.0,0.0
-0.006567425839693915,0.5710770608258525,-0.4852597695895661,-0.5158219611051202,-0.5,-0.8046779709560499,0.593711515012177,0.0,0.0,1.0,0.0,0.0,1.0,0.0,0.0,0.0,0.0,0.0,0.0,0.0,0.0,0.0,0.0,0.0,1.0,0.0,0.0,0.0,0.0,0.0,1.0
0.30888594676181047,1.155309034336707,0.7395312127433701,0.7344001123795124,0.0,-0.9087814762794315,-0.4172723671313223,0.0,0.0,0.0,0.0,0.0,0.0,0.0,0.0,0.0,0.0,1.0,0.0,0.0,0.0,0.0,0.0,0.0,0.0,0.0,0.0,1.0,0.0,0.0,1.0
0.3124408087698951,0.07784943974629183,-0.7020766424940927,-0.7297561943008712,0.0,0.9848708281680829,-0.1732900799916556,0.0,0.0,0.0,0.0,0.0,0.0,0.0,1.0,0.0,0.0,0.0,0.0,0.0,0.0,0.0,0.0,0.0,0.0,1.0,0.0,0.0,0.0,0.0,1.0
0.21831844596153616,-0.05284747924935171,-0.5138963355932334,-0.5410742985576585,2.5,-0.8894828460823048,-0.45696856185663687,0.0,1.0,0.0,0.0,0.0,0.0,0.0,0.0,0.0,0.0,0.0,0.0,0.0,0.0,1.0,0.0,0.0,0.0,1.0,0.0,0.0,0.0,0.0,0.0
-0.02593004292472068,-0.6582702366903271,-0.7103989428856454,-0.7441672141036287,-0.5,-0.9839240231105495,0.17858756044571195,0.0,1.0,0.0,0.0,1.0,0.0,0.0,0.0,0.0,0.0,0.0,0.0,0.0,0.0,0.0,0.0,0.0,0.0,0.0,1.0,0.0,0.0,1.0,0.0
4.350192418603459,-0.17562787360835846,-0.7924163665283711,1.995209410131509,1.0,0.41806526959224444,0.9084169914531344,0.0,0.0,1.0,0.0,0.0,0.0,0.0,0.0,1.0,0.0,0.0,0.0,0.0,0.0,0.0,0.0,0.0,0.0,1.0,0.0,0.0,0.0,0.0,0.0
0.0,0.0,0.753595594246418,0.7383168689084727,0.0,0.9977138611312569,-0.06757996231545901,0.0,1.0,0.0,0.0,0.0,0.0,0.0,0.0,1.0,0.0,0.0,0.0,0.0,0.0,0.0,0.0,0.0,1.0,0.0,0.0,0.0,0.0,0.0,1.0
-1.207632737215231,-0.3462752410502821,-0.46531713314373363,-0.4854464400071063,0.0,0.04049510720622276,0.9991797367302624,0.0,0.0,1.0,0.0,1.0,0.0,0.0,0.0,0.0,0.0,0.0,0.0,0.0,0.0,0.0,0.0,0.0,0.0,0.0,0.0,1.0,0.0,0.0,0.0
-0.9476827875022455,1.2521961957609353,0.4363458183031265,0.41739072951656164,0.0,0.9449727056159495,0.3271491794898346,0.0,0.0,1.0,0.0,0.0,1.0,0.0,0.0,0.0,0.0,0.0,0.0,0.0,0.0,0.0,0.0,0.0,0.0,1.0,0.0,0.0,0.0,0.0,0.0
-0.4316142509738041,-0.2996098717612905,-0.16090692074501925,-0.19046674681970113,-0.5,-0.06787018265002004,-0.9976941607061018,0.0,1.0,0.0,0.0,0.0,0.0,0.0,0.0,0.0,1.0,0.0,0.0,0.0,0.0,0.0,0.0,0.0,0.0,1.0,0.0,0.0,0.0,0.0,0.0
-0.554438771664109,1.159296946755523,0.8533541489250948,0.8573895726686416,-0.5,-0.9198214973217375,0.3923371166035619,0.0,1.0,0.0,0.0,0.0,0.0,0.0,0.0,0.0,1.0,0.0,0.0,0.0,0.0,0.0,0.0,0.0,0.0,0.0,0.0,0.0,0.0,0.0,0.0
-0.3723505009282918,1.2012987231530305,0.6838996360607186,0.6647413411998992,1.0,-0.2123198024147491,-0.9772002361351342,1.0,0.0,0.0,0.0,0.0,0.0,0.0,0.0,0.0,0.0,1.0,0.0,0.0,0.0,0.0,0.0,0.0,0.0,0.0,0.0,1.0,0.0,1.0,0.0
-0.23981503543815938,-0.442628810548631,-0.8888559822378019,-0.9219086338039224,-0.5,0.9875400081817697,0.15736814239340294,1.0,0.0,0.0,0.0,0.0,0.0,0.0,0.0,0.0,0.0,0.0,1.0,0.0,0.0,0.0,0.0,0.0,0.0,0.0,0.0,1.0,0.0,0.0,0.0
-0.9737099118069857,-0.2348058239958889,0.6851054662752537,0.6797968905580555,2.5,0.2572733441378143,0.9663386706513125,1.0,0.0,0.0,0.0,1.0,0.0,0.0,0.0,0.0,0.0,0.0,0.0,0.0,0.0,0.0,0.0,0.0,0.0,1.0,0.0,0.0,0.0,0.0,1.0
-0.3466075593301937,1.3943052540637777,-0.11256335036517161,-0.15981027694112873,-0.5,0.974239028679654,-0.22551788176844056,0.0,1.0,0.0,0.0,0.0,0.0,0.0,0.0,0.0,1.0,0.0,0.0,0.0,0.0,0.0,0.0,0.0,0.0,0.0,0.0,1.0,0.0,1.0,0.0
-0.23602335014743298,-0.37496232656186235,0.33468305352967387,0.31757128042406757,1.0,0.410188341481499,0.9120008358069949,0.0,0.0,1.0,0.0,0.0,0.0,0.0,0.0,0.0,0.0,1.0,0.0,0.0,0.0,0.0,0.0,0.0,0.0,0.0,1.0,0.0,0.0,0.0,1.0
0.374329830092717,-0.6407175292502539,0.8980285742746246,0.9183058788532333,2.5,0.7649214009184317,0.6441236297613866,1.0,0.0,0.0,0.0,0.0,0.0,0.0,0.0,0.0,0.0,0.0,0.0,1.0,0.0,0.0,0.0,0.0,0.0,0.0,0.0,1.0,0.0,0.0,1.0
-0.10758882584810785,1.9675917563797598,-0.8378602352889192,-0.8756842962026468,0.0,0.11537058017439182,0.9933225202471875,0.0,0.0,1.0,0.0,0.0,0.0,0.0,1.0,0.0,0.0,0.0,0.0,0.0,0.0,0.0,0.0,0.0,0.0,0.0,0.0,1.0,0.0,0.0,0.0
0.022559825049601228,0.08751119411519973,0.5287153000444976,0.5167474394410774,1.0,-0.8559288309524681,-0.5170936436897492,0.0,1.0,0.0,0.0,0.0,0.0,0.0,0.0,0.0,0.0,0.0,0.0,0.0,1.0,0.0,0.0,0.0,0.0,1.0,0.0,0.0,0.0,1.0,0.0
-0.14153708033604215,0.7579451447492414,-0.6160816078805167,-0.6531728620004379,0.0,-0.18616679464083763,0.9825181548313274,1.0,0.0,0.0,0.0,0.0,0.0,0.0,0.0,0.0,0.0,0.0,0.0,0.0,1.0,0.0,0.0,0.0,0.0,0.0,0.0,0.0,0.0,0.0,0.0
0.48817415273807646,0.22023142770785706,-0.2579264597317929,-0.2786350847184521,-0.5,0.21011628054728793,0.9776764028291638,0.0,0.0,1.0,0.0,0.0,0.0,0.0,0.0,0.0,0.0,1.0,0.0,0.0,0.0,0.0,0.0,0.0,0.0,1.0,0.0,0.0,0.0,0.0,1.0
-0.60742165172595,1.1831777936426595,0.7431402470785069,0.7292273495374675,0.0,-0.9956369273073498,-0.09331189089274275,0.0,1.0,0.0,0.0,0.0,0.0,0.0,0.0,0.0,0.0,0.0,0.0,0.0,0.0,0.0,0.0,0.0,0.0,1.0,0.0,0.0,0.0,0.0,1.0
0.06321425871408558,3.455768356030108,0.07799450010291807,0.056735127273929264,-0.5,0.9810116143286566,0.19394899471841318,1.0,0.0,0.0,0.0,0.0,1.0,0.0,0.0,0.0,0.0,0.0,0.0,0.0,0.0,0.0,0.0,0.0,1.0,0.0,0.0,0.0,0.0,0.0,0.0
-0.45384137953871484,3.0118170887369695,-0.8919579002328222,-0.9362204952135418,2.5,-0.23796843422086938,0.971272888695277,0.0,1.0,0.0,0.0,1.0,0.0,0.0,0.0,0.0,0.0,0.0,0.0,0.0,0.0,0.0,0.0,0.0,0.0,0.0,0.0,1.0,0.0,0.0,0.0
0.43317793263190113,1.386002997447013,0.0014461792212148764,-0.015303445341001568,-0.5,0.23584888084875325,0.9717897434128385,0.0,1.0,0.0,0.0,0.0,0.0,0.0,0.0,0.0,0.0,0.0,0.0,0.0,1.0,0.0,0.0,0.0,0.0,0.0,0.0,1.0,0.0,0.0,1.0
-0.7753008977856776,1.8346534916651311,0.5724431669848197,0.5567578510723568,0.0,-0.9965353267053237,0.08317056347238237,0.0,0.0,0.0,0.0,0.0,0.0,0.0,0.0,0.0,0.0,0.0,0.0,0.0,0.0,1.0,0.0,0.0,0.0,0.0,0.0,1.0,0.0,1.0,0.0
0.4183695948305968,2.1407953049938975,0.043688052729568466,0.04116725955122578,1.0,0.11197479963886138,-0.9937110466558359,1.0,0.0,0.0,0.0,0.0,1.0,0.0,0.0,0.0,0.0,0.0,0.0,0.0,0.0,0.0,0.0,0.0,1.0,0.0,0.0,0.0,1.0,0.0,0.0
0.0904903158047981,1.530434839534822,-0.690334851749978,-0.7292769287340365,0.0,-0.998161340856094,0.06061301527200646,0.0,0.0,0.0,0.0,0.0,0.0,0.0,1.0,0.0,0.0,0.0,0.0,0.0,0.0,0.0,0.0,0.0,0.0,1.0,0.0,0.0,0.0,0.0,1.0
-0.8602469300071969,0.32496295485963006,-0.12631634885189058,-0.15749658110123652,1.0,0.28875331176629093,-0.9574035329702931,0.0,1.0,0.0,0.0,1.0,0.0,0.0,0.0,0.0,0.0,0.0,0.0,0.0,0.0,0.0,0.0,0.0,1.0,0.0,0.0,0.0,0.0,0.0,1.0
1.2616863709247628,0.8754982091427232,0.8455862406536685,0.8831211756880148,-0.5,0.4776699545515799,-0.8785393642396974,0.0,0.0,1.0,0.0,0.0,0.0,0.0,1.0,0.0,0.0,0.0,0.0,0.0,0.0,0.0,0.0,0.0,0.0,0.0,0.0,1.0,1.0,0.0,0.0
0.34873485779529756,-0.017344733525246247,0.30592177658116537,0.29899560810950404,0.0,-0.8698897763927377,-0.4932461626078735,0.0,0.0,0.0,0.0,0.0,0.0,0.0,0.0,0.0,0.0,0.0,0.0,0.0,1.0,0.0,0.0,0.0,0.0,0.0,0.0,1.0,0.0,0.0,0.0
-0.7628165472949476,-0.019485659492973793,0.45127499862731874,0.43023174142796355,0.0,0.6775715634780511,0.7354568487449888,0.0,0.0,1.0,0.0,0.0,0.0,0.0,0.0,0.0,0.0,1.0,0.0,0.0,0.0,0.0,0.0,0.0,0.0,0.0,0.0,1.0,0.0,0.0,0.0
0.05283937713597157,1.5924866633322399,0.0,0.0,2.5,0.9988518729117095,0.04790549009007361,1.0,0.0,0.0,0.0,0.0,0.0,0.0,0.0,1.0,0.0,0.0,0.0,0.0,0.0,0.0,0.0,0.0,0.0,1.0,0.0,0.0,0.0,0.0,1.0
-1.041689160539121,2.113350157987997,-0.8448398515674691,-0.8797497903213144,1.0,-0.1859524380025663,-0.982558746742861,1.0,0.0,0.0,0.0,0.0,0.0,0.0,0.0,1.0,0.0,0.0,0.0,0.0,0.0,0.0,0.0,0.0,1.0,0.0,0.0,0.0,0.0,1.0,0.0
-1.0741937353253428,0.4262439883691426,0.15046046392501325,0.13725174250217953,2.5,-0.4962796395625104,0.8681627263109749,1.0,0.0,0.0,0.0,1.0,0.0,0.0,0.0,0.0,0.0,0.0,0.0,0.0,0.0,0.0,0.0,0.0,0.0,0.0,0.0,1.0,0.0,1.0,0.0
0.8347504804414573,-0.393192667806095,-0.2664853908929479,-0.2680251366526605,-0.5,-0.9749879818520472,0.22225758759617648,0.0,1.0,0.0,0.0,0.0,0.0,0.0,1.0,0.0,0.0,0.0,0.0,0.0,0.0,0.0,0.0,0.0,0.0,1.0,0.0,0.0,0.0,0.0,1.0
-0.825840755824444,0.00883518081871804,-0.7465641248706745,-0.7722455657606069,0.0,-0.8873128569336697,0.46116796714451996,0.0,0.0,0.0,0.0,0.0,0.0,0.0,0.0,0.0,0.0,0.0,0.0,1.0,0.0,0.0,0.0,0.0,0.0,0.0,0.0,1.0,0.0,0.0,0.0
0.5217829893930378,2.345083811649547,-0.6177006992531324,-0.6474051487995637,-0.5,0.8923890010502896,-0.45126696179142806,0.0,0.0,1.0,0.0,0.0,0.0,0.0,0.0,0.0,0.0,0.0,0.0,0.0,0.0,0.0,0.0,0.0,0.0,0.0,0.0,0.0,0.0,0.0,1.0
0.8124053902058728,-0.38154320466946956,0.5552450699186557,0.5615505067407051,-0.5,-0.5875498939235142,0.8091879399437854,0.0,1.0,0.0,0.0,0.0,0.0,0.0,0.0,0.0,0.0,0.0,0.0,0.0,0.0,1.0,0.0,0.0,0.0,0.0,0.0,1.0,0.0,0.0,0.0
-0.7046810960567078,-0.3751681282174891,-0.7012848974581701,-0.7440350029127777,-0.5,-0.9967379236946835,-0.08070632855489894,0.0,0.0,1.0,0.0,1.0,0.0,0.0,0.0,0.0,0.0,0.0,0.0,0.0,0.0,0.0,0.0,0.0,0.0,0.0,1.0,0.0,0.0,0.0,0.0
1.5229686554769306,-0.06877981751340909,-0.39523970673438086,-0.35287166838128053,1.0,0.9291863391923788,0.3696116165088235,1.0,0.0,0.0,0.0,0.0,0.0,0.0,0.0,0.0,0.0,0.0,0.0,0.0,0.0,0.0,1.0,0.0,0.0,1.0,0.0,0.0,0.0,1.0,0.0
0.006583024946637837,-0.31287666076635634,-0.45109424136198123,-0.4642761230720922,-0.5,-0.06903100631370052,-0.9976145148138723,0.0,1.0,0.0,0.0,0.0,0.0,0.0,0.0,0.0,0.0,0.0,0.0,0.0,1.0,0.0,0.0,0.0,0.0,1.0,0.0,0.0,0.0,0.0,0.0
-0.02528187301916124,0.36475975552028556,-0.9301326348912092,-0.9475245520313009,0.0,-0.5347825643620957,0.8449897093185815,0.0,1.0,0.0,0.0,0.0,0.0,0.0,0.0,0.0,0.0,0.0,0.0,0.0,1.0,0.0,0.0,0.0,0.0,1.0,0.0,0.0,0.0,1.0,0.0
-0.7129139340061165,-0.24845642154874126,-0.09160683229541422,-0.10839665009895168,1.0,0.5058455807878068,-0.8626240481214551,0.0,0.0,0.0,0.0,0.0,0.0,0.0,0.0,0.0,1.0,0.0,0.0,0.0,0.0,0.0,0.0,0.0,0.0,0.0,0.0,1.0,0.0,0.0,1.0
-0.7024184977912022,0.25999664075289886,0.5243613693856984,0.51040130228023,1.0,-0.8193188562520782,0.5733381304167606,0.0,0.0,1.0,0.0,0.0,0.0,0.0,0.0,1.0,0.0,0.0,0.0,0.0,0.0,0.0,0.0,0.0,0.0,1.0,0.0,0.0,0.0,0.0,1.0
-1.2502955315794986,0.0,-0.9838224846608312,-1.017315534401765,0.0,0.4636826702625932,-0.886001343846696,0.0,0.0,0.0,0.0,0.0,0.0,0.0,1.0,0.0,0.0,0.0,0.0,0.0,0.0,0.0,0.0,0.0,0.0,1.0,0.0,0.0,0.0,0.0,0.0
-0.5803886521408201,-0.5000757059155135,-0.8005175438801851,-0.8255762548701231,0.0,0.24001625927810358,-0.970768868105146,0.0,1.0,0.0,0.0,1.0,0.0,0.0,0.0,0.0,0.0,0.0,0.0,0.0,0.0,0.0,0.0,0.0,0.0,0.0,1.0,0.0,0.0,0.0,0.0
0.8116399039187834,-0.20006112737139486,0.4316063100079804,0.44989815606704764,0.0,-0.6167496967085577,0.7871593305106038,0.0,0.0,0.0,0.0,0.0,0.0,1.0,0.0,0.0,0.0,0.0,0.0,0.0,0.0,0.0,0.0,0.0,1.0,0.0,0.0,0.0,0.0,0.0,0.0
-0.7244569433180845,0.04824649635152729,0.17488339157462177,0.1540260373413983,-0.5,0.9103529096436465,-0.4138327922039852,0.0,1.0,0.0,0.0,0.0,0.0,0.0,1.0,0.0,0.0,0.0,0.0,0.0,0.0,0.0,0.0,0.0,1.0,0.0,0.0,0.0,1.0,0.0,0.0
-0.6737297508066755,0.6608645992685496,0.42159118878544,0.0,1.0,0.5994311366832954,0.8004263316349435,0.0,1.0,0.0,0.0,0.0,0.0,0.0,0.0,0.0,0.0,1.0,0.0,0.0,0.0,0.0,0.0,0.0,0.0,1.0,0.0,0.0,0.0,1.0,0.0
-0.8715114290361302,0.35640122453470674,0.0,0.0,0.0,-0.984272782072655,0.1766552871299239,0.0,1.0,0.0,0.0,0.0,0.0,0.0,0.0,0.0,0.0,0.0,0.0,0.0,1.0,0.0,0.0,0.0,0.0,1.0,0.0,0.0,0.0,0.0,1.0
-0.9100078189899579,-0.5489389260335661,0.601088754066174,0.5866375802046795,1.0,0.1254053818498923,-0.9921055842011387,0.0,0.0,0.0,0.0,0.0,0.0,0.0,0.0,0.0,1.0,0.0,0.0,0.0,0.0,0.0,0.0,0.0,0.0,1.0,0.0,0.0,0.0,0.0,0.0
0.5980175344772588,-0.595673035959058,-0.055690332851517324,-0.07002235195445325,1.0,0.03896915015776561,0.9992404141826838,0.0,0.0,1.0,0.0,1.0,0.0,0.0,0.0,0.0,0.0,0.0,0.0,0.0,0.0,0.0,0.0,0.0,1.0,0.0,0.0,0.0,1.0,0.0,0.0
-0.8337762655820362,-0.2610727468979953,0.20878913247127712,0.18874800133863837,1.0,-0.6494480483301835,-0.760405965600031,0.0,0.0,1.0,0.0,0.0,0.0,0.0,0.0,0.0,0.0,0.0,0.0,0.0,0.0,0.0,1.0,0.0,0.0,0.0,1.0,0.0,0.0,0.0,0.0
-0.15292324427117496,-0.445197290095749,0.0,0.0,0.0,0.5486580759873989,-0.8360468381937735,1.0,0.0,0.0,0.0,0.0,0.0,0.0,0.0,0.0,0.0,0.0,0.0,0.0,0.0,0.0,1.0,0.0,0.0,0.0,0.0,1.0,0.0,0.0,0.0
-0.3069329433094804,-0.4197723750234283,-0.6129922453592913,-0.6523300156587629,-0.5,0.9434639629064223,0.33147511323915263,0.0,0.0,0.0,0.0,0.0,0.0,0.0,0.0,0.0,0.0,0.0,0.0,0.0,1.0,0.0,0.0,0.0,0.0,1.0,0.0,0.0,0.0,0.0,1.0
0.6507260867234678,3.0578461978494302,0.5394234726746906,0.5665580055941861,1.0,0.46361823720061074,-0.8860350614591943,1.0,0.0,0.0,0.0,0.0,0.0,0.0,0.0,0.0,0.0,0.0,0.0,0.0,0.0,0.0,0.0,1.0,0.0,0.0,0.0,1.0,1.0,0.0,0.0
-0.6168060017274043,-0.43381875719439866,-0.5747149603979061,-0.6055437804963704,0.0,0.06315340812951468,-0.9980038311758261,0.0,0.0,0.0,0.0,0.0,0.0,0.0,0.0,0.0,0.0,1.0,0.0,0.0,0.0,0.0,0.0,0.0,0.0,1.0,0.0,0.0,0.0,0.0,0.0
-0.35776902348286543,-0.08657152442500411,-0.8411161103531445,-0.86723930638704,-0.5,-0.12201370210166185,-0.9925284159657329,1.0,0.0,0.0,0.0,0.0,0.0,0.0,0.0,0.0,0.0,0.0,0.0,0.0,0.0,0.0,0.0,0.0,0.0,0.0,0.0,1.0,0.0,0.0,0.0
-0.7666081371819431,-0.6166474047349295,0.18222844276089833,0.17237034007197258,-0.5,0.13938914062473867,0.9902376823146536,1.0,0.0,0.0,0.0,1.0,0.0,0.0,0.0,0.0,0.0,0.0,0.0,0.0,0.0,0.0,0.0,0.0,0.0,0.0,0.0,1.0,1.0,0.0,0.0
-0.49454273322407577,1.6003815619126425,0.08232844553391874,0.07797154980436886,-0.5,0.2975831634931399,0.9546958996483724,1.0,0.0,0.0,0.0,0.0,0.0,0.0,0.0,1.0,0.0,0.0,0.0,0.0,0.0,0.0,0.0,0.0,1.0,0.0,0.0,0.0,0.0,0.0,0.0
-0.6559867050439568,-0.4261620687074859,0.20390625243977567,0.17747699731859176,1.0,-0.0394051473155052,-0.9992233155631645,1.0,0.0,0.0,0.0,0.0,0.0,1.0,0.0,0.0,0.0,0.0,0.0,0.0,0.0,0.0,0.0,0.0,0.0,1.0,0.0,0.0,0.0,0.0,0.0
-0.1619983587602439,0.9726990905995243,0.22501816285952067,0.2051091362064478,-0.5,-0.28213216028260674,-0.9593755490600485,0.0,0.0,0.0,0.0,0.0,0.0,1.0,0.0,0.0,0.0,0.0,0.0,0.0,0.0,0.0,0.0,0.0,0.0,1.0,0.0,0.0,0.0,0.0,1.0
1.1484139881064617,-0.48688852264749416,-0.01447399064717106,-0.0118163751823068,0.0,0.5262757616192408,-0.8503139553906475,1.0,0.0,0.0,0.0,0.0,1.0,0.0,0.0,0.0,0.0,0.0,0.0,0.0,0.0,0.0,0.0,0.0,0.0,0.0,0.0,0.0,0.0,1.0,0.0
-0.2029516875106477,0.7087913523075613,-0.027499001626496888,-0.06132946615600097,0.0,-0.9517730556611737,0.306802950633452,0.0,1.0,0.0,0.0,0.0,0.0,0.0,0.0,0.0,0.0,0.0,1.0,0.0,0.0,0.0,0.0,0.0,0.0,1.0,0.0,0.0,0.0,0.0,1.0
0.8181713153699707,1.7692726499576692,0.8452216481368364,0.8534232369431122,0.0,-0.996015164967878,0.08918402970269282,0.0,0.0,0.0,0.0,0.0,0.0,0.0,0.0,0.0,0.0,0.0,0.0,0.0,1.0,0.0,0.0,0.0,0.0,1.0,0.0,0.0,1.0,0.0,0.0
0.6418530748280844,-0.05060754554943063,0.05382903870211253,0.04819097906518439,1.0,-0.9483928577745471,-0.31709775672846974,1.0,0.0,0.0,0.0,0.0,0.0,0.0,0.0,0.0,0.0,0.0,1.0,0.0,0.0,0.0,0.0,0.0,0.0,1.0,0.0,0.0,0.0,0.0,1.0
-0.09010880806422383,-0.4131500187168151,0.2229796920868211,0.20745588484405292,1.0,-0.3769653123835519,-0.9262273766519596,0.0,0.0,1.0,0.0,0.0,1.0,0.0,0.0,0.0,0.0,0.0,0.0,0.0,0.0,0.0,0.0,0.0,0.0,1.0,0.0,0.0,0.0,0.0,0.0
0.6544899992642352,1.3321764911679916,-0.4873987186007044,-0.475249651912724,0.0,-0.6877740976724707,-0.7259247829980864,0.0,1.0,0.0,0.0,0.0,0.0,0.0,0.0,0.0,0.0,0.0,0.0,0.0,0.0,1.0,0.0,0.0,0.0,0.0,0.0,1.0,1.0,0.0,0.0
0.10662031884702114,-0.07052297282696111,0.737604901882727,0.7389118192673023,-0.5,-0.32735533276580664,-0.9449013102487412,0.0,0.0,1.0,0.0,0.0,0.0,0.0,0.0,0.0,0.0,0.0,1.0,0.0,0.0,0.0,0.0,0.0,1.0,0.0,0.0,0.0,0.0,0.0,1.0
-0.9436259362951076,0.15489962144777586,-0.9793301167533082,-1.0132996194796664,0.0,0.47690310253994583,0.8789558753360569,0.0,1.0,0.0,0.0,0.0,0.0,0.0,0.0,1.0,0.0,0.0,0.0,0.0,0.0,0.0,0.0,0.0,0.0,1.0,0.0,0.0,0.0,0.0,0.0
-0.08746980168188599,0.030150541987819215,0.10116661245411328,0.08534232369431118,1.0,-0.8461931661275643,0.5328762760707295,1.0,0.0,0.0,0.0,0.0,0.0,0.0,0.0,0.0,0.0,0.0,0.0,1.0,0.0,0.0,0.0,0.0,0.0,0.0,0.0,1.0,0.0,0.0,1.0
0.0885954332241771,-0.20836002934814435,-0.2503950985522545,-0.282750158033689,0.0,0.02690391264331584,0.999638024229011,0.0,0.0,1.0,0.0,0.0,0.0,0.0,1.0,0.0,0.0,0.0,0.0,0.0,0.0,0.0,0.0,0.0,1.0,0.0,0.0,0.0,0.0,0.0,0.0
1.2748428714821523,-0.06084878884300176,0.1958161261841854,0.22902283535161988,1.0,-0.9915489576040389,0.12973305158803514,1.0,0.0,0.0,0.0,0.0,0.0,0.0,0.0,1.0,0.0,0.0,0.0,0.0,0.0,0.0,0.0,0.0,0.0,0.0,0.0,1.0,0.0,0.0,0.0
-0.6739760912461167,0.08150491922239446,-0.29840833019264823,-0.3401132884641604,-0.5,0.7003903886440435,0.7137599761089478,0.0,1.0,0.0,0.0,0.0,0.0,0.0,0.0,0.0,0.0,0.0,0.0,0.0,0.0,0.0,1.0,0.0,0.0,0.0,1.0,0.0,0.0,0.0,0.0
0.27408218609797547,-0.24923902324346975,0.42653946831966866,0.4189937902056299,1.0,-0.9206184735841779,0.3904633479541176,0.0,0.0,0.0,0.0,0.0,0.0,0.0,1.0,0.0,0.0,0.0,0.0,0.0,0.0,0.0,0.0,0.0,0.0,0.0,1.0,0.0,0.0,0.0,1.0
-0.8422971661761052,0.3547422328836399,-0.9875153768061249,-1.0239921995397399,-0.5,-0.35945397686270064,0.9331628145814582,0.0,0.0,1.0,0.0,0.0,0.0,0.0,0.0,0.0,1.0,0.0,0.0,0.0,0.0,0.0,0.0,0.0,0.0,1.0,0.0,0.0,0.0,1.0,0.0
1.1033138646576248,0.3694553540839381,-0.2057055328195891,-0.1993579494044299,1.0,0.994095857620911,0.10850541857872997,0.0,0.0,1.0,0.0,0.0,0.0,0.0,0.0,0.0,0.0,0.0,0.0,0.0,0.0,0.0,1.0,0.0,1.0,0.0,0.0,0.0,0.0,0.0,1.0
0.855934248526304,1.8222523506100683,0.6568409843135277,0.6730210670269422,0.0,-0.6860300244225958,0.7275732303972794,0.0,0.0,0.0,0.0,0.0,0.0,0.0,0.0,0.0,0.0,0.0,0.0,1.0,0.0,0.0,0.0,0.0,0.0,0.0,0.0,1.0,1.0,0.0,0.0
-0.8252099841082694,0.6756812342085331,-0.5214011635540091,-0.5594681804848018,1.0,-0.9882950400358693,-0.15255462575910103,0.0,0.0,0.0,0.0,1.0,0.0,0.0,0.0,0.0,0.0,0.0,0.0,0.0,0.0,0.0,0.0,0.0,0.0,0.0,0.0,0.0,0.0,0.0,0.0
1.2578055344543453,-0.34584235143125863,-0.9217773192013681,-0.9223383201741882,-0.5,0.9324552299844725,-0.3612855436833925,0.0,1.0,0.0,0.0,0.0,1.0,0.0,0.0,0.0,0.0,0.0,0.0,0.0,0.0,0.0,0.0,0.0,0.0,0.0,0.0,1.0,0.0,0.0,0.0
0.7430467926922764,-0.057959975683894924,-0.0219224152493547,-0.02034399699219532,0.0,0.9960797580476234,-0.08845968351621002,1.0,0.0,0.0,0.0,1.0,0.0,0.0,0.0,0.0,0.0,0.0,0.0,0.0,0.0,0.0,0.0,0.0,0.0,0.0,0.0,0.0,0.0,0.0,0.0
0.8879767082954405,-0.024273120931804816,0.9514099167030297,0.9815028280800044,1.0,-0.9062463101163016,0.42275007439453866,0.0,1.0,0.0,0.0,0.0,0.0,0.0,0.0,0.0,0.0,0.0,1.0,0.0,0.0,0.0,0.0,0.0,1.0,0.0,0.0,0.0,0.0,0.0,0.0
1.1243047160426483,0.5340857855604597,-0.898645548923573,-0.8904258439825316,-0.5,-0.33332696023792585,0.9428112947873207,0.0,0.0,0.0,0.0,0.0,0.0,0.0,0.0,0.0,1.0,0.0,0.0,0.0,0.0,0.0,0.0,0.0,0.0,1.0,0.0,0.0,0.0,0.0,0.0
0.7807739290229376,-0.4044438748962595,-0.8866861012320324,-0.9058615005143842,1.0,-0.9990796783195383,-0.042892847526458576,0.0,1.0,0.0,0.0,0.0,1.0,0.0,0.0,0.0,0.0,0.0,0.0,0.0,0.0,0.0,0.0,0.0,0.0,0.0,0.0,1.0,0.0,1.0,0.0
-0.2940530191753191,-0.5115524278439457,0.17799713087322977,0.14265587492821355,1.0,-0.8520696996656782,-0.5234283398055944,0.0,0.0,1.0,0.0,0.0,0.0,0.0,0.0,0.0,0.0,0.0,0.0,0.0,0.0,0.0,1.0,0.0,0.0,0.0,0.0,0.0,1.0,0.0,0.0
0.0,0.0,-0.5216708623860239,-0.5555183711581287,0.0,-0.7110040530227064,-0.703187909868539,0.0,0.0,0.0,0.0,0.0,0.0,0.0,0.0,0.0,0.0,1.0,0.0,0.0,0.0,0.0,0.0,0.0,0.0,0.0,1.0,0.0,1.0,0.0,0.0
0.0,0.1678502769274528,-0.1969015188827711,-0.22006552717146546,0.0,-0.7355553897548902,-0.6774645884491171,0.0,0.0,0.0,0.0,0.0,0.0,0.0,1.0,0.0,0.0,0.0,0.0,0.0,0.0,0.0,0.0,0.0,0.0,1.0,0.0,0.0,0.0,0.0,0.0
-0.5794775022416975,-0.42168985098078016,0.6553071099895721,0.634266661708747,0.0,0.33476639759666077,-0.9423011509279581,1.0,0.0,0.0,0.0,0.0,0.0,0.0,0.0,0.0,0.0,1.0,0.0,0.0,0.0,0.0,0.0,0.0,1.0,0.0,0.0,0.0,0.0,1.0,0.0
-0.3740215335170228,-0.2824202675575699,-0.6255295328592357,-0.643703235455736,0.0,-0.9978446307421076,0.06562082671794801,0.0,0.0,0.0,0.0,0.0,0.0,0.0,0.0,0.0,0.0,0.0,0.0,1.0,0.0,0.0,0.0,0.0,0.0,1.0,0.0,0.0,0.0,0.0,0.0
0.18210158455913586,1.5505750723546758,0.4298082300461166,0.40529340555369636,0.0,0.08882186248112804,0.9960475273526779,0.0,1.0,0.0,0.0,1.0,0.0,0.0,0.0,0.0,0.0,0.0,0.0,0.0,0.0,0.0,0.0,0.0,0.0,1.0,0.0,0.0,0.0,0.0,0.0
-0.6657987166631267,0.13131314931946986,-0.00577871905398363,-0.02538454864338926,1.0,0.24706948088212347,0.9689977665694788,0.0,0.0,0.0,0.0,0.0,0.0,0.0,1.0,0.0,0.0,0.0,0.0,0.0,0.0,0.0,0.0,0.0,0.0,0.0,0.0,1.0,0.0,1.0,0.0
-0.8245849679249156,2.676070423148809,0.8062731520360765,0.8047860451088058,0.0,-0.4888750196213661,0.8723538360036075,0.0,1.0,0.0,0.0,0.0,0.0,0.0,0.0,0.0,0.0,0.0,0.0,0.0,0.0,1.0,0.0,0.0,0.0,1.0,0.0,0.0,0.0,0.0,1.0
-0.66473713827353,-0.18300753067514067,0.9441679380689723,0.9511273069819903,-0.5,0.09895793077062301,-0.9950916178611879,1.0,0.0,0.0,0.0,0.0,0.0,0.0,0.0,0.0,1.0,0.0,0.0,0.0,0.0,0.0,0.0,0.0,1.0,0.0,0.0,0.0,0.0,0.0,0.0
-0.31226500932426426,-0.25729214910387554,-0.04536971292872709,-0.06323000202448385,-0.5,0.5526644777167219,0.8334038487252762,0.0,0.0,0.0,0.0,0.0,0.0,0.0,0.0,0.0,0.0,1.0,0.0,0.0,0.0,0.0,0.0,0.0,0.0,1.0,0.0,0.0,0.0,0.0,1.0
-0.009407209066126687,0.5249611189413207,0.15676773656739248,0.13895396158438594,-0.5,-0.725124030279239,-0.6886182837476749,0.0,1.0,0.0,0.0,0.0,0.0,0.0,0.0,0.0,1.0,0.0,0.0,0.0,0.0,0.0,0.0,0.0,1.0,0.0,0.0,0.0,0.0,0.0,0.0
-0.570708279092396,-0.671179124083028,0.4836296243054745,0.47167994975974764,0.0,0.8795447868277245,0.4758161072979482,0.0,1.0,0.0,0.0,1.0,0.0,0.0,0.0,0.0,0.0,0.0,0.0,0.0,0.0,0.0,0.0,0.0,0.0,1.0,0.0,0.0,0.0,0.0,1.0
-0.8319747348535831,-0.05053714280744393,-0.3825551336680151,-0.4187128414250713,1.0,-0.3569418026278212,0.9341266239310394,0.0,0.0,1.0,0.0,0.0,0.0,1.0,0.0,0.0,0.0,0.0,0.0,0.0,0.0,0.0,0.0,0.0,0.0,1.0,0.0,0.0,0.0,0.0,1.0
0.2236197819405165,2.8671386575734465,-0.5689725957754439,-0.6108818073269789,1.0,-0.41786707380107646,-0.908508177526722,0.0,0.0,1.0,0.0,0.0,0.0,0.0,0.0,0.0,1.0,0.0,0.0,0.0,0.0,0.0,0.0,0.0,0.0,1.0,0.0,0.0,1.0,0.0,0.0
1.3076688632316948,0.12022779212956791,0.9273847159309017,0.9724628879055683,-0.5,0.9943611036935492,-0.10604713792152368,0.0,0.0,1.0,0.0,0.0,0.0,1.0,0.0,0.0,0.0,0.0,0.0,0.0,0.0,0.0,0.0,0.0,0.0,1.0,0.0,0.0,0.0,0.0,0.0
-0.3468862515616886,1.066711678117166,-0.15151235580469108,-0.1713291769440209,2.5,-0.902773044326793,-0.4301172287143753,0.0,0.0,1.0,0.0,1.0,0.0,0.0,0.0,0.0,0.0,0.0,0.0,0.0,0.0,0.0,0.0,0.0,0.0,1.0,0.0,0.0,0.0,0.0,0.0
0.6013517591528509,2.635548862276932,-1.0255164002286443,-1.0427496622417234,0.0,-0.8948045300584291,0.4464581200817316,0.0,0.0,1.0,0.0,0.0,0.0,0.0,0.0,0.0,0.0,0.0,0.0,0.0,0.0,1.0,0.0,0.0,0.0,1.0,0.0,0.0,0.0,0.0,1.0
-0.05833317697481851,-0.39203449642861093,0.6699294096692113,0.6598164743407,2.5,0.8954529304094406,0.44515620788791144,0.0,1.0,0.0,0.0,0.0,0.0,0.0,0.0,0.0,0.0,0.0,0.0,0.0,0.0,0.0,0.0,0.0,0.0,0.0,0.0,1.0,0.0,0.0,1.0
0.4084094120598832,-0.23972093580106074,0.18721845588089142,0.19150790994765263,1.0,0.9891765099647809,0.14673047445536197,1.0,0.0,0.0,0.0,0.0,0.0,0.0,0.0,0.0,0.0,0.0,0.0,0.0,1.0,0.0,0.0,0.0,0.0,1.0,0.0,0.0,0.0,0.0,0.0
0.5430187307179135,0.219887387465069,-0.686949903835676,-0.7093460917132505,1.0,-0.31302567503310974,0.9497446639860979,0.0,1.0,0.0,0.0,0.0,0.0,0.0,0.0,0.0,0.0,0.0,0.0,0.0,0.0,1.0,0.0,0.0,0.0,0.0,0.0,1.0,0.0,0.0,1.0
-0.05636992196651334,-0.666005130748872,-0.9676268343686389,-1.000260290781988,-0.5,-0.8615922489318889,-0.5076010210593453,0.0,1.0,0.0,0.0,0.0,0.0,0.0,1.0,0.0,0.0,0.0,0.0,0.0,0.0,0.0,0.0,0.0,0.0,0.0,0.0,1.0,0.0,1.0,0.0
4.720402319831238,-0.004892610342207107,-0.43769274573612893,1.995209410131509,-0.5,-0.9968944687300867,-0.07874908390170761,0.0,0.0,1.0,0.0,0.0,0.0,0.0,0.0,0.0,0.0,0.0,0.0,0.0,0.0,0.0,0.0,0.0,0.0,0.0,1.0,0.0,1.0,0.0,0.0
-0.8420680479741309,-0.47717150536202557,0.8527679290191654,0.8456723558794731,-0.5,0.32859192487813055,-0.9444719937112402,1.0,0.0,0.0,0.0,0.0,0.0,1.0,0.0,0.0,0.0,0.0,0.0,0.0,0.0,0.0,0.0,0.0,0.0,0.0,1.0,0.0,0.0,1.0,0.0
0.7992119003612368,-0.029863864965463786,0.8641315129851085,0.8795349471361817,1.0,-0.08353290843637853,-0.9965050191585387,1.0,0.0,0.0,0.0,0.0,0.0,0.0,0.0,0.0,0.0,0.0,0.0,0.0,0.0,0.0,1.0,0.0,0.0,0.0,0.0,1.0,0.0,1.0,0.0
0.4033180929382267,0.492799984980737,-0.3981091984254873,-0.4041696104314629,0.0,0.999593701724414,-0.028503183556987485,1.0,0.0,0.0,0.0,0.0,0.0,0.0,0.0,0.0,0.0,0.0,0.0,0.0,0.0,0.0,0.0,1.0,0.0,1.0,0.0,0.0,0.0,0.0,1.0
0.6683785888080006,0.46296165789765437,0.6663052254761084,0.6601304759189712,1.0,-0.38308651441688946,0.9237124674225841,0.0,1.0,0.0,0.0,0.0,0.0,0.0,0.0,0.0,0.0,0.0,0.0,1.0,0.0,0.0,0.0,0.0,0.0,1.0,0.0,0.0,0.0,1.0,0.0
0.4377867225438982,-0.06892743056680747,-0.1327964899558569,-0.14568020591892972,0.0,0.4631671371341991,-0.8862709535344764,0.0,0.0,1.0,0.0,0.0,0.0,0.0,0.0,0.0,0.0,0.0,0.0,0.0,0.0,0.0,0.0,0.0,0.0,0.0,1.0,0.0,0.0,0.0,0.0
0.7392810148135807,0.39714524863338585,0.2980962546005433,0.28631986018666566,1.0,-0.8821611166356719,-0.4709477298980265,1.0,0.0,0.0,0.0,0.0,0.0,0.0,0.0,0.0,0.0,0.0,1.0,0.0,0.0,0.0,0.0,0.0,0.0,1.0,0.0,0.0,0.0,0.0,0.0
0.10025753789113821,0.605917226355238,-0.35057827568043937,-0.3886513219053285,-0.5,0.5883734305762843,-0.8085893309906422,0.0,0.0,1.0,0.0,0.0,0.0,0.0,1.0,0.0,0.0,0.0,0.0,0.0,0.0,0.0,0.0,0.0,0.0,1.0,0.0,0.0,0.0,0.0,0.0
-0.9870444858125393,0.0,0.017514053158499274,-0.0064452955539855104,-0.5,-0.3788505299541075,-0.9254578736784791,0.0,1.0,0.0,0.0,0.0,0.0,0.0,0.0,0.0,1.0,0.0,0.0,0.0,0.0,0.0,0.0,0.0,0.0,1.0,0.0,0.0,0.0,0.0,1.0
0.14365185721760976,-0.5746642516818272,-0.4330350046025198,-0.4615327408619343,0.0,0.24481385372893422,-0.969570099076074,0.0,0.0,0.0,0.0,0.0,0.0,0.0,0.0,0.0,0.0,0.0,1.0,0.0,0.0,0.0,0.0,0.0,0.0,1.0,0.0,0.0,0.0,0.0,0.0
1.2984911697792099,0.9393582400807469,-0.9048183813142777,-0.8754859794163703,0.0,-0.8473150873539641,-0.5310905221733336,1.0,0.0,0.0,0.0,1.0,0.0,0.0,0.0,0.0,0.0,0.0,0.0,0.0,0.0,0.0,0.0,0.0,0.0,1.0,0.0,0.0,1.0,0.0,0.0
0.19506747168128058,-0.35131838495267564,-0.7461200050142028,0.0,0.0,-0.9918759513006431,0.12720887245567525,0.0,0.0,1.0,0.0,0.0,0.0,0.0,0.0,0.0,0.0,0.0,1.0,0.0,0.0,0.0,0.0,0.0,1.0,0.0,0.0,0.0,0.0,0.0,0.0
-0.8416228791465864,0.39675266476245125,-0.4393310278349391,-0.46156579365964706,1.0,-0.7273736415730484,-0.6862416378687339,0.0,0.0,1.0,0.0,0.0,0.0,0.0,0.0,0.0,0.0,0.0,0.0,0.0,0.0,0.0,0.0,0.0,0.0,1.0,0.0,0.0,0.0,0.0,0.0
0.4819558819715487,0.8997701805949737,0.9508428064814223,0.9592582952193262,-0.5,-0.9044551454543679,-0.4265687399014586,0.0,1.0,0.0,0.0,0.0,0.0,1.0,0.0,0.0,0.0,0.0,0.0,0.0,0.0,0.0,0.0,0.0,0.0,0.0,0.0,1.0,0.0,0.0,1.0
1.5918672686155413,1.3190259948898355,0.9293860464018358,0.9963765870507404,0.0,-0.2538282856097207,-0.9672492964197131,0.0,0.0,1.0,0.0,0.0,0.0,0.0,0.0,0.0,0.0,0.0,0.0,0.0,1.0,0.0,0.0,0.0,0.0,1.0,0.0,0.0,0.0,0.0,0.0
-0.44169759051633445,0.5274679549392077,0.6495406129146994,0.6254250383205875,1.0,0.15514145037183363,0.9878922665840258,0.0,1.0,0.0,0.0,0.0,0.0,0.0,0.0,0.0,0.0,0.0,0.0,0.0,0.0,0.0,1.0,0.0,0.0,1.0,0.0,0.0,0.0,0.0,0.0
0.1765312034596699,0.27350321354715373,-0.5572812769220449,-0.5945371988580258,-0.5,-0.9351094424419575,-0.3543590420123232,0.0,0.0,1.0,0.0,0.0,0.0,0.0,0.0,0.0,0.0,0.0,0.0,0.0,0.0,0.0,1.0,0.0,0.0,0.0,1.0,0.0,0.0,0.0,0.0
0.28713262334781575,1.0089071354783237,-0.13328960031217452,-0.14683705383887574,2.5,0.9886910398241674,0.1499667555540448,0.0,0.0,1.0,0.0,0.0,0.0,0.0,0.0,0.0,0.0,0.0,0.0,0.0,0.0,0.0,0.0,0.0,0.0,1.0,0.0,0.0,0.0,0.0,1.0
0.08688984648927953,-0.013640747019903986,-0.136978664650767,0.0,2.5,0.9299102782859224,-0.3677864520862593,1.0,0.0,0.0,0.0,0.0,0.0,0.0,0.0,0.0,0.0,1.0,0.0,0.0,0.0,0.0,0.0,0.0,1.0,0.0,0.0,0.0,0.0,0.0,1.0
0.5296537485559143,-0.37255992613078787,-0.24406258105327236,-0.2647033304825295,-0.5,-0.9885926750572732,0.15061382015972039,0.0,0.0,1.0,0.0,0.0,0.0,0.0,0.0,0.0,0.0,0.0,0.0,0.0,0.0,0.0,0.0,0.0,0.0,0.0,0.0,1.0,0.0,1.0,0.0
-0.3405356332801764,-0.5898028282896739,-0.937736764326325,-0.9693063457240009,0.0,0.034318068814334225,-0.999410961593305,1.0,0.0,0.0,0.0,0.0,0.0,0.0,0.0,0.0,0.0,0.0,0.0,0.0,1.0,0.0,0.0,0.0,0.0,1.0,0.0,0.0,0.0,0.0,1.0
0.4004759730897534,-0.4424751561580514,0.055138245147986716,0.04310084821742137,0.0,-0.3303084794230893,-0.9438730361765859,0.0,1.0,0.0,0.0,0.0,0.0,1.0,0.0,0.0,0.0,0.0,0.0,0.0,0.0,0.0,0.0,0.0,0.0,0.0,1.0,0.0,0.0,0.0,1.0
0.8125543947167944,-0.11987349367251267,-0.8810986758381416,-0.9057623421212458,1.0,0.7224142483981179,-0.6914605221640513,1.0,0.0,0.0,0.0,0.0,0.0,0.0,0.0,0.0,1.0,0.0,0.0,0.0,0.0,0.0,0.0,0.0,0.0,1.0,0.0,0.0,0.0,0.0,0.0
-0.22527630239882487,-0.0340472252679063,0.5973372343861776,0.5912649718844639,0.0,-0.6786939354739709,-0.7344212292348673,0.0,1.0,0.0,0.0,0.0,0.0,0.0,0.0,0.0,0.0,0.0,0.0,1.0,0.0,0.0,0.0,0.0,0.0,0.0,1.0,0.0,0.0,0.0,0.0
0.5356140010169229,0.21709334238957567,0.37304623248578467,0.38476761817408095,1.0,-0.7737020090409893,0.6335496832971641,0.0,0.0,0.0,0.0,0.0,0.0,0.0,1.0,0.0,0.0,0.0,0.0,0.0,0.0,0.0,0.0,0.0,0.0,1.0,0.0,0.0,0.0,1.0,0.0
-0.3226250553847296,0.9372658585062065,-0.31348463510967545,-0.3408404500138408,1.0,0.27388927816639447,-0.961761229882704,0.0,0.0,0.0,0.0,0.0,0.0,0.0,0.0,0.0,0.0,0.0,0.0,1.0,0.0,0.0,0.0,0.0,0.0,0.0,1.0,0.0,0.0,0.0,0.0
-0.9178919539507618,-0.11003510645216838,0.2834795891914335,0.27195841958047745,-0.5,-0.9727590224540232,0.2318186451394563,0.0,1.0,0.0,0.0,0.0,0.0,0.0,0.0,0.0,0.0,0.0,0.0,1.0,0.0,0.0,0.0,0.0,0.0,1.0,0.0,0.0,0.0,0.0,0.0
-0.9193044348425895,-0.3745334005620081,-0.5562046393935095,-0.5876787433326309,1.0,0.9704363065167685,-0.24135735951922532,0.0,1.0,0.0,0.0,0.0,0.0,1.0,0.0,0.0,0.0,0.0,0.0,0.0,0.0,0.0,0.0,0.0,0.0,0.0,0.0,1.0,0.0,1.0,0.0
0.2765883454352556,-0.6421578487167059,-0.49088505988866765,-0.5114424654081814,1.0,0.9743209648904093,0.22516362356078276,0.0,0.0,0.0,0.0,0.0,0.0,0.0,0.0,0.0,0.0,0.0,1.0,0.0,0.0,0.0,0.0,0.0,1.0,0.0,0.0,0.0,0.0,0.0,1.0
-1.1396458743842088,0.0,-0.39176232252108645,-0.42990121345083593,0.0,0.6939256444322869,-0.7200466651538879,1.0,0.0,0.0,0.0,0.0,0.0,0.0,0.0,0.0,0.0,0.0,0.0,0.0,1.0,0.0,0.0,0.0,0.0,0.0,1.0,0.0,0.0,0.0,0.0
0.006579304135967578,-0.1387320551472332,0.587386969826971,0.5845387275499202,1.0,0.05364311403570163,0.9985601716053734,0.0,0.0,1.0,0.0,0.0,0.0,0.0,0.0,0.0,0.0,1.0,0.0,0.0,0.0,0.0,0.0,0.0,0.0,0.0,1.0,0.0,0.0,0.0,0.0
-0.5889219593850404,-0.1696322821352881,-0.601515738954427,-0.647239884811,1.0,0.9001604573954538,-0.4355584357369369,1.0,0.0,0.0,0.0,1.0,0.0,0.0,0.0,0.0,0.0,0.0,0.0,0.0,0.0,0.0,0.0,0.0,1.0,0.0,0.0,0.0,1.0,0.0,0.0
-1.2502885015047644,0.47103609784120026,0.11242960170506437,0.09310973115680667,-0.5,-0.11811512134322173,0.9929999084139314,0.0,1.0,0.0,0.0,1.0,0.0,0.0,0.0,0.0,0.0,0.0,0.0,0.0,0.0,0.0,0.0,0.0,0.0,0.0,1.0,0.0,0.0,1.0,0.0
0.4424178206809857,-0.2514827815034555,-0.6222477835337685,-0.6331593929853699,0.0,0.9858623161908312,-0.16755743348132804,1.0,0.0,0.0,0.0,0.0,0.0,0.0,0.0,1.0,0.0,0.0,0.0,0.0,0.0,0.0,0.0,0.0,0.0,1.0,0.0,0.0,0.0,0.0,1.0
-0.9309851097174681,0.061736016764261534,-0.4507615166451137,0.0,0.0,-0.010180911418227197,-0.9999481731783374,0.0,0.0,0.0,0.0,0.0,0.0,0.0,0.0,0.0,0.0,0.0,0.0,0.0,0.0,0.0,1.0,0.0,0.0,1.0,0.0,0.0,0.0,0.0,1.0
1.702495134962636,0.16181761084379245,-0.5512482717100566,-0.49498217214723367,-0.5,0.9908069632469929,0.1352832642320257,0.0,1.0,0.0,0.0,0.0,0.0,1.0,0.0,0.0,0.0,0.0,0.0,0.0,0.0,0.0,0.0,0.0,0.0,1.0,0.0,0.0,0.0,0.0,1.0
1.1767151639618996,-0.5772270369572285,0.27915704168543504,0.30783723149766357,2.5,-0.7355553897548902,-0.6774645884491171,1.0,0.0,0.0,0.0,0.0,0.0,0.0,0.0,0.0,0.0,0.0,1.0,0.0,0.0,0.0,0.0,0.0,0.0,0.0,0.0,1.0,1.0,0.0,0.0
-0.10699061511652841,0.03171473808240467,0.03932508804279565,0.015154707751294344,-0.5,0.20563487708073874,-0.9786287842322999,1.0,0.0,0.0,0.0,0.0,0.0,1.0,0.0,0.0,0.0,0.0,0.0,0.0,0.0,0.0,0.0,0.0,0.0,0.0,0.0,1.0,1.0,0.0,0.0
-1.188969635083272,0.22466726900252465,0.4338620980351264,0.41881199981820977,1.0,-0.6585252929755694,0.7525585947362773,0.0,0.0,1.0,0.0,0.0,0.0,0.0,0.0,1.0,0.0,0.0,0.0,0.0,0.0,0.0,0.0,0.0,0.0,0.0,0.0,1.0,0.0,0.0,0.0
0.15433773597284828,-0.6306070539739212,0.0,0.0,0.0,0.8288341894775036,0.5594943130659771,0.0,1.0,0.0,0.0,0.0,0.0,0.0,0.0,0.0,0.0,0.0,0.0,0.0,0.0,1.0,0.0,0.0,0.0,1.0,0.0,0.0,0.0,1.0,0.0
1.330764386496395,-0.1484808899657554,-1.0101913608752846,-0.9900139234910365,-0.5,0.952749880579629,0.3037559300746287,1.0,0.0,0.0,0.0,0.0,0.0,0.0,0.0,0.0,0.0,0.0,0.0,0.0,1.0,0.0,0.0,0.0,1.0,0.0,0.0,0.0,0.0,0.0,0.0
0.7312055261135042,0.011440419882799799,0.35115159905373106,0.34984733739056434,2.5,0.9966730443630512,0.08150363574766083,1.0,0.0,0.0,0.0,0.0,1.0,0.0,0.0,0.0,0.0,0.0,0.0,0.0,0.0,0.0,0.0,0.0,0.0,1.0,0.0,0.0,0.0,0.0,0.0
0.7799107539182332,-0.052315414501782044,-0.7958486653930189,-0.8172304234476547,1.0,0.4576152911451256,-0.8891502939943067,0.0,0.0,1.0,0.0,0.0,0.0,0.0,0.0,0.0,1.0,0.0,0.0,0.0,0.0,0.0,0.0,0.0,0.0,1.0,0.0,0.0,0.0,0.0,1.0
1.1037784649701556,-0.5877797606322344,-0.5293001958285516,-0.5239529493424558,0.0,0.2262971448060933,0.9740583156323906,1.0,0.0,0.0,0.0,1.0,0.0,0.0,0.0,0.0,0.0,0.0,0.0,0.0,0.0,0.0,0.0,0.0,0.0,0.0,0.0,1.0,0.0,0.0,1.0
-0.8543330733931456,-0.3667538681289497,-0.40889134789691856,-0.4392716816023996,-0.5,0.9832946417880813,-0.1820210082129227,0.0,1.0,0.0,0.0,0.0,0.0,0.0,0.0,0.0,0.0,1.0,0.0,0.0,0.0,0.0,0.0,0.0,1.0,0.0,0.0,0.0,1.0,0.0,0.0
0.7502455598902154,-0.12382756498574594,0.4855753415733677,0.4939410090192822,-0.5,0.11226385372365065,-0.9936784324655108,1.0,0.0,0.0,0.0,0.0,0.0,0.0,0.0,0.0,0.0,0.0,0.0,1.0,0.0,0.0,0.0,0.0,1.0,0.0,0.0,0.0,0.0,0.0,0.0
1.4140793007619594,-0.2884996845530235,0.2404012057728107,0.2720575779736156,0.0,0.5292407049789731,-0.8484717297549516,0.0,1.0,0.0,0.0,0.0,1.0,0.0,0.0,0.0,0.0,0.0,0.0,0.0,0.0,0.0,0.0,0.0,0.0,0.0,0.0,1.0,0.0,0.0,1.0
-0.48142378219521886,2.2934179088637277,-0.6551005097281292,-0.6726740126509583,0.0,-0.9764531482781094,0.21572957427707629,0.0,1.0,0.0,0.0,0.0,0.0,0.0,1.0,0.0,0.0,0.0,0.0,0.0,0.0,0.0,0.0,0.0,0.0,1.0,0.0,0.0,1.0,0.0,0.0
-0.3384499678486714,0.22363992349748835,0.1836164856030799,0.18337692171031708,0.0,0.48557268522727515,0.8741962979566853,1.0,0.0,0.0,0.0,0.0,0.0,0.0,0.0,1.0,0.0,0.0,0.0,0.0,0.0,0.0,0.0,0.0,0.0,0.0,0.0,1.0,1.0,0.0,0.0
1.111179266211298,-0.307499145843812,0.4071950355870574,0.4342807091477751,2.5,0.7042729086002023,-0.7099293417036734,1.0,0.0,0.0,0.0,0.0,0.0,0.0,0.0,0.0,0.0,0.0,0.0,0.0,0.0,0.0,1.0,0.0,0.0,1.0,0.0,0.0,0.0,0.0,0.0
0.9882137932601961,-0.22680823712594375,-0.24016130213202475,-0.24328511756466975,0.0,-0.9983292343328396,0.057781829984919514,0.0,1.0,0.0,0.0,0.0,0.0,0.0,0.0,0.0,0.0,0.0,0.0,0.0,0.0,0.0,0.0,1.0,0.0,0.0,0.0,1.0,0.0,0.0,0.0
-0.6372037273528575,-0.2189845874445482,-0.5300145883163653,-0.5677313799129885,1.0,0.016798003959765048,0.9998589035773836,1.0,0.0,0.0,0.0,1.0,0.0,0.0,0.0,0.0,0.0,0.0,0.0,0.0,0.0,0.0,0.0,0.0,0.0,0.0,0.0,1.0,0.0,0.0,1.0
-0.8755846643784931,-0.19049365737641177,0.34805566339561617,0.3232233088329471,1.0,0.066491585332358,0.9977869858241235,0.0,0.0,1.0,0.0,0.0,0.0,0.0,0.0,0.0,0.0,0.0,0.0,0.0,1.0,0.0,0.0,0.0,0.0,1.0,0.0,0.0,0.0,0.0,0.0
-0.14064579846790637,-0.6869706516232071,0.20998392719203948,0.18597156633076775,0.0,0.6005946751639117,-0.7995536480842016,0.0,0.0,1.0,0.0,0.0,0.0,0.0,0.0,1.0,0.0,0.0,0.0,0.0,0.0,0.0,0.0,0.0,0.0,1.0,0.0,0.0,1.0,0.0,0.0
-0.9651659447115402,0.917137080396141,-0.8707568847231352,-0.9160252358110537,1.0,-0.18430874382320367,0.9828683975743205,0.0,1.0,0.0,0.0,0.0,0.0,0.0,0.0,1.0,0.0,0.0,0.0,0.0,0.0,0.0,0.0,0.0,0.0,0.0,1.0,0.0,1.0,0.0,0.0
-0.6305402811028995,1.4483843208437157,0.32310815784057095,0.31000218974784854,0.0,-0.9277277168976498,0.37325766341747646,0.0,0.0,1.0,0.0,0.0,0.0,0.0,0.0,0.0,0.0,0.0,0.0,0.0,1.0,0.0,0.0,0.0,0.0,0.0,1.0,0.0,0.0,0.0,0.0
-0.5218708934848936,-0.2977211058548585,-0.038156757384695074,-0.05990819585435285,1.0,-0.15162023676003364,0.988438821478007,0.0,1.0,0.0,0.0,0.0,0.0,0.0,0.0,0.0,0.0,0.0,0.0,0.0,0.0,0.0,1.0,0.0,0.0,0.0,0.0,1.0,0.0,0.0,0.0
0.7788196186336847,-0.5655502224326683,0.49889120977555257,0.520052719212352,0.0,-0.6897248629689672,0.7240715526813903,0.0,0.0,1.0,0.0,0.0,0.0,0.0,0.0,0.0,0.0,0.0,0.0,0.0,0.0,0.0,1.0,0.0,0.0,1.0,0.0,0.0,0.0,0.0,0.0
0.9881290398349994,0.11394735953443531,-0.6420173431612334,-0.6580316232642116,-0.5,0.9362640704899742,-0.3512970115294814,0.0,1.0,0.0,0.0,0.0,0.0,0.0,0.0,0.0,0.0,0.0,1.0,0.0,0.0,0.0,0.0,0.0,0.0,1.0,0.0,0.0,1.0,0.0,0.0
0.7822408525810706,0.6971435195606424,-0.5051474395225728,-0.5224490470465258,1.0,0.3247429099805793,-0.945802327348239,1.0,0.0,0.0,0.0,0.0,0.0,0.0,0.0,1.0,0.0,0.0,0.0,0.0,0.0,0.0,0.0,0.0,0.0,0.0,0.0,1.0,0.0,0.0,0.0
-0.6092809258511054,0.1250029671442881,0.07295264613507776,0.035250808760644105,0.0,0.3050028161570242,0.9523514488550351,0.0,1.0,0.0,0.0,0.0,0.0,0.0,0.0,0.0,0.0,0.0,0.0,0.0,1.0,0.0,0.0,0.0,0.0,0.0,1.0,0.0,0.0,0.0,1.0
-0.12053103762224496,-0.40889645431677524,-0.051913739804835234,-0.07089825109384099,1.0,0.984105334692647,0.17758572642381235,0.0,0.0,0.0,1.0,0.0,0.0,0.0,1.0,0.0,0.0,0.0,0.0,0.0,0.0,0.0,0.0,0.0,0.0,1.0,0.0,0.0,0.0,0.0,1.0
-0.37192712662838256,0.3554687519810794,-0.24529518858824878,-0.257861401355991,2.5,-0.40912690289544573,-0.9124774941483108,1.0,0.0,0.0,0.0,0.0,0.0,0.0,0.0,0.0,0.0,0.0,1.0,0.0,0.0,0.0,0.0,0.0,1.0,0.0,0.0,0.0,0.0,0.0,1.0
0.09392532263766619,-0.6836979794612886,0.48401646299690293,0.47237405851171527,-0.5,0.6630012215237868,-0.7486183141347575,0.0,0.0,1.0,0.0,0.0,0.0,0.0,0.0,1.0,0.0,0.0,0.0,0.0,0.0,0.0,0.0,0.0,0.0,1.0,0.0,0.0,0.0,0.0,0.0
0.4946716871644699,-0.18332574028556,0.11642492331365821,0.12046092126410424,0.0,0.06489515633722447,0.9978920876948405,0.0,1.0,0.0,0.0,0.0,0.0,0.0,0.0,0.0,0.0,0.0,0.0,1.0,0.0,0.0,0.0,0.0,0.0,0.0,0.0,0.0,0.0,0.0,0.0
-0.3880071348505832,3.205416584090602,0.4115016605884556,0.4035746600726336,0.0,-0.8472764631208278,-0.5311521392609283,0.0,0.0,0.0,0.0,0.0,0.0,0.0,1.0,0.0,0.0,0.0,0.0,0.0,0.0,0.0,0.0,0.0,0.0,0.0,0.0,1.0,1.0,0.0,0.0
-0.7223987372501435,-0.5449425680734692,-0.7179815659268566,-0.7472080714932015,1.0,0.8543454683112272,-0.5197055135132491,0.0,1.0,0.0,0.0,0.0,0.0,1.0,0.0,0.0,0.0,0.0,0.0,0.0,0.0,0.0,0.0,0.0,1.0,0.0,0.0,0.0,1.0,0.0,0.0
1.1271992809908358,-0.6334472079641758,0.44945366307398554,0.47921598763825374,1.0,0.9062770509728972,-0.4226841691853016,0.0,0.0,0.0,0.0,0.0,0.0,0.0,0.0,0.0,0.0,0.0,0.0,0.0,0.0,0.0,1.0,0.0,0.0,1.0,0.0,0.0,0.0,1.0,0.0
0.7403935911379669,0.10397665331178325,-0.0928849977412507,-0.08185525353561642,0.0,-0.9419598340259113,-0.3357255889590153,0.0,1.0,0.0,0.0,0.0,1.0,0.0,0.0,0.0,0.0,0.0,0.0,0.0,0.0,0.0,0.0,0.0,0.0,0.0,0.0,1.0,0.0,0.0,0.0
0.18650581165959532,-0.49092480762991314,-0.9602697162705275,-0.9952693183273632,0.0,-0.6983111847556073,-0.7157943065191424,0.0,1.0,0.0,0.0,0.0,0.0,0.0,0.0,0.0,0.0,1.0,0.0,0.0,0.0,0.0,0.0,0.0,0.0,1.0,0.0,0.0,0.0,0.0,0.0
0.5820103182217325,-0.43234896439273457,-0.9765150126701791,-0.9866094853266236,-0.5,0.34782216410766414,-0.9375605271956905,1.0,0.0,0.0,0.0,1.0,0.0,0.0,0.0,0.0,0.0,0.0,0.0,0.0,0.0,0.0,0.0,0.0,0.0,0.0,1.0,0.0,0.0,0.0,0.0
-0.1792648970909073,1.8187155152957015,-0.10232124201506129,-0.13242603403611844,1.0,-0.169636183316707,0.9855067555880784,0.0,0.0,1.0,0.0,1.0,0.0,0.0,0.0,0.0,0.0,0.0,0.0,0.0,0.0,0.0,0.0,0.0,0.0,0.0,1.0,0.0,1.0,0.0,0.0
-1.258540231883344,1.6465188429069932,-0.367944040966334,-0.4009965418510393,1.0,0.6664240381108494,0.7455729350157696,0.0,1.0,0.0,0.0,0.0,0.0,1.0,0.0,0.0,0.0,0.0,0.0,0.0,0.0,0.0,0.0,0.0,0.0,0.0,1.0,0.0,0.0,0.0,1.0
-0.4208225031706007,0.12965976331650386,0.9735448848565438,0.9749087949363116,2.5,-0.9941509639723155,0.10799935570602215,0.0,0.0,0.0,0.0,0.0,0.0,0.0,0.0,0.0,0.0,0.0,0.0,0.0,0.0,1.0,0.0,0.0,0.0,0.0,0.0,1.0,0.0,0.0,0.0
0.2745233892646572,0.05915453950455315,0.7323549232562782,0.7249139594359542,0.0,-0.9535418458160619,-0.3012605986147169,1.0,0.0,0.0,0.0,0.0,0.0,0.0,1.0,0.0,0.0,0.0,0.0,0.0,0.0,0.0,0.0,0.0,1.0,0.0,0.0,0.0,1.0,0.0,0.0
-0.2116984997022758,-0.519334740026306,0.6455003850654889,0.6300689563992282,-0.5,-0.867005481458371,0.49829860036040485,0.0,0.0,1.0,0.0,0.0,0.0,0.0,0.0,0.0,0.0,0.0,0.0,0.0,0.0,0.0,1.0,0.0,0.0,1.0,0.0,0.0,1.0,0.0,0.0
0.3125100956244236,0.5609843994220911,-0.01261008925692962,-0.009386994550419895,0.0,0.5717282974391418,0.8204430229500036,1.0,0.0,0.0,0.0,0.0,0.0,0.0,0.0,0.0,0.0,0.0,1.0,0.0,0.0,0.0,0.0,0.0,0.0,1.0,0.0,0.0,0.0,0.0,0.0
0.2805501500806876,2.3154861971450553,0.6078182342175578,0.5985365873812682,-0.5,0.9712382673164769,-0.23810969761873996,1.0,0.0,0.0,0.0,0.0,0.0,0.0,0.0,0.0,1.0,0.0,0.0,0.0,0.0,0.0,0.0,0.0,0.0,1.0,0.0,0.0,0.0,0.0,1.0
-0.7671100472409651,0.9465530901641557,-0.48760097406956276,-0.522895259815648,2.5,0.8585500172594206,-0.5127298195578726,0.0,0.0,1.0,0.0,0.0,0.0,0.0,0.0,0.0,0.0,0.0,1.0,0.0,0.0,0.0,0.0,0.0,0.0,0.0,0.0,1.0,0.0,0.0,0.0
0.44362681276331656,2.3298776200525015,0.10810695585318589,0.10129029859071147,-0.5,-0.025086475967971304,-0.9996852848389379,0.0,1.0,0.0,0.0,0.0,0.0,0.0,0.0,0.0,0.0,1.0,0.0,0.0,0.0,0.0,0.0,0.0,0.0,0.0,0.0,1.0,0.0,0.0,0.0
0.5126171221667204,0.24791452637817335,-0.23200806237636032,-0.24176468886988348,1.0,-0.3288666467385839,0.9443763702374808,0.0,1.0,0.0,0.0,0.0,0.0,0.0,0.0,0.0,0.0,0.0,0.0,0.0,1.0,0.0,0.0,0.0,0.0,1.0,0.0,0.0,0.0,0.0,0.0
-0.08153011269244939,-0.012102455415320075,-0.6813060071542092,-0.7173283423608786,0.0,0.945542249083422,0.3254993935451553,0.0,0.0,0.0,0.0,0.0,0.0,0.0,1.0,0.0,0.0,0.0,0.0,0.0,0.0,0.0,0.0,0.0,0.0,0.0,0.0,1.0,0.0,0.0,1.0
-0.04924698690223713,1.0919052833492635,-0.8815013046403456,-0.9181406148646694,0.0,0.9496763497759849,-0.31323286972500386,1.0,0.0,0.0,0.0,0.0,0.0,0.0,0.0,1.0,0.0,0.0,0.0,0.0,0.0,0.0,0.0,0.0,1.0,0.0,0.0,0.0,1.0,0.0,0.0
-0.052653112585596705,-0.3628704496954438,0.10317735743350084,0.07830207778149621,-0.5,0.008072060127812941,0.9999674203919311,1.0,0.0,0.0,0.0,0.0,0.0,0.0,0.0,0.0,0.0,0.0,0.0,0.0,0.0,0.0,1.0,0.0,0.0,0.0,0.0,1.0,0.0,0.0,1.0
1.0798402881188613,-0.0954779544472537,-0.8307557836770558,-0.8371943132661535,1.0,-0.8160535354635635,-0.5779763206718926,0.0,1.0,0.0,0.0,0.0,0.0,0.0,0.0,0.0,0.0,0.0,0.0,0.0,0.0,0.0,1.0,0.0,0.0,1.0,0.0,0.0,0.0,0.0,0.0
0.21827041243848583,-0.6691281856567299,0.42717858023955707,0.4259348777253065,0.0,0.9958381326724676,-0.09113952773310222,0.0,0.0,1.0,0.0,0.0,0.0,0.0,0.0,0.0,0.0,0.0,0.0,0.0,0.0,0.0,1.0,0.0,0.0,1.0,0.0,0.0,0.0,0.0,1.0
0.029840549649991915,2.600940061529632,0.8397526685066118,0.8453087751046329,0.0,0.9966254588036532,-0.08208346279493717,1.0,0.0,0.0,0.0,0.0,0.0,0.0,0.0,0.0,1.0,0.0,0.0,0.0,0.0,0.0,0.0,0.0,0.0,1.0,0.0,0.0,0.0,0.0,0.0
0.28326354867354586,0.8789029788016641,-0.7000337753546285,-0.7185182430785376,2.5,0.14989485551618445,0.9887019431000337,0.0,1.0,0.0,0.0,0.0,0.0,0.0,0.0,0.0,0.0,0.0,0.0,0.0,1.0,0.0,0.0,0.0,0.0,1.0,0.0,0.0,0.0,1.0,0.0
0.26746215428492004,0.2810577953996913,0.0,0.0,0.0,-0.5225605690767894,-0.8526021649316532,0.0,1.0,0.0,0.0,0.0,0.0,0.0,0.0,0.0,1.0,0.0,0.0,0.0,0.0,0.0,0.0,0.0,0.0,0.0,0.0,1.0,0.0,0.0,1.0
-0.12983360421889914,-0.36750448446625045,0.46929769206315236,0.45712019236728274,0.0,-0.21594259817176484,-0.9764060601485571,0.0,0.0,1.0,0.0,0.0,0.0,0.0,0.0,0.0,0.0,1.0,0.0,0.0,0.0,0.0,0.0,0.0,0.0,0.0,0.0,1.0,0.0,0.0,0.0
-0.8967870848720628,1.987548801555418,0.0,0.0,0.0,0.999980895365884,0.006181335069797528,0.0,0.0,1.0,0.0,0.0,0.0,1.0,0.0,0.0,0.0,0.0,0.0,0.0,0.0,0.0,0.0,0.0,1.0,0.0,0.0,0.0,0.0,0.0,0.0
0.01810926642818465,-0.6136708997198105,0.838325225281874,0.8332940831360496,-0.5,0.7259747974223264,-0.6877213051139336,0.0,1.0,0.0,0.0,0.0,0.0,0.0,0.0,0.0,0.0,0.0,1.0,0.0,0.0,0.0,0.0,0.0,0.0,0.0,0.0,1.0,0.0,1.0,0.0
0.3734282313856953,0.6018972498393858,0.7728314584545133,0.7765424294632641,2.5,-0.6233110940645791,0.7819739637711842,0.0,1.0,0.0,0.0,0.0,0.0,1.0,0.0,0.0,0.0,0.0,0.0,0.0,0.0,0.0,0.0,0.0,1.0,0.0,0.0,0.0,0.0,0.0,0.0
0.15054166065951044,-0.3488658242407574,-0.8183557299616558,-0.8405987514305664,0.0,0.03366394856588708,0.9994332086572636,0.0,1.0,0.0,0.0,0.0,0.0,0.0,0.0,1.0,0.0,0.0,0.0,0.0,0.0,0.0,0.0,0.0,0.0,1.0,0.0,0.0,0.0,1.0,0.0
-0.4024359648302518,1.4973189998964158,-0.9731826722383183,0.0,-0.5,-0.4747923886059245,-0.8800978284951513,0.0,0.0,1.0,0.0,0.0,0.0,0.0,0.0,0.0,0.0,0.0,0.0,0.0,0.0,1.0,0.0,0.0,0.0,0.0,0.0,1.0,0.0,0.0,0.0
-0.19734186607618043,0.2695618542412999,0.9512578820279219,0.9463015985159297,0.0,0.7995973224472431,-0.6005365283937352,0.0,1.0,0.0,0.0,0.0,0.0,1.0,0.0,0.0,0.0,0.0,0.0,0.0,0.0,0.0,0.0,0.0,1.0,0.0,0.0,0.0,0.0,0.0,0.0
0.6785146039815125,-0.5000346049911458,0.9107367035943728,0.9047542317910072,1.0,0.9669162073880541,0.2550941941524771,0.0,1.0,0.0,0.0,1.0,0.0,0.0,0.0,0.0,0.0,0.0,0.0,0.0,0.0,0.0,0.0,0.0,0.0,1.0,0.0,0.0,0.0,0.0,1.0
-1.0618855300452044,0.08324541967897335,-0.17245843670126507,-0.2129591756632251,0.0,-0.908264918582758,-0.41839555168746223,0.0,0.0,0.0,0.0,1.0,0.0,0.0,0.0,0.0,0.0,0.0,0.0,0.0,0.0,0.0,0.0,0.0,0.0,1.0,0.0,0.0,1.0,0.0,0.0
-0.5598541891917393,3.102964494251291,-0.9262131018452001,-0.9548787995223871,1.0,0.9072276394717491,-0.4206400006876641,0.0,1.0,0.0,0.0,0.0,0.0,0.0,0.0,0.0,0.0,0.0,0.0,0.0,0.0,0.0,1.0,0.0,0.0,0.0,1.0,0.0,1.0,0.0,0.0
0.03477648396811274,0.14337749220809873,0.22617408673262662,0.20211785801344434,-0.5,0.4561921677392308,-0.8898812876408748,0.0,0.0,1.0,0.0,0.0,0.0,0.0,0.0,0.0,0.0,1.0,0.0,0.0,0.0,0.0,0.0,0.0,0.0,1.0,0.0,0.0,0.0,0.0,0.0
0.7143030835239361,-0.01250394627600696,-0.43378392693200635,-0.444031284473035,0.0,0.8294033858617085,-0.5586501799168546,0.0,1.0,0.0,0.0,0.0,0.0,0.0,0.0,0.0,1.0,0.0,0.0,0.0,0.0,0.0,0.0,0.0,1.0,0.0,0.0,0.0,0.0,0.0,0.0
1.3153266611552192,-0.16075921828517103,0.8706847845201955,0.9258253903328831,1.0,0.9124774941483108,0.4091269028954457,0.0,1.0,0.0,0.0,0.0,0.0,0.0,0.0,0.0,0.0,0.0,0.0,0.0,0.0,1.0,0.0,0.0,0.0,1.0,0.0,0.0,0.0,0.0,0.0
0.5994896061392494,-0.15619831011867613,0.5826224493859851,0.5829687196585647,-0.5,-0.3029243834002747,-0.9530145948208576,0.0,1.0,0.0,0.0,0.0,0.0,0.0,0.0,0.0,0.0,0.0,0.0,0.0,0.0,1.0,0.0,0.0,1.0,0.0,0.0,0.0,0.0,0.0,1.0
-1.0940011048311706,0.810788596308962,-0.451843471071681,-0.48338064015005966,-0.5,-0.999572709308829,-0.02923010100918701,0.0,0.0,0.0,0.0,0.0,0.0,0.0,0.0,0.0,0.0,0.0,0.0,1.0,0.0,0.0,0.0,0.0,0.0,1.0,0.0,0.0,1.0,0.0,0.0
1.3569032679849884,0.08713343377546776,0.39324539649393736,0.44753488103058636,1.0,0.9330058843707805,0.3598611117215889,0.0,0.0,0.0,0.0,0.0,0.0,0.0,0.0,0.0,0.0,0.0,0.0,0.0,1.0,0.0,0.0,0.0,0.0,0.0,0.0,1.0,1.0,0.0,0.0
-0.6200333875367504,0.7218385765682274,-0.44238526005669904,-0.46500328462177265,0.0,-0.993280504656575,-0.11573175480039931,1.0,0.0,0.0,0.0,0.0,0.0,0.0,0.0,0.0,0.0,0.0,0.0,1.0,0.0,0.0,0.0,0.0,0.0,1.0,0.0,0.0,0.0,0.0,0.0
-0.14252220445957064,-0.5078931578162449,0.0022289613397730884,-0.02174874089498708,-0.5,-0.8766917748989106,-0.4810525250163415,0.0,1.0,0.0,0.0,0.0,0.0,0.0,0.0,0.0,0.0,0.0,0.0,0.0,0.0,1.0,0.0,0.0,0.0,1.0,0.0,0.0,0.0,1.0,0.0
-0.10885228428818966,-0.47904118155219877,-0.037818912321933185,-0.04805876787433314,-0.5,0.9775846292414898,0.2105428523383753,1.0,0.0,0.0,0.0,0.0,0.0,0.0,0.0,0.0,0.0,1.0,0.0,0.0,0.0,0.0,0.0,0.0,0.0,1.0,0.0,0.0,0.0,1.0,0.0
-0.8074088818534826,-0.13525572831324803,0.5184325345451996,0.4927015291050542,-0.5,-0.08940132437890405,0.9959956843276471,0.0,0.0,0.0,0.0,0.0,0.0,0.0,1.0,0.0,0.0,0.0,0.0,0.0,0.0,0.0,0.0,0.0,0.0,1.0,0.0,0.0,0.0,0.0,0.0
1.3007128929590144,-0.019499930054858696,0.7266159545483526,0.7771043270243807,-0.5,0.15471038629946787,-0.9879598657693891,0.0,1.0,0.0,0.0,0.0,0.0,0.0,0.0,0.0,1.0,0.0,0.0,0.0,0.0,0.0,0.0,0.0,0.0,1.0,0.0,0.0,0.0,0.0,0.0
-0.6401182245740178,0.509165789309779,-0.3099736465509998,-0.3428070914777492,0.0,0.4821359891506325,0.8760963919374062,0.0,1.0,0.0,0.0,1.0,0.0,0.0,0.0,0.0,0.0,0.0,0.0,0.0,0.0,0.0,0.0,0.0,0.0,0.0,1.0,0.0,0.0,0.0,1.0
0.05422427668906659,1.728953021936241,-0.11732955422450761,-0.14908464408334252,0.0,0.8262212171472907,-0.5633458088382743,0.0,1.0,0.0,0.0,0.0,1.0,0.0,0.0,0.0,0.0,0.0,0.0,0.0,0.0,0.0,0.0,0.0,0.0,1.0,0.0,0.0,0.0,0.0,0.0
-0.367237651358212,0.3959301307700476,-0.07489429185565774,-0.11208203704392293,0.0,-0.07693654946609695,0.9970359910034596,0.0,1.0,0.0,0.0,0.0,0.0,0.0,0.0,0.0,0.0,0.0,0.0,0.0,1.0,0.0,0.0,0.0,0.0,0.0,0.0,1.0,0.0,0.0,0.0
0.3906349402295294,-0.48212168106185516,-0.37130131523430027,-0.3764878923470378,1.0,-0.5440900097980529,-0.8390268537049066,0.0,1.0,0.0,0.0,1.0,0.0,0.0,0.0,0.0,0.0,0.0,0.0,0.0,0.0,0.0,0.0,0.0,0.0,1.0,0.0,0.0,0.0,0.0,0.0
-0.2783200809781336,-0.2515856218960982,0.029941213823362012,0.0025450654238816004,1.0,0.4266345126077166,0.9044241221086355,1.0,0.0,0.0,0.0,0.0,0.0,0.0,0.0,0.0,0.0,1.0,0.0,0.0,0.0,0.0,0.0,0.0,0.0,0.0,1.0,0.0,0.0,0.0,0.0
0.7507986693270038,0.4454288416754545,0.8245188871557448,0.0,0.0,0.7304603415310783,0.6829551152530453,0.0,0.0,0.0,0.0,1.0,0.0,0.0,0.0,0.0,0.0,0.0,0.0,0.0,0.0,0.0,0.0,0.0,0.0,1.0,0.0,0.0,0.0,0.0,0.0
-0.28532055506859194,2.2596736809189557,0.2899164135602108,0.26997525171771264,0.0,0.8575416202702928,0.5144145891245707,0.0,0.0,0.0,0.0,0.0,0.0,0.0,0.0,0.0,0.0,0.0,0.0,0.0,0.0,0.0,0.0,0.0,0.0,0.0,1.0,0.0,0.0,0.0,0.0
1.0008082328645995,-0.5833189671876238,-0.5990718870478278,-0.6054942012998012,0.0,0.7549003881255689,0.6558394651192206,1.0,0.0,0.0,0.0,0.0,0.0,1.0,0.0,0.0,0.0,0.0,0.0,0.0,0.0,0.0,0.0,0.0,0.0,1.0,0.0,0.0,0.0,1.0,0.0
-0.8437032150606156,-0.5739122627194212,-0.6945537395500745,-0.7350281155360544,1.0,-0.5295491830130423,0.8482792363191612,0.0,1.0,0.0,0.0,0.0,0.0,0.0,1.0,0.0,0.0,0.0,0.0,0.0,0.0,0.0,0.0,0.0,1.0,0.0,0.0,0.0,0.0,1.0,0.0
-0.23463850207811213,0.168346282913661,-0.2736450333776314,-0.29889644971636564,-0.5,0.9673783834862026,0.25333587026637483,1.0,0.0,0.0,0.0,0.0,0.0,0.0,1.0,0.0,0.0,0.0,0.0,0.0,0.0,0.0,0.0,0.0,0.0,0.0,0.0,1.0,0.0,0.0,1.0
-0.6309865586929212,-0.10000737603827593,-0.32526672721696387,0.0,-0.5,0.3276988869298954,-0.9447822180295878,0.0,0.0,1.0,0.0,0.0,0.0,1.0,0.0,0.0,0.0,0.0,0.0,0.0,0.0,0.0,0.0,0.0,0.0,0.0,1.0,0.0,0.0,0.0,1.0
-0.03784646489304767,-0.4482849557265334,-0.20318630176118,-0.23796361713291772,1.0,-0.48633538042349034,-0.8737722230354653,0.0,1.0,0.0,0.0,1.0,0.0,0.0,0.0,0.0,0.0,0.0,0.0,0.0,0.0,0.0,0.0,0.0,0.0,0.0,0.0,1.0,1.0,0.0,0.0
-0.9160627395365324,0.8203937523740708,-0.6564679464200958,-0.6812016344608468,-0.5,-0.7401203278698045,0.6724744606852315,0.0,0.0,1.0,0.0,0.0,0.0,0.0,0.0,0.0,0.0,0.0,0.0,0.0,1.0,0.0,0.0,0.0,0.0,0.0,0.0,1.0,0.0,0.0,0.0
0.3950305812987454,-0.3559068490103783,0.9548351876864389,0.0,1.0,-0.6033819792088544,0.7974523102769253,1.0,0.0,0.0,0.0,0.0,0.0,0.0,0.0,0.0,0.0,0.0,0.0,0.0,0.0,0.0,0.0,0.0,0.0,1.0,0.0,0.0,0.0,0.0,0.0
0.4701411101739968,2.039528979210868,-0.7332812185118891,-0.7548432677648459,1.0,-0.008871973971827755,-0.9999606432644453,0.0,0.0,1.0,0.0,0.0,0.0,1.0,0.0,0.0,0.0,0.0,0.0,0.0,0.0,0.0,0.0,0.0,0.0,1.0,0.0,0.0,0.0,0.0,0.0
1.0747653644075836,-0.3322679942496299,0.2946572651462248,0.31299346794085203,-0.5,-0.9484620152027414,-0.31689084195911166,1.0,0.0,0.0,0.0,0.0,0.0,0.0,0.0,0.0,0.0,0.0,0.0,1.0,0.0,0.0,0.0,0.0,0.0,0.0,1.0,0.0,0.0,0.0,0.0
0.5674276713142901,0.6966144811972702,-1.0022412175204156,-1.0351309923689351,-0.5,-0.9649974249854584,0.2622593559273617,1.0,0.0,0.0,0.0,0.0,0.0,0.0,0.0,0.0,0.0,0.0,0.0,0.0,1.0,0.0,0.0,0.0,0.0,1.0,0.0,0.0,0.0,0.0,0.0
0.5588140440434163,-0.330101425284119,-0.20353261179075405,-0.20572061296413363,0.0,-0.9969344271274757,-0.07824160023933455,1.0,0.0,0.0,0.0,0.0,0.0,0.0,0.0,0.0,0.0,0.0,0.0,0.0,0.0,1.0,0.0,0.0,0.0,0.0,0.0,1.0,1.0,0.0,0.0
0.44111306659224514,-0.5540929264812855,-0.4017998548531249,-0.42652982808413586,1.0,-0.48912875637915304,-0.8722115911193701,0.0,0.0,0.0,0.0,0.0,0.0,0.0,0.0,0.0,1.0,0.0,0.0,0.0,0.0,0.0,0.0,0.0,1.0,0.0,0.0,0.0,0.0,0.0,1.0
-0.21301406872295855,-0.30461219242809684,-0.2540970499798359,-0.26714923751327274,0.0,-0.23309178475112666,0.9724547392457576,0.0,1.0,0.0,0.0,0.0,0.0,0.0,1.0,0.0,0.0,0.0,0.0,0.0,0.0,0.0,0.0,0.0,0.0,1.0,0.0,0.0,0.0,0.0,1.0
1.1624525837553257,-0.02977118257126395,-0.01877279326722915,0.005238868437470424,1.0,-0.8726381043149091,0.4883674220273932,0.0,0.0,0.0,0.0,0.0,0.0,0.0,0.0,1.0,0.0,0.0,0.0,0.0,0.0,0.0,0.0,0.0,0.0,0.0,1.0,0.0,1.0,0.0,0.0
0.346103222830227,-0.46905983193340445,0.18865985224123816,0.17331234480678576,0.0,0.7517439015655878,-0.6594551587931872,1.0,0.0,0.0,0.0,0.0,0.0,0.0,0.0,0.0,0.0,0.0,0.0,1.0,0.0,0.0,0.0,0.0,1.0,0.0,0.0,0.0,0.0,0.0,0.0
1.8324006267030213,-0.18492242109039136,0.1544648077060359,0.24450807108004158,0.0,0.5653869578331112,0.8248257924630022,0.0,0.0,0.0,0.0,0.0,0.0,0.0,0.0,0.0,0.0,0.0,0.0,0.0,0.0,1.0,0.0,0.0,0.0,0.0,0.0,1.0,0.0,0.0,0.0
1.267654670978333,0.6643205849412044,0.2501786639921615,0.2901705111202007,-0.5,-0.9950266369187598,-0.09960919546980831,0.0,0.0,0.0,0.0,0.0,0.0,1.0,0.0,0.0,0.0,0.0,0.0,0.0,0.0,0.0,0.0,0.0,0.0,0.0,1.0,0.0,0.0,0.0,1.0
0.19170474726029715,0.020615787916565036,0.683777597802331,0.6717320079161452,1.0,-0.9851093261547739,-0.17192910027940964,1.0,0.0,0.0,0.0,0.0,0.0,0.0,0.0,1.0,0.0,0.0,0.0,0.0,0.0,0.0,0.0,0.0,0.0,1.0,0.0,0.0,0.0,0.0,1.0
0.22790058680823722,0.45647293965278046,0.7692861581595499,0.767733858872817,-0.5,0.20577721069223487,0.9785988655009383,0.0,1.0,0.0,0.0,0.0,0.0,0.0,0.0,0.0,0.0,0.0,0.0,0.0,0.0,0.0,1.0,0.0,0.0,1.0,0.0,0.0,0.0,0.0,0.0
0.5557075609244305,-0.5006390609001136,0.46620682922578555,0.4728037448819809,1.0,0.19245060440059303,0.9813066619899441,0.0,1.0,0.0,0.0,0.0,0.0,0.0,0.0,0.0,0.0,0.0,0.0,0.0,0.0,1.0,0.0,0.0,0.0,0.0,0.0,1.0,0.0,0.0,1.0
1.1351315944539933,0.8486643054930568,-0.8686681453512871,-0.8639836058123345,0.0,-0.9989035354118327,-0.0468158834343801,0.0,0.0,1.0,0.0,0.0,0.0,0.0,0.0,0.0,0.0,0.0,0.0,0.0,0.0,0.0,0.0,0.0,0.0,1.0,0.0,0.0,0.0,0.0,1.0
-0.994321277402808,-0.6110821846070522,0.9205050517535569,0.9121250056809498,0.0,-0.6862945321580006,-0.7273237347495481,0.0,0.0,1.0,0.0,0.0,0.0,0.0,0.0,0.0,0.0,0.0,0.0,0.0,1.0,0.0,0.0,0.0,1.0,0.0,0.0,0.0,0.0,0.0,1.0
0.9244748702199203,-0.3227766412083249,0.8923310684095452,0.9083404603428403,1.0,0.9301240903878114,0.36724539000543815,0.0,1.0,0.0,0.0,0.0,0.0,0.0,0.0,1.0,0.0,0.0,0.0,0.0,0.0,0.0,0.0,0.0,0.0,0.0,1.0,0.0,0.0,0.0,1.0
0.21135083132911436,-0.37214025976307485,0.41440525825559693,0.4130442866173355,1.0,0.4191880029391352,-0.9078994537898454,0.0,1.0,0.0,0.0,0.0,0.0,0.0,0.0,0.0,0.0,0.0,1.0,0.0,0.0,0.0,0.0,0.0,0.0,0.0,0.0,1.0,0.0,0.0,0.0
0.7455191137226977,-0.27210485726478,0.020487677634794345,0.0033713853667002606,0.0,-0.4129057396408966,0.9107737645384852,0.0,0.0,0.0,0.0,0.0,0.0,0.0,0.0,0.0,0.0,0.0,0.0,1.0,0.0,0.0,0.0,0.0,0.0,1.0,0.0,0.0,0.0,0.0,0.0
-0.5445656789096411,-0.3603037006856049,-0.5205542987454821,0.0,-0.5,-0.9961502020072424,0.0876628486927634,0.0,0.0,0.0,0.0,1.0,0.0,0.0,0.0,0.0,0.0,0.0,0.0,0.0,0.0,0.0,0.0,0.0,0.0,0.0,1.0,0.0,0.0,0.0,1.0
-0.5726775051338084,-0.44999619446522204,0.5049382887546483,0.4812817874953004,1.0,0.9998451462313946,-0.017597828204667914,0.0,0.0,1.0,0.0,0.0,0.0,0.0,0.0,0.0,0.0,1.0,0.0,0.0,0.0,0.0,0.0,0.0,0.0,0.0,0.0,1.0,0.0,0.0,0.0
0.18635318600077805,-0.25401512826690487,0.7513265468880727,0.7426302590099864,0.0,0.472550764869054,0.8813034520649922,0.0,1.0,0.0,0.0,0.0,0.0,0.0,0.0,0.0,0.0,0.0,0.0,1.0,0.0,0.0,0.0,0.0,0.0,0.0,0.0,1.0,1.0,0.0,0.0
0.6656783647392732,-0.28773013507999695,0.32008269588846316,0.32444626234831875,-0.5,0.9065535029848103,0.4220909217526118,0.0,1.0,0.0,0.0,0.0,0.0,1.0,0.0,0.0,0.0,0.0,0.0,0.0,0.0,0.0,0.0,0.0,0.0,0.0,0.0,1.0,0.0,0.0,1.0
-0.842680887756565,0.42535936557292314,0.24685107359670186,0.22183385184909749,2.5,-0.0879526133276634,-0.9961246597734816,0.0,1.0,0.0,0.0,0.0,0.0,0.0,0.0,0.0,0.0,0.0,0.0,0.0,1.0,0.0,0.0,0.0,0.0,0.0,1.0,0.0,0.0,0.0,0.0
-0.33617902236778124,1.6233451429722026,-0.6373795809414561,0.0,-0.5,-0.4223546096156238,0.9064306833599766,0.0,1.0,0.0,0.0,0.0,0.0,0.0,0.0,0.0,0.0,0.0,1.0,0.0,0.0,0.0,0.0,0.0,0.0,0.0,0.0,1.0,0.0,1.0,0.0
-0.8245558704994396,0.09811716756266374,-0.30322527165798935,-0.32641290381222704,-0.5,0.4938786338225594,-0.8695308476722159,0.0,1.0,0.0,0.0,0.0,0.0,0.0,0.0,0.0,0.0,0.0,0.0,0.0,0.0,0.0,1.0,0.0,1.0,0.0,0.0,0.0,0.0,0.0,1.0
0.24461661219602823,-0.5632776388353542,0.4375872035078969,0.42547213855732813,-0.5,0.9300172236840121,0.3675159365947037,0.0,0.0,1.0,0.0,1.0,0.0,0.0,0.0,0.0,0.0,0.0,0.0,0.0,0.0,0.0,0.0,0.0,1.0,0.0,0.0,0.0,0.0,0.0,0.0
1.4552431968658526,0.3157410983562058,-0.9944759946729553,-0.9712068815924838,1.0,-0.7587031106589778,-0.6514365585967606,0.0,1.0,0.0,0.0,0.0,0.0,0.0,1.0,0.0,0.0,0.0,0.0,0.0,0.0,0.0,0.0,0.0,0.0,1.0,0.0,0.0,0.0,1.0,0.0
-0.2932127944306952,0.6340560929321404,0.27157251019834794,0.2468548197176465,1.0,0.4806699502857466,-0.8769015901982946,0.0,0.0,1.0,0.0,0.0,0.0,0.0,0.0,0.0,0.0,0.0,1.0,0.0,0.0,0.0,0.0,0.0,0.0,0.0,0.0,1.0,0.0,1.0,0.0
0.5195234995319403,-0.6776001644229096,0.5258628244645813,0.5307783520701381,0.0,-0.841864188144733,0.5396894372872325,0.0,0.0,1.0,0.0,0.0,0.0,0.0,1.0,0.0,0.0,0.0,0.0,0.0,0.0,0.0,0.0,0.0,1.0,0.0,0.0,0.0,0.0,0.0,1.0
0.027377944208795264,-0.39229376469017546,-0.3500498265803146,-0.36123402620260536,0.0,0.23514211310259,0.9719610005785463,0.0,0.0,0.0,0.0,0.0,0.0,0.0,0.0,0.0,0.0,0.0,0.0,1.0,0.0,0.0,0.0,0.0,0.0,0.0,0.0,1.0,0.0,0.0,0.0
0.20817197113094446,1.7283028259376572,-0.8742940457155826,-0.9155790230419316,0.0,0.8455337380870718,0.5339219959474447,0.0,1.0,0.0,0.0,0.0,0.0,0.0,0.0,0.0,0.0,0.0,0.0,0.0,1.0,0.0,0.0,0.0,1.0,0.0,0.0,0.0,0.0,0.0,1.0
-0.4662924670816745,1.5100317033520179,0.6322157099885561,0.6237558720360938,1.0,-0.8381949614438945,0.5453707056764859,0.0,1.0,0.0,0.0,0.0,1.0,0.0,0.0,0.0,0.0,0.0,0.0,0.0,0.0,0.0,0.0,0.0,0.0,0.0,1.0,0.0,0.0,1.0,0.0
0.4215208461793239,1.6713980127453039,-0.7411345253959417,-0.7633874159735908,-0.5,-0.5597956486891105,-0.8286306968177911,0.0,1.0,0.0,0.0,0.0,0.0,0.0,0.0,0.0,0.0,1.0,0.0,0.0,0.0,0.0,0.0,0.0,0.0,0.0,0.0,1.0,0.0,0.0,0.0
-0.2013485523451975,-0.1899351851326667,-0.2768554098569147,-0.31228283279002794,2.5,0.2633820036327128,0.9646916192039908,0.0,1.0,0.0,0.0,0.0,0.0,0.0,0.0,0.0,0.0,1.0,0.0,0.0,0.0,0.0,0.0,0.0,1.0,0.0,0.0,0.0,0.0,0.0,0.0
1.297286624083409,-0.44422432348803725,0.40538246253047927,0.43352049480038185,-0.5,-0.08005394786991228,0.9967905323739995,0.0,0.0,0.0,0.0,0.0,0.0,0.0,0.0,1.0,0.0,0.0,0.0,0.0,0.0,0.0,0.0,0.0,1.0,0.0,0.0,0.0,0.0,1.0,0.0
-0.4107215767061048,2.0712549198494496,0.6278897556966433,0.6031805054599091,2.5,-0.11992024992369485,0.9927835280957469,0.0,0.0,1.0,0.0,0.0,0.0,0.0,0.0,0.0,0.0,0.0,0.0,0.0,0.0,0.0,1.0,0.0,1.0,0.0,0.0,0.0,0.0,0.0,0.0
0.6676690535987481,-0.4807109172762753,0.7199407207716038,0.7334085284481299,-0.5,0.4462628933932235,0.8949019108149834,0.0,0.0,1.0,0.0,0.0,0.0,0.0,0.0,0.0,0.0,0.0,0.0,0.0,0.0,1.0,0.0,0.0,0.0,0.0,0.0,1.0,0.0,1.0,0.0
1.4395959383910182,0.32231051822059453,0.04680387972793626,0.08674706759710295,1.0,-0.9848708281680829,-0.17329007999165563,0.0,0.0,1.0,0.0,0.0,0.0,0.0,0.0,0.0,0.0,0.0,0.0,1.0,0.0,0.0,0.0,0.0,0.0,1.0,0.0,0.0,0.0,0.0,1.0
0.8289164594737305,0.10263508709451082,-0.06379998667479655,-0.06975792957275115,-0.5,0.9949685182509117,-0.1001880616120762,0.0,1.0,0.0,0.0,0.0,0.0,0.0,0.0,0.0,0.0,0.0,0.0,1.0,0.0,0.0,0.0,0.0,0.0,0.0,0.0,1.0,0.0,0.0,1.0
-0.6566159502973925,2.8663162111095173,0.6914213403575779,0.6986369852543207,-0.5,-0.34195180604555303,0.9397174907078109,0.0,1.0,0.0,0.0,0.0,0.0,0.0,0.0,0.0,1.0,0.0,0.0,0.0,0.0,0.0,0.0,0.0,1.0,0.0,0.0,0.0,0.0,0.0,0.0
-0.7124118060716605,-0.42043581936926694,0.11302954302275639,0.07727744105240107,1.0,0.9938889216309986,-0.11038483346533935,1.0,0.0,0.0,0.0,0.0,0.0,0.0,0.0,0.0,0.0,0.0,0.0,0.0,0.0,0.0,1.0,0.0,0.0,0.0,0.0,1.0,0.0,1.0,0.0
0.270708858629276,-0.38990935989019915,0.1446087606925234,0.14386230204472883,1.0,0.979910203584351,0.19943919602544477,1.0,0.0,0.0,0.0,0.0,0.0,0.0,0.0,0.0,0.0,0.0,0.0,1.0,0.0,0.0,0.0,0.0,1.0,0.0,0.0,0.0,0.0,0.0,0.0
5.022314312867988,-0.2943920134923406,-0.14875873735670334,1.995209410131509,0.0,0.9170310741096233,0.398815758361365,1.0,0.0,0.0,0.0,0.0,0.0,0.0,0.0,0.0,0.0,0.0,0.0,0.0,1.0,0.0,0.0,0.0,0.0,0.0,0.0,1.0,0.0,0.0,1.0
0.31704942815354237,0.9318925091825934,-0.27277384902174806,-0.2953928531588145,1.0,-0.9420574527872965,0.3354515697502557,0.0,1.0,0.0,0.0,0.0,0.0,0.0,0.0,0.0,0.0,0.0,0.0,0.0,0.0,1.0,0.0,0.0,0.0,0.0,0.0,1.0,0.0,0.0,1.0
0.8339741246959957,-0.2127919584121691,-0.05433216097035117,-0.0679565520974066,0.0,0.4683796383641126,0.8835273138765452,0.0,1.0,0.0,0.0,0.0,0.0,0.0,1.0,0.0,0.0,0.0,0.0,0.0,0.0,0.0,0.0,0.0,0.0,1.0,0.0,0.0,0.0,0.0,1.0
0.002746425082943144,0.6377226401994556,-0.28892776403857195,-0.3189925507257155,1.0,-0.9308965197063681,0.3652829993287005,0.0,0.0,1.0,0.0,0.0,0.0,0.0,0.0,0.0,0.0,0.0,0.0,0.0,0.0,1.0,0.0,0.0,1.0,0.0,0.0,0.0,1.0,0.0,0.0
-0.4872381566764837,0.6012124170183832,-0.33212065811537644,-0.36468804356358736,0.0,0.27165041856334443,0.9623959944297149,0.0,1.0,0.0,0.0,0.0,0.0,1.0,0.0,0.0,0.0,0.0,0.0,0.0,0.0,0.0,0.0,0.0,0.0,0.0,0.0,1.0,0.0,0.0,1.0
0.08971922967589394,-0.0836448835555461,0.9861468224970674,0.9818333560571321,0.0,-0.9332150851729312,0.3593182500314713,0.0,0.0,1.0,0.0,0.0,0.0,0.0,0.0,1.0,0.0,0.0,0.0,0.0,0.0,0.0,0.0,0.0,0.0,1.0,0.0,0.0,0.0,0.0,0.0
1.08497714996366,-0.3421356110030793,-0.34698995707587993,-0.3374690646471407,0.0,-0.5959329228863262,-0.8030342155974177,0.0,1.0,0.0,0.0,0.0,0.0,0.0,0.0,1.0,0.0,0.0,0.0,0.0,0.0,0.0,0.0,0.0,0.0,1.0,0.0,0.0,1.0,0.0,0.0
-0.03435938823844325,1.1157082727047771,-0.5088636112805527,-0.5294231873639154,0.0,0.9760118519804228,-0.21771739662632641,1.0,0.0,0.0,0.0,0.0,0.0,0.0,0.0,0.0,0.0,0.0,0.0,0.0,0.0,0.0,0.0,0.0,1.0,0.0,0.0,0.0,0.0,0.0,1.0
1.5791527412045872,0.3684447379222118,-0.3110775437231624,-0.25984456921875587,1.0,-0.47939404066745017,0.8775997685577037,1.0,0.0,0.0,0.0,0.0,0.0,0.0,0.0,0.0,0.0,0.0,0.0,0.0,0.0,1.0,0.0,0.0,0.0,0.0,0.0,1.0,0.0,0.0,0.0
0.5961569709985167,2.020669446113349,0.16920644029268506,0.16828831955444837,-0.5,0.9953051422624701,0.09678674385412528,1.0,0.0,0.0,0.0,0.0,0.0,0.0,0.0,0.0,0.0,0.0,0.0,1.0,0.0,0.0,0.0,0.0,0.0,1.0,0.0,0.0,0.0,0.0,0.0
0.5237104447201808,0.41813565105213646,0.8185060662816335,0.837971054012403,-0.5,0.161029664404113,0.9869495666861092,0.0,0.0,1.0,0.0,0.0,0.0,0.0,0.0,0.0,0.0,0.0,0.0,0.0,1.0,0.0,0.0,0.0,0.0,0.0,1.0,0.0,0.0,1.0,0.0
-0.43330005932481186,0.4522227269279153,0.5688385590840952,0.5520643537971468,0.0,0.25579728794600226,-0.9667304419948045,1.0,0.0,0.0,0.0,0.0,0.0,0.0,0.0,0.0,0.0,0.0,1.0,0.0,0.0,0.0,0.0,0.0,1.0,0.0,0.0,0.0,0.0,0.0,0.0
-0.14834288682786692,-0.17445236254224067,0.6791005364615814,0.6797638377603423,1.0,-0.22417154235550668,0.9745497009377989,0.0,0.0,1.0,0.0,0.0,0.0,0.0,0.0,0.0,0.0,0.0,0.0,0.0,0.0,0.0,1.0,0.0,0.0,0.0,1.0,0.0,0.0,0.0,1.0
0.32216751156600815,-0.07896051996953463,0.7131005429585733,0.0,-0.5,0.3075642161772555,-0.9515273264217221,1.0,0.0,0.0,0.0,0.0,0.0,0.0,0.0,0.0,0.0,1.0,0.0,0.0,0.0,0.0,0.0,0.0,0.0,0.0,0.0,1.0,0.0,0.0,1.0
-0.08096534324392807,-0.30723792844661546,0.8378464297873546,0.0,0.0,-0.5843676981083199,-0.8114889977119736,0.0,0.0,1.0,0.0,0.0,0.0,0.0,0.0,1.0,0.0,0.0,0.0,0.0,0.0,0.0,0.0,0.0,0.0,0.0,0.0,1.0,0.0,0.0,0.0
0.8847343181315457,2.3402144196733103,-0.5520797653084215,-0.5453215830637465,2.5,0.24516638317406983,0.969481018154221,1.0,0.0,0.0,0.0,0.0,0.0,1.0,0.0,0.0,0.0,0.0,0.0,0.0,0.0,0.0,0.0,0.0,0.0,0.0,1.0,0.0,0.0,0.0,1.0
0.09396849836188054,-0.3286543724727207,-0.09929685536615376,-0.1119002466565028,-0.5,0.4536016815975956,0.8912045300893805,0.0,0.0,1.0,0.0,0.0,0.0,0.0,0.0,0.0,0.0,0.0,0.0,0.0,1.0,0.0,0.0,0.0,0.0,0.0,0.0,1.0,0.0,0.0,0.0
-0.46214519515245706,-0.14692054830305698,-0.2476629850477316,-0.2645380664939657,1.0,0.06946629117735317,-0.9975842993903138,0.0,1.0,0.0,0.0,0.0,0.0,0.0,0.0,0.0,0.0,0.0,0.0,0.0,1.0,0.0,0.0,0.0,1.0,0.0,0.0,0.0,0.0,0.0,1.0
0.1963805448523724,-0.23422386586048327,-0.2543964312674719,-0.27842024153331923,1.0,-0.2414279310006611,-0.9704187519482196,0.0,1.0,0.0,0.0,0.0,0.0,0.0,0.0,1.0,0.0,0.0,0.0,0.0,0.0,0.0,0.0,0.0,0.0,1.0,0.0,0.0,0.0,0.0,1.0
-0.28373508122081537,-0.4133353458761662,0.2939168930486934,0.2781227663539047,0.0,-0.5200161279292157,0.8541564415805255,0.0,1.0,0.0,0.0,1.0,0.0,0.0,0.0,0.0,0.0,0.0,0.0,0.0,0.0,0.0,0.0,0.0,0.0,0.0,0.0,1.0,0.0,0.0,1.0
0.4748161387570188,-0.04300208701891075,-0.21399162968282573,-0.22951862731731099,2.5,0.9962578161122504,0.08643126653734438,0.0,0.0,1.0,0.0,0.0,0.0,0.0,0.0,0.0,0.0,0.0,0.0,0.0,0.0,1.0,0.0,0.0,0.0,1.0,0.0,0.0,0.0,0.0,1.0
-0.3846724788469505,0.39263145016461815,0.22101299800447435,0.19834983907419113,1.0,0.5289321569727091,-0.848664111012241,0.0,1.0,0.0,0.0,1.0,0.0,0.0,0.0,0.0,0.0,0.0,0.0,0.0,0.0,0.0,0.0,0.0,0.0,1.0,0.0,0.0,0.0,1.0,0.0
1.3811083328673366,2.1293203729692616,-0.2535805329125892,-0.2207926887211458,0.0,0.9082953427641892,0.4183294996923883,1.0,0.0,0.0,0.0,0.0,0.0,0.0,0.0,0.0,0.0,0.0,0.0,1.0,0.0,0.0,0.0,0.0,0.0,1.0,0.0,0.0,0.0,1.0,0.0
-0.9481662981270198,-0.6385719407972212,-0.3978563469957909,-0.433355230811818,0.0,0.9999525202508154,0.009744600763639198,0.0,0.0,1.0,0.0,0.0,0.0,0.0,0.0,0.0,0.0,0.0,0.0,0.0,0.0,0.0,0.0,0.0,0.0,1.0,0.0,0.0,0.0,0.0,0.0
-0.2517404244528397,1.0845082957490586,-0.3127948564913873,-0.33846064857852304,1.0,-0.09164645165086084,-0.9957916086711147,1.0,0.0,0.0,0.0,0.0,0.0,0.0,0.0,0.0,1.0,0.0,0.0,0.0,0.0,0.0,0.0,0.0,0.0,0.0,0.0,0.0,0.0,0.0,0.0
0.11618941883962533,-0.008737820408373311,0.6010649742304633,0.584389989960213,0.0,0.943150169183659,0.3323669032392295,0.0,0.0,0.0,0.0,0.0,0.0,1.0,0.0,0.0,0.0,0.0,0.0,0.0,0.0,0.0,0.0,0.0,0.0,1.0,0.0,0.0,0.0,0.0,1.0
-0.3511772850386116,-0.3357682726795955,0.19003067217669586,0.16809000276817188,1.0,0.8520696996656787,0.5234283398055938,0.0,1.0,0.0,0.0,0.0,0.0,0.0,0.0,0.0,0.0,0.0,0.0,1.0,0.0,0.0,0.0,0.0,1.0,0.0,0.0,0.0,1.0,0.0,0.0
-1.249129977107695,0.0,0.9462681306403874,0.9503670926345972,0.0,-0.5343523493898277,0.8452618332218553,0.0,1.0,0.0,0.0,0.0,0.0,0.0,0.0,0.0,0.0,0.0,0.0,0.0,0.0,1.0,0.0,0.0,1.0,0.0,0.0,0.0,0.0,1.0,0.0
1.4622576789100248,0.28144263515058293,0.6596648635377333,0.7179728719162773,0.0,0.9770455744352636,-0.21303038627497647,0.0,0.0,1.0,0.0,0.0,0.0,0.0,0.0,0.0,0.0,1.0,0.0,0.0,0.0,0.0,0.0,0.0,0.0,0.0,0.0,1.0,0.0,1.0,0.0
0.5555791556182821,1.455072524474694,-0.043707328931919705,-0.041349049938645716,-0.5,0.8459605744452446,-0.5332454467543738,1.0,0.0,0.0,0.0,0.0,0.0,0.0,0.0,0.0,0.0,0.0,0.0,0.0,0.0,0.0,0.0,0.0,0.0,1.0,0.0,0.0,0.0,0.0,0.0
-0.7992917393900638,1.7227390601406898,-0.5372669463240115,-0.5755648929709094,-0.5,0.6930873625456362,-0.7208535967029185,0.0,0.0,1.0,0.0,1.0,0.0,0.0,0.0,0.0,0.0,0.0,0.0,0.0,0.0,0.0,0.0,0.0,1.0,0.0,0.0,0.0,0.0,0.0,1.0
-0.7185161224456229,0.4769378669226596,0.3377676171938547,0.3190256035234284,-0.5,0.4697283819635101,0.8828109917632102,1.0,0.0,0.0,0.0,0.0,0.0,0.0,0.0,0.0,0.0,1.0,0.0,0.0,0.0,0.0,0.0,0.0,0.0,0.0,0.0,1.0,0.0,0.0,1.0
-0.9133831009209428,0.09766354083115705,0.44470416217002035,0.4311241669662077,1.0,-0.9584263903335594,-0.28533989260561476,0.0,1.0,0.0,0.0,0.0,0.0,0.0,0.0,0.0,0.0,0.0,0.0,1.0,0.0,0.0,0.0,0.0,1.0,0.0,0.0,0.0,0.0,0.0,0.0
-0.08944500828920592,-0.4658648070887117,-0.08751581288000482,-0.10965265641203603,1.0,0.08208346279493717,0.9966254588036532,0.0,0.0,0.0,0.0,0.0,0.0,0.0,0.0,0.0,0.0,0.0,0.0,0.0,0.0,1.0,0.0,0.0,1.0,0.0,0.0,0.0,0.0,0.0,0.0
-0.19303266060735985,0.14553186491938566,0.10119004409073339,0.08788738911819279,1.0,-0.765904190387334,0.6429547193598647,0.0,0.0,1.0,0.0,0.0,0.0,0.0,0.0,0.0,0.0,0.0,0.0,0.0,0.0,1.0,0.0,0.0,0.0,0.0,0.0,1.0,0.0,0.0,0.0
-0.3071083208782862,-0.40859859813115906,-0.5140434532099574,-0.5525436193639816,1.0,0.9911866627942546,-0.13247263679261714,0.0,1.0,0.0,0.0,0.0,0.0,0.0,0.0,0.0,0.0,1.0,0.0,0.0,0.0,0.0,0.0,0.0,0.0,1.0,0.0,0.0,0.0,0.0,0.0
0.7371191031685563,2.434109351342091,0.8773262906875094,0.8913347959196324,0.0,-0.9040203834168521,-0.4274893523432458,0.0,0.0,1.0,0.0,0.0,0.0,0.0,0.0,1.0,0.0,0.0,0.0,0.0,0.0,0.0,0.0,0.0,0.0,0.0,0.0,1.0,0.0,0.0,0.0
0.24814129591581605,-0.13404542055357,0.24646907889127703,0.21900783764465762,1.0,0.7632324697825288,0.646123979642964,1.0,0.0,0.0,0.0,0.0,1.0,0.0,0.0,0.0,0.0,0.0,0.0,0.0,0.0,0.0,0.0,0.0,0.0,1.0,0.0,0.0,1.0,0.0,0.0
-0.027824830070078056,-0.23308671398634817,-0.4367832440172694,-0.4685399339770366,0.0,-0.9606782561929277,0.2776639841213036,0.0,1.0,0.0,0.0,0.0,0.0,0.0,0.0,0.0,0.0,0.0,0.0,0.0,0.0,1.0,0.0,0.0,0.0,0.0,1.0,0.0,0.0,0.0,1.0
0.5608800471208012,-0.14670025750756946,-0.5912972845952034,-0.6110801241132554,2.5,-0.9997014897811831,-0.02443217815265359,0.0,1.0,0.0,0.0,0.0,1.0,0.0,0.0,0.0,0.0,0.0,0.0,0.0,0.0,0.0,0.0,0.0,0.0,1.0,0.0,0.0,0.0,0.0,1.0
-1.05143228055327,-0.16462700239498193,0.42458345668359654,0.41312691861161727,1.0,0.913041921353098,0.4078657252722312,0.0,1.0,0.0,0.0,0.0,0.0,0.0,1.0,0.0,0.0,0.0,0.0,0.0,0.0,0.0,0.0,0.0,0.0,1.0,0.0,0.0,1.0,0.0,0.0
0.36304079852550786,0.1678033220891812,0.40647576746317904,0.39151038890748124,0.0,-0.4471087221868999,-0.8944796199715215,1.0,0.0,0.0,0.0,0.0,0.0,0.0,1.0,0.0,0.0,0.0,0.0,0.0,0.0,0.0,0.0,0.0,1.0,0.0,0.0,0.0,0.0,0.0,0.0
0.9838677924588035,2.482516672446074,0.18208437060750896,0.18643430549874618,0.0,0.28394561661419965,0.9588403865115309,1.0,0.0,0.0,0.0,0.0,0.0,0.0,0.0,0.0,0.0,0.0,0.0,0.0,0.0,1.0,0.0,0.0,0.0,0.0,0.0,1.0,0.0,0.0,1.0
-0.7879946398665288,-0.2817068341258927,0.21689815231467702,0.21228159331011381,0.0,-0.05821742777462728,0.9983039272202159,0.0,1.0,0.0,0.0,0.0,0.0,0.0,0.0,0.0,0.0,0.0,0.0,1.0,0.0,0.0,0.0,0.0,0.0,0.0,0.0,1.0,0.0,0.0,0.0
-0.24556185422168045,0.2299372018234736,0.19574476460733956,0.19532550808347493,-0.5,-0.8879157640254335,0.46000608256318826,0.0,0.0,1.0,0.0,0.0,0.0,0.0,0.0,0.0,0.0,0.0,0.0,0.0,1.0,0.0,0.0,0.0,0.0,0.0,0.0,1.0,0.0,0.0,0.0
-1.1264867729732018,-0.37594130214228577,-0.29854743888891216,-0.32403310237690924,0.0,0.4555449072335159,-0.8902128046111263,0.0,0.0,0.0,0.0,0.0,0.0,0.0,1.0,0.0,0.0,0.0,0.0,0.0,0.0,0.0,0.0,0.0,0.0,0.0,1.0,0.0,0.0,1.0,0.0
-0.2869848019284529,-0.5672784623216611,0.8720868080737042,0.8782954672219537,0.0,-0.3572135139428052,-0.9340227542499344,0.0,0.0,1.0,0.0,0.0,0.0,0.0,0.0,0.0,0.0,0.0,1.0,0.0,0.0,0.0,0.0,0.0,0.0,1.0,0.0,0.0,0.0,1.0,0.0
-0.42832838976837895,1.3945750235722079,-0.056891960808978334,-0.08279725827042958,-0.5,0.7708839506045309,0.6369756154676184,0.0,0.0,0.0,0.0,0.0,0.0,0.0,0.0,0.0,0.0,0.0,1.0,0.0,0.0,0.0,0.0,0.0,0.0,0.0,1.0,0.0,0.0,0.0,0.0
1.3145642841594334,0.07531288583954864,-0.9875225607258252,0.0,2.5,0.9906984274032543,-0.1360758095354165,0.0,0.0,1.0,0.0,0.0,0.0,0.0,0.0,0.0,0.0,0.0,0.0,0.0,0.0,1.0,0.0,0.0,0.0,1.0,0.0,0.0,0.0,0.0,0.0
-0.3059023118802042,-0.46702485964395246,-0.32235732722345856,-0.34414572978511543,1.0,0.8216469379421637,0.569996762596303,0.0,0.0,1.0,0.0,0.0,0.0,0.0,0.0,0.0,0.0,0.0,0.0,0.0,0.0,0.0,1.0,0.0,1.0,0.0,0.0,0.0,0.0,0.0,1.0
0.23383032133990214,-0.32647687489616095,-0.764563496246214,-0.8012824485512545,1.0,-0.09606291200033394,0.9953752643792271,0.0,0.0,0.0,0.0,1.0,0.0,0.0,0.0,0.0,0.0,0.0,0.0,0.0,0.0,0.0,0.0,0.0,1.0,0.0,0.0,0.0,0.0,0.0,0.0
1.0324736466479802,-0.5316840233195785,-0.2918957666517832,-0.2847994314918793,1.0,-0.9993780711383364,-0.03526288314670471,0.0,1.0,0.0,0.0,0.0,0.0,0.0,0.0,0.0,0.0,0.0,0.0,1.0,0.0,0.0,0.0,0.0,0.0,1.0,0.0,0.0,0.0,0.0,0.0
-1.212387142887735,0.0,0.2046535868304516,0.18169122902696705,0.0,-0.07156998008421481,0.9974355808525908,1.0,0.0,0.0,0.0,1.0,0.0,0.0,0.0,0.0,0.0,0.0,0.0,0.0,0.0,0.0,0.0,0.0,0.0,0.0,0.0,1.0,0.0,0.0,0.0
0.10972483012801355,0.49391104425894083,-0.9827846046503592,-1.0146217313881762,0.0,0.6373119163985831,0.770605944187018,0.0,1.0,0.0,0.0,0.0,0.0,0.0,0.0,0.0,0.0,1.0,0.0,0.0,0.0,0.0,0.0,0.0,0.0,1.0,0.0,0.0,0.0,0.0,0.0
-0.7136027634954376,1.6398011942647441,0.735794803614132,0.722120998029227,1.0,0.8057991058300537,-0.5921889909847076,0.0,0.0,0.0,0.0,0.0,0.0,0.0,1.0,0.0,0.0,0.0,0.0,0.0,0.0,0.0,0.0,0.0,1.0,0.0,0.0,0.0,0.0,1.0,0.0
-0.6998338685017502,-0.34570100012827665,0.2088036192042154,0.17775794609915024,2.5,-0.010617220134513335,-0.9999436357298421,1.0,0.0,0.0,0.0,0.0,0.0,0.0,1.0,0.0,0.0,0.0,0.0,0.0,0.0,0.0,0.0,0.0,0.0,0.0,0.0,1.0,0.0,0.0,0.0
-0.5663920158151331,-0.38136679826687403,-0.42980597748942856,-0.4599957857682916,0.0,0.5525432581952948,-0.8334842217000438,0.0,1.0,0.0,0.0,0.0,0.0,0.0,0.0,1.0,0.0,0.0,0.0,0.0,0.0,0.0,0.0,0.0,0.0,0.0,0.0,1.0,0.0,0.0,0.0
-0.32956365016436,2.276977480536867,-0.3977002291649946,-0.4191755805930498,1.0,0.06511286107248067,0.997877906020048,0.0,0.0,1.0,0.0,0.0,0.0,0.0,0.0,0.0,0.0,0.0,1.0,0.0,0.0,0.0,0.0,0.0,0.0,1.0,0.0,0.0,0.0,0.0,1.0
-0.6715315776682411,-0.2544930347225097,-0.0844900318020377,-0.10200093374153525,2.5,0.17049613549916567,-0.9853583448572657,0.0,1.0,0.0,0.0,0.0,0.0,0.0,0.0,1.0,0.0,0.0,0.0,0.0,0.0,0.0,0.0,0.0,0.0,1.0,0.0,0.0,0.0,1.0,0.0
-0.2771756142503272,2.2877282264789085,-0.5256774799729106,-0.5707061317071357,1.0,-0.3758199529577317,-0.9266927014705837,0.0,1.0,0.0,0.0,0.0,0.0,0.0,0.0,0.0,0.0,0.0,0.0,0.0,1.0,0.0,0.0,0.0,0.0,1.0,0.0,0.0,0.0,0.0,0.0
0.7365801872515988,-0.5905641918446419,-1.0199378930812548,-1.039725331251007,2.5,-0.9269384765541835,-0.37521335355156205,0.0,0.0,1.0,0.0,0.0,0.0,0.0,0.0,0.0,1.0,0.0,0.0,0.0,0.0,0.0,0.0,0.0,0.0,1.0,0.0,0.0,0.0,0.0,0.0
0.37009098366561466,-0.13520745695343023,-0.9748906816585491,-0.9995661820300201,0.0,0.743339436237144,-0.6689144059852837,0.0,1.0,0.0,0.0,1.0,0.0,0.0,0.0,0.0,0.0,0.0,0.0,0.0,0.0,0.0,0.0,0.0,0.0,0.0,0.0,1.0,0.0,0.0,0.0
2.1043802830038283,2.599558943476397,-0.3033385225857983,-0.14819221854509843,2.5,0.9894099958075305,0.1451477185357815,0.0,1.0,0.0,0.0,0.0,0.0,0.0,0.0,0.0,0.0,0.0,0.0,0.0,1.0,0.0,0.0,0.0,0.0,0.0,1.0,0.0,0.0,0.0,1.0
0.14756706750428425,0.8056038712409012,-0.776853405751896,-0.8002082326255903,1.0,0.4124420528009631,0.9109838379912827,0.0,0.0,1.0,0.0,0.0,0.0,0.0,1.0,0.0,0.0,0.0,0.0,0.0,0.0,0.0,0.0,0.0,1.0,0.0,0.0,0.0,0.0,0.0,1.0
0.45568225771588866,1.6713700901942068,-0.9833945473977175,-1.0237277771580378,-0.5,-0.7516479797498176,0.659564488536199,1.0,0.0,0.0,0.0,0.0,0.0,0.0,0.0,0.0,1.0,0.0,0.0,0.0,0.0,0.0,0.0,0.0,0.0,0.0,0.0,1.0,0.0,1.0,0.0
0.959382790667395,-0.12026868698118386,0.7136290913189951,0.7245503786611139,2.5,-0.9602530979085311,-0.27913077214285964,0.0,1.0,0.0,0.0,0.0,0.0,0.0,0.0,0.0,0.0,0.0,0.0,1.0,0.0,0.0,0.0,0.0,0.0,0.0,1.0,0.0,1.0,0.0,0.0
-0.7611279750698824,2.6775701959332956,-0.4728640654219226,-0.499956618203002,0.0,0.8662071516611912,0.49968507123087647,0.0,0.0,1.0,0.0,0.0,0.0,0.0,0.0,1.0,0.0,0.0,0.0,0.0,0.0,0.0,0.0,0.0,1.0,0.0,0.0,0.0,0.0,1.0,0.0
0.9416453214332127,0.4540931930817884,-0.008542393707120797,-0.00537107962832129,0.0,-0.9452341037968683,0.32639315099942134,1.0,0.0,0.0,0.0,1.0,0.0,0.0,0.0,0.0,0.0,0.0,0.0,0.0,0.0,0.0,0.0,0.0,0.0,0.0,1.0,0.0,0.0,0.0,1.0
-0.6433754245970497,-0.5174418361049155,-0.6649479103841922,0.0,0.0,0.6085883316736488,-0.7934861325509632,1.0,0.0,0.0,0.0,0.0,0.0,0.0,0.0,1.0,0.0,0.0,0.0,0.0,0.0,0.0,0.0,0.0,0.0,0.0,0.0,1.0,0.0,0.0,1.0
0.32501417660316795,-0.605570163374711,-0.9339962662544008,-0.9619520982329147,-0.5,-0.351160833725144,0.9363151546661315,0.0,0.0,0.0,0.0,0.0,0.0,0.0,0.0,0.0,0.0,0.0,0.0,0.0,0.0,0.0,1.0,0.0,0.0,1.0,0.0,0.0,0.0,0.0,0.0
0.6945084140812446,-0.5017640665687734,0.48165006474018307,0.47951346281766855,0.0,-0.5547234187577004,-0.8320348121814188,0.0,0.0,0.0,0.0,0.0,0.0,0.0,0.0,0.0,0.0,0.0,0.0,1.0,0.0,0.0,0.0,0.0,0.0,1.0,0.0,0.0,1.0,0.0,0.0
-1.1291609315942601,0.0,-0.7753626587473063,-0.82180823593087,1.0,0.9983875451015022,0.056765392504552724,1.0,0.0,0.0,0.0,0.0,0.0,0.0,0.0,0.0,0.0,0.0,0.0,1.0,0.0,0.0,0.0,0.0,1.0,0.0,0.0,0.0,0.0,0.0,0.0
-0.27996550090440125,-0.41325002601074534,-0.9765950866218873,-1.0308837078628474,-0.5,-0.16676874671610195,-0.985996037070505,0.0,0.0,0.0,0.0,0.0,0.0,0.0,0.0,0.0,0.0,0.0,1.0,0.0,0.0,0.0,0.0,0.0,0.0,1.0,0.0,0.0,0.0,0.0,0.0
-0.07269592537053016,0.30732035538362945,0.16200592452238594,0.151976763883208,0.0,0.9608396319643172,-0.2771050372091339,0.0,1.0,0.0,0.0,0.0,0.0,1.0,0.0,0.0,0.0,0.0,0.0,0.0,0.0,0.0,0.0,0.0,0.0,1.0,0.0,0.0,0.0,0.0,1.0
-0.7536049829866049,-0.3353346037580994,-1.001433494505418,-1.0441874589422278,-0.5,0.6816791818989463,-0.7316512099119247,0.0,0.0,1.0,0.0,0.0,0.0,0.0,0.0,0.0,1.0,0.0,0.0,0.0,0.0,0.0,0.0,0.0,0.0,0.0,0.0,1.0,0.0,0.0,0.0
0.21906271431829166,3.41730944856705,-0.1440694419981679,-0.1541086693356801,0.0,0.8385913445384575,-0.5447610089435384,0.0,1.0,0.0,0.0,0.0,0.0,0.0,0.0,0.0,0.0,0.0,0.0,0.0,1.0,0.0,0.0,0.0,0.0,0.0,0.0,1.0,0.0,0.0,1.0
1.2618713911687494,0.5108351051119853,-0.443058911039362,-0.42310886352086663,1.0,-0.9999993230724769,-0.0011635525721157103,0.0,1.0,0.0,0.0,0.0,1.0,0.0,0.0,0.0,0.0,0.0,0.0,0.0,0.0,0.0,0.0,0.0,0.0,0.0,0.0,1.0,0.0,0.0,1.0
-0.6671299264503674,0.46768054684619326,-0.38104681627471976,-0.4099869028289063,1.0,-0.6508846419174674,-0.7591766480312537,0.0,1.0,0.0,0.0,0.0,0.0,0.0,1.0,0.0,0.0,0.0,0.0,0.0,0.0,0.0,0.0,0.0,0.0,1.0,0.0,0.0,0.0,0.0,1.0
0.8659655326463357,-0.4687531152240531,-1.020835946241831,-1.0303548630994435,2.5,0.5428691196522503,-0.8398173128293979,0.0,0.0,1.0,0.0,0.0,0.0,0.0,1.0,0.0,0.0,0.0,0.0,0.0,0.0,0.0,0.0,0.0,0.0,0.0,0.0,1.0,0.0,1.0,0.0
4.496123397949646,0.48307041645205107,0.9266971267391831,1.995209410131509,1.0,-0.4390899900765154,-0.8984430870203218,1.0,0.0,0.0,0.0,0.0,0.0,0.0,0.0,0.0,1.0,0.0,0.0,0.0,0.0,0.0,0.0,0.0,0.0,0.0,0.0,1.0,0.0,0.0,0.0
-0.8815090344381431,-0.14099604352921596,0.019522538304567943,-0.006412242756272794,0.0,-0.9710995763529863,0.23867470081064418,0.0,0.0,1.0,0.0,0.0,0.0,0.0,0.0,0.0,0.0,0.0,0.0,0.0,0.0,0.0,0.0,0.0,0.0,0.0,1.0,0.0,0.0,0.0,1.0
-0.3146367918908147,-0.46472889835681924,0.1321613096122134,0.11380078252498588,2.5,0.2659767581720731,-0.9639794417477349,0.0,1.0,0.0,0.0,1.0,0.0,0.0,0.0,0.0,0.0,0.0,0.0,0.0,0.0,0.0,0.0,0.0,1.0,0.0,0.0,0.0,0.0,0.0,1.0
0.16414159918062243,-0.4658021822176081,0.32197839391424876,0.31915781471427923,1.0,-0.6606570182018234,0.7506878874077265,1.0,0.0,0.0,0.0,0.0,0.0,0.0,0.0,0.0,0.0,1.0,0.0,0.0,0.0,0.0,0.0,0.0,0.0,0.0,1.0,0.0,0.0,0.0,1.0
1.1765712352191713,0.0807291028590487,0.5884215027375341,0.6114106520903829,0.0,-0.9198785507131112,-0.39220332984046197,0.0,0.0,1.0,0.0,0.0,0.0,1.0,0.0,0.0,0.0,0.0,0.0,0.0,0.0,0.0,0.0,0.0,1.0,0.0,0.0,0.0,0.0,1.0,0.0
0.5704754763068329,1.585157282570296,0.20393704832783538,0.20791862401203132,1.0,0.9488300923169405,0.3157870420296347,0.0,0.0,0.0,0.0,0.0,0.0,0.0,0.0,0.0,0.0,0.0,0.0,0.0,0.0,0.0,0.0,0.0,0.0,0.0,0.0,1.0,0.0,0.0,0.0
-0.4920318354542891,-0.073950673065832,0.5167943924323016,0.5050136962530523,2.5,0.8999703234928507,0.4359511633568303,1.0,0.0,0.0,0.0,0.0,1.0,0.0,0.0,0.0,0.0,0.0,0.0,0.0,0.0,0.0,0.0,0.0,0.0,1.0,0.0,0.0,0.0,0.0,1.0
0.2647175428493241,-0.06943972005810357,-0.1188254472229352,-0.1383920640232692,1.0,0.12836288615884436,0.9917272656617703,0.0,0.0,1.0,0.0,0.0,0.0,0.0,0.0,0.0,1.0,0.0,0.0,0.0,0.0,0.0,0.0,0.0,1.0,0.0,0.0,0.0,0.0,0.0,0.0
-1.391217732864007,0.0,0.0,0.0,0.0,-0.6770900630054659,-0.7359001607414244,0.0,0.0,0.0,0.0,0.0,0.0,0.0,0.0,0.0,0.0,0.0,0.0,0.0,1.0,0.0,0.0,0.0,0.0,0.0,0.0,1.0,1.0,0.0,0.0
0.6478653589475633,0.32646992524420515,0.6403561143148891,0.6568086697488402,1.0,0.8441330375703059,-0.5361337658479725,0.0,0.0,1.0,0.0,0.0,0.0,0.0,0.0,0.0,0.0,0.0,0.0,1.0,0.0,0.0,0.0,0.0,0.0,0.0,0.0,1.0,0.0,0.0,0.0
-0.5425647053723454,-0.018467382452015117,0.7258791600689689,0.726864074501006,-0.5,0.35830005671326937,-0.9336064852812817,0.0,1.0,0.0,0.0,0.0,0.0,0.0,0.0,0.0,1.0,0.0,0.0,0.0,0.0,0.0,0.0,0.0,0.0,0.0,0.0,1.0,0.0,0.0,1.0
-0.7173634217481495,0.44105526684476565,-0.749306625466908,-0.7830207778149622,0.0,-0.22452588379951915,0.9744681254428207,0.0,1.0,0.0,0.0,0.0,0.0,0.0,0.0,1.0,0.0,0.0,0.0,0.0,0.0,0.0,0.0,0.0,0.0,0.0,0.0,1.0,0.0,0.0,0.0
-0.8234225488917888,-0.6208423636279987,0.35750421899199325,0.34115445159211205,-0.5,-0.9506737596570263,0.3101925252155096,0.0,1.0,0.0,0.0,0.0,0.0,0.0,1.0,0.0,0.0,0.0,0.0,0.0,0.0,0.0,0.0,0.0,0.0,0.0,0.0,1.0,0.0,0.0,1.0
-0.16337481793509212,-0.014058621818051675,-0.8592260052355809,-0.8996806273421006,-0.5,-0.9642497353563346,-0.2649951846076429,0.0,0.0,0.0,0.0,0.0,0.0,1.0,0.0,0.0,0.0,0.0,0.0,0.0,0.0,0.0,0.0,0.0,0.0,1.0,0.0,0.0,0.0,1.0,0.0
0.7634155603598087,0.47582914523649883,0.8562347924566277,0.8745605010804135,-0.5,-0.6307322414508711,0.7760005409755588,0.0,0.0,1.0,0.0,0.0,0.0,0.0,0.0,0.0,0.0,1.0,0.0,0.0,0.0,0.0,0.0,0.0,1.0,0.0,0.0,0.0,0.0,0.0,1.0
-1.157923677307718,0.07831142337925263,0.025903154946495328,-0.001553481492498983,1.0,0.7187838834374399,-0.6952335786702142,1.0,0.0,0.0,0.0,0.0,0.0,0.0,1.0,0.0,0.0,0.0,0.0,0.0,0.0,0.0,0.0,0.0,0.0,1.0,0.0,0.0,1.0,0.0,0.0
-0.07555298241090835,-0.3962672372649067,0.2800750915607576,0.2580597181422677,1.0,0.9409300264357755,0.33860107110222026,0.0,0.0,0.0,0.0,0.0,0.0,0.0,1.0,0.0,0.0,0.0,0.0,0.0,0.0,0.0,0.0,0.0,0.0,1.0,0.0,0.0,0.0,0.0,1.0
-0.1358014126419218,0.7012153384398798,-0.6673129321327036,-0.7025867945809938,2.5,-0.14622691084519399,0.9892510755842885,0.0,0.0,0.0,1.0,0.0,0.0,0.0,0.0,0.0,0.0,0.0,0.0,1.0,0.0,0.0,0.0,0.0,0.0,0.0,0.0,1.0,0.0,0.0,1.0
0.3572451988109672,-0.7086860313262218,-0.49253842516557517,-0.5277374946805654,0.0,0.5967501900350032,0.8024270750000823,1.0,0.0,0.0,0.0,0.0,0.0,0.0,0.0,0.0,0.0,0.0,0.0,0.0,0.0,0.0,0.0,0.0,1.0,0.0,0.0,0.0,0.0,0.0,0.0
-0.15585056352613025,-0.6138535171907501,-0.7833836484154255,-0.8277577395191644,0.0,-0.8841056845327503,0.4672869980824172,0.0,0.0,0.0,0.0,0.0,0.0,0.0,0.0,0.0,0.0,0.0,1.0,0.0,0.0,0.0,0.0,0.0,0.0,0.0,0.0,1.0,0.0,1.0,0.0
0.6882915603204168,-0.049961967326611824,-0.49342245339780894,-0.4897763565074761,2.5,-0.39681415938936765,0.9178989720596213,1.0,0.0,0.0,0.0,1.0,0.0,0.0,0.0,0.0,0.0,0.0,0.0,0.0,0.0,0.0,0.0,0.0,0.0,1.0,0.0,0.0,0.0,0.0,0.0
1.0067096943549707,0.19695457681848258,-0.030291509015489798,-0.012047744766296003,-0.5,-0.5341064500854096,0.8454172342560576,1.0,0.0,0.0,0.0,1.0,0.0,0.0,0.0,0.0,0.0,0.0,0.0,0.0,0.0,0.0,0.0,0.0,0.0,0.0,0.0,1.0,0.0,1.0,0.0
0.7501672884763846,0.5919127575520255,0.6616386072084882,0.6701950528225024,1.0,-0.7958258959759748,0.6055255100274778,0.0,0.0,1.0,0.0,0.0,0.0,0.0,0.0,0.0,0.0,0.0,0.0,0.0,0.0,0.0,1.0,0.0,0.0,1.0,0.0,0.0,1.0,0.0,0.0
-0.5176801427038485,-0.49471108517510937,0.05350802809460197,0.03673818465771765,1.0,0.10966202792049018,0.9939689329311886,0.0,0.0,0.0,0.0,0.0,0.0,0.0,1.0,0.0,0.0,0.0,0.0,0.0,0.0,0.0,0.0,0.0,0.0,0.0,1.0,0.0,1.0,0.0,0.0
1.4561623465569256,0.6075305435279378,-0.5330345276339391,-0.5070629697112424,-0.5,-0.9343341261584355,0.3563982894119341,0.0,0.0,0.0,0.0,0.0,1.0,0.0,0.0,0.0,0.0,0.0,0.0,0.0,0.0,0.0,0.0,0.0,0.0,0.0,1.0,0.0,0.0,0.0,1.0
0.5112570758540838,0.12149913688162244,0.2324484762193255,0.22993178728872032,1.0,0.4360166098928227,-0.8999386178498898,1.0,0.0,0.0,0.0,0.0,0.0,0.0,0.0,0.0,0.0,0.0,1.0,0.0,0.0,0.0,0.0,0.0,0.0,1.0,0.0,0.0,0.0,1.0,0.0
0.8465077636874595,0.4176700952752481,-0.1767688095992432,-0.18393881927143363,-0.5,-0.9965955465318619,0.08244584060375275,1.0,0.0,0.0,0.0,0.0,0.0,0.0,0.0,0.0,0.0,0.0,0.0,1.0,0.0,0.0,0.0,0.0,1.0,0.0,0.0,0.0,0.0,0.0,0.0
1.5708838742819364,0.7113307288707325,0.967267636393415,1.0395600672624434,-0.5,-0.7823364591109798,-0.6228560545950357,0.0,0.0,1.0,0.0,0.0,0.0,0.0,1.0,0.0,0.0,0.0,0.0,0.0,0.0,0.0,0.0,0.0,0.0,1.0,0.0,0.0,0.0,0.0,1.0
0.7369315855306752,-0.2307957878403724,0.5524050465176406,0.5572040638414789,-0.5,0.06395173359158564,0.9979529927660075,0.0,1.0,0.0,0.0,1.0,0.0,0.0,0.0,0.0,0.0,0.0,0.0,0.0,0.0,0.0,0.0,0.0,0.0,0.0,0.0,1.0,0.0,0.0,0.0
-0.5302232289720455,1.412567431834915,0.6104042463884767,0.6066675756186041,0.0,-0.9955139293643135,0.09461509626705855,0.0,1.0,0.0,0.0,0.0,0.0,0.0,0.0,0.0,0.0,0.0,0.0,0.0,0.0,0.0,0.0,0.0,0.0,1.0,0.0,0.0,0.0,0.0,1.0
0.6684734506073415,-0.005333326464363362,-1.0039327796321793,-1.0278759032709874,0.0,0.8393037163763002,-0.5436628290373833,1.0,0.0,0.0,0.0,0.0,0.0,0.0,1.0,0.0,0.0,0.0,0.0,0.0,0.0,0.0,0.0,0.0,0.0,0.0,1.0,0.0,0.0,0.0,0.0
-0.11101759244451627,-0.3408054649471842,0.5484214525933898,0.5264980147663375,0.0,-0.7918013088181487,-0.6107787548317859,1.0,0.0,0.0,0.0,0.0,0.0,0.0,0.0,0.0,0.0,0.0,0.0,1.0,0.0,0.0,0.0,0.0,0.0,1.0,0.0,0.0,0.0,0.0,0.0
0.8110967956322773,0.09050022934431087,-0.6341177523666981,-0.6491404206794829,0.0,-0.5370542529913496,0.843547704249086,1.0,0.0,0.0,0.0,0.0,0.0,0.0,0.0,0.0,0.0,0.0,0.0,1.0,0.0,0.0,0.0,0.0,0.0,0.0,0.0,1.0,0.0,0.0,0.0
0.1252053248254286,-0.23397792258301708,0.15909722644238092,0.13925143676380056,2.5,-0.03162881683354901,-0.9994996838147123,0.0,1.0,0.0,0.0,0.0,0.0,0.0,0.0,0.0,0.0,0.0,1.0,0.0,0.0,0.0,0.0,0.0,1.0,0.0,0.0,0.0,0.0,0.0,1.0
1.0637343146146532,0.31296709474310364,-0.12148932876586564,-0.12328693546854393,0.0,-0.1165985113831043,-0.9931791314477183,0.0,1.0,0.0,0.0,0.0,0.0,0.0,1.0,0.0,0.0,0.0,0.0,0.0,0.0,0.0,0.0,0.0,0.0,0.0,0.0,1.0,0.0,0.0,1.0
0.0,0.0,0.13031955252450717,0.10160430016898246,-0.5,-0.94820821728978,0.3176494556333086,0.0,1.0,0.0,0.0,0.0,0.0,0.0,1.0,0.0,0.0,0.0,0.0,0.0,0.0,0.0,0.0,0.0,0.0,1.0,0.0,0.0,0.0,0.0,0.0
0.6861224226826437,-0.3669950076399905,-0.7581539224349853,-0.7941099914475886,0.0,0.7705595955189548,-0.6373679547589953,0.0,0.0,0.0,0.0,0.0,0.0,0.0,0.0,0.0,0.0,0.0,1.0,0.0,0.0,0.0,0.0,0.0,0.0,0.0,0.0,0.0,0.0,0.0,1.0
0.0,0.0,-0.10228644724047596,-0.13673942413763188,0.0,0.17293195940527997,-0.984933773111802,1.0,0.0,0.0,0.0,0.0,0.0,0.0,0.0,0.0,0.0,0.0,0.0,0.0,0.0,1.0,0.0,0.0,0.0,0.0,0.0,1.0,0.0,0.0,0.0
0.8735893583151898,0.04873261229140599,-0.9538281052605905,-0.9668934914909704,0.0,-0.6007109591752265,-0.7994662866730399,1.0,0.0,0.0,0.0,0.0,0.0,0.0,0.0,0.0,0.0,0.0,0.0,0.0,0.0,0.0,1.0,0.0,0.0,0.0,0.0,1.0,0.0,0.0,1.0
-1.2144000232211185,0.0,-0.9456063205672471,-0.9838330503187529,0.0,-0.24777409055000205,-0.9688178363614697,0.0,0.0,1.0,0.0,0.0,1.0,0.0,0.0,0.0,0.0,0.0,0.0,0.0,0.0,0.0,0.0,0.0,0.0,1.0,0.0,0.0,0.0,0.0,1.0
0.508288384833339,-0.7180085946219078,0.30497713684785893,0.3057383788429042,-0.5,0.4936889198676301,-0.869638574581379,0.0,1.0,0.0,0.0,0.0,1.0,0.0,0.0,0.0,0.0,0.0,0.0,0.0,0.0,0.0,0.0,0.0,0.0,0.0,0.0,1.0,0.0,0.0,1.0
0.2549042602252128,2.7423030090879625,0.9010509156000037,0.9114143705301256,1.0,-0.7562818341057345,0.6542459685788414,1.0,0.0,0.0,0.0,0.0,0.0,0.0,0.0,0.0,0.0,0.0,0.0,0.0,0.0,0.0,1.0,0.0,0.0,0.0,0.0,1.0,0.0,0.0,1.0
0.09556264864261062,-0.6932634909791325,0.5476054628180951,0.5508744530794879,2.5,0.9961883573130942,-0.08722818783993541,0.0,0.0,0.0,0.0,0.0,0.0,0.0,0.0,0.0,0.0,0.0,0.0,0.0,1.0,0.0,0.0,0.0,0.0,1.0,0.0,0.0,0.0,0.0,0.0
-1.2209192097101464,-0.392759427959361,-0.07741809136318535,-0.11168540347136996,0.0,-0.8427265514602174,-0.5383418611477001,0.0,1.0,0.0,0.0,0.0,0.0,0.0,0.0,0.0,0.0,0.0,0.0,0.0,0.0,0.0,1.0,0.0,0.0,1.0,0.0,0.0,0.0,1.0,0.0
-0.3566754964472787,0.23480683629617355,-0.9154510631647782,-0.9650094820213438,0.0,0.9988518729117095,0.04790549009007361,1.0,0.0,0.0,0.0,0.0,0.0,1.0,0.0,0.0,0.0,0.0,0.0,0.0,0.0,0.0,0.0,0.0,1.0,0.0,0.0,0.0,0.0,0.0,1.0
0.8910692347511959,1.8612297633393928,0.0,0.0,1.0,-0.09294986092939236,-0.9956707906498043,0.0,0.0,0.0,0.0,0.0,0.0,0.0,0.0,0.0,0.0,0.0,1.0,0.0,0.0,0.0,0.0,0.0,0.0,1.0,0.0,0.0,0.0,0.0,1.0
-0.580433689820294,-0.3337758000221981,-0.708578348039442,-0.7396555072158388,1.0,0.9971851335251157,0.07497872682632753,1.0,0.0,0.0,0.0,0.0,0.0,0.0,0.0,0.0,0.0,0.0,0.0,1.0,0.0,0.0,0.0,0.0,0.0,1.0,0.0,0.0,0.0,0.0,1.0
-0.9305232790407773,1.475483137045574,0.9499439515637751,0.9370468151563605,0.0,-0.8597408679486608,-0.5107304964253491,1.0,0.0,0.0,0.0,0.0,0.0,0.0,0.0,0.0,0.0,0.0,0.0,1.0,0.0,0.0,0.0,0.0,0.0,0.0,0.0,1.0,0.0,0.0,0.0
0.880375029956757,-0.2924201324925032,0.6814651865173048,0.7126183186868125,0.0,0.9291594578201459,0.36967918786885007,0.0,1.0,0.0,0.0,1.0,0.0,0.0,0.0,0.0,0.0,0.0,0.0,0.0,0.0,0.0,0.0,0.0,0.0,1.0,0.0,0.0,0.0,0.0,1.0
0.3236105630727915,-0.2067868158875115,0.4011005610339666,0.384420563798097,0.0,-0.4391553255404387,0.8984111531194786,0.0,0.0,0.0,1.0,0.0,0.0,0.0,0.0,0.0,0.0,0.0,1.0,0.0,0.0,0.0,0.0,0.0,0.0,0.0,0.0,1.0,0.0,0.0,0.0
1.0607212635656638,-0.1135079559186126,0.1989073360818813,0.21517371310997913,1.0,0.5169691484187007,0.8560040301209122,0.0,1.0,0.0,0.0,0.0,0.0,0.0,1.0,0.0,0.0,0.0,0.0,0.0,0.0,0.0,0.0,0.0,0.0,1.0,0.0,0.0,0.0,0.0,0.0
0.5026610558641809,1.838330080691249,0.8931989907504091,0.9091998330833717,2.5,-0.3025085235147262,-0.9531466797932732,1.0,0.0,0.0,0.0,0.0,0.0,0.0,0.0,0.0,1.0,0.0,0.0,0.0,0.0,0.0,0.0,0.0,0.0,1.0,0.0,0.0,0.0,0.0,0.0
-0.5959029095286446,0.11354735825933508,-0.5615283304726464,-0.5960906803505248,1.0,0.22997896501510473,-0.9731955998927354,0.0,0.0,1.0,0.0,0.0,0.0,0.0,0.0,0.0,0.0,0.0,0.0,0.0,0.0,0.0,1.0,0.0,0.0,1.0,0.0,0.0,1.0,0.0,0.0
1.3755076126247183,2.749504653916693,-0.10634601320400151,0.0,-0.5,-0.9739924472518056,-0.22658047730649447,0.0,0.0,1.0,0.0,0.0,0.0,0.0,0.0,1.0,0.0,0.0,0.0,0.0,0.0,0.0,0.0,0.0,1.0,0.0,0.0,0.0,0.0,0.0,1.0
-0.4324550215621706,0.0692295520604132,0.7246877465245951,0.7241206922908483,0.0,0.7844156649195755,-0.6202354912682604,1.0,0.0,0.0,0.0,0.0,0.0,0.0,0.0,0.0,0.0,0.0,0.0,0.0,0.0,1.0,0.0,0.0,0.0,1.0,0.0,0.0,0.0,0.0,0.0
-0.5707481271398976,-0.4172517018819122,0.09008411306841797,0.06693191536831146,0.0,-0.9691234128105212,0.24657617634817866,0.0,1.0,0.0,0.0,0.0,0.0,1.0,0.0,0.0,0.0,0.0,0.0,0.0,0.0,0.0,0.0,0.0,0.0,1.0,0.0,0.0,0.0,0.0,0.0
0.17007424589335163,0.6569823159686459,-0.5290164847304525,-0.5633353578171931,0.0,-0.7446514128549474,0.6674535739159172,0.0,1.0,0.0,0.0,0.0,0.0,0.0,0.0,0.0,0.0,0.0,0.0,1.0,0.0,0.0,0.0,0.0,0.0,0.0,0.0,1.0,0.0,0.0,1.0
0.2910032548934226,-0.4606257612658278,-0.6051148284934731,-0.6309283291397596,1.0,0.6697788676917006,0.7425606159726109,0.0,1.0,0.0,0.0,0.0,0.0,0.0,0.0,0.0,0.0,0.0,0.0,0.0,0.0,0.0,0.0,0.0,1.0,0.0,0.0,0.0,0.0,1.0,0.0
0.6077149180245446,-0.5832486449261923,0.49790176393884844,0.4917264715725283,1.0,-0.0548775675909755,-0.9984930909001313,0.0,1.0,0.0,0.0,0.0,1.0,0.0,0.0,0.0,0.0,0.0,0.0,0.0,0.0,0.0,0.0,0.0,0.0,1.0,0.0,0.0,0.0,0.0,0.0
-0.2516099045554955,-0.23030590243250787,-1.0028096746896986,-1.046401996388982,1.0,0.3662982323790789,0.9304975040030803,0.0,0.0,0.0,0.0,1.0,0.0,0.0,0.0,0.0,0.0,0.0,0.0,0.0,0.0,0.0,0.0,0.0,0.0,0.0,0.0,1.0,0.0,0.0,0.0
1.0484177720854329,1.3152899811112162,0.8249980472943326,0.8558195647772864,2.5,0.6632733829897566,-0.7483771906046601,1.0,0.0,0.0,0.0,0.0,0.0,0.0,0.0,0.0,1.0,0.0,0.0,0.0,0.0,0.0,0.0,0.0,0.0,1.0,0.0,0.0,0.0,1.0,0.0
-0.7333144639857168,-0.08189591616913364,0.25073705537244956,0.24060784094993748,1.0,-0.711566335420599,-0.702618922529204,0.0,0.0,1.0,0.0,0.0,0.0,0.0,0.0,0.0,0.0,0.0,0.0,0.0,1.0,0.0,0.0,0.0,0.0,0.0,0.0,1.0,0.0,0.0,0.0
-1.1473420867401625,0.0,0.1975270606723653,0.17891479401909624,1.0,0.9855806795206772,0.16920615874004188,0.0,0.0,0.0,0.0,0.0,0.0,0.0,0.0,0.0,0.0,0.0,0.0,0.0,0.0,0.0,1.0,0.0,0.0,0.0,0.0,1.0,1.0,0.0,0.0
-0.1802778867661049,-0.7280773169324228,0.14412296104412123,0.12060965885381164,0.0,0.595465635692878,-0.8033807793997044,0.0,1.0,0.0,0.0,0.0,0.0,0.0,0.0,0.0,1.0,0.0,0.0,0.0,0.0,0.0,0.0,0.0,0.0,1.0,0.0,0.0,0.0,0.0,1.0
0.6046766759473072,-0.44274367171669543,-0.06689967642981345,-0.08287989026471156,1.0,-0.8314696123025452,-0.5555702330196022,0.0,0.0,0.0,1.0,0.0,0.0,0.0,1.0,0.0,0.0,0.0,0.0,0.0,0.0,0.0,0.0,0.0,0.0,1.0,0.0,0.0,0.0,0.0,0.0
0.5132381745453986,-0.36300844524042014,0.6997615315796243,0.7090320901349794,-0.5,0.7021012711432806,0.7120771061191264,0.0,1.0,0.0,0.0,0.0,0.0,0.0,0.0,0.0,1.0,0.0,0.0,0.0,0.0,0.0,0.0,0.0,0.0,1.0,0.0,0.0,0.0,0.0,0.0
0.2082997861375192,-0.5444880025126435,0.3082108476413649,0.3008300383825615,1.0,-0.9155456327326515,-0.40221411509812616,1.0,0.0,0.0,0.0,0.0,0.0,0.0,0.0,0.0,0.0,0.0,0.0,0.0,1.0,0.0,0.0,0.0,0.0,0.0,0.0,1.0,0.0,0.0,0.0
-0.35083447428740316,0.2221560840646617,0.556668150837215,0.5443795783289334,0.0,-0.914430644563782,-0.40474262968294594,0.0,0.0,0.0,0.0,1.0,0.0,0.0,0.0,0.0,0.0,0.0,0.0,0.0,0.0,0.0,0.0,0.0,0.0,1.0,0.0,0.0,0.0,0.0,0.0
0.9123229285257118,1.67384746466769,-0.7944944469795626,-0.8016790821238076,0.0,-0.49305637036189753,0.8699973653095459,0.0,0.0,1.0,0.0,0.0,0.0,0.0,0.0,0.0,0.0,0.0,1.0,0.0,0.0,0.0,0.0,0.0,1.0,0.0,0.0,0.0,0.0,1.0,0.0
0.034130420203738174,1.1110964867210875,-0.9275609109184233,-0.9681990770006238,1.0,0.5764917390994349,-0.8171029768334644,0.0,1.0,0.0,0.0,0.0,0.0,0.0,0.0,0.0,0.0,0.0,1.0,0.0,0.0,0.0,0.0,0.0,0.0,0.0,1.0,0.0,0.0,0.0,1.0
0.2626710005906803,1.4564533682443763,-0.9708938907356475,-1.0234137755797668,1.0,0.48111627856925143,0.8766567894539313,0.0,0.0,0.0,0.0,0.0,0.0,0.0,0.0,0.0,0.0,0.0,1.0,0.0,0.0,0.0,0.0,0.0,0.0,0.0,0.0,0.0,0.0,0.0,1.0
-0.7840446752854635,0.2257326884090801,-0.7302472942879467,-0.7584790755132479,-0.5,-0.8660981166764032,0.4998740364227645,0.0,1.0,0.0,0.0,0.0,0.0,0.0,1.0,0.0,0.0,0.0,0.0,0.0,0.0,0.0,0.0,0.0,0.0,0.0,1.0,0.0,1.0,0.0,0.0
-1.1149201380368992,0.0,0.3237737622379389,0.3110268264769437,-0.5,-0.7286200612928964,0.6849181018790027,0.0,1.0,0.0,0.0,0.0,0.0,0.0,0.0,0.0,0.0,0.0,0.0,1.0,0.0,0.0,0.0,0.0,0.0,0.0,0.0,1.0,0.0,0.0,1.0
0.6156752399454879,3.3382895264755783,-0.02699645731495057,-0.03439143602011254,0.0,-0.7421220877154131,-0.6702647289876714,0.0,0.0,1.0,0.0,0.0,1.0,0.0,0.0,0.0,0.0,0.0,0.0,0.0,0.0,0.0,0.0,0.0,1.0,0.0,0.0,0.0,0.0,0.0,0.0
1.9055026769172714,0.37738537891624957,0.4966268352845858,0.6099067497944529,0.0,0.9901665973639416,0.13989320735730446,0.0,0.0,1.0,0.0,0.0,0.0,1.0,0.0,0.0,0.0,0.0,0.0,0.0,0.0,0.0,0.0,0.0,0.0,1.0,0.0,0.0,0.0,0.0,1.0
0.2998738297749198,-0.08309430408162212,0.0,0.0,1.0,-0.8965186490591316,-0.44300599531969054,0.0,0.0,1.0,0.0,0.0,0.0,0.0,0.0,0.0,0.0,0.0,0.0,0.0,0.0,1.0,0.0,0.0,0.0,0.0,0.0,1.0,1.0,0.0,0.0
0.6200855386035541,0.9821780122447306,-0.284637990556142,-0.3102831385284067,2.5,0.35884314628303615,0.9333978767737215,0.0,1.0,0.0,0.0,0.0,0.0,0.0,0.0,0.0,0.0,0.0,0.0,0.0,1.0,0.0,0.0,0.0,0.0,0.0,0.0,1.0,0.0,1.0,0.0
0.6036711925783259,-0.35285816572611217,0.7728963250808488,0.781731718704165,0.0,0.9653398948331602,0.2609959529255255,0.0,0.0,0.0,0.0,1.0,0.0,0.0,0.0,0.0,0.0,0.0,0.0,0.0,0.0,0.0,0.0,0.0,0.0,0.0,0.0,1.0,0.0,0.0,0.0
0.02845240587567845,-0.5959178277834838,0.86863993261874,0.8512417522940706,1.0,0.3872474109400846,0.9219758362995211,0.0,1.0,0.0,0.0,0.0,0.0,0.0,1.0,0.0,0.0,0.0,0.0,0.0,0.0,0.0,0.0,0.0,1.0,0.0,0.0,0.0,0.0,0.0,1.0
-0.9797956379733606,0.0,0.840281251160173,0.8329966079566347,0.0,-0.8560416229147718,0.5169068966820269,0.0,1.0,0.0,0.0,0.0,0.0,1.0,0.0,0.0,0.0,0.0,0.0,0.0,0.0,0.0,0.0,0.0,0.0,1.0,0.0,0.0,0.0,0.0,1.0
0.519309659687286,-0.5311725072892903,0.630564454201889,0.6276891549639104,1.0,-0.4960902240282192,0.8682709770708862,0.0,0.0,0.0,0.0,0.0,0.0,0.0,1.0,0.0,0.0,0.0,0.0,0.0,0.0,0.0,0.0,0.0,0.0,1.0,0.0,0.0,1.0,0.0,0.0
1.131176944348999,-0.01629301954499834,0.3668185192808058,0.38922974586530157,-0.5,-0.8218955677251076,-0.5696381972391098,1.0,0.0,0.0,0.0,0.0,0.0,0.0,1.0,0.0,0.0,0.0,0.0,0.0,0.0,0.0,0.0,0.0,0.0,0.0,1.0,0.0,0.0,0.0,0.0
0.37678704397643614,1.6669894270929018,0.8239554191322905,0.8178419002053408,0.0,0.9849211945404303,0.17300358535317079,0.0,0.0,0.0,0.0,1.0,0.0,0.0,0.0,0.0,0.0,0.0,0.0,0.0,0.0,0.0,0.0,0.0,0.0,1.0,0.0,0.0,0.0,0.0,1.0
-0.16943814961800466,-0.05786203667461251,0.4194295771174194,0.4200514797324377,1.0,-0.3960129904322583,0.9182449081856648,0.0,0.0,0.0,0.0,0.0,0.0,0.0,0.0,0.0,1.0,0.0,0.0,0.0,0.0,0.0,0.0,0.0,0.0,0.0,0.0,1.0,0.0,1.0,0.0
0.3029314387128298,-0.5126591737213043,0.9055887359065022,0.9119597416923858,-0.5,0.43234806296573264,-0.9017067996027195,0.0,0.0,1.0,0.0,0.0,0.0,0.0,0.0,0.0,0.0,0.0,0.0,0.0,1.0,0.0,0.0,0.0,0.0,0.0,1.0,0.0,0.0,0.0,1.0
-0.04929311237911138,1.796902946047388,-0.97847798222123,-1.0208852365547416,1.0,0.7512641335035111,0.6600016679609367,0.0,0.0,1.0,0.0,0.0,0.0,0.0,0.0,0.0,0.0,0.0,1.0,0.0,0.0,0.0,0.0,0.0,0.0,0.0,0.0,1.0,0.0,0.0,1.0
0.9888665431911859,-0.32976038352906895,0.8401046980190028,0.8628598106901013,1.0,0.016652580199915678,-0.9998613361725142,0.0,1.0,0.0,0.0,0.0,0.0,0.0,0.0,0.0,0.0,0.0,0.0,1.0,0.0,0.0,0.0,0.0,0.0,0.0,0.0,1.0,0.0,0.0,0.0
0.16021626258031654,0.22443899814542698,0.09815293810758828,0.09742312125832009,0.0,0.328317175213561,0.9445675372676048,1.0,0.0,0.0,0.0,0.0,1.0,0.0,0.0,0.0,0.0,0.0,0.0,0.0,0.0,0.0,0.0,0.0,0.0,1.0,0.0,0.0,0.0,0.0,0.0
0.543120018032241,1.7258777586756957,-0.8020458458160116,-0.8330296607543475,0.0,0.6872460084550706,-0.7264247544395587,1.0,0.0,0.0,0.0,0.0,0.0,0.0,0.0,0.0,0.0,0.0,0.0,0.0,0.0,0.0,1.0,0.0,0.0,1.0,0.0,0.0,0.0,0.0,0.0
0.8585924339741269,2.2882236638376297,-0.5929588492175057,-0.6107495961361279,1.0,0.5967501900350032,0.8024270750000823,0.0,1.0,0.0,0.0,0.0,0.0,0.0,0.0,0.0,0.0,0.0,0.0,0.0,0.0,1.0,0.0,0.0,0.0,0.0,1.0,0.0,1.0,0.0,0.0
0.5469905144070533,-0.3146395537157298,0.6992119162123177,0.6946045439333656,1.0,-0.10134569197060493,0.994851270652553,0.0,0.0,1.0,0.0,0.0,0.0,0.0,0.0,0.0,0.0,0.0,0.0,0.0,0.0,1.0,0.0,0.0,0.0,0.0,0.0,1.0,0.0,0.0,0.0
0.056916548191803334,-0.657264845489251,-0.0024705861654741573,-0.025401075042245615,0.0,0.07287555851692795,-0.9973410414551513,1.0,0.0,0.0,0.0,0.0,0.0,0.0,0.0,0.0,0.0,0.0,0.0,0.0,0.0,1.0,0.0,0.0,0.0,0.0,0.0,1.0,0.0,0.0,1.0
-0.9344710260025477,0.7973062300664483,0.9641527432155287,0.9707771952222183,0.0,-0.9240186190567043,0.38234747499694705,0.0,1.0,0.0,0.0,0.0,0.0,0.0,0.0,0.0,0.0,0.0,0.0,0.0,0.0,0.0,1.0,0.0,0.0,1.0,0.0,0.0,0.0,0.0,1.0
0.3355862651221219,0.18583304181379323,-0.7904201098029451,-0.8226676086714014,1.0,0.34270341658470904,0.9394436482627191,0.0,1.0,0.0,0.0,0.0,0.0,0.0,0.0,0.0,0.0,1.0,0.0,0.0,0.0,0.0,0.0,0.0,0.0,1.0,0.0,0.0,0.0,0.0,0.0
0.7069558401228175,-0.0070125136867590174,-0.19229403568513687,-0.20261364997913528,0.0,-0.48073371909786655,-0.8768666325743805,0.0,0.0,1.0,0.0,0.0,0.0,1.0,0.0,0.0,0.0,0.0,0.0,0.0,0.0,0.0,0.0,0.0,0.0,0.0,1.0,0.0,0.0,0.0,1.0
-0.9796249296450488,0.0,-0.3557884071544241,-0.38458582778666073,-0.5,-0.5533915492433434,0.8329212407100999,0.0,1.0,0.0,0.0,0.0,0.0,0.0,0.0,0.0,0.0,0.0,1.0,0.0,0.0,0.0,0.0,0.0,0.0,0.0,0.0,1.0,0.0,0.0,1.0
0.3202120892807305,-0.6658744535915615,0.017844249277580437,0.0047430764717791155,0.0,0.9942448326331054,0.10713175431387392,0.0,0.0,0.0,0.0,0.0,0.0,0.0,0.0,0.0,0.0,0.0,0.0,0.0,1.0,0.0,0.0,0.0,0.0,0.0,0.0,1.0,0.0,1.0,0.0
0.01953072952913044,2.2377643943564065,0.2557025185908658,0.25077157624660695,1.0,0.9807142787259215,0.19544693270321595,1.0,0.0,0.0,0.0,0.0,0.0,0.0,0.0,0.0,0.0,0.0,0.0,0.0,1.0,0.0,0.0,0.0,0.0,1.0,0.0,0.0,0.0,0.0,1.0
-1.2409834276943639,0.0,0.31286774439035303,0.30109446076426344,1.0,-0.938342268664581,-0.345707660946944,1.0,0.0,0.0,0.0,0.0,0.0,0.0,0.0,0.0,0.0,1.0,0.0,0.0,0.0,0.0,0.0,0.0,1.0,0.0,0.0,0.0,0.0,0.0,1.0
0.25650977862884516,-0.4186107957791448,-1.0261144740877488,-1.0568466804662098,2.5,0.5982080565994642,0.8013408270015276,0.0,0.0,1.0,0.0,1.0,0.0,0.0,0.0,0.0,0.0,0.0,0.0,0.0,0.0,0.0,0.0,0.0,0.0,0.0,1.0,0.0,0.0,0.0,0.0
1.0567223091397613,-0.5606487510519459,-0.8483538986841874,-0.8537868177179523,1.0,0.2198462043528376,-0.9755345439458566,0.0,0.0,0.0,0.0,0.0,0.0,0.0,0.0,1.0,0.0,0.0,0.0,0.0,0.0,0.0,0.0,0.0,0.0,0.0,0.0,1.0,1.0,0.0,0.0
0.03310820791667195,-0.1839558033283794,-0.957641977248479,0.0,2.5,-0.8266715970426887,0.562684699136995,1.0,0.0,0.0,0.0,0.0,0.0,0.0,0.0,0.0,0.0,0.0,0.0,0.0,0.0,0.0,1.0,0.0,0.0,1.0,0.0,0.0,0.0,0.0,0.0
-1.1772785066986649,0.0,0.7244366737154293,0.7071646070642094,-0.5,0.7497743287627016,0.6616936269365455,0.0,0.0,1.0,0.0,0.0,0.0,0.0,0.0,0.0,0.0,0.0,1.0,0.0,0.0,0.0,0.0,0.0,0.0,0.0,0.0,1.0,0.0,1.0,0.0
0.2747549169509317,0.3778066329834767,-0.39346818337891826,-0.42183633080892585,1.0,-0.9767347009869178,0.2144512156365549,0.0,0.0,1.0,0.0,0.0,0.0,0.0,0.0,0.0,0.0,1.0,0.0,0.0,0.0,0.0,0.0,0.0,1.0,0.0,0.0,0.0,0.0,0.0,0.0
0.8355258445103869,-0.07298029946132387,-0.2844344060484258,-0.29160830782070507,-0.5,0.29848558716056595,-0.9544141418993184,0.0,1.0,0.0,0.0,0.0,0.0,0.0,1.0,0.0,0.0,0.0,0.0,0.0,0.0,0.0,0.0,0.0,0.0,0.0,0.0,1.0,1.0,0.0,0.0
-0.5652049060744364,3.299198561060816,-0.11550816315182298,-0.13037676057792816,1.0,0.1057578855187432,-0.9943919094856939,0.0,0.0,0.0,0.0,0.0,0.0,0.0,0.0,1.0,0.0,0.0,0.0,0.0,0.0,0.0,0.0,0.0,0.0,0.0,1.0,0.0,0.0,0.0,1.0
-0.15884869738073581,0.8430820145309426,0.6934229596360354,0.6798629961534809,0.0,0.9167698534113102,-0.3994158683330005,0.0,0.0,0.0,0.0,0.0,0.0,0.0,0.0,0.0,0.0,0.0,0.0,0.0,0.0,0.0,1.0,0.0,0.0,0.0,0.0,1.0,0.0,1.0,0.0
-0.24871982532785233,-0.27786212557283907,-1.0000167385700078,-1.0439395629593822,0.0,0.1782297837771662,-0.9839888943350654,0.0,0.0,1.0,0.0,0.0,0.0,0.0,0.0,0.0,0.0,0.0,0.0,1.0,0.0,0.0,0.0,0.0,0.0,0.0,1.0,0.0,0.0,0.0,0.0
0.07663997360692837,0.023935928518430964,-0.7882156264035983,-0.8184699033618827,1.0,0.14039723783845773,-0.9900952558250805,0.0,0.0,0.0,0.0,0.0,0.0,0.0,0.0,0.0,0.0,0.0,0.0,0.0,1.0,0.0,0.0,0.0,0.0,0.0,0.0,1.0,0.0,0.0,1.0
-0.26996439258187793,0.20192375091328504,0.36058778026762217,0.3463437408330132,1.0,-0.6728511350213242,0.7397779059288779,0.0,0.0,0.0,0.0,0.0,0.0,0.0,0.0,0.0,1.0,0.0,0.0,0.0,0.0,0.0,0.0,0.0,0.0,1.0,0.0,0.0,0.0,0.0,1.0
1.0066084470356533,0.2703425457958674,0.9257774314944928,0.9494085615009277,-0.5,-0.682689467236012,0.7307086227252352,0.0,0.0,1.0,0.0,0.0,0.0,0.0,0.0,0.0,0.0,0.0,1.0,0.0,0.0,0.0,0.0,0.0,0.0,1.0,0.0,0.0,0.0,1.0,0.0
0.986905014400332,-0.026573255576014383,0.2746590166660443,0.2921040997863963,1.0,-0.9985601716053734,-0.05364311403570158,0.0,0.0,0.0,0.0,0.0,0.0,0.0,1.0,0.0,0.0,0.0,0.0,0.0,0.0,0.0,0.0,0.0,0.0,1.0,0.0,0.0,0.0,0.0,0.0
-0.42685552689204914,-0.5165262378936368,-0.499252708316468,-0.5340340526448436,0.0,-0.8247846741821522,-0.5654469393623429,0.0,0.0,1.0,0.0,0.0,0.0,0.0,0.0,0.0,0.0,0.0,0.0,1.0,0.0,0.0,0.0,0.0,0.0,0.0,1.0,0.0,1.0,0.0,0.0
1.0059906444460136,-0.28640551989831,0.025405662216142468,0.04407590574994744,0.0,-0.9972609531945186,-0.07396344525209905,0.0,0.0,1.0,0.0,0.0,0.0,0.0,0.0,0.0,1.0,0.0,0.0,0.0,0.0,0.0,0.0,0.0,1.0,0.0,0.0,0.0,0.0,1.0,0.0
-1.01500402803379,0.0,0.9482608731581377,0.9439879026760373,1.0,-0.9989473481297987,0.04587151255891506,0.0,0.0,1.0,0.0,0.0,0.0,0.0,0.0,0.0,1.0,0.0,0.0,0.0,0.0,0.0,0.0,0.0,1.0,0.0,0.0,0.0,0.0,0.0,0.0
-0.5588487942748783,2.0676306599214564,0.04205766941430264,0.028954250796365818,0.0,-0.7220621638142806,-0.6918281806834982,0.0,0.0,0.0,0.0,0.0,0.0,0.0,0.0,0.0,0.0,0.0,0.0,1.0,0.0,0.0,0.0,0.0,0.0,1.0,0.0,0.0,0.0,1.0,0.0
0.44994058202941684,0.4133647487931198,-0.27136729408601457,-0.2934427380937624,2.5,0.29661102520160093,0.9549983768200108,0.0,1.0,0.0,0.0,0.0,0.0,0.0,0.0,0.0,0.0,0.0,0.0,0.0,0.0,0.0,1.0,0.0,0.0,1.0,0.0,0.0,0.0,0.0,1.0
0.05336830710863348,-0.2782480197740229,-0.25125635988707096,-0.2744539058077896,-0.5,0.39628008029044187,0.9181296738288122,0.0,0.0,0.0,0.0,1.0,0.0,0.0,0.0,0.0,0.0,0.0,0.0,0.0,0.0,0.0,0.0,0.0,1.0,0.0,0.0,0.0,0.0,0.0,1.0
0.0948896767073738,1.08983785564892,0.9321465217761519,0.9170829253378617,1.0,0.9908560881304093,0.13492298771855984,0.0,0.0,0.0,0.0,0.0,0.0,0.0,0.0,0.0,0.0,0.0,0.0,0.0,0.0,1.0,0.0,0.0,0.0,0.0,0.0,1.0,0.0,0.0,0.0
0.2669855345068221,0.3367956880711191,0.42903077526424016,0.43395018117064754,1.0,0.2767556477492727,-0.9609403266794877,0.0,1.0,0.0,0.0,0.0,0.0,0.0,1.0,0.0,0.0,0.0,0.0,0.0,0.0,0.0,0.0,0.0,0.0,1.0,0.0,0.0,0.0,0.0,1.0
-0.34604807484255123,0.2643525468289014,0.3646629892802305,0.369365014439941,0.0,-0.14442816096524844,0.989515288573247,0.0,0.0,0.0,0.0,0.0,0.0,0.0,0.0,0.0,1.0,0.0,0.0,0.0,0.0,0.0,0.0,0.0,0.0,0.0,0.0,1.0,0.0,0.0,1.0
0.933173577733529,0.8879502894150283,-0.558197264918051,-0.5651697880902506,0.0,0.8568300255027967,0.5155989792434393,0.0,1.0,0.0,0.0,1.0,0.0,0.0,0.0,0.0,0.0,0.0,0.0,0.0,0.0,0.0,0.0,0.0,0.0,1.0,0.0,0.0,0.0,0.0,1.0
0.5060701613601953,-0.5258739532481279,0.10574498791229833,0.10165387936555154,1.0,-0.35347484377925714,-0.9354440308298673,1.0,0.0,0.0,0.0,0.0,0.0,0.0,1.0,0.0,0.0,0.0,0.0,0.0,0.0,0.0,0.0,0.0,0.0,1.0,0.0,0.0,0.0,0.0,1.0
-0.08104063570286277,2.7810519810202017,-0.3053570799776675,-0.3289249164383958,1.0,0.7875180077068399,-0.6162916416254968,0.0,0.0,0.0,0.0,0.0,0.0,0.0,0.0,0.0,0.0,1.0,0.0,0.0,0.0,0.0,0.0,0.0,0.0,0.0,0.0,1.0,0.0,0.0,1.0
0.6839569260535395,0.2826856363987814,-0.5416768854026043,-0.5665084263976169,0.0,0.7291179550831026,0.6843880533552837,0.0,1.0,0.0,0.0,1.0,0.0,0.0,0.0,0.0,0.0,0.0,0.0,0.0,0.0,0.0,0.0,0.0,0.0,1.0,0.0,0.0,0.0,0.0,1.0
0.32801607014311956,-0.40956150265632835,0.787201470497819,0.7991670694976387,0.0,-0.9706990091351536,-0.24029863433659154,0.0,0.0,0.0,0.0,0.0,0.0,0.0,0.0,0.0,0.0,1.0,0.0,0.0,0.0,0.0,0.0,0.0,0.0,0.0,0.0,0.0,0.0,0.0,0.0
-0.17839815961856176,-0.683029190827132,-0.25180333372752217,-0.2785028735276011,-0.5,-0.925457873678479,0.3788505299541079,0.0,0.0,0.0,0.0,0.0,0.0,0.0,0.0,0.0,0.0,0.0,0.0,0.0,0.0,0.0,1.0,0.0,0.0,1.0,0.0,0.0,0.0,1.0,0.0
-0.20809504983245666,0.021702822847610284,-0.4553244552027257,-0.5007333589492515,-0.5,-0.9945825392548869,0.10394985622549636,1.0,0.0,0.0,0.0,0.0,1.0,0.0,0.0,0.0,0.0,0.0,0.0,0.0,0.0,0.0,0.0,0.0,0.0,1.0,0.0,0.0,0.0,0.0,1.0
-0.7565086884304361,-0.22610454053029497,0.8605408518861674,0.8475398389502434,0.0,0.3848994799808356,0.9229584986934583,0.0,1.0,0.0,0.0,0.0,0.0,0.0,0.0,0.0,0.0,0.0,0.0,0.0,1.0,0.0,0.0,0.0,0.0,1.0,0.0,0.0,0.0,0.0,0.0
-0.42800928291780793,0.9260897155804656,-0.6285757758260525,-0.6733846478017824,-0.5,0.6221731001622042,0.7828797055963016,1.0,0.0,0.0,0.0,0.0,0.0,0.0,0.0,0.0,1.0,0.0,0.0,0.0,0.0,0.0,0.0,0.0,1.0,0.0,0.0,0.0,0.0,0.0,0.0
4.382690658362114,1.0432241047450954,0.482944744248552,1.995209410131509,1.0,0.383959608555046,0.9233498898024821,0.0,0.0,1.0,0.0,0.0,0.0,0.0,0.0,0.0,0.0,0.0,0.0,1.0,0.0,0.0,0.0,0.0,0.0,0.0,0.0,1.0,0.0,0.0,1.0
0.05429485255654411,-0.5701479253693396,0.2948567340271206,0.2840392171444862,1.0,-0.9146953521200187,0.40414404957890315,0.0,0.0,0.0,0.0,0.0,0.0,0.0,1.0,0.0,0.0,0.0,0.0,0.0,0.0,0.0,0.0,0.0,0.0,0.0,0.0,1.0,0.0,1.0,0.0
-0.6165570842099688,0.4513133634342569,0.8377572741378698,0.8406152778294229,2.5,0.8247846741821526,-0.5654469393623422,0.0,0.0,1.0,0.0,0.0,1.0,0.0,0.0,0.0,0.0,0.0,0.0,0.0,0.0,0.0,0.0,0.0,0.0,1.0,0.0,0.0,0.0,0.0,0.0
0.022863317481517986,2.149508881861428,0.6584297922005244,0.6681623057631684,1.0,0.13593171685121447,-0.9907182083488126,0.0,1.0,0.0,0.0,0.0,0.0,1.0,0.0,0.0,0.0,0.0,0.0,0.0,0.0,0.0,0.0,0.0,0.0,1.0,0.0,0.0,0.0,0.0,1.0
-0.3818878754537893,-0.45705822214549857,0.40141035650042134,0.40340939608406984,2.5,0.4356238961008954,0.9001287803119487,0.0,0.0,1.0,0.0,1.0,0.0,0.0,0.0,0.0,0.0,0.0,0.0,0.0,0.0,0.0,0.0,0.0,0.0,0.0,0.0,1.0,0.0,0.0,0.0
-0.49324721875888994,1.1599362635375632,-0.39087388260407147,-0.42857910154232615,0.0,-0.8104252467303831,0.5858420601680948,0.0,0.0,1.0,0.0,0.0,0.0,1.0,0.0,0.0,0.0,0.0,0.0,0.0,0.0,0.0,0.0,0.0,1.0,0.0,0.0,0.0,0.0,0.0,1.0
0.37501026133476384,1.687331389373374,-0.023859031513329874,-0.031284473035114384,1.0,-0.3353145495002186,0.9421062322760981,0.0,0.0,0.0,0.0,0.0,0.0,0.0,0.0,0.0,0.0,0.0,0.0,1.0,0.0,0.0,0.0,0.0,0.0,0.0,1.0,0.0,1.0,0.0,0.0
0.11869312152661772,0.8873419954269602,0.8864459194045015,0.8931196469961206,2.5,-0.7855869868104095,-0.6187512312344449,0.0,1.0,0.0,0.0,0.0,0.0,0.0,0.0,0.0,0.0,0.0,0.0,0.0,0.0,0.0,1.0,0.0,0.0,1.0,0.0,0.0,0.0,1.0,0.0
-0.10211052763561666,0.050107919709014966,-0.9816933662126656,-1.0233476699843411,1.0,-0.37177292855421223,0.9283236987140987,0.0,0.0,0.0,0.0,0.0,0.0,0.0,0.0,0.0,0.0,0.0,0.0,0.0,0.0,1.0,0.0,0.0,0.0,0.0,0.0,1.0,0.0,0.0,0.0
0.3692555397322682,0.09556426490620527,0.5819530912160747,0.5829521932597083,-0.5,0.994095857620911,-0.10850541857872985,0.0,0.0,1.0,0.0,0.0,0.0,0.0,0.0,0.0,0.0,0.0,0.0,1.0,0.0,0.0,0.0,0.0,0.0,0.0,1.0,0.0,0.0,0.0,1.0
-0.8303241045747851,-0.526452139915109,-0.5181372533672027,-0.5478831748864843,1.0,-0.23627288165064114,-0.9716867424208803,0.0,0.0,1.0,0.0,0.0,1.0,0.0,0.0,0.0,0.0,0.0,0.0,0.0,0.0,0.0,0.0,0.0,0.0,0.0,0.0,1.0,0.0,0.0,0.0
-0.7861355692245298,0.3895209219615673,-0.6535766523696446,-0.6930014832442973,2.5,0.16483242779564455,-0.9863215858668984,1.0,0.0,0.0,0.0,0.0,0.0,0.0,1.0,0.0,0.0,0.0,0.0,0.0,0.0,0.0,0.0,0.0,1.0,0.0,0.0,0.0,0.0,0.0,1.0
-0.28992406540862875,0.8779574679981057,-0.5578519562087136,-0.5783082751810673,1.0,-0.5454926104230974,-0.8381156316247746,0.0,0.0,1.0,0.0,0.0,0.0,0.0,1.0,0.0,0.0,0.0,0.0,0.0,0.0,0.0,0.0,0.0,0.0,1.0,0.0,0.0,0.0,1.0,0.0
-0.13300028473316508,1.5092250590695615,-0.9075829375436255,-0.9418890500212777,0.0,0.984105334692647,-0.17758572642381223,1.0,0.0,0.0,0.0,0.0,0.0,0.0,1.0,0.0,0.0,0.0,0.0,0.0,0.0,0.0,0.0,0.0,0.0,0.0,1.0,0.0,0.0,1.0,0.0
-0.48654825253976314,-0.24196278742809244,0.7351228362174409,0.7167994975974749,2.5,0.5215681678991599,-0.8532096144760171,1.0,0.0,0.0,0.0,0.0,0.0,0.0,0.0,0.0,0.0,1.0,0.0,0.0,0.0,0.0,0.0,0.0,0.0,0.0,1.0,0.0,1.0,0.0,0.0
-0.47293375267062404,1.049260140697564,0.027821790505422522,0.016014080491825722,-0.5,0.3948106717227217,-0.9187625011360951,0.0,0.0,1.0,0.0,0.0,0.0,0.0,0.0,1.0,0.0,0.0,0.0,0.0,0.0,0.0,0.0,0.0,1.0,0.0,0.0,0.0,0.0,0.0,1.0
0.7521626441371024,-0.06277809681458475,0.4212983117335373,0.4280502567789222,1.0,0.9999995531220477,-0.0009453865373394647,0.0,1.0,0.0,0.0,0.0,0.0,0.0,0.0,1.0,0.0,0.0,0.0,0.0,0.0,0.0,0.0,0.0,0.0,0.0,0.0,1.0,0.0,0.0,0.0
-0.7614488977461572,0.5230052165285217,0.09988630118662152,0.07924408251630957,0.0,0.6459019369839674,0.7634203873360725,1.0,0.0,0.0,0.0,0.0,0.0,0.0,0.0,0.0,0.0,0.0,0.0,0.0,0.0,1.0,0.0,0.0,0.0,0.0,1.0,0.0,0.0,0.0,1.0
0.6960606254252574,1.9921246686458618,0.6169256993233178,0.6177733156500865,1.0,-0.9357008376128679,-0.3527944762756034,0.0,0.0,1.0,0.0,0.0,0.0,0.0,0.0,0.0,0.0,0.0,0.0,0.0,1.0,0.0,0.0,0.0,0.0,1.0,0.0,0.0,0.0,0.0,1.0
-0.05364008835090005,0.3747861890764506,0.6842186486474129,0.6858290261406315,1.0,-0.23683814606561915,0.971549119997646,0.0,1.0,0.0,0.0,0.0,0.0,0.0,1.0,0.0,0.0,0.0,0.0,0.0,0.0,0.0,0.0,0.0,0.0,1.0,0.0,0.0,0.0,0.0,1.0
-0.5811968042495181,2.1309519329912034,-0.5567046353140889,-0.5988505889595392,-0.5,0.9568558548574226,-0.2905630276292408,0.0,0.0,1.0,0.0,0.0,0.0,0.0,0.0,0.0,0.0,0.0,0.0,0.0,0.0,0.0,1.0,0.0,1.0,0.0,0.0,0.0,0.0,0.0,1.0
-0.7686536697662277,-0.20874090035182535,-0.09649505215392437,-0.13971417593177898,-0.5,0.31840786604105054,0.9479538126107118,1.0,0.0,0.0,0.0,0.0,0.0,0.0,0.0,0.0,0.0,0.0,0.0,0.0,0.0,0.0,1.0,0.0,1.0,0.0,0.0,0.0,0.0,0.0,1.0
-0.19135150319785116,-0.3209174911254374,0.2585614546997466,0.0,1.0,-0.9031168245271989,-0.4293949245809838,0.0,0.0,1.0,0.0,0.0,0.0,0.0,0.0,1.0,0.0,0.0,0.0,0.0,0.0,0.0,0.0,0.0,0.0,0.0,1.0,0.0,0.0,0.0,0.0
0.41993324019351136,-0.3538388764662054,0.9552775597608604,0.964794638836211,-0.5,-0.9973198006192983,0.0731656701785959,0.0,1.0,0.0,0.0,0.0,0.0,0.0,0.0,1.0,0.0,0.0,0.0,0.0,0.0,0.0,0.0,0.0,0.0,1.0,0.0,0.0,0.0,1.0,0.0
-0.06959979154808822,0.603111439480966,0.35557168233953684,0.34629416163644416,0.0,-0.18652403600873438,-0.9824503977255098,0.0,0.0,0.0,0.0,0.0,0.0,0.0,0.0,0.0,0.0,1.0,0.0,0.0,0.0,0.0,0.0,0.0,1.0,0.0,0.0,0.0,0.0,0.0,1.0
0.6206953235078336,-0.1750088630903379,0.7914246864965145,0.8013155013489676,1.0,0.20997408105665374,-0.9777069526624088,0.0,0.0,1.0,0.0,0.0,0.0,0.0,0.0,0.0,0.0,0.0,0.0,0.0,0.0,0.0,1.0,0.0,1.0,0.0,0.0,0.0,0.0,0.0,0.0
0.5987867224777477,-0.18409432144892662,0.6869497240559946,0.6916628449369311,0.0,0.7278724981952875,0.6857124954169577,0.0,0.0,1.0,0.0,0.0,0.0,0.0,0.0,0.0,0.0,0.0,0.0,0.0,0.0,1.0,0.0,0.0,0.0,1.0,0.0,0.0,0.0,1.0,0.0
0.5354672144029232,-0.1998989500581837,0.15152807589009906,0.1472667402091416,0.0,0.9750364477323074,-0.2220448729278914,0.0,0.0,0.0,0.0,0.0,1.0,0.0,0.0,0.0,0.0,0.0,0.0,0.0,0.0,0.0,0.0,0.0,0.0,0.0,0.0,1.0,1.0,0.0,0.0
0.5677929140167802,0.15693802982792623,0.7833550053773252,0.814057354867231,2.5,-0.23846283407013721,0.9711516239842459,0.0,1.0,0.0,0.0,0.0,0.0,0.0,0.0,1.0,0.0,0.0,0.0,0.0,0.0,0.0,0.0,0.0,0.0,1.0,0.0,0.0,1.0,0.0,0.0
-0.4255216497106157,3.3836406924240583,-0.26343053630649244,-0.28784028888145197,-0.5,0.519208387544821,0.8546476761233877,0.0,0.0,0.0,0.0,0.0,0.0,0.0,0.0,0.0,0.0,1.0,0.0,0.0,0.0,0.0,0.0,0.0,0.0,1.0,0.0,0.0,0.0,0.0,0.0
0.5171957364116574,0.18113873148182796,-0.25965529202637433,-0.2768502336419638,0.0,-0.4751763585180272,-0.8798905774615087,0.0,1.0,0.0,0.0,0.0,0.0,0.0,0.0,0.0,0.0,1.0,0.0,0.0,0.0,0.0,0.0,0.0,0.0,0.0,0.0,0.0,0.0,0.0,0.0
1.5630584802270793,-0.005475023288067191,0.5548500051282782,0.6202853282762552,1.0,0.29626375839253205,0.9551061644985501,0.0,1.0,0.0,0.0,0.0,0.0,1.0,0.0,0.0,0.0,0.0,0.0,0.0,0.0,0.0,0.0,0.0,0.0,0.0,0.0,1.0,0.0,0.0,1.0
0.6665810136372042,-0.08291664831496673,-0.7559231365878285,-0.7763441126769874,1.0,-0.9021465095341511,-0.4314298034852805,1.0,0.0,0.0,0.0,0.0,0.0,0.0,0.0,0.0,0.0,0.0,0.0,0.0,0.0,1.0,0.0,0.0,1.0,0.0,0.0,0.0,0.0,0.0,0.0
-0.3288058305972004,-0.5794674348356952,-0.4086093607900564,-0.43657787858881075,2.5,0.3002202667864307,0.9538699027701233,1.0,0.0,0.0,0.0,0.0,0.0,0.0,0.0,0.0,0.0,0.0,0.0,1.0,0.0,0.0,0.0,0.0,0.0,0.0,0.0,0.0,1.0,0.0,0.0
-0.4557937121758288,-0.5395465743044393,0.20528211573086413,0.17984027235505323,2.5,0.1362198993410734,-0.9906786255004737,0.0,0.0,0.0,0.0,0.0,0.0,0.0,0.0,0.0,0.0,0.0,0.0,0.0,0.0,1.0,0.0,0.0,0.0,0.0,0.0,1.0,0.0,0.0,0.0
0.02186482684081977,1.0696558351834968,-0.1769600220656999,-0.19132611956023252,1.0,-0.9997776269486797,0.02108783186737387,0.0,0.0,1.0,0.0,0.0,0.0,0.0,0.0,0.0,0.0,0.0,0.0,0.0,0.0,1.0,0.0,0.0,1.0,0.0,0.0,0.0,0.0,0.0,0.0
0.5091927470285803,-0.04494693632114184,0.8787971947125244,0.888574887310618,-0.5,0.9277819952114292,-0.37312272694315957,1.0,0.0,0.0,0.0,0.0,0.0,0.0,0.0,0.0,0.0,0.0,0.0,0.0,1.0,0.0,0.0,0.0,0.0,0.0,0.0,1.0,0.0,0.0,1.0
0.06874188742830507,0.9132461899631239,0.9148551264336442,0.9082908811462713,-0.5,-0.710287762902334,-0.7039114247341052,0.0,1.0,0.0,0.0,0.0,0.0,0.0,0.0,0.0,1.0,0.0,0.0,0.0,0.0,0.0,0.0,0.0,0.0,0.0,1.0,0.0,0.0,0.0,0.0
-0.7748706974436971,1.5750230089394988,-0.009639943054398274,-0.024591281498283313,0.0,-0.005963172935909451,0.9999822201262063,0.0,0.0,0.0,1.0,0.0,0.0,0.0,0.0,0.0,0.0,0.0,1.0,0.0,0.0,0.0,0.0,0.0,0.0,1.0,0.0,0.0,0.0,1.0,0.0
0.49954480462378675,0.32889479568007857,0.06433304695651222,0.0405062035969707,-0.5,-0.14557941625701906,0.9893465689849364,1.0,0.0,0.0,0.0,0.0,0.0,1.0,0.0,0.0,0.0,0.0,0.0,0.0,0.0,0.0,0.0,0.0,0.0,0.0,1.0,0.0,0.0,0.0,1.0
0.6366591589503935,-0.3392968998354623,0.0,0.0,1.0,0.4594248445700856,0.8882166471034827,1.0,0.0,0.0,0.0,0.0,0.0,0.0,0.0,0.0,0.0,0.0,0.0,1.0,0.0,0.0,0.0,0.0,0.0,1.0,0.0,0.0,0.0,0.0,0.0
4.840428171165202,-0.2899175512796152,-0.10152960728842776,1.995209410131509,1.0,0.35082035672112516,-0.9364427784494163,0.0,1.0,0.0,0.0,0.0,0.0,1.0,0.0,0.0,0.0,0.0,0.0,0.0,0.0,0.0,0.0,0.0,0.0,1.0,0.0,0.0,0.0,0.0,0.0
0.6539424865635697,0.30991932874868583,-0.6432726617001226,-0.6460169312956283,-0.5,0.2662571571681813,-0.9639020314620768,0.0,0.0,0.0,0.0,0.0,0.0,0.0,0.0,0.0,0.0,0.0,0.0,1.0,0.0,0.0,0.0,0.0,1.0,0.0,0.0,0.0,0.0,0.0,1.0
0.027305702237323492,-0.18086889781558244,0.48591412827349606,0.47324995765110295,1.0,0.9038337699485206,-0.4278837649416541,0.0,0.0,1.0,0.0,0.0,0.0,1.0,0.0,0.0,0.0,0.0,0.0,0.0,0.0,0.0,0.0,0.0,0.0,0.0,0.0,1.0,0.0,0.0,0.0
0.29608952513259135,0.6018929401267394,0.46729286192290864,0.46437528146523055,-0.5,0.997271700193506,0.07381839874417497,0.0,1.0,0.0,0.0,0.0,1.0,0.0,0.0,0.0,0.0,0.0,0.0,0.0,0.0,0.0,0.0,0.0,0.0,0.0,0.0,1.0,0.0,0.0,1.0
0.3087848507378186,0.1945921265001324,-0.5319851637681966,0.0,0.0,-0.7680972907277969,0.6403331570179841,0.0,1.0,0.0,0.0,0.0,0.0,1.0,0.0,0.0,0.0,0.0,0.0,0.0,0.0,0.0,0.0,0.0,0.0,0.0,0.0,1.0,0.0,0.0,1.0
0.14862482423694776,0.07102018490706348,0.6601926698487435,0.6600478439246894,1.0,-0.110457110815397,0.9938808915912989,0.0,0.0,1.0,0.0,1.0,0.0,0.0,0.0,0.0,0.0,0.0,0.0,0.0,0.0,0.0,0.0,0.0,1.0,0.0,0.0,0.0,0.0,0.0,1.0
-0.33648257196148285,-0.006872242906781124,0.21557641564734284,0.19876299904560044,0.0,-0.9691234128105212,0.24657617634817866,0.0,0.0,1.0,0.0,0.0,0.0,0.0,0.0,0.0,0.0,0.0,0.0,1.0,0.0,0.0,0.0,0.0,0.0,1.0,0.0,0.0,1.0,0.0,0.0
0.3054928573990431,-0.44471982165601354,-0.549584884697208,-0.5770853216656957,0.0,-0.7395821501717681,-0.6730662992211869,0.0,1.0,0.0,0.0,0.0,0.0,0.0,0.0,0.0,0.0,0.0,0.0,0.0,1.0,0.0,0.0,0.0,0.0,1.0,0.0,0.0,1.0,0.0,0.0
-0.026921952685620944,-0.3241833427452815,0.29342109631074864,0.27676760164768205,-0.5,-0.18173497169907618,-0.9833475479511483,1.0,0.0,0.0,0.0,0.0,0.0,0.0,0.0,0.0,0.0,1.0,0.0,0.0,0.0,0.0,0.0,0.0,0.0,1.0,0.0,0.0,1.0,0.0,0.0
0.17909076883201783,0.39127469530795994,-0.5550437204998154,-0.5802583902461194,0.0,0.11161346871172673,0.9937516961505708,0.0,1.0,0.0,0.0,0.0,0.0,1.0,0.0,0.0,0.0,0.0,0.0,0.0,0.0,0.0,0.0,0.0,0.0,0.0,0.0,1.0,0.0,0.0,0.0
-0.2507507132146185,-0.09474864671648374,-0.49091975622987294,-0.49615554646603616,1.0,-0.8223096029459539,0.5690403473417924,1.0,0.0,0.0,0.0,0.0,1.0,0.0,0.0,0.0,0.0,0.0,0.0,0.0,0.0,0.0,0.0,0.0,0.0,1.0,0.0,0.0,0.0,0.0,0.0
0.22755603709490077,0.8068125693738727,0.6907968580533114,0.699661621983416,2.5,0.30382521519787853,0.9527277883057483,1.0,0.0,0.0,0.0,1.0,0.0,0.0,0.0,0.0,0.0,0.0,0.0,0.0,0.0,0.0,0.0,0.0,0.0,0.0,0.0,1.0,0.0,0.0,0.0
-0.06016934695892501,-0.5031503474076512,0.8560213783017014,0.8540842928973669,0.0,-0.3188214585974171,0.9478147907359409,1.0,0.0,0.0,0.0,0.0,0.0,1.0,0.0,0.0,0.0,0.0,0.0,0.0,0.0,0.0,0.0,0.0,0.0,0.0,0.0,1.0,0.0,1.0,0.0
-0.7152496519770387,-0.12628041987018954,-0.5078519518183315,-0.541801460107339,0.0,0.20029425294741773,0.979735786952909,0.0,0.0,1.0,0.0,0.0,0.0,0.0,0.0,0.0,0.0,0.0,0.0,0.0,0.0,0.0,1.0,0.0,0.0,1.0,0.0,0.0,1.0,0.0,0.0
0.33307608974397207,-0.42718634909171943,0.8531003593334732,0.8612236972033204,1.0,0.26190845563272036,-0.9650927213838488,1.0,0.0,0.0,0.0,0.0,0.0,0.0,1.0,0.0,0.0,0.0,0.0,0.0,0.0,0.0,0.0,0.0,0.0,0.0,0.0,1.0,0.0,1.0,0.0
0.7455489812700488,-0.12510250613282667,-0.5445211488778603,-0.5616992443304122,2.5,-0.47677525854615904,0.879025228783704,0.0,1.0,0.0,0.0,0.0,0.0,0.0,0.0,1.0,0.0,0.0,0.0,0.0,0.0,0.0,0.0,0.0,0.0,0.0,1.0,0.0,0.0,0.0,0.0
0.2390714097523675,-0.060355077635996464,-0.7909549129410809,-0.8221883431045667,0.0,0.5783916613810521,-0.8157592083727074,0.0,0.0,0.0,0.0,0.0,1.0,0.0,0.0,0.0,0.0,0.0,0.0,0.0,0.0,0.0,0.0,0.0,0.0,1.0,0.0,0.0,1.0,0.0,0.0
-0.18002636298702443,2.08041145404068,-0.9106795204754439,-0.9635386325231267,0.0,0.24601232150437452,-0.969266701000312,1.0,0.0,0.0,0.0,0.0,0.0,1.0,0.0,0.0,0.0,0.0,0.0,0.0,0.0,0.0,0.0,0.0,0.0,0.0,0.0,1.0,0.0,0.0,1.0
-0.5070560977390274,0.09458440427747121,-0.24756388127208867,-0.27323095229241806,1.0,-0.6741412655743836,-0.7386024330109997,0.0,1.0,0.0,0.0,0.0,0.0,0.0,0.0,0.0,0.0,0.0,1.0,0.0,0.0,0.0,0.0,0.0,0.0,0.0,0.0,1.0,0.0,0.0,1.0
0.533511042806764,-0.6227805079841663,0.8520811036671985,0.0,-0.5,0.2107561232073495,0.9775386726521915,0.0,1.0,0.0,0.0,0.0,0.0,0.0,1.0,0.0,0.0,0.0,0.0,0.0,0.0,0.0,0.0,0.0,1.0,0.0,0.0,0.0,0.0,0.0,0.0
0.6029794723790964,1.1210352869958995,-0.5377096728593894,-0.5505439251023603,1.0,-0.648396761354916,-0.7613025941532422,0.0,1.0,0.0,0.0,1.0,0.0,0.0,0.0,0.0,0.0,0.0,0.0,0.0,0.0,0.0,0.0,0.0,0.0,0.0,0.0,1.0,0.0,0.0,1.0
-0.07769833193415505,0.21601267446624106,-0.28767492478128026,-0.3107954568929543,-0.5,0.28826590392641854,-0.957550400048731,0.0,0.0,1.0,0.0,0.0,0.0,0.0,0.0,1.0,0.0,0.0,0.0,0.0,0.0,0.0,0.0,0.0,0.0,0.0,0.0,1.0,0.0,0.0,0.0
0.037337087769924865,-0.43914012557513316,0.4599321504698693,0.0,0.0,0.8033807793997045,-0.5954656356928779,1.0,0.0,0.0,0.0,0.0,0.0,1.0,0.0,0.0,0.0,0.0,0.0,0.0,0.0,0.0,0.0,0.0,0.0,1.0,0.0,0.0,0.0,0.0,1.0
-0.7139857893129159,-0.3866768037829496,-0.4162156612132931,-0.4401475807417874,0.0,0.9373580138094578,-0.3483675558188339,0.0,0.0,0.0,0.0,0.0,0.0,1.0,0.0,0.0,0.0,0.0,0.0,0.0,0.0,0.0,0.0,0.0,1.0,0.0,0.0,0.0,0.0,0.0,1.0
0.37642799986693715,-0.2151692223594637,0.35897579001164087,0.3521114540338875,1.0,-0.31847680234565207,-0.9479306548306624,1.0,0.0,0.0,0.0,0.0,0.0,0.0,0.0,0.0,0.0,0.0,0.0,0.0,0.0,0.0,1.0,0.0,1.0,0.0,0.0,0.0,0.0,1.0,0.0
-0.2090558530420764,0.07981283065930878,-0.15260240986509482,-0.18410408325999741,0.0,-0.9974615384944574,-0.07120729754926922,0.0,0.0,1.0,0.0,0.0,0.0,0.0,0.0,0.0,0.0,0.0,1.0,0.0,0.0,0.0,0.0,0.0,0.0,1.0,0.0,0.0,0.0,0.0,1.0
-1.3409659421856315,0.0,-0.6304036659021073,-0.6812677400562723,0.0,0.9051364486185123,-0.4251211702353427,0.0,1.0,0.0,0.0,0.0,0.0,0.0,0.0,0.0,0.0,1.0,0.0,0.0,0.0,0.0,0.0,0.0,0.0,0.0,0.0,1.0,0.0,0.0,1.0
0.034243981646378145,0.8552606339272222,0.4597355132524096,0.46264000958531143,-0.5,0.9996515902613206,-0.02639503907958425,0.0,0.0,0.0,0.0,0.0,0.0,0.0,0.0,0.0,1.0,0.0,0.0,0.0,0.0,0.0,0.0,0.0,0.0,0.0,0.0,0.0,0.0,1.0,0.0
-0.12491797810051583,-0.045492398599505185,-0.9739145595846699,-1.01027528848895,1.0,0.8560416229147715,-0.5169068966820274,0.0,0.0,0.0,0.0,0.0,0.0,0.0,0.0,0.0,1.0,0.0,0.0,0.0,0.0,0.0,0.0,0.0,0.0,0.0,0.0,1.0,1.0,0.0,0.0
-0.7091988465094994,-0.30746467196792326,-0.4359643156377994,-0.46635844932799525,-0.5,0.8238789688354068,-0.5667657758816307,0.0,0.0,0.0,0.0,0.0,0.0,0.0,0.0,0.0,0.0,1.0,0.0,0.0,0.0,0.0,0.0,0.0,0.0,0.0,0.0,1.0,0.0,0.0,0.0
0.6774913682094836,-0.019566782162582258,-0.30650003236451095,-0.31684411887438696,0.0,0.7632324697825288,-0.646123979642964,0.0,0.0,0.0,0.0,0.0,0.0,0.0,0.0,0.0,0.0,0.0,0.0,1.0,0.0,0.0,0.0,0.0,0.0,0.0,1.0,0.0,0.0,0.0,1.0
-0.3459435798418742,1.480067595434637,-0.099596506188335,-0.11242909141990684,-0.5,-0.9900748254024129,-0.14054123987065734,0.0,0.0,0.0,0.0,0.0,0.0,0.0,0.0,0.0,0.0,0.0,0.0,1.0,0.0,0.0,0.0,0.0,1.0,0.0,0.0,0.0,0.0,0.0,0.0
-0.5394481365930309,-0.42182524436813484,0.34985316838322333,0.33537021199238143,1.0,-0.033591267642999724,0.9994356541259354,0.0,0.0,1.0,0.0,0.0,0.0,1.0,0.0,0.0,0.0,0.0,0.0,0.0,0.0,0.0,0.0,0.0,0.0,0.0,0.0,1.0,0.0,0.0,0.0
0.7783851433290402,-0.6431334116588083,-0.09719011234442136,-0.08696191078223578,0.0,-0.9793259134991003,-0.20228879145704728,0.0,1.0,0.0,0.0,0.0,0.0,0.0,0.0,0.0,0.0,1.0,0.0,0.0,0.0,0.0,0.0,0.0,1.0,0.0,0.0,0.0,0.0,0.0,1.0
0.24832396844853827,-0.5954692914030703,0.17639024605279213,0.16643736288253455,0.0,-0.5917787187213107,-0.8061004578019814,0.0,1.0,0.0,0.0,0.0,0.0,0.0,0.0,0.0,1.0,0.0,0.0,0.0,0.0,0.0,0.0,0.0,0.0,0.0,1.0,0.0,0.0,1.0,0.0
-0.6893758886616413,-0.4681582856023502,0.17934053331633365,0.13771448167015793,0.0,-0.8158433234012739,0.5782730078964127,0.0,1.0,0.0,0.0,0.0,0.0,0.0,0.0,0.0,0.0,0.0,0.0,0.0,0.0,1.0,0.0,0.0,0.0,0.0,0.0,1.0,0.0,0.0,0.0
-0.05439174963693506,0.03613700674702515,-0.2718457988967147,-0.28498122187929936,1.0,0.8851230417928434,0.46535706816098144,0.0,0.0,1.0,0.0,0.0,0.0,0.0,0.0,0.0,0.0,0.0,1.0,0.0,0.0,0.0,0.0,0.0,0.0,0.0,0.0,1.0,0.0,1.0,0.0
-0.5726427999295253,1.118640803780476,0.8651050203778489,0.8614881195850221,0.0,0.6981550060455751,-0.7159466373505101,0.0,0.0,0.0,0.0,0.0,0.0,0.0,0.0,0.0,0.0,1.0,0.0,0.0,0.0,0.0,0.0,0.0,0.0,0.0,0.0,1.0,0.0,1.0,0.0
-0.8457711404119351,1.3568920078614735,0.9094770863456384,0.8988047282027131,1.0,0.8112339419626817,0.5847217213407487,1.0,0.0,0.0,0.0,0.0,1.0,0.0,0.0,0.0,0.0,0.0,0.0,0.0,0.0,0.0,0.0,0.0,0.0,0.0,1.0,0.0,1.0,0.0,0.0
-0.8838933592313892,-0.3396215888361979,0.15109783170024998,0.1282283287265997,1.0,-0.02763086275063308,0.9996181948242318,0.0,1.0,0.0,0.0,0.0,0.0,0.0,0.0,0.0,0.0,0.0,1.0,0.0,0.0,0.0,0.0,0.0,1.0,0.0,0.0,0.0,0.0,0.0,0.0
0.45865617210720105,0.502735809778118,-0.8833719947007124,-0.9126538504443537,2.5,0.8525261525600243,0.5226845695074632,0.0,1.0,0.0,0.0,0.0,1.0,0.0,0.0,0.0,0.0,0.0,0.0,0.0,0.0,0.0,0.0,0.0,0.0,1.0,0.0,0.0,1.0,0.0,0.0
-0.578650997387944,-0.056593356000564095,-0.032865113699235976,-0.06612212182434916,0.0,-0.38234747499694666,-0.9240186190567046,0.0,0.0,1.0,0.0,0.0,0.0,0.0,0.0,1.0,0.0,0.0,0.0,0.0,0.0,0.0,0.0,0.0,0.0,0.0,1.0,0.0,0.0,0.0,0.0
-0.6925844029338721,0.831197381508003,-0.6547884608849787,-0.6826394311613513,2.5,0.9933644045082254,0.1150093902949614,1.0,0.0,0.0,0.0,0.0,1.0,0.0,0.0,0.0,0.0,0.0,0.0,0.0,0.0,0.0,0.0,0.0,0.0,0.0,0.0,1.0,0.0,0.0,1.0
-0.20470851151599206,-0.12605891109407721,-0.04891067493359574,-0.07347636931543512,-0.5,-0.14658660301238263,0.9891978405846275,0.0,1.0,0.0,0.0,0.0,0.0,0.0,0.0,0.0,0.0,0.0,0.0,1.0,0.0,0.0,0.0,0.0,0.0,1.0,0.0,0.0,0.0,0.0,0.0
1.921606722792606,2.208059987381317,-0.6465480909839124,-0.5509405586749133,0.0,-0.9989869982001386,0.044999749189036965,1.0,0.0,0.0,0.0,0.0,0.0,1.0,0.0,0.0,0.0,0.0,0.0,0.0,0.0,0.0,0.0,0.0,0.0,0.0,0.0,1.0,0.0,0.0,0.0
0.29597079850465424,-0.08572148791143651,0.39849047278835276,0.42781888719493305,1.0,-0.4515914137501646,-0.8922248567637687,0.0,1.0,0.0,0.0,0.0,0.0,0.0,0.0,1.0,0.0,0.0,0.0,0.0,0.0,0.0,0.0,0.0,0.0,0.0,0.0,1.0,0.0,0.0,1.0
0.5625167702505981,-0.4699684087721818,-0.8656531509819783,-0.898986518590133,0.0,-0.7669318634382125,-0.6417285382801602,0.0,0.0,1.0,0.0,0.0,0.0,0.0,0.0,0.0,0.0,0.0,0.0,0.0,0.0,0.0,1.0,0.0,0.0,0.0,1.0,0.0,0.0,0.0,1.0
-0.6714545353364076,0.1764015280012859,0.9043068572896849,0.8976313538839105,0.0,-0.6434558647337789,-0.7654832134930882,0.0,1.0,0.0,0.0,0.0,0.0,1.0,0.0,0.0,0.0,0.0,0.0,0.0,0.0,0.0,0.0,0.0,0.0,1.0,0.0,0.0,0.0,0.0,0.0
0.26676188941598855,0.03054933331535174,-0.6325714439352533,-0.6775162475158757,0.0,-0.9914827879574897,0.13023778708210407,0.0,0.0,0.0,0.0,0.0,0.0,0.0,0.0,0.0,0.0,1.0,0.0,0.0,0.0,0.0,0.0,0.0,1.0,0.0,0.0,0.0,0.0,0.0,0.0
-0.04887852911995021,-0.1571136000942423,0.31089448685948873,0.3085809194462004,1.0,0.9246845335899657,-0.3807341767421301,1.0,0.0,0.0,0.0,0.0,0.0,0.0,0.0,0.0,1.0,0.0,0.0,0.0,0.0,0.0,0.0,0.0,0.0,0.0,0.0,1.0,0.0,0.0,1.0
-0.5219314149378883,1.1881646219372177,0.8306154303622271,0.8216594983411628,0.0,0.8084609485787256,0.5885498233991641,1.0,0.0,0.0,0.0,1.0,0.0,0.0,0.0,0.0,0.0,0.0,0.0,0.0,0.0,0.0,0.0,0.0,0.0,1.0,0.0,0.0,0.0,0.0,0.0
-0.1988521933122762,-0.3424656176976132,-0.5260941635434101,-0.5490730756041431,1.0,-0.9105033233098644,-0.4135017511954365,0.0,1.0,0.0,0.0,0.0,0.0,0.0,0.0,0.0,0.0,0.0,0.0,0.0,1.0,0.0,0.0,0.0,0.0,0.0,0.0,0.0,0.0,1.0,0.0
-0.48319387533787495,1.0998269008281885,0.8657653187207979,0.8522168098265969,1.0,0.6648501890522047,-0.7469767239460996,0.0,1.0,0.0,0.0,1.0,0.0,0.0,0.0,0.0,0.0,0.0,0.0,0.0,0.0,0.0,0.0,0.0,0.0,0.0,0.0,1.0,0.0,0.0,0.0
0.0492921918217753,-0.5539941580019563,-0.24061254869079046,-0.27579254411515586,1.0,0.7677712268321742,0.6407240773130178,1.0,0.0,0.0,0.0,0.0,0.0,0.0,0.0,0.0,1.0,0.0,0.0,0.0,0.0,0.0,0.0,0.0,0.0,1.0,0.0,0.0,0.0,0.0,0.0
-0.19813123539809985,-0.34273932969270365,0.9189607801840105,0.9100096266273341,-0.5,0.5379127977845964,0.8430004875322125,1.0,0.0,0.0,0.0,0.0,0.0,0.0,0.0,0.0,0.0,0.0,1.0,0.0,0.0,0.0,0.0,0.0,0.0,0.0,0.0,1.0,0.0,0.0,0.0
-0.48164405136222094,0.3063941304214454,0.9409273276143827,0.9477063424187212,2.5,-0.9251821211086938,-0.37952344167497504,0.0,0.0,1.0,0.0,0.0,0.0,0.0,0.0,0.0,0.0,0.0,1.0,0.0,0.0,0.0,0.0,0.0,0.0,0.0,1.0,0.0,0.0,0.0,1.0
-0.21889415720854694,-0.21474752462173458,-0.6473657743852375,-0.6747563389068613,0.0,0.6731738599652016,0.7394842488245109,1.0,0.0,0.0,0.0,0.0,0.0,0.0,0.0,0.0,0.0,0.0,0.0,1.0,0.0,0.0,0.0,0.0,0.0,1.0,0.0,0.0,0.0,0.0,0.0
0.597116932538002,0.869853308320453,0.6564835698582393,0.0,-0.5,0.9029293796821636,0.42978894274606844,0.0,0.0,1.0,0.0,0.0,0.0,0.0,1.0,0.0,0.0,0.0,0.0,0.0,0.0,0.0,0.0,0.0,0.0,1.0,0.0,0.0,0.0,0.0,0.0
-0.7914867127163955,-0.4739667941097069,-0.6365354176724605,-0.6916463185380748,-0.5,-0.916129660871734,0.4008820830007769,0.0,0.0,0.0,0.0,1.0,0.0,0.0,0.0,0.0,0.0,0.0,0.0,0.0,0.0,0.0,0.0,0.0,0.0,1.0,0.0,0.0,1.0,0.0,0.0
-0.4233732638876159,-0.5192690457515595,-0.5695803694886855,-0.6044034589752806,0.0,0.998440764181981,0.05582150499316394,0.0,0.0,0.0,0.0,0.0,0.0,0.0,0.0,0.0,0.0,0.0,0.0,0.0,1.0,0.0,0.0,0.0,0.0,1.0,0.0,0.0,0.0,0.0,1.0
0.1887429369761487,-0.3353611177392797,-0.8581558322746891,-0.8805430574664204,-0.5,0.621318740884191,-0.7835579252525517,0.0,1.0,0.0,0.0,0.0,0.0,0.0,0.0,0.0,0.0,1.0,0.0,0.0,0.0,0.0,0.0,0.0,1.0,0.0,0.0,0.0,0.0,0.0,0.0
-0.46114912618643683,-0.2920414143906087,-0.7113265683208455,-0.7526287303180919,-0.5,0.5442730441120909,-0.838908131712262,1.0,0.0,0.0,0.0,0.0,0.0,0.0,0.0,0.0,0.0,0.0,0.0,0.0,0.0,1.0,0.0,0.0,0.0,0.0,0.0,1.0,0.0,0.0,1.0
0.8885888204791149,-0.16481766635643735,0.25323101125475306,0.2706032548742548,0.0,0.998575733507444,-0.05335264239070331,0.0,1.0,0.0,0.0,0.0,0.0,0.0,0.0,0.0,0.0,0.0,0.0,0.0,0.0,1.0,0.0,0.0,0.0,1.0,0.0,0.0,0.0,1.0,0.0
0.8043106416258831,-0.5534318612752326,-0.11777622422760983,-0.11867607018761586,0.0,0.6884073245863758,0.7253243105368993,0.0,1.0,0.0,0.0,0.0,0.0,0.0,0.0,0.0,0.0,0.0,0.0,0.0,0.0,1.0,0.0,0.0,0.0,1.0,0.0,0.0,0.0,0.0,0.0
0.8452478344928424,-0.22052432182837892,0.575083959671279,0.6021889215285269,1.0,-0.7135052597986932,0.7006498727892552,0.0,0.0,0.0,0.0,0.0,0.0,0.0,0.0,0.0,0.0,1.0,0.0,0.0,0.0,0.0,0.0,0.0,0.0,1.0,0.0,0.0,0.0,0.0,0.0
0.4225966412492518,0.40274146443291364,-0.35554026955493456,-0.3788676937823555,1.0,0.9017382384567441,-0.4322824878536351,0.0,1.0,0.0,0.0,0.0,0.0,0.0,0.0,1.0,0.0,0.0,0.0,0.0,0.0,0.0,0.0,0.0,0.0,0.0,1.0,0.0,0.0,1.0,0.0
0.666304514386046,-0.534011399112279,0.9353727688644689,0.9476898160198649,1.0,0.06678182698407716,-0.9977676019919011,1.0,0.0,0.0,0.0,0.0,0.0,0.0,0.0,0.0,0.0,0.0,0.0,0.0,1.0,0.0,0.0,0.0,0.0,1.0,0.0,0.0,0.0,0.0,1.0
-0.042794251144794446,-0.5345019122421758,-0.9276138280119832,-0.9687279217640278,0.0,-0.024504878431875547,-0.9996997103795915,0.0,0.0,1.0,0.0,0.0,0.0,0.0,0.0,0.0,1.0,0.0,0.0,0.0,0.0,0.0,0.0,0.0,0.0,0.0,0.0,0.0,0.0,0.0,1.0
-0.4462650713756898,-0.24765963511849912,-0.9011246734705728,-0.9314608923429063,-0.5,0.47472838483031665,0.880132354044776,0.0,0.0,1.0,0.0,0.0,0.0,1.0,0.0,0.0,0.0,0.0,0.0,0.0,0.0,0.0,0.0,0.0,0.0,0.0,0.0,1.0,0.0,0.0,0.0
-0.4085195153804187,-0.5559115951466412,0.39346098412536246,0.38422224701182056,2.5,0.5116055412599649,-0.8592204432810583,0.0,0.0,1.0,0.0,0.0,0.0,0.0,0.0,0.0,0.0,0.0,0.0,0.0,0.0,1.0,0.0,0.0,0.0,1.0,0.0,0.0,0.0,0.0,0.0
-1.0018407538203171,0.0,0.0,0.0,-0.5,-0.09019803504085962,-0.9959238497369003,0.0,1.0,0.0,0.0,0.0,0.0,0.0,0.0,0.0,0.0,0.0,0.0,0.0,0.0,0.0,1.0,0.0,0.0,0.0,1.0,0.0,0.0,0.0,1.0
-0.3029264283236168,0.6391198175391725,0.5843222327419391,0.5801922846506938,1.0,-0.9702076968518016,0.24227468908146904,1.0,0.0,0.0,0.0,0.0,0.0,0.0,0.0,0.0,1.0,0.0,0.0,0.0,0.0,0.0,0.0,0.0,0.0,0.0,0.0,1.0,0.0,0.0,0.0
-0.2625019442405075,-0.08221721402972455,-0.03552241390418929,-0.06893160962993249,-0.5,0.32749275962763935,-0.9448536883515211,1.0,0.0,0.0,0.0,1.0,0.0,0.0,0.0,0.0,0.0,0.0,0.0,0.0,0.0,0.0,0.0,0.0,1.0,0.0,0.0,0.0,0.0,0.0,1.0
-0.17996649842014367,1.1457956714302004,-0.4819806700161499,-0.5182513417370072,2.5,0.49728945659037804,0.8675846911766288,0.0,1.0,0.0,0.0,0.0,0.0,0.0,0.0,1.0,0.0,0.0,0.0,0.0,0.0,0.0,0.0,0.0,0.0,0.0,0.0,0.0,0.0,0.0,1.0
1.8706544375278875,0.6408419029839089,-1.0014660257114314,-0.9095799402570681,0.0,-0.9699251407538692,-0.2434034127402224,1.0,0.0,0.0,0.0,0.0,0.0,0.0,0.0,0.0,0.0,0.0,0.0,0.0,0.0,1.0,0.0,0.0,0.0,1.0,0.0,0.0,0.0,0.0,0.0
-0.5484491690639478,-0.35314772341554374,0.004290897784192628,-0.028227089246685304,0.0,0.234505915797012,-0.9721146925420913,0.0,1.0,0.0,0.0,0.0,0.0,0.0,0.0,0.0,0.0,0.0,0.0,0.0,0.0,0.0,1.0,0.0,0.0,1.0,0.0,0.0,1.0,0.0,0.0
-0.2139006265561931,-0.0927088208480993,-0.0642775167819696,0.0,1.0,-0.5117305043960736,0.8591460241836308,0.0,1.0,0.0,0.0,0.0,0.0,1.0,0.0,0.0,0.0,0.0,0.0,0.0,0.0,0.0,0.0,0.0,1.0,0.0,0.0,0.0,0.0,1.0,0.0
1.5815006127045537,1.2694410841114534,-0.3307023591533079,-0.27232200035531756,0.0,-0.9744354591699241,0.2246676120679151,1.0,0.0,0.0,0.0,1.0,0.0,0.0,0.0,0.0,0.0,0.0,0.0,0.0,0.0,0.0,0.0,0.0,0.0,1.0,0.0,0.0,0.0,0.0,1.0
-0.5249414574432234,0.40450786443349424,0.14343685002719184,0.1274185351826374,0.0,-0.6053518733414487,0.7959579822088593,0.0,1.0,0.0,0.0,0.0,0.0,0.0,0.0,0.0,0.0,0.0,0.0,0.0,0.0,1.0,0.0,0.0,0.0,1.0,0.0,0.0,0.0,0.0,0.0
-0.7308749636649154,-0.5707516380867244,0.44910165263074314,0.43738767213277324,0.0,-0.7502072456081375,0.661202759096672,0.0,0.0,1.0,0.0,0.0,0.0,0.0,0.0,1.0,0.0,0.0,0.0,0.0,0.0,0.0,0.0,0.0,0.0,1.0,0.0,0.0,0.0,0.0,0.0
-0.19413416375623443,0.23271050419703032,0.3924741608520088,0.38645331085743095,1.0,-0.33743756448181383,0.9413479112828486,0.0,0.0,1.0,0.0,0.0,0.0,0.0,0.0,0.0,0.0,1.0,0.0,0.0,0.0,0.0,0.0,0.0,0.0,1.0,0.0,0.0,0.0,0.0,1.0
-0.5268772649826704,-0.03924378373414127,-0.4949349012973799,-0.5154914331279928,-0.5,0.5678437450531012,0.8231363685344419,0.0,0.0,0.0,0.0,0.0,0.0,0.0,0.0,0.0,0.0,0.0,0.0,0.0,0.0,0.0,0.0,0.0,1.0,0.0,0.0,0.0,0.0,0.0,0.0
0.7547684056425403,-0.6951891622830849,0.15809920786838164,0.14916727607762448,-0.5,-0.2684995360787673,0.9632798135149967,0.0,1.0,0.0,0.0,1.0,0.0,0.0,0.0,0.0,0.0,0.0,0.0,0.0,0.0,0.0,0.0,0.0,0.0,1.0,0.0,0.0,1.0,0.0,0.0
0.04831714827145236,1.0095791910233782,-0.7270668042778525,-0.7552233749385424,0.0,-0.6975299589826535,0.7165556198381657,0.0,1.0,0.0,0.0,0.0,0.0,0.0,0.0,0.0,0.0,0.0,0.0,1.0,0.0,0.0,0.0,0.0,0.0,0.0,0.0,1.0,0.0,0.0,0.0
-0.7672748751889261,0.6914822994143993,-0.782165734980253,-0.8119419758136153,-0.5,-0.8244144133964034,-0.5659866385209672,0.0,1.0,0.0,0.0,1.0,0.0,0.0,0.0,0.0,0.0,0.0,0.0,0.0,0.0,0.0,0.0,0.0,0.0,0.0,0.0,1.0,0.0,0.0,1.0
0.17157057881045737,-0.3860954777026139,0.5647660257553793,0.5659630552353566,1.0,0.4832823832550023,0.8754645270000179,0.0,0.0,1.0,0.0,0.0,0.0,0.0,0.0,1.0,0.0,0.0,0.0,0.0,0.0,0.0,0.0,0.0,0.0,0.0,0.0,1.0,0.0,0.0,0.0
0.07982192633594061,-0.43098098166495136,0.3779913925139617,0.3667703698194905,-0.5,-0.2818530773151986,-0.9594575773883662,0.0,0.0,1.0,0.0,0.0,0.0,0.0,0.0,0.0,0.0,0.0,0.0,0.0,0.0,1.0,0.0,0.0,0.0,1.0,0.0,0.0,0.0,0.0,1.0
-0.9160247642321162,1.4880360642858752,0.5284149322780956,0.5128141565132605,0.0,0.28115526560780213,0.9596622930078091,0.0,1.0,0.0,0.0,0.0,0.0,0.0,0.0,0.0,1.0,0.0,0.0,0.0,0.0,0.0,0.0,0.0,1.0,0.0,0.0,0.0,0.0,0.0,0.0
0.26533247052127995,1.4575047869499032,-0.7195889281867338,-0.7403496159678066,-0.5,-0.9956572611093776,-0.09309467439210874,1.0,0.0,0.0,0.0,0.0,0.0,0.0,0.0,0.0,0.0,0.0,0.0,0.0,0.0,0.0,0.0,1.0,0.0,1.0,0.0,0.0,0.0,0.0,1.0
0.0,0.0,0.8258629009829235,0.8181724281824679,0.0,-0.9692130063712663,0.24622377683881727,0.0,1.0,0.0,0.0,0.0,0.0,0.0,0.0,0.0,0.0,1.0,0.0,0.0,0.0,0.0,0.0,0.0,1.0,0.0,0.0,0.0,0.0,0.0,0.0
-0.9023352617724008,1.7525203872915853,-0.7588269608776232,-0.7875490111016084,-0.5,-0.9952698838142169,0.09714864061033121,0.0,0.0,1.0,0.0,0.0,0.0,0.0,0.0,1.0,0.0,0.0,0.0,0.0,0.0,0.0,0.0,0.0,0.0,0.0,1.0,0.0,0.0,1.0,0.0
-0.8320882965246827,1.323404482036411,0.735463140962936,0.726682284113586,-0.5,0.037079744474000954,-0.9993123098159769,0.0,0.0,1.0,0.0,0.0,0.0,1.0,0.0,0.0,0.0,0.0,0.0,0.0,0.0,0.0,0.0,0.0,0.0,0.0,0.0,1.0,0.0,0.0,0.0
-0.3033939123232838,-0.07155416882967294,-0.314209987392167,-0.34389783380226985,-0.5,-0.8666791601115637,-0.49886594735290823,0.0,0.0,0.0,0.0,0.0,0.0,0.0,0.0,1.0,0.0,0.0,0.0,0.0,0.0,0.0,0.0,0.0,0.0,0.0,0.0,1.0,1.0,0.0,0.0
-0.4829154572541087,1.8450133610384352,-0.8149496660899183,-0.8665947768316415,2.5,0.04543563519912778,0.998967268259602,0.0,0.0,1.0,0.0,0.0,0.0,0.0,0.0,1.0,0.0,0.0,0.0,0.0,0.0,0.0,0.0,0.0,0.0,0.0,0.0,1.0,0.0,1.0,0.0
0.37766528861426224,2.132334741896139,-0.4472504196991133,-0.4695315179084189,-0.5,0.3368213814848346,-0.9415685620148155,0.0,0.0,0.0,0.0,1.0,0.0,0.0,0.0,0.0,0.0,0.0,0.0,0.0,0.0,0.0,0.0,0.0,0.0,0.0,0.0,1.0,0.0,0.0,0.0
-0.3589736925788801,2.6031433987791135,-0.6608134984928951,-0.7044377512529076,1.0,-0.9993363644134284,-0.03642568820147832,1.0,0.0,0.0,0.0,0.0,0.0,0.0,0.0,1.0,0.0,0.0,0.0,0.0,0.0,0.0,0.0,0.0,0.0,0.0,1.0,0.0,0.0,1.0,0.0
-0.18382130289537726,-0.6479096768342337,-0.0337935036510388,-0.06932824320248546,-0.5,0.9428597652562226,-0.33318983036848654,0.0,0.0,0.0,0.0,0.0,0.0,0.0,0.0,0.0,1.0,0.0,0.0,0.0,0.0,0.0,0.0,0.0,0.0,0.0,1.0,0.0,0.0,0.0,0.0
4.931423749353618,-0.21442827520164795,0.8970906955416336,1.995209410131509,-0.5,0.27654599650694217,0.9610006825262833,0.0,1.0,0.0,0.0,0.0,0.0,0.0,0.0,0.0,0.0,0.0,0.0,0.0,1.0,0.0,0.0,0.0,0.0,1.0,0.0,0.0,1.0,0.0,0.0
0.6445300648221955,-0.44942906292220985,-0.36390600533084166,-0.3701913343827596,0.0,0.9518622607530477,-0.3065260780979278,0.0,0.0,0.0,0.0,0.0,0.0,0.0,0.0,0.0,0.0,0.0,0.0,1.0,0.0,0.0,0.0,0.0,0.0,0.0,0.0,1.0,0.0,0.0,1.0
0.0,0.22148830834925012,0.21243299746259584,0.18364134409201902,0.0,0.707261031126116,-0.706952497591191,0.0,0.0,1.0,0.0,0.0,0.0,0.0,0.0,0.0,0.0,0.0,0.0,1.0,0.0,0.0,0.0,0.0,0.0,0.0,1.0,0.0,0.0,0.0,0.0
-0.7322421485310402,0.5180581180770674,0.7794323817969282,0.7723943033503144,2.5,0.795781858813924,-0.6055833825185891,0.0,0.0,0.0,0.0,1.0,0.0,0.0,0.0,0.0,0.0,0.0,0.0,0.0,0.0,0.0,0.0,0.0,0.0,0.0,1.0,0.0,0.0,0.0,0.0
-0.022881130001740174,2.5569836964413684,0.24888143927571937,0.24088878973049574,2.5,-0.5047787540510228,0.8632487529436096,1.0,0.0,0.0,0.0,0.0,0.0,1.0,0.0,0.0,0.0,0.0,0.0,0.0,0.0,0.0,0.0,0.0,0.0,0.0,0.0,1.0,0.0,0.0,0.0
0.7403987142084741,-0.400065348508993,-0.29429792451398107,-0.30221825588649665,1.0,-0.30777179991573245,-0.9514602036746626,0.0,0.0,1.0,0.0,0.0,0.0,0.0,0.0,0.0,0.0,0.0,0.0,1.0,0.0,0.0,0.0,0.0,0.0,0.0,0.0,1.0,1.0,0.0,0.0
0.27047495620234946,-0.38631015772556315,0.9804180325585073,0.9789412362572667,1.0,-0.8608900647311678,-0.5087910145110326,0.0,0.0,1.0,0.0,0.0,0.0,0.0,0.0,0.0,0.0,1.0,0.0,0.0,0.0,0.0,0.0,0.0,0.0,1.0,0.0,0.0,0.0,0.0,0.0
-0.44580624148004533,0.036377308502211186,-0.6487168622674413,-0.6861760805166153,0.0,0.7718558169410314,-0.6357976076191959,0.0,0.0,1.0,0.0,1.0,0.0,0.0,0.0,0.0,0.0,0.0,0.0,0.0,0.0,0.0,0.0,0.0,0.0,0.0,1.0,0.0,0.0,0.0,1.0
-0.34048790953468155,0.5680164078597295,0.032282903605434475,0.0182616707362925,0.0,0.9421549918355965,0.3351775221569416,0.0,1.0,0.0,0.0,0.0,0.0,0.0,0.0,0.0,0.0,0.0,0.0,0.0,0.0,1.0,0.0,0.0,0.0,1.0,0.0,0.0,0.0,0.0,1.0
-0.9040137912452963,0.25222591106395126,0.5867662773945009,0.573862673888703,2.5,0.44749896997443256,-0.8942844468466518,0.0,1.0,0.0,0.0,0.0,0.0,0.0,0.0,0.0,0.0,0.0,0.0,0.0,1.0,0.0,0.0,0.0,0.0,0.0,0.0,1.0,1.0,0.0,0.0
1.4013771005579128,-0.16409791719243375,-1.0274264402620494,-1.0293632791680611,1.0,-0.6891981209427347,0.7245729432493346,0.0,1.0,0.0,0.0,0.0,0.0,0.0,0.0,0.0,0.0,1.0,0.0,0.0,0.0,0.0,0.0,0.0,0.0,1.0,0.0,0.0,0.0,0.0,0.0
1.110164876833055,0.056994355404240096,0.39481622824919693,0.4147299793006855,0.0,-0.5671851016141659,0.823590347507138,0.0,1.0,0.0,0.0,1.0,0.0,0.0,0.0,0.0,0.0,0.0,0.0,0.0,0.0,0.0,0.0,0.0,0.0,1.0,0.0,0.0,0.0,0.0,1.0
0.14887333060810898,-0.2720139821303266,-0.48835275874140305,-0.5090626639728636,-0.5,0.5809989380723223,0.8139043149896883,0.0,0.0,0.0,0.0,0.0,0.0,0.0,0.0,0.0,0.0,0.0,0.0,0.0,1.0,0.0,0.0,0.0,0.0,0.0,0.0,1.0,0.0,0.0,1.0
-0.06846530158844166,0.7655544291555427,-0.6845811837596157,-0.7145188545552953,-0.5,-0.2253053304188,-0.9742882058635809,0.0,1.0,0.0,0.0,0.0,0.0,0.0,0.0,0.0,0.0,0.0,1.0,0.0,0.0,0.0,0.0,0.0,0.0,0.0,0.0,0.0,0.0,0.0,1.0
-0.7854003236791529,0.2750225079871215,-0.4727481808639159,-0.5132273164846697,2.5,-0.956707818508178,0.291050081610233,0.0,0.0,1.0,0.0,0.0,0.0,0.0,0.0,0.0,0.0,0.0,0.0,0.0,1.0,0.0,0.0,0.0,0.0,1.0,0.0,0.0,0.0,0.0,0.0
-0.1627973044297302,1.5532150170090353,0.9317063352561414,0.9233133777067144,0.0,0.4645844754959665,0.8855288053632913,1.0,0.0,0.0,0.0,0.0,0.0,0.0,0.0,0.0,0.0,0.0,0.0,0.0,1.0,0.0,0.0,0.0,0.0,0.0,0.0,1.0,0.0,0.0,0.0
0.600762613638904,1.5927272674255808,0.7798670949459189,0.7717001945983466,0.0,-0.09533902934370202,-0.9954448600921101,0.0,1.0,0.0,0.0,0.0,0.0,0.0,0.0,0.0,0.0,0.0,0.0,0.0,0.0,1.0,0.0,0.0,0.0,1.0,0.0,0.0,0.0,0.0,0.0
0.47781831924134793,-0.40924620773429093,-0.5953045611851234,0.0,-0.5,-0.7112596923546098,0.7029293350199761,0.0,0.0,0.0,0.0,0.0,0.0,0.0,0.0,0.0,0.0,1.0,0.0,0.0,0.0,0.0,0.0,0.0,0.0,1.0,0.0,0.0,0.0,0.0,1.0
-0.3708684917165152,-0.5743719385258577,-0.7914427708707132,-0.8222709750988485,1.0,0.9966015395273318,-0.08237336591248538,0.0,0.0,1.0,0.0,0.0,1.0,0.0,0.0,0.0,0.0,0.0,0.0,0.0,0.0,0.0,0.0,0.0,0.0,0.0,0.0,1.0,0.0,0.0,0.0
0.5319538240798332,0.42001085772367563,-0.2903368158767527,0.0,-0.5,-0.9021778816092993,-0.4313641963990023,1.0,0.0,0.0,0.0,0.0,0.0,0.0,0.0,0.0,0.0,0.0,0.0,1.0,0.0,0.0,0.0,0.0,0.0,0.0,0.0,1.0,0.0,0.0,1.0
0.8045716574724625,-0.4555997060478143,0.172359852632617,0.17293223763308915,1.0,0.854194255961873,-0.5199540105449155,0.0,0.0,1.0,0.0,0.0,0.0,0.0,0.0,0.0,0.0,0.0,1.0,0.0,0.0,0.0,0.0,0.0,0.0,1.0,0.0,0.0,0.0,0.0,0.0
-0.035146341290436575,0.11285931064564388,0.0,0.0,-0.5,-0.29313659998349173,-0.9560705694404145,0.0,0.0,1.0,0.0,0.0,0.0,0.0,0.0,0.0,0.0,0.0,0.0,0.0,1.0,0.0,0.0,0.0,0.0,1.0,0.0,0.0,0.0,1.0,0.0
0.6700397160007422,-0.3976066229036578,0.9302335889479397,0.9458058065502382,1.0,-0.44613273046667795,-0.8949668076562094,0.0,1.0,0.0,0.0,0.0,0.0,1.0,0.0,0.0,0.0,0.0,0.0,0.0,0.0,0.0,0.0,0.0,0.0,1.0,0.0,0.0,1.0,0.0,0.0
1.1869556706834965,0.14549436828810988,0.4943985805042798,0.5105830926676501,1.0,0.5907230289925108,-0.8068744034965499,0.0,0.0,0.0,1.0,0.0,0.0,1.0,0.0,0.0,0.0,0.0,0.0,0.0,0.0,0.0,0.0,0.0,0.0,1.0,0.0,0.0,0.0,0.0,1.0
1.3939317457227618,0.22313471277887179,0.18588633754899345,0.23328664625656423,-0.5,0.5385869775850382,-0.8425699185087333,0.0,0.0,1.0,0.0,0.0,0.0,0.0,0.0,0.0,0.0,0.0,0.0,0.0,0.0,0.0,1.0,0.0,0.0,0.0,1.0,0.0,0.0,0.0,0.0
-0.4689914490008669,-0.38726188191689054,-0.7401303973094565,-0.7709565066498097,0.0,-0.6670202403547908,0.7450395955632406,0.0,0.0,1.0,0.0,0.0,0.0,0.0,0.0,0.0,0.0,0.0,0.0,0.0,1.0,0.0,0.0,0.0,0.0,0.0,1.0,0.0,0.0,0.0,0.0
0.2633409851401982,0.5206938391430371,-0.8786321696578044,-0.8995484161512496,0.0,0.8016452435825995,0.5978000530623888,0.0,1.0,0.0,0.0,0.0,0.0,0.0,0.0,0.0,0.0,0.0,0.0,0.0,0.0,0.0,1.0,0.0,0.0,1.0,0.0,0.0,0.0,0.0,0.0
0.45822033828387654,2.748173660322928,0.17984300653316054,0.1733288712056421,-0.5,0.8994942391959072,0.43693261912264697,0.0,0.0,1.0,0.0,0.0,0.0,0.0,0.0,0.0,0.0,0.0,0.0,0.0,1.0,0.0,0.0,0.0,0.0,0.0,0.0,1.0,0.0,0.0,0.0
-0.07329234177618811,-0.5454800649739412,0.0643375392054637,0.042505897858591914,1.0,0.9095688188261809,0.41555332247395904,0.0,1.0,0.0,0.0,0.0,0.0,0.0,0.0,0.0,0.0,0.0,1.0,0.0,0.0,0.0,0.0,0.0,0.0,0.0,1.0,0.0,0.0,0.0,1.0
0.8713155159572437,2.481713552228903,0.6869011734589762,0.7062721815259653,0.0,-0.7413416971031341,-0.6711277733310139,0.0,1.0,0.0,0.0,0.0,0.0,0.0,0.0,0.0,0.0,0.0,0.0,1.0,0.0,0.0,0.0,0.0,0.0,1.0,0.0,0.0,0.0,0.0,1.0
-0.1676748386718919,1.047379409776761,-0.9482595945416915,-0.9951536335353686,-0.5,-0.709263214325499,0.7049437515182763,1.0,0.0,0.0,0.0,0.0,0.0,0.0,0.0,0.0,0.0,0.0,1.0,0.0,0.0,0.0,0.0,0.0,0.0,0.0,1.0,0.0,0.0,0.0,0.0
-0.8861402843887651,-0.6635492414935504,-0.16957364836669633,-0.1968789895759739,0.0,-0.9819587126964437,0.18909544298989084,0.0,0.0,0.0,0.0,0.0,0.0,0.0,0.0,0.0,0.0,0.0,1.0,0.0,0.0,0.0,0.0,0.0,0.0,1.0,0.0,0.0,0.0,0.0,1.0
-1.0637858988717876,0.0,0.936503711544075,0.9321219482971612,1.0,-0.2194914754574793,-0.9756144177909113,0.0,0.0,1.0,0.0,0.0,1.0,0.0,0.0,0.0,0.0,0.0,0.0,0.0,0.0,0.0,0.0,0.0,0.0,1.0,0.0,0.0,0.0,0.0,1.0
-0.3034606020835282,0.1635502160789172,0.5844737315979072,0.5786057503604823,0.0,0.4546383378653995,-0.8906761374051664,0.0,0.0,0.0,0.0,0.0,0.0,0.0,0.0,0.0,1.0,0.0,0.0,0.0,0.0,0.0,0.0,0.0,0.0,0.0,1.0,0.0,0.0,0.0,1.0
-1.4183923557674498,0.0,-0.960261122810987,-1.0057470552023038,2.5,0.9995555347667611,0.029811623859400716,1.0,0.0,0.0,0.0,0.0,0.0,0.0,0.0,0.0,0.0,0.0,0.0,1.0,0.0,0.0,0.0,0.0,0.0,0.0,0.0,1.0,0.0,0.0,0.0
0.8719829953231599,-0.27990722655552935,0.7448757612829268,0.7670066973231368,2.5,-0.04521769327018333,-0.9989771570037643,1.0,0.0,0.0,0.0,0.0,0.0,0.0,1.0,0.0,0.0,0.0,0.0,0.0,0.0,0.0,0.0,0.0,0.0,1.0,0.0,0.0,0.0,0.0,1.0
0.5988465132054855,1.7001347510246327,-0.07228039820429827,-0.08821791709532013,-0.5,-0.8385517261825381,0.5448219915865049,1.0,0.0,0.0,0.0,0.0,0.0,1.0,0.0,0.0,0.0,0.0,0.0,0.0,0.0,0.0,0.0,0.0,0.0,1.0,0.0,0.0,0.0,0.0,1.0
0.447987951757413,0.14299498999495414,-0.289088891752829,-0.28831955444828683,-0.5,0.9577806898211495,0.28749982644468325,0.0,0.0,0.0,0.0,0.0,0.0,0.0,1.0,0.0,0.0,0.0,0.0,0.0,0.0,0.0,0.0,0.0,0.0,0.0,0.0,1.0,0.0,0.0,1.0
0.770541972497068,-0.36295081596586676,-0.3256459127498631,-0.33791527741626276,1.0,-0.9078689671773434,0.4192540261420798,0.0,1.0,0.0,0.0,0.0,0.0,0.0,1.0,0.0,0.0,0.0,0.0,0.0,0.0,0.0,0.0,0.0,1.0,0.0,0.0,0.0,1.0,0.0,0.0
-0.25257185403671295,0.3185458101154273,0.17805327501566323,0.16438808942434427,0.0,-0.5205750605938344,-0.8538159088982388,0.0,0.0,0.0,0.0,0.0,0.0,1.0,0.0,0.0,0.0,0.0,0.0,0.0,0.0,0.0,0.0,0.0,1.0,0.0,0.0,0.0,0.0,0.0,0.0
0.09975362686634025,-0.6723198122042102,0.04717338763805602,0.026789292546181016,-0.5,0.9633773790204145,-0.26814925991275196,0.0,0.0,1.0,0.0,0.0,0.0,0.0,0.0,0.0,1.0,0.0,0.0,0.0,0.0,0.0,0.0,0.0,0.0,0.0,0.0,0.0,0.0,0.0,0.0
-0.3176730018372927,1.9894255808307368,0.3027245520397548,0.28833608084714324,0.0,-0.6879324535232179,0.725774716692119,1.0,0.0,0.0,0.0,0.0,0.0,0.0,0.0,0.0,0.0,0.0,0.0,0.0,0.0,0.0,1.0,0.0,0.0,1.0,0.0,0.0,0.0,0.0,1.0
0.7676676571949731,1.2130953638965543,0.13445129680759454,0.12688969041923356,0.0,-0.7902887091465215,0.6127346539861482,0.0,0.0,1.0,0.0,0.0,0.0,0.0,0.0,0.0,0.0,1.0,0.0,0.0,0.0,0.0,0.0,0.0,0.0,0.0,0.0,1.0,0.0,0.0,1.0
-1.3477141474350662,0.0,-0.7368605741708326,-0.7662795357734561,1.0,0.09584575252022391,-0.9953961983671789,1.0,0.0,0.0,0.0,0.0,0.0,1.0,0.0,0.0,0.0,0.0,0.0,0.0,0.0,0.0,0.0,0.0,0.0,0.0,0.0,1.0,0.0,0.0,0.0
0.7674491581935018,-0.519437840368456,-0.5071354504769181,-0.5244983205047161,-0.5,-0.6582516114220636,-0.7527979915357483,0.0,0.0,0.0,0.0,1.0,0.0,0.0,0.0,0.0,0.0,0.0,0.0,0.0,0.0,0.0,0.0,0.0,0.0,0.0,0.0,1.0,0.0,1.0,0.0
-1.118004927014567,0.0,0.6766437984425356,0.6657825043278509,-0.5,-0.9991767892008869,0.04056776950001636,0.0,1.0,0.0,0.0,0.0,0.0,0.0,0.0,0.0,0.0,0.0,0.0,1.0,0.0,0.0,0.0,0.0,0.0,1.0,0.0,0.0,1.0,0.0,0.0
-0.20472059144752838,-0.5469833039895785,0.31617101828599004,0.3015737263310982,2.5,-0.9971358464854507,-0.07563136686417712,1.0,0.0,0.0,0.0,0.0,0.0,0.0,0.0,1.0,0.0,0.0,0.0,0.0,0.0,0.0,0.0,0.0,0.0,0.0,0.0,0.0,1.0,0.0,0.0
-0.7424011363765992,0.032684169279179956,-0.1195040675108849,-0.15060507277812896,1.0,-0.9225942074570513,0.38577186051693213,0.0,1.0,0.0,0.0,0.0,0.0,0.0,0.0,0.0,0.0,0.0,0.0,0.0,0.0,1.0,0.0,0.0,0.0,0.0,1.0,0.0,0.0,0.0,0.0
-0.15599132621063894,0.7447064518237658,-0.6584746720144851,-0.7113127331771588,0.0,0.9290787842208746,-0.3698818902172172,0.0,0.0,1.0,0.0,0.0,0.0,0.0,0.0,0.0,0.0,0.0,0.0,1.0,0.0,0.0,0.0,0.0,0.0,0.0,0.0,1.0,0.0,1.0,0.0
-0.43813189850268874,-0.5863206317783692,-1.0131467856455834,-1.0449146204919082,1.0,-0.929213215650613,0.3695440431941061,0.0,1.0,0.0,0.0,0.0,0.0,0.0,0.0,0.0,0.0,0.0,0.0,0.0,1.0,0.0,0.0,0.0,0.0,0.0,0.0,1.0,0.0,0.0,1.0
0.3408537905252112,-0.28732370823684916,-0.9175270251880877,-0.9617868342443512,1.0,-0.04863186293873156,-0.9988167709380477,0.0,0.0,1.0,0.0,0.0,0.0,0.0,0.0,0.0,0.0,0.0,0.0,1.0,0.0,0.0,0.0,0.0,0.0,0.0,0.0,1.0,0.0,0.0,1.0
0.10230972266082837,3.7005232758557915,-0.050797257806030345,-0.08420200217322134,0.0,-0.8702482450723448,0.49261343054011847,0.0,0.0,1.0,0.0,0.0,0.0,0.0,1.0,0.0,0.0,0.0,0.0,0.0,0.0,0.0,0.0,0.0,1.0,0.0,0.0,0.0,0.0,1.0,0.0
0.6832908500102143,-0.7313122801398725,0.6376542478480265,0.6427942835186357,-0.5,0.6106635855398184,0.7918901346118999,0.0,0.0,1.0,0.0,0.0,0.0,0.0,0.0,0.0,0.0,0.0,0.0,0.0,0.0,0.0,1.0,0.0,0.0,0.0,0.0,1.0,0.0,0.0,1.0
0.24476525574019423,-0.5230167366651943,-0.45002902473995515,-0.4736135384259431,1.0,-0.9952698838142169,0.09714864061033121,0.0,1.0,0.0,0.0,0.0,0.0,0.0,0.0,0.0,0.0,0.0,1.0,0.0,0.0,0.0,0.0,0.0,0.0,0.0,0.0,0.0,0.0,0.0,0.0
-1.0192329143400736,0.0,0.6902794908380255,0.6774501419204503,0.0,-0.8306606889933457,0.5567789684974642,0.0,0.0,1.0,0.0,0.0,0.0,0.0,0.0,1.0,0.0,0.0,0.0,0.0,0.0,0.0,0.0,0.0,0.0,0.0,0.0,1.0,0.0,0.0,1.0
1.7362273964920463,0.03284617414133184,0.3999284426894074,0.49974177501786915,2.5,-0.8662434874945091,-0.4996220775479705,0.0,1.0,0.0,0.0,0.0,0.0,0.0,1.0,0.0,0.0,0.0,0.0,0.0,0.0,0.0,0.0,0.0,0.0,0.0,0.0,1.0,0.0,0.0,1.0
-1.18046548393818,0.0,-0.7747432366721021,-0.8272619475534732,0.0,-0.70287760889685,-0.7113108089375886,0.0,1.0,0.0,0.0,0.0,0.0,1.0,0.0,0.0,0.0,0.0,0.0,0.0,0.0,0.0,0.0,0.0,1.0,0.0,0.0,0.0,0.0,0.0,0.0
0.16809080323431613,-0.2950208334772327,0.27825920111922225,0.2694794597520215,2.5,-0.03707974447399975,0.9993123098159769,0.0,1.0,0.0,0.0,0.0,0.0,0.0,0.0,0.0,0.0,0.0,0.0,1.0,0.0,0.0,0.0,0.0,0.0,1.0,0.0,0.0,1.0,0.0,0.0
0.48279537889863433,2.0453905356774,-0.7211755645181043,-0.7389944512615839,2.5,-0.5482324116246922,-0.8363260266452157,0.0,0.0,1.0,0.0,0.0,0.0,1.0,0.0,0.0,0.0,0.0,0.0,0.0,0.0,0.0,0.0,0.0,0.0,0.0,0.0,1.0,0.0,0.0,1.0
0.15202694236184253,-0.23848891243031145,0.2990009718981954,0.29377326607089,-0.5,-0.8901133989448967,0.45573911069685813,0.0,1.0,0.0,0.0,0.0,0.0,0.0,0.0,0.0,0.0,0.0,1.0,0.0,0.0,0.0,0.0,0.0,0.0,1.0,0.0,0.0,0.0,0.0,1.0
-0.20055340959507967,-0.5290133127038438,-0.7393548722279328,-0.7656845854146266,1.0,0.5868435205997677,-0.8097003657712339,0.0,0.0,0.0,0.0,0.0,0.0,0.0,1.0,0.0,0.0,0.0,0.0,0.0,0.0,0.0,0.0,0.0,0.0,0.0,0.0,1.0,0.0,0.0,0.0
1.0595033463288466,2.2240615691920023,-0.23283273310168695,-0.2237674405152931,0.0,-0.7251240302792396,0.6886182837476743,1.0,0.0,0.0,0.0,0.0,0.0,0.0,0.0,0.0,0.0,0.0,0.0,1.0,0.0,0.0,0.0,0.0,1.0,0.0,0.0,0.0,0.0,0.0,1.0
0.778505719018415,-0.3627700386844272,0.12016144591963987,0.12368356904109708,2.5,0.14615497009027317,-0.9892617068894921,0.0,1.0,0.0,0.0,0.0,0.0,0.0,0.0,0.0,0.0,0.0,0.0,0.0,0.0,1.0,0.0,0.0,0.0,0.0,0.0,1.0,0.0,0.0,0.0
-0.07495560209324709,-0.40196166140050027,-0.9265966535558133,-0.9653400099984714,0.0,-0.062427622627426044,0.9980494937291876,0.0,0.0,0.0,0.0,0.0,0.0,0.0,0.0,0.0,0.0,0.0,0.0,0.0,1.0,0.0,0.0,0.0,1.0,0.0,0.0,0.0,0.0,0.0,0.0
-0.36984534290999926,-0.6057408409600832,-0.7178733202358403,-0.7649408974660898,1.0,0.8576912211256752,-0.5141651186184726,1.0,0.0,0.0,0.0,0.0,0.0,0.0,0.0,0.0,0.0,0.0,0.0,0.0,1.0,0.0,0.0,0.0,0.0,0.0,0.0,1.0,0.0,0.0,1.0
-0.6052814143701559,0.5856382801971967,-0.3790376540636518,-0.40588835591252576,0.0,0.13571557243430446,-0.9907478404714436,1.0,0.0,0.0,0.0,0.0,0.0,1.0,0.0,0.0,0.0,0.0,0.0,0.0,0.0,0.0,0.0,0.0,0.0,1.0,0.0,0.0,0.0,0.0,1.0
-0.5560067237606541,-0.352992755227361,-0.09127907607290939,-0.11857691179447771,-0.5,-0.6894088615066949,0.7243724329901317,1.0,0.0,0.0,0.0,0.0,1.0,0.0,0.0,0.0,0.0,0.0,0.0,0.0,0.0,0.0,0.0,0.0,1.0,0.0,0.0,0.0,0.0,0.0,1.0
-0.10235978718388179,0.8532759077624837,0.7120434501706085,0.7001408875502507,-0.5,0.7860367476352008,0.6181797726932479,0.0,0.0,1.0,0.0,0.0,0.0,0.0,0.0,0.0,0.0,0.0,0.0,1.0,0.0,0.0,0.0,0.0,0.0,1.0,0.0,0.0,0.0,0.0,0.0
-1.0489229084145297,-0.0275536582285886,-0.6490017857172796,-0.6820279544036655,0.0,0.9750687325369038,-0.22190305727699156,0.0,1.0,0.0,0.0,0.0,0.0,0.0,0.0,1.0,0.0,0.0,0.0,0.0,0.0,0.0,0.0,0.0,0.0,1.0,0.0,0.0,0.0,0.0,1.0
-0.06459699784552973,1.5926066774621241,-0.3241628069409453,-0.34503815532335963,1.0,0.8161796109143578,0.5777982716551578,1.0,0.0,0.0,0.0,0.0,0.0,0.0,0.0,0.0,1.0,0.0,0.0,0.0,0.0,0.0,0.0,0.0,0.0,0.0,0.0,1.0,0.0,0.0,0.0
0.5338467463787778,0.4104565946271441,-0.06399355471351702,-0.07945892570144222,1.0,-0.09895793077062358,0.9950916178611879,0.0,0.0,1.0,0.0,1.0,0.0,0.0,0.0,0.0,0.0,0.0,0.0,0.0,0.0,0.0,0.0,0.0,0.0,1.0,0.0,0.0,1.0,0.0,0.0
-0.4447743855149488,-0.002020496854536032,-0.4289813383429883,-0.4565913476038787,1.0,0.694501418329142,-0.7194913341651934,0.0,1.0,0.0,0.0,0.0,0.0,0.0,1.0,0.0,0.0,0.0,0.0,0.0,0.0,0.0,0.0,0.0,0.0,1.0,0.0,0.0,0.0,0.0,1.0
-0.07606470637625061,-0.06882852699955735,0.2401091470239944,0.2251556580192285,0.0,-0.7916236069832597,0.6110090546520677,0.0,0.0,1.0,0.0,1.0,0.0,0.0,0.0,0.0,0.0,0.0,0.0,0.0,0.0,0.0,0.0,0.0,0.0,0.0,0.0,1.0,0.0,0.0,1.0
0.1628365451234826,1.7330957845638204,-0.5084201712755914,-0.5321335167763606,0.0,-0.6855007368816995,0.7280719330771149,1.0,0.0,0.0,0.0,0.0,0.0,0.0,0.0,0.0,0.0,0.0,0.0,0.0,0.0,1.0,0.0,0.0,0.0,0.0,0.0,1.0,0.0,0.0,0.0
0.2938965992640666,-0.2438088523344673,0.5373806087148671,0.5440986295483748,-0.5,-0.07874908390170855,0.9968944687300866,0.0,0.0,0.0,0.0,0.0,0.0,0.0,1.0,0.0,0.0,0.0,0.0,0.0,0.0,0.0,0.0,0.0,0.0,0.0,0.0,1.0,0.0,0.0,0.0
-0.20059031190390836,-0.5452597386671093,-0.0044230120804867705,-0.020773683362461007,1.0,0.29654157497557093,0.9550199444571866,0.0,1.0,0.0,0.0,0.0,0.0,0.0,0.0,0.0,0.0,1.0,0.0,0.0,0.0,0.0,0.0,0.0,0.0,0.0,1.0,0.0,1.0,0.0,0.0
1.2730462832698695,-0.23822041170191147,-0.8537386537777778,-0.8396732730946094,2.5,-0.7559486893638678,-0.6546308723617078,0.0,0.0,1.0,0.0,1.0,0.0,0.0,0.0,0.0,0.0,0.0,0.0,0.0,0.0,0.0,0.0,0.0,0.0,0.0,0.0,1.0,0.0,0.0,0.0
-0.05739072205539713,-0.5859246283813108,0.24264608106506685,0.2212884806868373,0.0,-0.6007690964157513,0.7994225996253806,1.0,0.0,0.0,0.0,0.0,0.0,0.0,0.0,0.0,0.0,0.0,0.0,1.0,0.0,0.0,0.0,0.0,0.0,0.0,1.0,0.0,0.0,0.0,1.0
-0.893809402687934,-0.5532115802409495,0.12553339229153038,0.09813375640914405,-0.5,0.5741124472210805,0.8187764639667057,0.0,1.0,0.0,0.0,0.0,0.0,0.0,0.0,1.0,0.0,0.0,0.0,0.0,0.0,0.0,0.0,0.0,0.0,1.0,0.0,0.0,0.0,0.0,1.0
-0.32733313803959585,1.1294049041770753,-0.342156117963695,0.0,-0.5,0.9996592259736137,0.02610425110658329,0.0,1.0,0.0,0.0,0.0,0.0,0.0,0.0,0.0,0.0,0.0,0.0,0.0,0.0,0.0,1.0,0.0,0.0,0.0,0.0,1.0,0.0,0.0,0.0
0.9134373799500658,0.20809478529161354,-1.0061185665275831,-1.033114771708458,1.0,-0.27165041856334465,0.9623959944297148,0.0,1.0,0.0,0.0,0.0,0.0,0.0,0.0,0.0,0.0,0.0,0.0,0.0,0.0,0.0,1.0,0.0,0.0,0.0,1.0,0.0,0.0,1.0,0.0
0.0,0.0,-0.6217724259302181,-0.6846887046195416,1.0,0.4204420643115708,-0.9073193872928237,1.0,0.0,0.0,0.0,0.0,0.0,0.0,0.0,1.0,0.0,0.0,0.0,0.0,0.0,0.0,0.0,0.0,0.0,0.0,0.0,1.0,0.0,0.0,1.0
-1.076449105103303,0.0,-0.2060703425811736,-0.24027731297280994,1.0,0.665610347871157,-0.7462994471435962,1.0,0.0,0.0,0.0,0.0,0.0,0.0,0.0,0.0,0.0,0.0,0.0,0.0,0.0,0.0,1.0,0.0,1.0,0.0,0.0,0.0,0.0,0.0,0.0
-0.2677428148796092,1.2306789388951926,-0.623369285057146,-0.6566434057602764,0.0,0.9883504451294709,-0.15219526146492476,0.0,0.0,0.0,0.0,0.0,0.0,0.0,0.0,0.0,0.0,0.0,0.0,0.0,0.0,0.0,0.0,1.0,0.0,0.0,0.0,1.0,0.0,0.0,0.0
-0.4216495562313045,-0.6157102584539413,0.14225738282088335,0.12160124278519407,1.0,0.9848329986994834,-0.17350494134918262,1.0,0.0,0.0,0.0,0.0,0.0,0.0,0.0,0.0,0.0,0.0,0.0,0.0,0.0,1.0,0.0,0.0,0.0,1.0,0.0,0.0,0.0,0.0,0.0
0.5155337527737859,-0.0724884814964835,0.4156646838553224,0.4155893520412169,1.0,-0.7361955269528481,-0.6767689015421869,0.0,1.0,0.0,0.0,0.0,0.0,0.0,0.0,0.0,0.0,0.0,0.0,0.0,0.0,1.0,0.0,0.0,0.0,0.0,0.0,1.0,0.0,1.0,0.0
-0.7920057724944188,1.4325347899120553,0.7070356778714908,0.7008019435045054,0.0,-0.9759167619387474,-0.21814324139654237,0.0,0.0,1.0,0.0,0.0,0.0,0.0,1.0,0.0,0.0,0.0,0.0,0.0,0.0,0.0,0.0,0.0,0.0,0.0,0.0,1.0,0.0,0.0,1.0
1.1165946331020957,0.603616585755277,0.2831677973424617,0.3122993591888844,0.0,0.9108638249211757,-0.41270702980439505,0.0,0.0,1.0,0.0,0.0,0.0,0.0,0.0,0.0,0.0,0.0,1.0,0.0,0.0,0.0,0.0,0.0,0.0,0.0,1.0,0.0,0.0,0.0,0.0
-0.9635383116182236,0.3430131404985737,0.3683866540583183,0.3600771782826593,-0.5,0.9279718147451027,-0.37265038714414445,0.0,1.0,0.0,0.0,1.0,0.0,0.0,0.0,0.0,0.0,0.0,0.0,0.0,0.0,0.0,0.0,0.0,0.0,1.0,0.0,0.0,0.0,0.0,0.0
-0.15881703472154057,1.5667088290388957,0.2050173225164798,0.1873102046381339,0.0,0.7375229395977072,0.6753220813561162,0.0,1.0,0.0,0.0,0.0,1.0,0.0,0.0,0.0,0.0,0.0,0.0,0.0,0.0,0.0,0.0,0.0,0.0,0.0,1.0,0.0,0.0,0.0,1.0
-0.8283575254886678,-0.14547945764927325,0.9695634204750564,0.9593739800113206,1.0,-0.42762083225619546,0.9039581980492897,0.0,1.0,0.0,0.0,0.0,0.0,0.0,0.0,0.0,0.0,0.0,0.0,0.0,0.0,0.0,0.0,1.0,0.0,0.0,1.0,0.0,0.0,0.0,1.0
0.423105431683927,0.27122334678476945,-0.4995019158341568,-0.5263988563731992,0.0,0.8190686123140684,0.5736955711193058,0.0,0.0,1.0,0.0,0.0,0.0,0.0,0.0,1.0,0.0,0.0,0.0,0.0,0.0,0.0,0.0,0.0,0.0,1.0,0.0,0.0,0.0,0.0,1.0
-1.2058922767388065,-0.5252633479411919,-0.48883985377395633,-0.5249445332738383,1.0,-0.9999612858084543,0.008799254758368754,0.0,0.0,1.0,0.0,0.0,0.0,0.0,0.0,0.0,0.0,0.0,0.0,0.0,1.0,0.0,0.0,0.0,0.0,1.0,0.0,0.0,0.0,0.0,0.0
-0.18062813291594101,-0.5731504806483135,-0.7725708985826555,-0.814900201208906,0.0,0.17801510646219945,-0.9840277546244577,1.0,0.0,0.0,0.0,0.0,0.0,0.0,0.0,0.0,0.0,0.0,0.0,0.0,0.0,1.0,0.0,0.0,0.0,0.0,1.0,0.0,0.0,0.0,0.0
-0.19432084367169358,1.5702724380701474,-0.04390256435532446,-0.06071798939831515,-0.5,-0.3279736990687259,0.944686854316909,0.0,0.0,0.0,0.0,0.0,0.0,0.0,0.0,0.0,0.0,0.0,0.0,0.0,0.0,1.0,0.0,0.0,0.0,0.0,1.0,0.0,0.0,0.0,1.0
-0.6527868825028226,1.863862967487173,-0.8337516242693898,-0.8635539194420687,0.0,-0.7924670938662712,0.6099146703754111,0.0,0.0,0.0,0.0,0.0,0.0,0.0,0.0,0.0,0.0,0.0,0.0,0.0,0.0,0.0,0.0,1.0,0.0,0.0,0.0,1.0,1.0,0.0,0.0
0.8520060082691453,-0.13985405962884964,-0.4809561855948373,-0.5003367253766985,0.0,-0.8218127085148246,0.5697577310783312,0.0,0.0,1.0,0.0,0.0,0.0,0.0,1.0,0.0,0.0,0.0,0.0,0.0,0.0,0.0,0.0,0.0,0.0,1.0,0.0,0.0,0.0,0.0,0.0
1.2285784496325969,-0.2951563582472588,0.0,0.0,0.0,-0.9874827222292007,0.15772721166243658,0.0,0.0,0.0,0.0,1.0,0.0,0.0,0.0,0.0,0.0,0.0,0.0,0.0,0.0,0.0,0.0,0.0,0.0,0.0,0.0,1.0,0.0,0.0,1.0
-0.3389887330766272,3.010130504334173,0.9130089666745183,0.9218921074050661,-0.5,-0.9847065619423453,-0.17422108617410828,0.0,1.0,0.0,0.0,0.0,0.0,0.0,0.0,0.0,1.0,0.0,0.0,0.0,0.0,0.0,0.0,0.0,1.0,0.0,0.0,0.0,0.0,0.0,1.0
0.03300819869561947,-0.10748604144085788,0.9256161679437025,0.9130835368146193,0.0,0.9967085121555869,-0.08106874734813876,0.0,1.0,0.0,0.0,0.0,1.0,0.0,0.0,0.0,0.0,0.0,0.0,0.0,0.0,0.0,0.0,0.0,0.0,1.0,0.0,0.0,0.0,0.0,1.0
-0.47984211267268134,-0.0727389951610792,0.4793667014413131,0.47863756367828064,-0.5,-0.07410849019539895,-0.9972501850994857,0.0,1.0,0.0,0.0,1.0,0.0,0.0,0.0,0.0,0.0,0.0,0.0,0.0,0.0,0.0,0.0,0.0,1.0,0.0,0.0,0.0,0.0,0.0,0.0
-0.8593703302593758,-0.49723684205214735,-0.23944559488163702,-0.2745034850043588,-0.5,-0.4882404967948933,-0.8727091252470527,0.0,1.0,0.0,0.0,0.0,0.0,0.0,0.0,1.0,0.0,0.0,0.0,0.0,0.0,0.0,0.0,0.0,0.0,1.0,0.0,0.0,0.0,1.0,0.0
-0.780710499974853,1.449521318937779,0.7255765188489064,0.710866520408037,0.0,-0.8213981517292405,-0.5703552194341589,0.0,0.0,1.0,0.0,0.0,0.0,0.0,0.0,0.0,0.0,0.0,0.0,0.0,1.0,0.0,0.0,0.0,0.0,1.0,0.0,0.0,0.0,0.0,1.0
-0.7659533144926783,-0.12743713982922308,0.7464511053769318,0.7422997310328587,0.0,0.23280889927636755,-0.9725225017539317,1.0,0.0,0.0,0.0,0.0,0.0,0.0,0.0,0.0,0.0,0.0,1.0,0.0,0.0,0.0,0.0,0.0,0.0,0.0,0.0,1.0,0.0,0.0,1.0
0.8755329142444084,-0.6684026974349553,0.8168978570126512,0.8395080091060458,2.5,0.27619654852440095,0.9611011739578764,0.0,1.0,0.0,0.0,0.0,0.0,0.0,1.0,0.0,0.0,0.0,0.0,0.0,0.0,0.0,0.0,0.0,0.0,0.0,0.0,1.0,0.0,0.0,0.0
0.2534411104733138,-0.3746704198958593,0.26905968094532867,0.2588364588885171,0.0,0.2681492599127523,0.9633773790204144,0.0,1.0,0.0,0.0,0.0,0.0,0.0,0.0,0.0,0.0,0.0,0.0,1.0,0.0,0.0,0.0,0.0,0.0,1.0,0.0,0.0,0.0,0.0,0.0
-0.6866140752426062,2.09920755275615,-0.6195596520131843,-0.6602792135086785,1.0,-0.8674761788010926,0.49747872237177615,1.0,0.0,0.0,0.0,0.0,0.0,1.0,0.0,0.0,0.0,0.0,0.0,0.0,0.0,0.0,0.0,0.0,0.0,0.0,0.0,1.0,0.0,0.0,0.0
-0.6334380836177603,-0.48097595745703003,-0.8440544108967367,-0.8927064870247111,0.0,-0.9463441714292964,0.3231605006831721,1.0,0.0,0.0,0.0,1.0,0.0,0.0,0.0,0.0,0.0,0.0,0.0,0.0,0.0,0.0,0.0,0.0,0.0,1.0,0.0,0.0,0.0,0.0,1.0
-0.7122403778227734,-0.09234203600476969,0.8261810825139817,0.817990637795048,1.0,0.1443562010009732,0.9895257890689695,1.0,0.0,0.0,0.0,0.0,0.0,0.0,0.0,0.0,0.0,0.0,0.0,0.0,1.0,0.0,0.0,0.0,0.0,1.0,0.0,0.0,0.0,0.0,0.0
-1.1405571508055132,0.0,-0.9161093311119826,-0.9591426104273314,0.0,-0.6016988599606177,0.7987230320468373,1.0,0.0,0.0,0.0,0.0,0.0,0.0,0.0,0.0,0.0,0.0,1.0,0.0,0.0,0.0,0.0,0.0,0.0,1.0,0.0,0.0,0.0,0.0,1.0
0.3197955120310719,-0.3600748805481127,-0.42875523878150884,0.0,2.5,-0.006326776329582186,0.9999799857503526,0.0,1.0,0.0,0.0,0.0,0.0,0.0,0.0,0.0,0.0,0.0,0.0,0.0,1.0,0.0,0.0,0.0,0.0,0.0,0.0,0.0,0.0,0.0,0.0
-0.14977643870435767,-0.04021643902650167,-0.04131225085824616,-0.0636762147936059,0.0,0.27927043234176074,-0.9602124898269372,0.0,1.0,0.0,0.0,1.0,0.0,0.0,0.0,0.0,0.0,0.0,0.0,0.0,0.0,0.0,0.0,0.0,0.0,0.0,0.0,1.0,0.0,0.0,1.0
1.2333097965729418,-0.3928177310979496,-0.9841792442872845,-0.9765614348219487,1.0,0.573636005252012,0.8191103304674613,0.0,0.0,0.0,0.0,0.0,0.0,0.0,0.0,0.0,0.0,0.0,0.0,0.0,0.0,1.0,0.0,0.0,0.0,0.0,0.0,1.0,0.0,0.0,1.0
-1.2145152571061208,-0.5347880007306258,0.8102364964941359,0.8098431231588559,0.0,-0.4902700593016372,-0.871570576001949,0.0,0.0,1.0,0.0,0.0,0.0,0.0,0.0,0.0,0.0,0.0,1.0,0.0,0.0,0.0,0.0,0.0,0.0,0.0,0.0,1.0,0.0,0.0,0.0
0.5680371320316279,1.587682924521095,-0.4465365870477165,-0.4607725265145411,-0.5,0.6189226050014052,0.7854519775379489,0.0,1.0,0.0,0.0,0.0,0.0,0.0,0.0,0.0,0.0,0.0,1.0,0.0,0.0,0.0,0.0,0.0,0.0,0.0,0.0,0.0,0.0,0.0,0.0
0.6356970992401249,-0.17604566118684659,-0.9709419683758427,-0.996062585472469,1.0,-0.9790602791417811,0.20357055240583755,1.0,0.0,0.0,0.0,0.0,0.0,0.0,0.0,0.0,0.0,0.0,1.0,0.0,0.0,0.0,0.0,0.0,0.0,1.0,0.0,0.0,0.0,0.0,0.0
0.7363489269392035,1.339729280020349,0.985996070904409,0.9952858447262196,-0.5,-0.2921630644334104,-0.956368518815252,0.0,0.0,1.0,0.0,0.0,0.0,0.0,0.0,0.0,0.0,0.0,0.0,0.0,0.0,1.0,0.0,0.0,1.0,0.0,0.0,0.0,0.0,0.0,1.0
0.11755949487446751,1.6765170081105265,-0.3973190008116204,-0.4273230952292417,0.0,-0.9961310532340095,-0.08788017286568675,0.0,0.0,0.0,0.0,0.0,0.0,0.0,0.0,0.0,0.0,0.0,1.0,0.0,0.0,0.0,0.0,0.0,1.0,0.0,0.0,0.0,0.0,0.0,1.0
0.6248435787844093,1.5688363808910442,0.749105625938428,0.7589583410800829,-0.5,-0.9806716154808828,-0.19566088671503976,1.0,0.0,0.0,0.0,0.0,0.0,0.0,0.0,0.0,0.0,0.0,1.0,0.0,0.0,0.0,0.0,0.0,0.0,0.0,0.0,1.0,0.0,0.0,0.0
0.16162828027761636,1.2555184317661132,-0.10921568258292345,-0.12484041696104309,1.0,-0.913693290865193,0.40640444169316586,1.0,0.0,0.0,0.0,0.0,0.0,0.0,0.0,0.0,0.0,0.0,0.0,0.0,0.0,0.0,0.0,1.0,0.0,1.0,0.0,0.0,0.0,0.0,1.0
-0.5628340779610728,0.2691032322430961,0.3159021128273493,0.2976404434032814,2.5,0.7962220410139691,-0.605004513539816,1.0,0.0,0.0,0.0,0.0,0.0,0.0,0.0,0.0,0.0,0.0,0.0,0.0,1.0,0.0,0.0,0.0,1.0,0.0,0.0,0.0,0.0,0.0,0.0
-0.33787749921995747,-0.5934807679948068,-0.5398749911328414,-0.5634510426091878,0.0,0.6932970210310112,0.7206519552665666,0.0,0.0,1.0,0.0,0.0,0.0,0.0,0.0,0.0,1.0,0.0,0.0,0.0,0.0,0.0,0.0,0.0,0.0,1.0,0.0,0.0,0.0,0.0,0.0
-0.35574971615537976,1.4433137609424769,-0.009043751828090366,-0.02983014993575355,1.0,0.7803394612259014,0.6253561587237069,0.0,1.0,0.0,0.0,0.0,0.0,0.0,0.0,0.0,0.0,0.0,0.0,1.0,0.0,0.0,0.0,0.0,0.0,0.0,0.0,1.0,0.0,0.0,0.0
0.8097458691413576,1.395312835059461,-0.5062935675922812,-0.5192925048649586,0.0,0.7666517835431722,0.6420631143354001,0.0,1.0,0.0,0.0,0.0,0.0,0.0,0.0,1.0,0.0,0.0,0.0,0.0,0.0,0.0,0.0,0.0,1.0,0.0,0.0,0.0,0.0,1.0,0.0
0.8989629876455834,0.08728075252472982,0.8998048876047763,0.9153972326545117,0.0,0.44443975461288227,-0.8958087432703707,1.0,0.0,0.0,0.0,0.0,0.0,1.0,0.0,0.0,0.0,0.0,0.0,0.0,0.0,0.0,0.0,0.0,0.0,1.0,0.0,0.0,0.0,0.0,0.0
0.542439965942142,0.5290268436246001,-0.9051609671971864,-0.9362039688146854,2.5,-0.37123278883327904,0.9285398303223541,0.0,0.0,1.0,0.0,0.0,0.0,0.0,0.0,0.0,0.0,0.0,1.0,0.0,0.0,0.0,0.0,0.0,1.0,0.0,0.0,0.0,0.0,0.0,0.0
-0.01599919937225472,-0.6139023045489367,-0.4717759541538348,-0.4947177497655317,1.0,0.9998552150265739,-0.01701613893230684,0.0,1.0,0.0,0.0,0.0,0.0,0.0,0.0,0.0,0.0,0.0,0.0,0.0,0.0,0.0,1.0,0.0,0.0,1.0,0.0,0.0,0.0,0.0,0.0
-1.2056502949455126,0.0,0.7822468810641875,0.7673702780979766,1.0,0.6093958712783449,-0.7928661123221921,0.0,0.0,1.0,0.0,0.0,0.0,0.0,0.0,0.0,0.0,0.0,0.0,0.0,0.0,0.0,1.0,0.0,1.0,0.0,0.0,0.0,0.0,0.0,0.0
0.5493233953602701,0.8579064153508913,-0.05535596445653221,-0.06352747720389848,0.0,-0.9963762887953119,0.08505463612573431,0.0,0.0,1.0,0.0,0.0,0.0,0.0,0.0,1.0,0.0,0.0,0.0,0.0,0.0,0.0,0.0,0.0,0.0,0.0,0.0,1.0,0.0,0.0,1.0
0.5174712801545985,0.6607195446587656,0.18807000487449987,0.17570867264095993,0.0,-0.38811886143114455,-0.9216093257999248,0.0,1.0,0.0,0.0,0.0,0.0,0.0,0.0,0.0,0.0,1.0,0.0,0.0,0.0,0.0,0.0,0.0,0.0,1.0,0.0,0.0,0.0,0.0,0.0
0.14627921065287236,-0.5948226851367621,0.29271996059957445,0.2807504637720679,-0.5,-0.233162503038989,0.9724377857614304,0.0,0.0,1.0,0.0,0.0,0.0,1.0,0.0,0.0,0.0,0.0,0.0,0.0,0.0,0.0,0.0,0.0,0.0,1.0,0.0,0.0,0.0,0.0,0.0
0.2901000037031409,0.22425135062333743,-0.8849199045651014,-0.915595549440788,0.0,0.6388797153881178,-0.7693066418961931,1.0,0.0,0.0,0.0,0.0,0.0,0.0,0.0,0.0,0.0,0.0,0.0,0.0,0.0,0.0,0.0,1.0,0.0,0.0,1.0,0.0,0.0,0.0,1.0
-0.6018114534352166,-0.3079316808044607,-0.9927726922266944,-1.0142416242144796,0.0,-0.8986026852499565,-0.43876327793192516,0.0,0.0,0.0,0.0,0.0,0.0,0.0,0.0,0.0,0.0,0.0,0.0,0.0,0.0,0.0,0.0,0.0,0.0,1.0,0.0,0.0,0.0,0.0,0.0
-0.2988549275529382,0.6563030831828894,0.8729519248331779,0.8577201006457691,1.0,0.66739941957216,-0.7446999494794826,0.0,1.0,0.0,0.0,0.0,0.0,0.0,0.0,0.0,0.0,0.0,0.0,1.0,0.0,0.0,0.0,0.0,0.0,1.0,0.0,0.0,0.0,0.0,1.0
-0.6072626055828894,1.794058231061472,-0.478206071836033,-0.502964422794862,1.0,0.8500459422548617,0.5267085494427106,0.0,0.0,1.0,0.0,0.0,0.0,0.0,0.0,0.0,0.0,0.0,0.0,0.0,0.0,1.0,0.0,0.0,0.0,1.0,0.0,0.0,0.0,0.0,1.0
-0.169428867398436,0.44709177477597734,-0.25756757557915894,-0.28838566004371224,0.0,0.5969835813588509,-0.8022534534596659,0.0,0.0,0.0,0.0,0.0,0.0,0.0,0.0,0.0,0.0,0.0,0.0,1.0,0.0,0.0,0.0,0.0,0.0,0.0,0.0,1.0,0.0,0.0,0.0
0.5899932193989589,0.34770199253530504,0.0,0.0,-0.5,0.98177950559467,0.1900236890345134,1.0,0.0,0.0,0.0,0.0,0.0,0.0,0.0,0.0,0.0,0.0,1.0,0.0,0.0,0.0,0.0,0.0,0.0,0.0,0.0,1.0,0.0,0.0,1.0
0.25988804342897553,-0.33261540804241346,-0.5495802883116212,-0.57984523027471,1.0,0.962178381795393,0.2724201930944161,0.0,0.0,1.0,0.0,1.0,0.0,0.0,0.0,0.0,0.0,0.0,0.0,0.0,0.0,0.0,0.0,0.0,0.0,1.0,0.0,0.0,0.0,0.0,0.0
-0.7394289090711212,0.1131390906764144,0.45773306145433107,0.4517656391378178,-0.5,-0.5653269733138326,-0.8248669063817635,1.0,0.0,0.0,0.0,0.0,0.0,0.0,0.0,0.0,1.0,0.0,0.0,0.0,0.0,0.0,0.0,0.0,0.0,1.0,0.0,0.0,0.0,0.0,1.0
1.3288239063063931,-0.572846597027417,-0.09954798819194172,-0.06798960489511932,1.0,0.7234693785622097,0.6903564718917394,0.0,0.0,1.0,0.0,0.0,0.0,0.0,0.0,0.0,0.0,0.0,0.0,1.0,0.0,0.0,0.0,0.0,0.0,1.0,0.0,0.0,0.0,0.0,1.0
0.0646764401023013,-0.1575289618068539,0.708236398800714,0.6932824320248557,-0.5,-0.9277005703812606,-0.37332512869385537,0.0,0.0,0.0,0.0,0.0,0.0,0.0,0.0,0.0,0.0,0.0,0.0,1.0,0.0,0.0,0.0,0.0,0.0,1.0,0.0,0.0,0.0,0.0,0.0
-0.5160598275799819,-0.41092861996193536,-0.463935290453554,-0.4930155306833252,0.0,-0.9132494288708106,0.4074008844702455,0.0,0.0,1.0,0.0,0.0,0.0,0.0,0.0,1.0,0.0,0.0,0.0,0.0,0.0,0.0,0.0,0.0,0.0,0.0,0.0,1.0,0.0,0.0,1.0
-0.27008349015842015,1.2135526884275518,-0.6154439868798978,-0.6431578642934758,2.5,-0.8814065256748297,0.4723584830378574,0.0,1.0,0.0,0.0,0.0,0.0,0.0,0.0,0.0,0.0,0.0,0.0,0.0,0.0,0.0,1.0,0.0,1.0,0.0,0.0,0.0,0.0,1.0,0.0
-0.43947724403606253,-0.5352806635184745,0.6577022735764947,0.0,-0.5,0.11760961512310741,0.9930599067682647,1.0,0.0,0.0,0.0,0.0,0.0,1.0,0.0,0.0,0.0,0.0,0.0,0.0,0.0,0.0,0.0,0.0,0.0,1.0,0.0,0.0,1.0,0.0,0.0
0.10332798951831144,-0.5830707963969707,-0.36703905337263515,-0.39248544644000705,0.0,0.6346181169466381,-0.7728258831348127,0.0,0.0,1.0,0.0,0.0,0.0,0.0,0.0,0.0,0.0,1.0,0.0,0.0,0.0,0.0,0.0,0.0,0.0,0.0,0.0,1.0,0.0,0.0,1.0
-0.8904190018193868,0.3207263652770197,-0.19358127881970277,-0.19932489660671718,0.0,-0.7550434521345221,0.6556747557964876,0.0,0.0,1.0,0.0,0.0,0.0,0.0,0.0,0.0,0.0,0.0,0.0,1.0,0.0,0.0,0.0,0.0,0.0,0.0,0.0,1.0,0.0,0.0,1.0
0.1532401643178946,-0.5100385164299976,0.5806878019083354,0.5916450790581606,2.5,0.9977966460795771,0.06634646239512025,0.0,1.0,0.0,0.0,0.0,0.0,0.0,0.0,0.0,0.0,0.0,0.0,1.0,0.0,0.0,0.0,0.0,0.0,0.0,0.0,0.0,0.0,0.0,0.0
0.5618485879558431,1.0700998911852129,0.26003927518480496,0.2599933068084633,1.0,0.9875628860050054,-0.15722450885744466,0.0,0.0,1.0,0.0,0.0,0.0,0.0,0.0,0.0,0.0,0.0,0.0,1.0,0.0,0.0,0.0,0.0,0.0,0.0,1.0,0.0,0.0,0.0,0.0
0.425242666581138,-0.3059460731702907,-0.13303866819924118,-0.15743047550581107,-0.5,0.9489219108995414,-0.3155110251873345,1.0,0.0,0.0,0.0,0.0,0.0,0.0,1.0,0.0,0.0,0.0,0.0,0.0,0.0,0.0,0.0,0.0,1.0,0.0,0.0,0.0,0.0,0.0,1.0
0.13162137731246967,0.9067924091413719,-0.5220301852698498,-0.5562785855055219,-0.5,0.9319815095804341,-0.36250581485015526,0.0,0.0,1.0,0.0,0.0,1.0,0.0,0.0,0.0,0.0,0.0,0.0,0.0,0.0,0.0,0.0,0.0,0.0,1.0,0.0,0.0,0.0,0.0,0.0
0.3620766220943863,-0.7033162314280221,0.520855670649522,0.5159872250936841,1.0,0.26737852761935893,-0.9635915747701947,0.0,1.0,0.0,0.0,0.0,0.0,0.0,0.0,0.0,0.0,0.0,1.0,0.0,0.0,0.0,0.0,0.0,0.0,1.0,0.0,0.0,1.0,0.0,0.0
0.22549242908045875,3.0428977115090214,-0.6628756649319051,-0.6908530513929688,0.0,-0.970190075573769,-0.242345243935515,0.0,0.0,1.0,0.0,0.0,0.0,0.0,0.0,0.0,0.0,0.0,1.0,0.0,0.0,0.0,0.0,0.0,0.0,1.0,0.0,0.0,0.0,0.0,0.0
0.7196847879957831,-0.5672564043177017,0.8535638257826087,0.8597859005028157,1.0,-0.9287017227881883,-0.37082760157551803,0.0,0.0,0.0,1.0,0.0,0.0,1.0,0.0,0.0,0.0,0.0,0.0,0.0,0.0,0.0,0.0,0.0,0.0,1.0,0.0,0.0,0.0,0.0,0.0
-0.22783839015462018,-0.4549121375944857,-0.7239408655813966,-0.7620818304639374,-0.5,0.656168790109915,0.7546141523226889,0.0,1.0,0.0,0.0,0.0,0.0,0.0,0.0,0.0,0.0,0.0,0.0,1.0,0.0,0.0,0.0,0.0,0.0,0.0,0.0,1.0,0.0,0.0,0.0
-0.6632361983657828,-0.4024614920750706,0.6034508813200791,0.575498787375484,-0.5,0.17106936486110255,0.9852589874779214,0.0,0.0,1.0,0.0,0.0,0.0,0.0,0.0,0.0,1.0,0.0,0.0,0.0,0.0,0.0,0.0,0.0,1.0,0.0,0.0,0.0,0.0,1.0,0.0
0.20577571094289462,0.16598837602141864,0.0,0.0,1.0,-0.13910108626596784,0.9902781870765547,1.0,0.0,0.0,0.0,0.0,0.0,0.0,0.0,0.0,0.0,0.0,0.0,1.0,0.0,0.0,0.0,0.0,0.0,0.0,1.0,0.0,0.0,0.0,1.0
0.7481994529011979,-0.3736381630535052,-0.6515706341121552,-0.6654685027495796,-0.5,-0.973810884268118,0.22735954275320397,0.0,0.0,0.0,0.0,0.0,0.0,0.0,0.0,0.0,0.0,0.0,0.0,0.0,0.0,1.0,0.0,0.0,1.0,0.0,0.0,0.0,0.0,0.0,1.0
-0.33072984493579904,-0.6588624886970895,-0.21282390127117332,-0.2245772340592554,1.0,0.8750424502611525,-0.48404618606178335,0.0,0.0,0.0,0.0,0.0,0.0,1.0,0.0,0.0,0.0,0.0,0.0,0.0,0.0,0.0,0.0,0.0,0.0,0.0,0.0,1.0,0.0,0.0,0.0
1.145868862213843,0.4900677975787003,-0.5794935738230049,-0.5853650474927388,-0.5,-0.7905559898369583,-0.6123897671686777,0.0,0.0,1.0,0.0,1.0,0.0,0.0,0.0,0.0,0.0,0.0,0.0,0.0,0.0,0.0,0.0,0.0,1.0,0.0,0.0,0.0,0.0,1.0,0.0
0.21754106490439093,1.2911677373046295,-0.7529829493371165,-0.7837314129657862,-0.5,0.9056613234171151,-0.4240018481874336,0.0,0.0,1.0,0.0,0.0,0.0,0.0,0.0,0.0,0.0,0.0,0.0,0.0,1.0,0.0,0.0,0.0,0.0,1.0,0.0,0.0,0.0,0.0,0.0
0.629126500961344,1.6958512889534132,-0.5437981546686683,-0.5598648140573549,2.5,-0.5776201951372648,0.8163056475178817,0.0,0.0,0.0,0.0,0.0,0.0,0.0,0.0,0.0,0.0,0.0,1.0,0.0,0.0,0.0,0.0,0.0,0.0,1.0,0.0,0.0,0.0,1.0,0.0
-0.8049871848847431,0.8085411273285374,0.7301129682200858,0.7234926891343059,0.0,-0.7248735936757886,0.6888819007577043,1.0,0.0,0.0,0.0,0.0,0.0,0.0,0.0,0.0,0.0,0.0,0.0,1.0,0.0,0.0,0.0,0.0,1.0,0.0,0.0,0.0,0.0,0.0,1.0
0.5244859420425895,-0.38021539177142016,-0.8139189791229421,-0.8419869689345018,1.0,0.028721260392898587,0.999587459505892,1.0,0.0,0.0,0.0,0.0,0.0,0.0,0.0,0.0,0.0,0.0,0.0,0.0,0.0,1.0,0.0,0.0,0.0,1.0,0.0,0.0,0.0,0.0,0.0
0.2816249669775857,-0.5551767465388298,0.9433113969664774,0.9379227142957481,-0.5,-0.9420086533702235,-0.3355885829041536,0.0,0.0,1.0,0.0,0.0,0.0,0.0,0.0,0.0,0.0,0.0,0.0,0.0,0.0,1.0,0.0,0.0,0.0,0.0,0.0,1.0,0.0,0.0,1.0
1.5480484930584966,-0.6729664811533776,-1.0186066317977454,-0.978131442713304,1.0,0.9216093257999248,0.3881188614311445,0.0,0.0,0.0,0.0,0.0,0.0,0.0,0.0,0.0,0.0,0.0,0.0,0.0,0.0,0.0,0.0,0.0,0.0,1.0,0.0,0.0,0.0,0.0,1.0
0.31742199056655424,3.4253417297427164,0.305991052757773,0.28232047166342344,1.0,-0.6337747172812374,0.7735176841773481,0.0,0.0,0.0,0.0,0.0,0.0,0.0,0.0,0.0,0.0,1.0,0.0,0.0,0.0,0.0,0.0,0.0,1.0,0.0,0.0,0.0,0.0,0.0,0.0
0.4208503057745783,-0.23766927047207506,0.7080380447501072,0.7132628482422112,0.0,0.5347825643620953,0.8449897093185819,0.0,0.0,0.0,0.0,0.0,0.0,0.0,0.0,0.0,0.0,1.0,0.0,0.0,0.0,0.0,0.0,0.0,1.0,0.0,0.0,0.0,0.0,1.0,0.0
-0.6069275104648967,2.4860025105887966,0.8650774074228932,0.8520350194391766,1.0,-0.4135679637721518,-0.9104732502063727,1.0,0.0,0.0,0.0,0.0,0.0,0.0,0.0,0.0,1.0,0.0,0.0,0.0,0.0,0.0,0.0,0.0,0.0,1.0,0.0,0.0,0.0,0.0,1.0
0.17016600848788746,0.031651958028122394,-0.7367773992467705,-0.7641806831186967,1.0,-0.5182758028303424,-0.8552135360251053,0.0,0.0,0.0,0.0,0.0,1.0,0.0,0.0,0.0,0.0,0.0,0.0,0.0,0.0,0.0,0.0,0.0,1.0,0.0,0.0,0.0,0.0,0.0,0.0
0.7958643270016695,1.1967256738360499,0.38704035592779995,0.40375645046005376,0.0,0.7011685631415366,0.7129955442091015,0.0,1.0,0.0,0.0,0.0,0.0,0.0,0.0,0.0,0.0,0.0,1.0,0.0,0.0,0.0,0.0,0.0,0.0,1.0,0.0,0.0,0.0,0.0,0.0
-0.3010744481958229,-0.4876634616190353,-0.8110663019134056,-0.852580390601437,0.0,0.5492659212727975,0.8356476217451618,0.0,0.0,1.0,0.0,0.0,0.0,0.0,1.0,0.0,0.0,0.0,0.0,0.0,0.0,0.0,0.0,0.0,0.0,0.0,0.0,1.0,0.0,0.0,1.0
-0.5399181025128414,1.4029337460515536,-0.3137391418751926,-0.34482331213822676,0.0,-0.8541186226819746,-0.5200782425634115,0.0,1.0,0.0,0.0,0.0,0.0,0.0,0.0,0.0,0.0,0.0,0.0,0.0,0.0,0.0,1.0,0.0,1.0,0.0,0.0,0.0,0.0,0.0,1.0
1.4671643813808315,0.1378656940785596,0.45541127801513703,0.5053442242301799,-0.5,-0.32247221439014967,0.9465789301195718,1.0,0.0,0.0,0.0,0.0,0.0,0.0,0.0,0.0,0.0,0.0,1.0,0.0,0.0,0.0,0.0,0.0,1.0,0.0,0.0,0.0,0.0,0.0,1.0
-0.25404354583570193,0.48916818022162567,-0.32719979656361015,-0.33484136722897734,0.0,0.6902512402344372,0.7235697791884493,1.0,0.0,0.0,0.0,0.0,0.0,0.0,0.0,0.0,0.0,0.0,1.0,0.0,0.0,0.0,0.0,0.0,0.0,0.0,0.0,0.0,0.0,0.0,1.0
0.6113243188852926,-0.5042989160901157,-0.3933009456027415,-0.4079872085672851,0.0,0.9943765171071357,-0.10590251284026367,1.0,0.0,0.0,0.0,0.0,0.0,0.0,0.0,1.0,0.0,0.0,0.0,0.0,0.0,0.0,0.0,0.0,0.0,1.0,0.0,0.0,0.0,0.0,1.0
-0.38893998727242557,-0.211290336271888,-0.7934140432147938,-0.8309638608973008,0.0,-0.932192249181766,0.3619635486695315,0.0,0.0,1.0,0.0,1.0,0.0,0.0,0.0,0.0,0.0,0.0,0.0,0.0,0.0,0.0,0.0,0.0,1.0,0.0,0.0,0.0,1.0,0.0,0.0
-0.3624191027914387,0.9231433785205767,-0.8940232581225703,-0.9325516346674269,1.0,-0.30410233961942623,-0.9526393688264154,1.0,0.0,0.0,0.0,1.0,0.0,0.0,0.0,0.0,0.0,0.0,0.0,0.0,0.0,0.0,0.0,0.0,0.0,0.0,0.0,1.0,0.0,0.0,1.0
-0.14666200349955677,-0.6183284546944131,-0.7949888388288825,-0.8180897961881861,0.0,0.8444448046799825,-0.5356425784503936,1.0,0.0,0.0,0.0,0.0,0.0,0.0,0.0,0.0,1.0,0.0,0.0,0.0,0.0,0.0,0.0,0.0,0.0,0.0,1.0,0.0,0.0,1.0,0.0
0.36012743452185,-0.008084298084868881,0.7464895776890492,0.7427294174031245,2.5,-0.9996760970536633,0.025449970128760015,0.0,1.0,0.0,0.0,0.0,1.0,0.0,0.0,0.0,0.0,0.0,0.0,0.0,0.0,0.0,0.0,0.0,0.0,1.0,0.0,0.0,0.0,0.0,0.0
0.8130804858225152,2.0787644859496583,-1.0060345229683068,0.0,0.0,0.6836984492184839,-0.7297646405083218,1.0,0.0,0.0,0.0,0.0,0.0,0.0,0.0,0.0,0.0,0.0,1.0,0.0,0.0,0.0,0.0,0.0,1.0,0.0,0.0,0.0,0.0,0.0,0.0
-0.4433451951384784,-0.4974384679867749,0.3762069187742594,0.3552845226143111,0.0,0.9595395245312702,-0.2815739704985242,0.0,1.0,0.0,0.0,0.0,0.0,0.0,0.0,0.0,0.0,0.0,0.0,0.0,0.0,0.0,1.0,0.0,0.0,0.0,0.0,1.0,0.0,0.0,0.0
0.7765132212610136,-0.25210486931389076,0.5298248764722339,0.5320343583832225,1.0,-0.972318967379607,0.23365749650686302,0.0,1.0,0.0,0.0,0.0,0.0,0.0,0.0,0.0,0.0,0.0,0.0,0.0,0.0,0.0,1.0,0.0,0.0,1.0,0.0,0.0,0.0,0.0,1.0
0.039511973976581904,1.6163453571126676,0.12278540507517076,0.11067729314113137,0.0,0.9325340280715219,0.36108210491341447,0.0,0.0,1.0,0.0,0.0,0.0,0.0,0.0,0.0,0.0,0.0,0.0,1.0,0.0,0.0,0.0,0.0,0.0,0.0,0.0,1.0,0.0,1.0,0.0
-0.18382642197534904,0.0970493499413413,0.4530773612861704,0.4517656391378178,0.0,-0.7816565632326625,-0.6237090805458123,0.0,0.0,1.0,0.0,0.0,0.0,1.0,0.0,0.0,0.0,0.0,0.0,0.0,0.0,0.0,0.0,0.0,0.0,1.0,0.0,0.0,0.0,0.0,0.0
0.34996119139146953,0.07011391400013496,0.2938885398704188,0.28359300437536417,-0.5,-0.9961054477840204,-0.08816993192124031,0.0,0.0,1.0,0.0,0.0,0.0,0.0,0.0,0.0,0.0,0.0,0.0,0.0,0.0,1.0,0.0,0.0,0.0,0.0,0.0,1.0,0.0,0.0,0.0
1.0149010147517932,0.4563853085486561,-0.10498980935018816,-0.10023260906390342,0.0,-0.20627534403277148,-0.9784939869228435,1.0,0.0,0.0,0.0,0.0,0.0,0.0,0.0,0.0,0.0,0.0,0.0,0.0,0.0,0.0,1.0,0.0,0.0,0.0,1.0,0.0,0.0,1.0,0.0
0.3171057200472784,-0.4847989501938387,-0.2527064486027576,-0.2653974392344971,0.0,0.6755902076156602,0.7372773368101241,1.0,0.0,0.0,0.0,0.0,0.0,1.0,0.0,0.0,0.0,0.0,0.0,0.0,0.0,0.0,0.0,0.0,0.0,0.0,0.0,1.0,0.0,0.0,0.0
-0.5491195455243052,-0.4773891504816906,0.8800306229843246,0.8741142883112915,2.5,-0.6168641778685889,0.7870696195779061,0.0,0.0,0.0,0.0,0.0,0.0,0.0,0.0,0.0,0.0,0.0,0.0,0.0,1.0,0.0,0.0,0.0,0.0,0.0,0.0,1.0,0.0,0.0,1.0
0.04518972844922792,0.38353169740697163,0.9420915207025461,0.9478716064072849,0.0,-0.9510789861302892,0.3089478307762997,1.0,0.0,0.0,0.0,0.0,0.0,0.0,1.0,0.0,0.0,0.0,0.0,0.0,0.0,0.0,0.0,0.0,0.0,0.0,0.0,1.0,0.0,0.0,1.0
0.3519841433984788,0.04360738073945533,0.29186432114017136,0.27131389002507894,1.0,0.260574719104776,-0.9654536839038251,1.0,0.0,0.0,0.0,0.0,0.0,0.0,0.0,0.0,0.0,0.0,0.0,0.0,0.0,1.0,0.0,0.0,0.0,1.0,0.0,0.0,0.0,1.0,0.0
-0.46438544277011784,-0.5702825538564494,-0.6286722079719947,-0.6707569503836189,1.0,-0.4788195503245173,0.8779133432332755,0.0,1.0,0.0,0.0,0.0,0.0,0.0,0.0,0.0,0.0,0.0,0.0,0.0,0.0,0.0,0.0,1.0,0.0,1.0,0.0,0.0,0.0,0.0,0.0
0.1433812269917282,0.5262680247200595,0.0,0.0,0.0,0.23075739194239575,0.9730113185692876,1.0,0.0,0.0,0.0,1.0,0.0,0.0,0.0,0.0,0.0,0.0,0.0,0.0,0.0,0.0,0.0,0.0,0.0,0.0,0.0,1.0,0.0,0.0,0.0
-0.5439668776983146,1.265407663501766,-0.02189521212113553,-0.040787152377528973,0.0,0.6664782559424854,-0.7455244693206675,1.0,0.0,0.0,0.0,0.0,0.0,0.0,0.0,0.0,0.0,0.0,0.0,0.0,0.0,0.0,1.0,0.0,0.0,1.0,0.0,0.0,0.0,0.0,1.0
0.4060699071938502,-0.6242065443760926,0.5082210169145696,0.0,1.0,-0.7745766578362442,-0.6324800401081713,1.0,0.0,0.0,0.0,0.0,0.0,0.0,0.0,0.0,0.0,0.0,1.0,0.0,0.0,0.0,0.0,0.0,0.0,1.0,0.0,0.0,1.0,0.0,0.0
1.0424165739844864,-0.16754000909647754,0.3253335800755759,0.3435177266285733,1.0,-0.09758289975914904,-0.9952273999818312,0.0,0.0,1.0,0.0,0.0,0.0,0.0,0.0,0.0,0.0,0.0,0.0,0.0,0.0,0.0,0.0,0.0,0.0,0.0,0.0,1.0,0.0,0.0,1.0
-0.1172036101226568,0.20699693923895776,0.015165596509227157,0.0012890591107972524,-0.5,0.4650995766202217,0.8852583712271184,0.0,0.0,1.0,0.0,0.0,0.0,0.0,0.0,0.0,1.0,0.0,0.0,0.0,0.0,0.0,0.0,0.0,0.0,1.0,0.0,0.0,0.0,0.0,0.0
0.48999862240124414,-0.46200045538301465,0.3508575583822815,0.33756822304027895,0.0,0.6595644885361998,0.751647979749817,0.0,0.0,1.0,0.0,0.0,0.0,0.0,0.0,0.0,0.0,0.0,0.0,0.0,0.0,1.0,0.0,0.0,0.0,1.0,0.0,0.0,0.0,0.0,1.0
0.7030652087734921,0.36079208862520157,-0.9799612413338471,-0.996641009432442,0.0,-0.9928270666989832,-0.11955925572657522,0.0,0.0,0.0,0.0,1.0,0.0,0.0,0.0,0.0,0.0,0.0,0.0,0.0,0.0,0.0,0.0,0.0,0.0,0.0,0.0,1.0,1.0,0.0,0.0
-0.35648645264656414,-0.42455598815452444,0.5460692564407529,0.5438176807678166,-0.5,-0.667940804133191,0.7442144060510427,0.0,0.0,0.0,0.0,0.0,0.0,0.0,0.0,1.0,0.0,0.0,0.0,0.0,0.0,0.0,0.0,0.0,0.0,1.0,0.0,0.0,0.0,1.0,0.0
0.2484465315156532,-0.5802285699305263,-0.5996078681477988,-0.628069262137607,0.0,-0.8202350824428489,0.5720265811393496,0.0,0.0,1.0,0.0,1.0,0.0,0.0,0.0,0.0,0.0,0.0,0.0,0.0,0.0,0.0,0.0,0.0,0.0,0.0,1.0,0.0,1.0,0.0,0.0
0.7902520155227746,-0.06269990445513092,0.3022822934671927,0.0,1.0,0.14025323283629676,-0.9901156653032854,1.0,0.0,0.0,0.0,0.0,0.0,0.0,0.0,0.0,0.0,0.0,0.0,0.0,0.0,0.0,0.0,0.0,0.0,0.0,1.0,0.0,0.0,0.0,0.0
1.1764349327340422,-0.37051164954612387,-0.797634505416845,-0.7853510000537107,0.0,0.8283456230473699,-0.5602173942125187,0.0,1.0,0.0,0.0,0.0,0.0,0.0,0.0,0.0,0.0,0.0,0.0,0.0,0.0,1.0,0.0,0.0,1.0,0.0,0.0,0.0,0.0,0.0,0.0
-0.7859266807320906,-0.3818062750395877,-0.9564378869434348,-0.9962774286576018,1.0,-0.9125667300761732,0.4089278214527361,0.0,1.0,0.0,0.0,0.0,0.0,0.0,0.0,0.0,0.0,0.0,0.0,0.0,0.0,0.0,1.0,0.0,1.0,0.0,0.0,0.0,0.0,1.0,0.0
0.36806888206186783,0.3161159697011432,0.8169696983966688,0.8126691373632957,0.0,-0.8385517261825379,-0.5448219915865052,0.0,0.0,1.0,0.0,0.0,1.0,0.0,0.0,0.0,0.0,0.0,0.0,0.0,0.0,0.0,0.0,0.0,1.0,0.0,0.0,0.0,0.0,0.0,0.0
0.10527214556407266,0.030417171071694827,0.1971434054089942,0.18415366245656667,-0.5,0.5307207606770922,-0.8475467386441462,0.0,0.0,0.0,0.0,0.0,0.0,0.0,0.0,1.0,0.0,0.0,0.0,0.0,0.0,0.0,0.0,0.0,1.0,0.0,0.0,0.0,0.0,0.0,0.0
-0.03817285272408994,-0.0235488447533693,-0.29477891291286046,-0.3255204782739829,1.0,-0.8500076366805535,0.5267703651352649,0.0,1.0,0.0,0.0,1.0,0.0,0.0,0.0,0.0,0.0,0.0,0.0,0.0,0.0,0.0,0.0,0.0,0.0,1.0,0.0,0.0,0.0,1.0,0.0
-0.41626865420492265,-0.2048268045066618,0.5686631413050666,0.5636824121931772,1.0,0.38872197015239573,-0.9213551052231924,0.0,1.0,0.0,0.0,0.0,0.0,1.0,0.0,0.0,0.0,0.0,0.0,0.0,0.0,0.0,0.0,0.0,0.0,0.0,0.0,1.0,0.0,0.0,0.0
0.5954069734124698,0.9490135349927306,0.24078726637123246,0.23809582832376877,1.0,0.9785988655009383,0.20577721069223492,0.0,1.0,0.0,0.0,0.0,0.0,1.0,0.0,0.0,0.0,0.0,0.0,0.0,0.0,0.0,0.0,0.0,1.0,0.0,0.0,0.0,0.0,0.0,0.0
-0.4613905930160859,-0.5938437573586801,0.22861743802977436,0.20343996992195412,-0.5,0.4882404967948931,0.8727091252470527,1.0,0.0,0.0,0.0,0.0,0.0,0.0,0.0,0.0,1.0,0.0,0.0,0.0,0.0,0.0,0.0,0.0,0.0,0.0,0.0,1.0,0.0,0.0,1.0
-0.5168535924984138,-0.60831463914262,-0.041147948830487516,-0.06233757648623957,-0.5,0.41045361441294925,0.9118814782719002,1.0,0.0,0.0,0.0,0.0,0.0,0.0,1.0,0.0,0.0,0.0,0.0,0.0,0.0,0.0,0.0,0.0,0.0,0.0,0.0,1.0,0.0,0.0,1.0
-0.15330749607205235,-0.6307681064173505,-1.01266876169484,-1.0564830996913694,-0.5,0.9954240366528473,-0.09555619945221186,0.0,1.0,0.0,0.0,0.0,1.0,0.0,0.0,0.0,0.0,0.0,0.0,0.0,0.0,0.0,0.0,0.0,0.0,0.0,0.0,1.0,0.0,0.0,1.0
0.6295337351446982,1.3876478149281914,-0.5046484369540567,-0.5306791936769998,0.0,0.16117320869614538,-0.9869261354319222,1.0,0.0,0.0,0.0,0.0,0.0,1.0,0.0,0.0,0.0,0.0,0.0,0.0,0.0,0.0,0.0,0.0,0.0,0.0,0.0,1.0,0.0,0.0,0.0
-0.9075491266745196,-0.46998840518802554,-0.8075634316115017,-0.8399707482740243,1.0,-0.7377193516223528,-0.675107516060883,0.0,1.0,0.0,0.0,0.0,1.0,0.0,0.0,0.0,0.0,0.0,0.0,0.0,0.0,0.0,0.0,0.0,0.0,1.0,0.0,0.0,0.0,0.0,1.0
-0.7225101762804328,0.5730592540848297,0.314450155066711,0.29977234885575343,-0.5,-0.4681226108739035,0.8836635226083511,1.0,0.0,0.0,0.0,0.0,0.0,0.0,0.0,0.0,0.0,0.0,0.0,0.0,0.0,0.0,0.0,0.0,0.0,0.0,0.0,1.0,0.0,0.0,1.0
-0.6066259770509503,-0.3241854276854437,-0.5246047755989722,-0.5607737659944553,1.0,-0.20819621362081256,-0.9780870802919119,1.0,0.0,0.0,0.0,0.0,0.0,0.0,0.0,0.0,0.0,0.0,0.0,0.0,1.0,0.0,0.0,0.0,0.0,1.0,0.0,0.0,0.0,0.0,1.0
1.4471464345278497,-0.06867800152627634,-0.11592300731785202,-0.06475043071927011,0.0,0.9780870802919119,0.2081962136208123,0.0,0.0,0.0,0.0,0.0,0.0,0.0,0.0,0.0,0.0,0.0,0.0,0.0,0.0,0.0,0.0,0.0,0.0,0.0,0.0,1.0,0.0,0.0,1.0
0.1445712667582916,0.29342179749237696,-0.31207882265142245,-0.34012981486301674,1.0,0.5734572894493576,0.8192354589355831,0.0,0.0,1.0,0.0,0.0,0.0,0.0,0.0,0.0,1.0,0.0,0.0,0.0,0.0,0.0,0.0,0.0,0.0,1.0,0.0,0.0,0.0,0.0,0.0
-0.7385317577620604,-0.3944323220379676,-0.7383729345668637,-0.7787900197077305,2.5,0.09526663829862164,-0.9954517907097659,1.0,0.0,0.0,0.0,0.0,0.0,0.0,1.0,0.0,0.0,0.0,0.0,0.0,0.0,0.0,0.0,0.0,0.0,0.0,0.0,1.0,0.0,0.0,0.0
-0.15236843138235032,1.645092029752935,0.9145796853875136,0.9152154422670914,-0.5,0.31039992267205874,0.9506060635222037,0.0,0.0,1.0,0.0,0.0,0.0,0.0,0.0,0.0,0.0,0.0,0.0,0.0,1.0,0.0,0.0,0.0,0.0,1.0,0.0,0.0,0.0,0.0,0.0
0.5110382073587154,-0.5974707471224836,0.0,0.0,2.5,0.8463868694664047,-0.5325685563332284,0.0,0.0,1.0,0.0,0.0,0.0,0.0,0.0,1.0,0.0,0.0,0.0,0.0,0.0,0.0,0.0,0.0,1.0,0.0,0.0,0.0,0.0,0.0,0.0
1.4602371490400776,1.8955345565243,-0.8571791082961165,-0.8257415188586869,-0.5,-0.9771075011250252,0.21274616622916837,0.0,1.0,0.0,0.0,0.0,0.0,0.0,1.0,0.0,0.0,0.0,0.0,0.0,0.0,0.0,0.0,0.0,1.0,0.0,0.0,0.0,0.0,0.0,1.0
-0.9959218392299796,0.0,0.6489363699677018,0.6324983370311151,0.0,-0.03228298102577457,-0.9994787687270248,1.0,0.0,0.0,0.0,0.0,0.0,1.0,0.0,0.0,0.0,0.0,0.0,0.0,0.0,0.0,0.0,0.0,0.0,1.0,0.0,0.0,0.0,1.0,0.0
-0.7566150356901197,0.20371749279978382,-0.038449258549764755,-0.064254638753579,1.0,-0.4402656728070654,-0.8978675500026393,0.0,1.0,0.0,0.0,0.0,1.0,0.0,0.0,0.0,0.0,0.0,0.0,0.0,0.0,0.0,0.0,0.0,0.0,1.0,0.0,0.0,0.0,0.0,1.0
-0.2954369284035345,0.05807751949677673,0.5401899629216814,0.5242504245218707,2.5,0.8189434318649215,0.5738742505160034,0.0,1.0,0.0,0.0,0.0,0.0,0.0,1.0,0.0,0.0,0.0,0.0,0.0,0.0,0.0,0.0,0.0,0.0,1.0,0.0,0.0,0.0,1.0,0.0
-0.2714451628558593,-0.31675984885595737,-0.7222354142755103,-0.7589418146812263,0.0,-0.4451562078879117,-0.8954529304094405,0.0,0.0,1.0,0.0,0.0,0.0,0.0,0.0,1.0,0.0,0.0,0.0,0.0,0.0,0.0,0.0,0.0,0.0,0.0,1.0,0.0,0.0,0.0,0.0
-0.28238718432764504,-0.4989112650492186,-0.7605251400205617,-0.7974152712188632,0.0,0.8039433655819792,-0.5947058642192123,0.0,1.0,0.0,0.0,0.0,0.0,0.0,0.0,0.0,0.0,0.0,0.0,1.0,0.0,0.0,0.0,0.0,0.0,0.0,0.0,1.0,0.0,0.0,1.0
-0.13925022722922545,-0.33473574771554776,0.7774789119031771,0.7760301110987162,1.0,0.18409431081803798,0.9829085841137168,0.0,0.0,1.0,0.0,1.0,0.0,0.0,0.0,0.0,0.0,0.0,0.0,0.0,0.0,0.0,0.0,0.0,0.0,0.0,0.0,1.0,0.0,0.0,0.0
1.482777710574308,-0.32442281482805657,0.7917987654655966,0.8474737333548176,1.0,-0.9293206723407156,0.36927373039548916,0.0,0.0,1.0,0.0,0.0,0.0,1.0,0.0,0.0,0.0,0.0,0.0,0.0,0.0,0.0,0.0,0.0,0.0,1.0,0.0,0.0,0.0,0.0,0.0
-0.8607829080912014,0.37820509651745826,-0.08399529211482604,-0.10115808739986022,-0.5,0.9718583079558811,-0.23556618869679027,0.0,1.0,0.0,0.0,0.0,0.0,0.0,0.0,0.0,0.0,0.0,0.0,0.0,0.0,1.0,0.0,0.0,0.0,0.0,0.0,1.0,0.0,0.0,0.0
0.055069954771522815,0.20397319567658082,0.7357081511269479,0.7319542053487692,1.0,0.9621981902066302,-0.27235022078765675,0.0,0.0,1.0,0.0,0.0,1.0,0.0,0.0,0.0,0.0,0.0,0.0,0.0,0.0,0.0,0.0,0.0,0.0,0.0,1.0,0.0,0.0,0.0,1.0
0.35108371883590755,-0.6751305352185114,0.3246883953896879,0.3111094584712255,0.0,-0.8346876995885543,-0.5507235641912986,0.0,1.0,0.0,0.0,0.0,0.0,0.0,0.0,1.0,0.0,0.0,0.0,0.0,0.0,0.0,0.0,0.0,1.0,0.0,0.0,0.0,1.0,0.0,0.0
-0.9547372760500508,-0.1510993391341289,-0.6535912534536777,-0.6863248181063225,0.0,0.9998856014169193,-0.01512561004143713,0.0,0.0,1.0,0.0,0.0,0.0,0.0,0.0,0.0,0.0,0.0,0.0,0.0,0.0,1.0,0.0,0.0,0.0,0.0,0.0,1.0,0.0,0.0,0.0
1.0188491828581643,0.14310818501612152,-0.36170975813955814,-0.3592839111375533,0.0,-0.4375866341990183,-0.8991762550080905,1.0,0.0,0.0,0.0,0.0,1.0,0.0,0.0,0.0,0.0,0.0,0.0,0.0,0.0,0.0,0.0,0.0,0.0,1.0,0.0,0.0,0.0,0.0,0.0
-0.17045994185170196,-0.49367711626890237,-0.7528470916857961,-0.7903584989071918,0.0,-0.9223696183664268,-0.38630853875441595,0.0,0.0,0.0,0.0,0.0,1.0,0.0,0.0,0.0,0.0,0.0,0.0,0.0,0.0,0.0,0.0,0.0,0.0,1.0,0.0,0.0,0.0,1.0,0.0
-0.7617070219866492,1.134716702013389,0.5406214334173117,0.5392563946834577,2.5,0.8078613219656092,-0.5893726193775702,0.0,0.0,1.0,0.0,0.0,0.0,0.0,0.0,0.0,0.0,1.0,0.0,0.0,0.0,0.0,0.0,0.0,0.0,1.0,0.0,0.0,0.0,0.0,0.0
1.106310329929772,0.5164972745228462,0.9690862274377054,0.9997975516140095,0.0,-0.8468126228777615,-0.5318913251171579,0.0,1.0,0.0,0.0,0.0,0.0,0.0,1.0,0.0,0.0,0.0,0.0,0.0,0.0,0.0,0.0,0.0,0.0,1.0,0.0,0.0,0.0,1.0,0.0
0.44153292233779134,0.043160343719455534,0.07916884833189977,0.0662212802174875,2.5,0.6534206039901055,0.7569950556517563,0.0,0.0,1.0,0.0,0.0,0.0,0.0,0.0,0.0,0.0,0.0,1.0,0.0,0.0,0.0,0.0,0.0,0.0,1.0,0.0,0.0,0.0,0.0,1.0
-0.4315224293582164,1.3041310706914782,0.30117773404734655,0.0,-0.5,-0.572563301188102,-0.8198605162663847,1.0,0.0,0.0,0.0,0.0,0.0,0.0,0.0,0.0,0.0,0.0,0.0,0.0,0.0,1.0,0.0,0.0,0.0,1.0,0.0,0.0,1.0,0.0,0.0
0.47456316365474316,1.3648926984626528,0.48413661386776047,0.48741308147101486,1.0,0.5293641045915484,0.8483947458406306,0.0,0.0,1.0,0.0,0.0,1.0,0.0,0.0,0.0,0.0,0.0,0.0,0.0,0.0,0.0,0.0,0.0,0.0,0.0,0.0,1.0,0.0,0.0,1.0
0.22206329618397636,1.8800087884555763,-0.5740039119598906,-0.5933472981403669,1.0,0.3085328148859516,-0.9512136995116035,0.0,0.0,0.0,0.0,0.0,0.0,0.0,0.0,0.0,0.0,0.0,1.0,0.0,0.0,0.0,0.0,0.0,0.0,0.0,1.0,0.0,0.0,0.0,1.0
-0.9950395361478317,0.0,-0.34742033682863444,-0.3824208695364758,1.0,0.8526021649316531,0.5225605690767897,0.0,0.0,0.0,0.0,0.0,0.0,0.0,0.0,0.0,0.0,1.0,0.0,0.0,0.0,0.0,0.0,0.0,0.0,0.0,0.0,1.0,0.0,0.0,1.0
-0.9484649065701244,-0.4293718448770622,-0.19266359580185058,-0.21818151770183897,1.0,0.9197929633292657,0.3924040068729777,0.0,1.0,0.0,0.0,0.0,1.0,0.0,0.0,0.0,0.0,0.0,0.0,0.0,0.0,0.0,0.0,0.0,1.0,0.0,0.0,0.0,0.0,0.0,1.0
0.18442921596319997,-0.4022655918924615,0.17692597362944326,0.15329887579171778,0.0,-0.9922508283721715,-0.12425092995523042,0.0,1.0,0.0,0.0,0.0,0.0,0.0,0.0,0.0,0.0,0.0,1.0,0.0,0.0,0.0,0.0,0.0,1.0,0.0,0.0,0.0,0.0,0.0,1.0
-1.0979778509069353,0.0,0.6958322768605089,0.6688233617174235,1.0,-0.4300515760686718,-0.9028043209471538,0.0,0.0,1.0,0.0,0.0,0.0,0.0,1.0,0.0,0.0,0.0,0.0,0.0,0.0,0.0,0.0,0.0,0.0,1.0,0.0,0.0,0.0,0.0,0.0
0.6880858770111761,0.7540770658234374,-0.513284487364373,-0.5316542512095258,1.0,-0.9959891802462177,0.08947375499255228,1.0,0.0,0.0,0.0,0.0,0.0,0.0,0.0,0.0,0.0,1.0,0.0,0.0,0.0,0.0,0.0,0.0,1.0,0.0,0.0,0.0,0.0,0.0,1.0
0.0,-0.522658990597609,-0.0739039839313673,-0.09975334349706866,-0.5,0.8400146500901029,-0.5425637175797899,0.0,0.0,0.0,0.0,0.0,1.0,0.0,0.0,0.0,0.0,0.0,0.0,0.0,0.0,0.0,0.0,0.0,0.0,1.0,0.0,0.0,0.0,0.0,1.0
0.623251427395714,0.03010340904030664,0.4951702213246485,0.51828439453472,1.0,0.06562082671794851,0.9978446307421076,0.0,1.0,0.0,0.0,0.0,0.0,0.0,0.0,0.0,1.0,0.0,0.0,0.0,0.0,0.0,0.0,0.0,0.0,0.0,0.0,1.0,0.0,1.0,0.0
1.0105667855283158,0.1257864087778641,-0.8515484635478375,-0.8473745749616794,0.0,-0.9999451693655121,-0.010471784116246214,1.0,0.0,0.0,0.0,0.0,0.0,0.0,1.0,0.0,0.0,0.0,0.0,0.0,0.0,0.0,0.0,0.0,0.0,1.0,0.0,0.0,0.0,0.0,1.0
0.2977876246895409,1.0009090382835382,0.011270374172477894,-0.011138792829195552,0.0,0.20705801694903808,-0.9783286654377106,0.0,1.0,0.0,0.0,0.0,0.0,0.0,0.0,0.0,0.0,0.0,0.0,0.0,0.0,1.0,0.0,0.0,0.0,0.0,0.0,0.0,0.0,0.0,1.0
-1.5124539651849769,0.0,-0.7359782483802196,-0.7672545933059821,1.0,0.8991444304324334,-0.43765202298439676,0.0,0.0,0.0,0.0,1.0,0.0,0.0,0.0,0.0,0.0,0.0,0.0,0.0,0.0,0.0,0.0,0.0,0.0,1.0,0.0,0.0,0.0,0.0,0.0
0.7762769247652919,-0.2992492276267946,0.0645094728918663,0.053760375479782165,0.0,-0.801297321965123,0.5982663301670268,0.0,1.0,0.0,0.0,0.0,0.0,0.0,0.0,0.0,1.0,0.0,0.0,0.0,0.0,0.0,0.0,0.0,0.0,1.0,0.0,0.0,0.0,0.0,1.0
0.0,0.0,0.5281997097612819,0.4999896710007149,1.0,0.6495586380251818,-0.7603114991678548,0.0,0.0,0.0,0.0,0.0,0.0,0.0,0.0,0.0,1.0,0.0,0.0,0.0,0.0,0.0,0.0,0.0,0.0,0.0,1.0,0.0,0.0,0.0,1.0
-0.10072076577039145,0.11753761673864468,-0.5482753712825195,-0.5816796605477674,0.0,0.9914543508847352,-0.13045409197004257,1.0,0.0,0.0,0.0,0.0,0.0,0.0,0.0,0.0,0.0,0.0,0.0,0.0,1.0,0.0,0.0,0.0,0.0,1.0,0.0,0.0,0.0,1.0,0.0
-0.5595717875708136,-0.5700868858070008,0.6937758835071753,0.6796646793672042,-0.5,0.6493927483306324,0.760453192784137,0.0,0.0,1.0,0.0,0.0,0.0,0.0,0.0,0.0,0.0,0.0,1.0,0.0,0.0,0.0,0.0,0.0,1.0,0.0,0.0,0.0,1.0,0.0,0.0
1.2117430046952617,-0.6373578633955636,-0.3498478157882681,-0.3256361630659775,0.0,-0.46522832731132024,0.8851907158726368,0.0,1.0,0.0,0.0,0.0,0.0,0.0,0.0,0.0,0.0,0.0,0.0,1.0,0.0,0.0,0.0,0.0,1.0,0.0,0.0,0.0,0.0,0.0,0.0
0.06784121165711499,0.3410578073657798,-0.6418808325685244,-0.6755826588496799,-0.5,-0.9973990186074841,-0.0720777197254978,0.0,0.0,1.0,0.0,0.0,0.0,0.0,0.0,0.0,0.0,0.0,0.0,0.0,1.0,0.0,0.0,0.0,1.0,0.0,0.0,0.0,0.0,1.0,0.0
-0.3411694368610401,-0.3781667566612841,-0.08518915756495206,-0.09334110074079587,1.0,-0.9868557164068074,-0.161603821103361,1.0,0.0,0.0,0.0,0.0,0.0,0.0,0.0,0.0,0.0,0.0,0.0,0.0,0.0,1.0,0.0,0.0,0.0,0.0,0.0,0.0,0.0,0.0,0.0
0.9453812125063035,0.5861127320066188,0.7477068421530374,0.7633378367770219,0.0,0.2701803667135168,-0.9628097264997636,0.0,0.0,1.0,0.0,0.0,0.0,0.0,1.0,0.0,0.0,0.0,0.0,0.0,0.0,0.0,0.0,0.0,0.0,0.0,0.0,0.0,0.0,0.0,0.0
0.5918756760323516,-0.6081704309537257,-0.8889641239277033,-0.9050682333692782,0.0,-0.3515693448412791,-0.9361618427215851,0.0,1.0,0.0,0.0,0.0,0.0,0.0,0.0,0.0,0.0,1.0,0.0,0.0,0.0,0.0,0.0,0.0,0.0,1.0,0.0,0.0,0.0,0.0,1.0
-0.7888844110571847,1.7003043746870532,-0.3645137084255556,-0.39359271516338407,-0.5,0.3999491557898446,-0.9165373275448145,0.0,0.0,1.0,0.0,0.0,0.0,0.0,0.0,0.0,0.0,0.0,0.0,0.0,0.0,1.0,0.0,0.0,1.0,0.0,0.0,0.0,0.0,0.0,0.0
0.1824261088028668,-0.6354122964946376,0.2957003219095619,0.2913108326412904,0.0,0.5673048819750605,-0.8235078450672239,0.0,0.0,0.0,0.0,0.0,0.0,0.0,0.0,0.0,0.0,0.0,0.0,0.0,0.0,0.0,0.0,0.0,0.0,0.0,0.0,1.0,0.0,0.0,1.0
0.09904959513155243,-0.37595118761578555,-0.30366256144890075,-0.3343455752632861,1.0,0.6352922930266534,-0.772271780153164,0.0,1.0,0.0,0.0,0.0,0.0,0.0,0.0,0.0,0.0,0.0,0.0,0.0,0.0,0.0,1.0,0.0,0.0,0.0,0.0,1.0,0.0,0.0,0.0
-0.9645939785025349,-0.47838324622342576,-0.8851298097998932,-0.9405669381127679,-0.5,0.9972931309024345,-0.07352830104673656,0.0,1.0,0.0,0.0,0.0,0.0,0.0,0.0,1.0,0.0,0.0,0.0,0.0,0.0,0.0,0.0,0.0,0.0,1.0,0.0,0.0,0.0,0.0,0.0
0.5519806699111162,0.41855992976291945,-0.3555359019050789,-0.3778761098509732,1.0,0.5682626926220575,-0.822847198557502,0.0,1.0,0.0,0.0,0.0,0.0,1.0,0.0,0.0,0.0,0.0,0.0,0.0,0.0,0.0,0.0,0.0,1.0,0.0,0.0,0.0,0.0,0.0,1.0
-0.08048636078016638,1.1355295258013618,0.635946759010292,0.6256564079045764,2.5,0.1349229877185599,-0.9908560881304093,0.0,0.0,1.0,0.0,0.0,0.0,0.0,0.0,0.0,0.0,1.0,0.0,0.0,0.0,0.0,0.0,0.0,0.0,0.0,0.0,0.0,0.0,0.0,1.0
1.5787981605002492,-0.6322991836418476,0.9341823969738473,1.00786243425592,1.0,0.5747077264062632,-0.8183587411453144,0.0,0.0,1.0,0.0,0.0,0.0,0.0,0.0,0.0,0.0,0.0,0.0,0.0,1.0,0.0,0.0,0.0,0.0,0.0,1.0,0.0,1.0,0.0,0.0
0.9998896716238063,-0.5504674197649697,-0.9480804642426806,-0.9605969335266923,1.0,-0.5178403855134355,0.8554772557650475,0.0,0.0,1.0,0.0,0.0,0.0,0.0,0.0,0.0,0.0,1.0,0.0,0.0,0.0,0.0,0.0,0.0,0.0,0.0,0.0,1.0,0.0,0.0,1.0
0.10036929856303405,1.6331419838637364,0.12561513811037298,0.09362204952135433,-0.5,0.4415058527917452,0.8972583696743284,0.0,1.0,0.0,0.0,0.0,0.0,0.0,0.0,0.0,0.0,1.0,0.0,0.0,0.0,0.0,0.0,0.0,0.0,1.0,0.0,0.0,0.0,0.0,1.0
-0.12176640744064593,-0.2285803229529769,-0.8152146100958254,-0.8549106128401855,0.0,-0.6235953866105104,0.7817472697733509,1.0,0.0,0.0,0.0,0.0,0.0,0.0,0.0,0.0,0.0,0.0,0.0,0.0,0.0,1.0,0.0,0.0,0.0,0.0,0.0,1.0,0.0,0.0,0.0
-1.201265699584986,0.0,0.35092238787917795,0.33346967612389855,1.0,-0.9140770918436973,-0.40554046674354066,0.0,0.0,1.0,0.0,0.0,0.0,0.0,0.0,1.0,0.0,0.0,0.0,0.0,0.0,0.0,0.0,0.0,1.0,0.0,0.0,0.0,0.0,0.0,0.0
0.5635691743011602,-0.4505365409488428,-1.0127388253691556,-1.0412788127435062,1.0,-0.8156750760875806,-0.5785103026304022,1.0,0.0,0.0,0.0,0.0,0.0,0.0,0.0,0.0,0.0,0.0,0.0,0.0,0.0,1.0,0.0,0.0,1.0,0.0,0.0,0.0,0.0,0.0,0.0
-0.10834986003898371,0.01439487035788308,-0.9988500507393436,-1.0396592256555814,1.0,0.4892556092388532,0.8721404410003692,0.0,0.0,0.0,0.0,0.0,0.0,0.0,0.0,0.0,1.0,0.0,0.0,0.0,0.0,0.0,0.0,0.0,0.0,0.0,0.0,1.0,0.0,0.0,1.0
-0.3820390570890638,-0.25312432335666524,0.5465650471213015,0.5316707776083823,1.0,-0.8529819562186189,-0.5219404011622956,0.0,1.0,0.0,0.0,0.0,0.0,0.0,0.0,1.0,0.0,0.0,0.0,0.0,0.0,0.0,0.0,0.0,0.0,1.0,0.0,0.0,0.0,0.0,1.0
-0.044488253937080426,0.2320094497401447,-0.8778069899298875,-0.912141532079806,0.0,-0.9654536839038255,0.2605747191047748,0.0,0.0,1.0,0.0,0.0,0.0,0.0,0.0,0.0,1.0,0.0,0.0,0.0,0.0,0.0,0.0,0.0,0.0,0.0,0.0,1.0,0.0,0.0,1.0
1.1110581679899516,0.7471958170146225,-0.40991429647257827,-0.41068101158087394,-0.5,0.18923826109478653,-0.9819311994930303,1.0,0.0,0.0,0.0,0.0,0.0,0.0,0.0,0.0,0.0,0.0,0.0,0.0,1.0,0.0,0.0,0.0,0.0,0.0,0.0,1.0,0.0,0.0,1.0
0.9649146232197744,0.8077676284867586,0.91391092023991,0.9362700744101109,1.0,0.913041921353098,-0.4078657252722311,1.0,0.0,0.0,0.0,0.0,1.0,0.0,0.0,0.0,0.0,0.0,0.0,0.0,0.0,0.0,0.0,0.0,0.0,0.0,1.0,0.0,0.0,0.0,1.0
0.9627783554192961,0.804605356434683,0.9690789128903623,0.9910220338212754,1.0,-0.6982070693081435,-0.7158958641926445,0.0,0.0,1.0,0.0,0.0,0.0,1.0,0.0,0.0,0.0,0.0,0.0,0.0,0.0,0.0,0.0,0.0,0.0,0.0,0.0,1.0,0.0,0.0,0.0
-0.7359290673645257,1.0155311726027256,-0.7014597763161668,-0.7479187066440255,0.0,-0.9815299241122115,0.1913086722348894,0.0,0.0,1.0,0.0,0.0,0.0,0.0,0.0,0.0,0.0,0.0,0.0,0.0,0.0,0.0,1.0,0.0,0.0,1.0,0.0,0.0,0.0,0.0,0.0
1.1318934692691567,3.1111743144335082,0.10861886509495086,0.12598073848213293,1.0,-0.74402007846357,-0.6681572590663541,0.0,0.0,0.0,1.0,0.0,0.0,1.0,0.0,0.0,0.0,0.0,0.0,0.0,0.0,0.0,0.0,0.0,0.0,0.0,0.0,1.0,0.0,1.0,0.0
-0.39703784207019444,0.23829108899138418,0.10506405534596373,0.06922908480934731,0.0,0.20606186485319192,-0.9785389659350439,0.0,1.0,0.0,0.0,0.0,0.0,0.0,0.0,0.0,0.0,0.0,1.0,0.0,0.0,0.0,0.0,0.0,0.0,1.0,0.0,0.0,0.0,0.0,1.0
0.4906285728447652,0.36006452196238226,-0.11143354602568495,-0.12864148869800884,0.0,0.3642673316238155,-0.931294427725016,0.0,1.0,0.0,0.0,0.0,0.0,0.0,0.0,0.0,0.0,0.0,1.0,0.0,0.0,0.0,0.0,0.0,0.0,0.0,0.0,0.0,0.0,1.0,0.0
0.4010176665115782,0.18466584672201244,0.8463056615785848,0.8533075521511173,1.0,0.2411456374179055,0.9704889394291478,0.0,0.0,1.0,0.0,0.0,0.0,0.0,0.0,0.0,0.0,1.0,0.0,0.0,0.0,0.0,0.0,0.0,0.0,0.0,0.0,1.0,0.0,0.0,0.0
-0.15936082251485792,0.215433002811862,0.5002395572084422,0.493395637857022,1.0,0.7004422928822088,-0.7137090403952538,0.0,0.0,1.0,0.0,0.0,0.0,0.0,0.0,0.0,0.0,0.0,0.0,1.0,0.0,0.0,0.0,0.0,0.0,0.0,0.0,1.0,1.0,0.0,0.0
0.09461403728008873,1.4336157164569372,0.5215166453392612,0.5145824811908923,0.0,-0.9991044632891464,-0.04231159930452722,0.0,1.0,0.0,0.0,0.0,0.0,1.0,0.0,0.0,0.0,0.0,0.0,0.0,0.0,0.0,0.0,0.0,0.0,0.0,0.0,1.0,0.0,0.0,0.0
-1.0433983756066645,0.0,-0.48212652412805734,-0.513243842883526,-0.5,0.9830555344892582,-0.1833079815775594,0.0,1.0,0.0,0.0,0.0,0.0,0.0,0.0,0.0,0.0,1.0,0.0,0.0,0.0,0.0,0.0,0.0,1.0,0.0,0.0,0.0,0.0,0.0,0.0
-0.01766460501003175,-0.44465924128792605,-0.14805632105970187,-0.16382619186322753,-0.5,-0.15205151011040463,0.9883725705791038,0.0,1.0,0.0,0.0,0.0,0.0,0.0,0.0,1.0,0.0,0.0,0.0,0.0,0.0,0.0,0.0,0.0,1.0,0.0,0.0,0.0,1.0,0.0,0.0
-0.22501922276797517,-0.6443147262852164,-0.040375575833499405,-0.06040398782004397,1.0,0.33579408932340205,-0.941935416881363,0.0,0.0,0.0,0.0,0.0,0.0,0.0,0.0,0.0,0.0,0.0,0.0,1.0,0.0,0.0,0.0,0.0,1.0,0.0,0.0,0.0,0.0,0.0,0.0
1.6143457419302776,-0.23252467657457232,-0.4226274574383666,-0.3582427480096018,0.0,0.9354183229403147,-0.35354287025413067,0.0,1.0,0.0,0.0,0.0,1.0,0.0,0.0,0.0,0.0,0.0,0.0,0.0,0.0,0.0,0.0,0.0,0.0,1.0,0.0,0.0,0.0,0.0,1.0
-0.03920496908013249,1.5107055552236843,-0.8364767564622863,-0.8879799369517883,1.0,-0.41144807840039266,-0.911433200394096,1.0,0.0,0.0,0.0,0.0,0.0,0.0,0.0,0.0,0.0,0.0,1.0,0.0,0.0,0.0,0.0,0.0,0.0,1.0,0.0,0.0,0.0,0.0,0.0
-0.5416408099729462,-0.5355126261553117,-0.7725190218955402,-0.8023070852803497,2.5,-0.9967555073634456,0.08048887215410647,0.0,1.0,0.0,0.0,0.0,0.0,1.0,0.0,0.0,0.0,0.0,0.0,0.0,0.0,0.0,0.0,0.0,0.0,1.0,0.0,0.0,0.0,0.0,1.0
0.02277868140160038,0.15975586955841756,-0.662388818301712,-0.7103707284423456,1.0,0.6766618190853526,-0.7362939512124906,1.0,0.0,0.0,0.0,0.0,0.0,0.0,1.0,0.0,0.0,0.0,0.0,0.0,0.0,0.0,0.0,0.0,1.0,0.0,0.0,0.0,1.0,0.0,0.0
-0.5146687179741035,-0.10662726134113082,-0.6157869705197239,-0.6545115003078041,0.0,0.9702605298998848,0.24206301683321002,0.0,1.0,0.0,0.0,0.0,0.0,1.0,0.0,0.0,0.0,0.0,0.0,0.0,0.0,0.0,0.0,0.0,0.0,1.0,0.0,0.0,0.0,0.0,0.0
-0.9387377898195681,0.37198980255187797,-0.537499174585681,-0.5652028408879634,1.0,-0.4360166098928225,-0.8999386178498899,1.0,0.0,0.0,0.0,0.0,0.0,1.0,0.0,0.0,0.0,0.0,0.0,0.0,0.0,0.0,0.0,0.0,0.0,0.0,0.0,1.0,0.0,0.0,1.0
0.24007758808441879,1.2126400017296024,-0.5107366687150431,-0.5297206625433302,0.0,-0.9331628145814583,-0.3594539768627006,0.0,1.0,0.0,0.0,0.0,0.0,0.0,0.0,0.0,0.0,0.0,0.0,0.0,0.0,1.0,0.0,0.0,0.0,0.0,1.0,0.0,0.0,0.0,0.0
-0.05435069491889884,0.023530642792750186,-0.10466971825311101,-0.13316972198465513,-0.5,-0.9925195402544398,-0.12208588048220599,0.0,0.0,0.0,0.0,0.0,0.0,0.0,1.0,0.0,0.0,0.0,0.0,0.0,0.0,0.0,0.0,0.0,0.0,0.0,1.0,0.0,0.0,0.0,1.0
0.6786964810161457,0.9272116059229203,0.0045377480965522405,0.0,-0.5,-0.7455244693206683,0.6664782559424846,0.0,1.0,0.0,0.0,0.0,0.0,0.0,0.0,0.0,0.0,0.0,0.0,0.0,0.0,0.0,1.0,0.0,0.0,0.0,0.0,1.0,0.0,0.0,0.0
1.03577557100795,-0.486203919411715,-0.40241667384367735,-0.4037399240611972,0.0,0.23846283407013752,-0.9711516239842458,0.0,0.0,1.0,0.0,0.0,0.0,0.0,0.0,0.0,0.0,0.0,0.0,0.0,0.0,0.0,0.0,0.0,0.0,0.0,0.0,1.0,0.0,0.0,0.0
1.3736230675578442,1.5753563759025522,0.8110154740910924,0.8687432086829702,2.5,0.8122108165078817,-0.5833640283284529,0.0,0.0,0.0,0.0,0.0,0.0,0.0,0.0,0.0,0.0,0.0,1.0,0.0,0.0,0.0,0.0,0.0,0.0,1.0,0.0,0.0,0.0,0.0,0.0
0.10592796856267,0.27464779858015304,0.09287917625617495,0.07736007304668305,-0.5,-0.07026427901829199,0.9975284111713508,0.0,0.0,1.0,0.0,0.0,1.0,0.0,0.0,0.0,0.0,0.0,0.0,0.0,0.0,0.0,0.0,0.0,1.0,0.0,0.0,0.0,0.0,0.0,0.0
0.44927696206718304,-0.2613217304378428,0.5680531719719399,0.5627899866549331,-0.5,-0.24735134044965654,0.9689258559754498,0.0,0.0,1.0,0.0,0.0,0.0,0.0,0.0,1.0,0.0,0.0,0.0,0.0,0.0,0.0,0.0,0.0,1.0,0.0,0.0,0.0,1.0,0.0,0.0
0.14385814934241378,-0.3424646715878666,0.8453681868037201,0.8482008949044981,2.5,-0.3862414611214755,-0.9223977090771354,1.0,0.0,0.0,0.0,0.0,0.0,0.0,0.0,0.0,0.0,0.0,0.0,0.0,1.0,0.0,0.0,0.0,0.0,1.0,0.0,0.0,0.0,0.0,0.0
-1.2875261396773325,-0.35011152076800994,-0.6979472251049939,-0.7306486198391154,-0.5,0.9472102777460287,0.32061299058567644,1.0,0.0,0.0,0.0,0.0,0.0,0.0,0.0,1.0,0.0,0.0,0.0,0.0,0.0,0.0,0.0,0.0,0.0,0.0,0.0,1.0,0.0,0.0,0.0
0.8654168314432634,-0.22627129593360157,-0.16112566481767976,-0.16299987192040885,1.0,-0.8740550136046196,0.4858269580752268,0.0,0.0,1.0,0.0,0.0,1.0,0.0,0.0,0.0,0.0,0.0,0.0,0.0,0.0,0.0,0.0,0.0,1.0,0.0,0.0,0.0,0.0,0.0,1.0
0.3397337114804619,0.29374319116674996,-0.1503058315791198,-0.16050438569309652,0.0,0.9209872009725596,-0.38959283315370435,0.0,0.0,0.0,1.0,0.0,0.0,0.0,0.0,0.0,0.0,1.0,0.0,0.0,0.0,0.0,0.0,0.0,0.0,0.0,1.0,0.0,0.0,0.0,0.0
0.34979154484170694,2.1428090453766733,-0.3099660187269271,-0.3154393749715952,-0.5,0.4042770823500321,0.9146365620761863,0.0,0.0,1.0,0.0,0.0,0.0,0.0,0.0,0.0,0.0,0.0,0.0,0.0,0.0,1.0,0.0,0.0,0.0,1.0,0.0,0.0,0.0,0.0,1.0
-0.4118267431726235,-0.10561342187449378,-1.0106834299062597,-1.0681837900816815,2.5,0.49855078094624833,-0.8668604955919297,0.0,0.0,1.0,0.0,0.0,0.0,0.0,0.0,0.0,0.0,0.0,0.0,0.0,1.0,0.0,0.0,0.0,0.0,0.0,0.0,1.0,1.0,0.0,0.0
-0.4962864254711332,-0.5893408074095887,0.6258338749361885,0.6255076703148693,-0.5,-0.901140084948327,0.4335280236608955,0.0,0.0,1.0,0.0,0.0,0.0,1.0,0.0,0.0,0.0,0.0,0.0,0.0,0.0,0.0,0.0,0.0,0.0,1.0,0.0,0.0,0.0,0.0,1.0
-0.10807210547990473,-0.17457893475180639,-0.8025293194607811,-0.8247334085284481,0.0,-0.4621356007560396,-0.886809272907007,1.0,0.0,0.0,0.0,0.0,0.0,0.0,0.0,0.0,0.0,0.0,0.0,1.0,0.0,0.0,0.0,0.0,0.0,1.0,0.0,0.0,0.0,1.0,0.0
0.34879895192340554,-0.5988397162441897,0.9898297100733657,0.9993678652437439,0.0,0.22119390867047997,-0.9752298471473663,0.0,1.0,0.0,0.0,0.0,0.0,1.0,0.0,0.0,0.0,0.0,0.0,0.0,0.0,0.0,0.0,0.0,0.0,0.0,1.0,0.0,0.0,0.0,1.0
0.085853991033976,-0.1284252899154837,0.1473650403758863,0.12036176287096609,-0.5,0.15765539947539095,-0.9874941898645555,1.0,0.0,0.0,0.0,0.0,0.0,0.0,0.0,0.0,0.0,0.0,0.0,0.0,0.0,1.0,0.0,0.0,1.0,0.0,0.0,0.0,0.0,0.0,1.0
1.2167145603546936,-0.3923090324470835,-0.71524117105883,-0.7055615463751409,-0.5,0.5393832911601181,-0.842060369105018,0.0,1.0,0.0,0.0,0.0,0.0,0.0,1.0,0.0,0.0,0.0,0.0,0.0,0.0,0.0,0.0,0.0,0.0,1.0,0.0,0.0,0.0,0.0,1.0
-0.1526382640065103,-0.5454360638156357,0.016338726903625964,-0.00619739957113995,-0.5,0.9983585190726577,0.057273618665574566,0.0,0.0,1.0,0.0,0.0,0.0,0.0,1.0,0.0,0.0,0.0,0.0,0.0,0.0,0.0,0.0,0.0,1.0,0.0,0.0,0.0,0.0,0.0,1.0
-1.1782435794758026,-0.34246697688779815,-0.49928257202148413,0.0,1.0,0.22466761206791575,0.9744354591699239,0.0,1.0,0.0,0.0,1.0,0.0,0.0,0.0,0.0,0.0,0.0,0.0,0.0,0.0,0.0,0.0,0.0,0.0,0.0,0.0,1.0,0.0,1.0,0.0
-0.19265787869561146,-0.1774114455543687,-0.5170986995072645,-0.552031300999434,0.0,-0.7433880790998536,0.6688603470472964,0.0,0.0,1.0,0.0,0.0,0.0,0.0,0.0,0.0,0.0,0.0,0.0,0.0,0.0,1.0,0.0,0.0,0.0,1.0,0.0,0.0,0.0,0.0,1.0
0.15360300871093036,-0.40150212984824246,0.6533241795809084,0.6492395790726214,0.0,0.6240500831784931,-0.7813843444073575,0.0,1.0,0.0,0.0,0.0,0.0,0.0,0.0,0.0,0.0,0.0,0.0,0.0,1.0,0.0,0.0,0.0,0.0,0.0,0.0,1.0,1.0,0.0,0.0
0.21346828051569636,-0.2692444348098877,-0.2568957592058508,-0.27448695860550243,0.0,0.5547839245698365,-0.8319944693559508,1.0,0.0,0.0,0.0,0.0,0.0,0.0,0.0,0.0,0.0,0.0,1.0,0.0,0.0,0.0,0.0,0.0,0.0,1.0,0.0,0.0,0.0,1.0,0.0
0.05138399351168666,3.3512709403082352,-0.114793275799069,-0.14272198052363896,2.5,-0.9874138067509114,-0.15815806725448361,0.0,0.0,0.0,0.0,0.0,0.0,0.0,0.0,0.0,0.0,0.0,0.0,0.0,1.0,0.0,0.0,0.0,1.0,0.0,0.0,0.0,0.0,0.0,1.0
1.4103036772670392,-0.20598641599645345,0.6805678036337781,0.7126844242822379,2.5,0.8573545171626604,-0.5147263660439217,1.0,0.0,0.0,0.0,0.0,1.0,0.0,0.0,0.0,0.0,0.0,0.0,0.0,0.0,0.0,0.0,0.0,0.0,0.0,0.0,1.0,0.0,0.0,1.0
0.04134864377107815,-0.3897902394533381,-0.8507259606540761,-0.8861455066787308,1.0,-0.4095913505170708,-0.9122691080934409,0.0,0.0,1.0,0.0,0.0,0.0,0.0,0.0,0.0,1.0,0.0,0.0,0.0,0.0,0.0,0.0,0.0,0.0,1.0,0.0,0.0,0.0,0.0,0.0
0.07838614826043798,-0.6737324612169961,0.17698587486947687,0.1557282564236047,1.0,0.9993857405225236,0.03504485183657118,0.0,0.0,0.0,0.0,0.0,0.0,0.0,0.0,1.0,0.0,0.0,0.0,0.0,0.0,0.0,0.0,0.0,0.0,1.0,0.0,0.0,1.0,0.0,0.0
-0.44874368390313063,0.10013528165583109,0.14372660012551974,0.12110545081950295,0.0,0.6303371332823556,0.776321517417482,0.0,1.0,0.0,0.0,0.0,1.0,0.0,0.0,0.0,0.0,0.0,0.0,0.0,0.0,0.0,0.0,0.0,0.0,1.0,0.0,0.0,0.0,0.0,1.0
0.6413315489622001,1.0176271847927199,-0.16651926921192048,-0.19193759631791832,0.0,-0.8208585785185626,0.5711315033094259,0.0,1.0,0.0,0.0,0.0,0.0,0.0,0.0,0.0,0.0,1.0,0.0,0.0,0.0,0.0,0.0,0.0,0.0,1.0,0.0,0.0,0.0,0.0,0.0
1.2234117374538722,-0.5226689536509621,0.6538217698678608,0.6865066084937429,1.0,0.3625735894994979,0.9319551449492887,1.0,0.0,0.0,0.0,0.0,0.0,0.0,0.0,0.0,0.0,0.0,0.0,0.0,0.0,0.0,1.0,0.0,0.0,0.0,0.0,1.0,0.0,0.0,0.0
-0.4867945698876385,-0.46732643769478593,0.8831899836201087,0.8808240062469789,1.0,0.9396677458944447,-0.3420884787970114,0.0,1.0,0.0,0.0,1.0,0.0,0.0,0.0,0.0,0.0,0.0,0.0,0.0,0.0,0.0,0.0,0.0,1.0,0.0,0.0,0.0,0.0,0.0,1.0
-0.1367157680111635,-0.16217106746150356,-0.08516387809857232,-0.10976834120403073,0.0,-0.3874485456472745,-0.9218913300795337,0.0,0.0,0.0,1.0,0.0,0.0,0.0,1.0,0.0,0.0,0.0,0.0,0.0,0.0,0.0,0.0,0.0,0.0,1.0,0.0,0.0,0.0,0.0,0.0
-1.2891393607819919,0.11750871743543134,-0.1037963611656576,-0.12935212384883302,0.0,0.9180720275166209,-0.39641361264659036,0.0,1.0,0.0,0.0,0.0,0.0,1.0,0.0,0.0,0.0,0.0,0.0,0.0,0.0,0.0,0.0,0.0,0.0,1.0,0.0,0.0,0.0,0.0,0.0
-0.6169970833627139,0.8022910638012424,-0.010689456936840615,-0.03587881191718609,2.5,-0.9525508687385973,-0.3043794383090677,0.0,0.0,1.0,0.0,0.0,0.0,1.0,0.0,0.0,0.0,0.0,0.0,0.0,0.0,0.0,0.0,0.0,0.0,0.0,0.0,1.0,0.0,0.0,1.0
1.4362443178372037,-0.5558130417294778,0.43756248297338735,0.47113457859748725,1.0,-0.9998058100359201,0.01970640044294686,0.0,0.0,0.0,0.0,0.0,0.0,0.0,0.0,0.0,0.0,0.0,0.0,0.0,0.0,0.0,1.0,0.0,1.0,0.0,0.0,0.0,0.0,0.0,0.0
-0.2674525242506254,0.21132091606808534,0.32590775254895354,0.3121836743968899,0.0,0.9758850239682325,0.21828518042808623,0.0,0.0,1.0,0.0,0.0,0.0,0.0,0.0,0.0,1.0,0.0,0.0,0.0,0.0,0.0,0.0,0.0,0.0,1.0,0.0,0.0,0.0,0.0,1.0
0.10392909652191958,-0.5203312603253918,-0.576891718779356,-0.6107661225349842,1.0,-0.7958258959759745,-0.605525510027478,0.0,0.0,1.0,0.0,0.0,0.0,0.0,0.0,0.0,1.0,0.0,0.0,0.0,0.0,0.0,0.0,0.0,0.0,1.0,0.0,0.0,0.0,0.0,0.0
-0.5504162726337052,-0.4536286994801295,-0.8991792752799492,0.0,0.0,0.6884073245863758,-0.7253243105368993,0.0,1.0,0.0,0.0,0.0,0.0,0.0,0.0,0.0,0.0,0.0,0.0,0.0,1.0,0.0,0.0,0.0,0.0,0.0,0.0,1.0,0.0,0.0,0.0
0.2666418108593307,-0.36101897130557736,0.8960946346468822,0.9042584398253162,-0.5,0.9944456171551022,-0.10525167229554114,0.0,0.0,0.0,0.0,0.0,1.0,0.0,0.0,0.0,0.0,0.0,0.0,0.0,0.0,0.0,0.0,0.0,0.0,1.0,0.0,0.0,0.0,0.0,1.0
-0.18280859688519943,3.1957028582782767,-0.49936161545175134,-0.526217065985779,0.0,-0.573338130416761,-0.8193188562520779,0.0,1.0,0.0,0.0,0.0,0.0,0.0,0.0,0.0,0.0,1.0,0.0,0.0,0.0,0.0,0.0,0.0,0.0,1.0,0.0,0.0,0.0,0.0,1.0
0.23926126025671554,0.3142361104131434,0.2661633367467456,0.25146568499857475,0.0,-0.8366846647661855,0.5476849201366564,0.0,0.0,0.0,0.0,0.0,0.0,0.0,0.0,0.0,1.0,0.0,0.0,0.0,0.0,0.0,0.0,0.0,1.0,0.0,0.0,0.0,0.0,0.0,0.0
0.015165730324138418,0.17532482964577029,0.6511114194418237,0.6442155538202836,-0.5,0.12223023530596072,0.992501773085091,0.0,0.0,0.0,0.0,0.0,0.0,0.0,0.0,0.0,0.0,0.0,1.0,0.0,0.0,0.0,0.0,0.0,0.0,0.0,0.0,1.0,0.0,0.0,0.0
1.025941395911307,-0.6408553335907137,-0.41986018711848677,-0.415820721625206,1.0,-0.8021666172322498,0.5971002580791346,0.0,0.0,1.0,0.0,0.0,0.0,0.0,0.0,0.0,0.0,0.0,0.0,0.0,0.0,0.0,0.0,1.0,0.0,0.0,0.0,1.0,0.0,0.0,1.0
0.06136606171558293,-0.29802319551562884,0.25974905806420573,0.23336927825084602,0.0,0.6470116033671965,0.7624801539110442,0.0,1.0,0.0,0.0,0.0,0.0,0.0,0.0,0.0,0.0,0.0,0.0,0.0,1.0,0.0,0.0,0.0,1.0,0.0,0.0,0.0,0.0,0.0,0.0
-0.6155989829394026,1.6326425003353033,-0.8099489686744137,-0.8570259918938012,0.0,-0.995956580830474,-0.08983590095541702,1.0,0.0,0.0,0.0,0.0,0.0,0.0,0.0,1.0,0.0,0.0,0.0,0.0,0.0,0.0,0.0,0.0,1.0,0.0,0.0,0.0,0.0,0.0,0.0
-0.49197351538909584,-0.2195955086474312,0.9380227706098494,0.924536331222086,-0.5,-0.013307742723780571,0.9999114480710768,0.0,1.0,0.0,0.0,0.0,0.0,0.0,0.0,0.0,0.0,0.0,0.0,0.0,0.0,1.0,0.0,0.0,0.0,1.0,0.0,0.0,0.0,0.0,0.0
-1.1367180853184429,0.0,-0.9108125460847871,-0.9478716064072849,-0.5,-0.45593329246862774,0.8900139509124094,1.0,0.0,0.0,0.0,0.0,0.0,1.0,0.0,0.0,0.0,0.0,0.0,0.0,0.0,0.0,0.0,0.0,0.0,0.0,0.0,1.0,0.0,1.0,0.0
0.030156413009626622,-0.19385476419504877,0.0,0.0,1.0,-0.9335543627758847,0.3584358404821034,0.0,1.0,0.0,0.0,1.0,0.0,0.0,0.0,0.0,0.0,0.0,0.0,0.0,0.0,0.0,0.0,0.0,0.0,1.0,0.0,0.0,0.0,1.0,0.0
-0.10494567429079985,-0.2563764543864274,0.05978554815974976,0.046736655965823555,1.0,-0.3794561595290051,0.9252097183857821,1.0,0.0,0.0,0.0,0.0,0.0,1.0,0.0,0.0,0.0,0.0,0.0,0.0,0.0,0.0,0.0,0.0,0.0,1.0,0.0,0.0,0.0,1.0,0.0
1.080296560907045,-0.38944816407168215,0.5741462158922493,0.5994620657172252,2.5,0.5081648231072662,0.8612598403248353,0.0,0.0,1.0,0.0,0.0,0.0,0.0,0.0,1.0,0.0,0.0,0.0,0.0,0.0,0.0,0.0,0.0,1.0,0.0,0.0,0.0,0.0,0.0,1.0
-0.8110674506347987,-0.4215577874516699,-0.7831255168241125,-0.8295425905956526,2.5,-0.855251223843645,0.518213608576567,1.0,0.0,0.0,0.0,0.0,0.0,0.0,0.0,0.0,0.0,1.0,0.0,0.0,0.0,0.0,0.0,0.0,0.0,0.0,1.0,0.0,0.0,0.0,1.0
-0.530951052228852,-0.45527056381586106,-0.13489996072528082,-0.153447613381425,0.0,0.8910725450055749,0.4538609032922837,1.0,0.0,0.0,0.0,0.0,0.0,0.0,0.0,0.0,0.0,0.0,1.0,0.0,0.0,0.0,0.0,0.0,0.0,0.0,1.0,0.0,0.0,0.0,1.0
-0.2375270340704946,0.9849083248083544,-0.39606680308731085,-0.4320496453021645,1.0,-0.42169532299827306,0.9067375885896548,0.0,0.0,1.0,0.0,0.0,0.0,0.0,0.0,0.0,0.0,1.0,0.0,0.0,0.0,0.0,0.0,0.0,0.0,1.0,0.0,0.0,0.0,0.0,0.0
-0.8582719984912635,-0.5903757811110841,0.5504341492430728,0.5431896776112745,2.5,0.09410831331851433,0.99556196460308,1.0,0.0,0.0,0.0,0.0,0.0,0.0,0.0,0.0,0.0,1.0,0.0,0.0,0.0,0.0,0.0,0.0,0.0,1.0,0.0,0.0,0.0,0.0,1.0
-0.254650923444773,1.0161388616159295,-1.01766882143053,-1.0460218892152853,1.0,0.234364524966377,0.9721487897628039,0.0,1.0,0.0,0.0,1.0,0.0,0.0,0.0,0.0,0.0,0.0,0.0,0.0,0.0,0.0,0.0,0.0,1.0,0.0,0.0,0.0,0.0,1.0,0.0
-0.04649157830223137,2.6619167744250607,0.4902017208015162,0.48698339510074923,1.0,0.7385534061217123,-0.6741949764764026,1.0,0.0,0.0,0.0,1.0,0.0,0.0,0.0,0.0,0.0,0.0,0.0,0.0,0.0,0.0,0.0,0.0,0.0,0.0,0.0,1.0,0.0,0.0,1.0
-0.024978477342626565,-0.3636983695940936,0.6145319278740222,0.6274247325822087,1.0,0.8649690089318924,0.501825281933244,0.0,0.0,0.0,1.0,0.0,0.0,0.0,0.0,0.0,0.0,1.0,0.0,0.0,0.0,0.0,0.0,0.0,0.0,0.0,0.0,1.0,0.0,0.0,0.0
0.8942851685255548,-0.4524563761344551,0.7989825313825112,0.8116279742353444,0.0,0.10156273243504174,-0.9948291367769282,0.0,0.0,0.0,0.0,0.0,0.0,0.0,0.0,0.0,1.0,0.0,0.0,0.0,0.0,0.0,0.0,0.0,1.0,0.0,0.0,0.0,0.0,0.0,0.0
-0.080966358800964,2.9153506214763474,0.24240864939355986,0.22424670608212804,0.0,0.6250156118829775,-0.7806122500336177,0.0,1.0,0.0,0.0,0.0,0.0,0.0,0.0,0.0,0.0,0.0,0.0,0.0,0.0,1.0,0.0,0.0,1.0,0.0,0.0,0.0,0.0,0.0,1.0
-0.0978656486818954,0.38201194526496096,-0.35258278927490966,-0.38541214772947935,1.0,-0.5470154452898162,0.83712251350348,1.0,0.0,0.0,0.0,0.0,0.0,1.0,0.0,0.0,0.0,0.0,0.0,0.0,0.0,0.0,0.0,0.0,1.0,0.0,0.0,0.0,0.0,0.0,1.0
0.7953728178199809,-0.5308382605236364,-0.16242291131582495,-0.17288265843652006,1.0,0.7345692798031048,-0.6785336934666898,0.0,1.0,0.0,0.0,1.0,0.0,0.0,0.0,0.0,0.0,0.0,0.0,0.0,0.0,0.0,0.0,0.0,0.0,1.0,0.0,0.0,0.0,1.0,0.0
-0.06143621103665647,-0.41299095921180395,0.9376266278624894,0.9480368703958487,-0.5,-0.5773233398501099,-0.8165156221801972,0.0,0.0,0.0,0.0,0.0,0.0,0.0,0.0,0.0,1.0,0.0,0.0,0.0,0.0,0.0,0.0,0.0,1.0,0.0,0.0,0.0,0.0,0.0,0.0
-0.834290288071985,2.7098518930435036,0.7580721103648779,0.7396389808169825,0.0,-0.6657731493114942,-0.7461542157328168,1.0,0.0,0.0,0.0,0.0,0.0,1.0,0.0,0.0,0.0,0.0,0.0,0.0,0.0,0.0,0.0,0.0,0.0,0.0,1.0,0.0,0.0,1.0,0.0
-0.7582172661322182,-0.3819584406609641,-0.08883398465244606,-0.11814722542421202,-0.5,0.8298500085058738,-0.5579865261660009,0.0,0.0,0.0,0.0,1.0,0.0,0.0,0.0,0.0,0.0,0.0,0.0,0.0,0.0,0.0,0.0,0.0,0.0,1.0,0.0,0.0,0.0,0.0,1.0
-0.752834901496405,-0.01873245408327682,0.8835406720016881,0.8873023545986772,-0.5,0.5152250675470446,-0.85705491642668,0.0,0.0,0.0,0.0,0.0,0.0,0.0,0.0,0.0,0.0,0.0,0.0,0.0,1.0,0.0,0.0,0.0,0.0,0.0,0.0,1.0,0.0,1.0,0.0
-0.8358554521045938,0.270260153046886,0.639993084522437,0.6317050698860092,2.5,-0.9919036803663014,-0.12699247566602592,0.0,0.0,0.0,0.0,0.0,1.0,0.0,0.0,0.0,0.0,0.0,0.0,0.0,0.0,0.0,0.0,0.0,0.0,1.0,0.0,0.0,0.0,0.0,1.0
-0.7552137993842519,0.04267826401046662,0.35615537727044994,0.3390060197407834,-0.5,-0.06344371300021986,0.9979854183708026,1.0,0.0,0.0,0.0,0.0,0.0,0.0,1.0,0.0,0.0,0.0,0.0,0.0,0.0,0.0,0.0,0.0,0.0,1.0,0.0,0.0,0.0,0.0,1.0
-0.08944545305296318,-0.23142029602947606,0.7103538381827893,0.6906547346066926,0.0,0.5576847473082313,0.8300528432694838,0.0,1.0,0.0,0.0,0.0,0.0,1.0,0.0,0.0,0.0,0.0,0.0,0.0,0.0,0.0,0.0,0.0,0.0,0.0,0.0,1.0,0.0,0.0,1.0
-0.020544725643399122,0.6960248595725417,0.7795241684740355,0.7742287336233717,1.0,0.2714404498650746,-0.9624552364536472,1.0,0.0,0.0,0.0,0.0,0.0,0.0,0.0,1.0,0.0,0.0,0.0,0.0,0.0,0.0,0.0,0.0,0.0,1.0,0.0,0.0,1.0,0.0,0.0
-0.18440651400831068,-0.5525515134393982,-0.8421568316430981,-0.8770064081111565,0.0,-0.9903085106587958,0.13888503777138012,0.0,1.0,0.0,0.0,0.0,0.0,0.0,0.0,0.0,0.0,0.0,0.0,0.0,0.0,1.0,0.0,0.0,1.0,0.0,0.0,0.0,0.0,0.0,0.0
-0.5821746165890779,0.00036585093224191423,0.9284630745098148,0.924536331222086,-0.5,0.9965413724042871,0.08309809315850814,0.0,0.0,1.0,0.0,0.0,0.0,0.0,0.0,1.0,0.0,0.0,0.0,0.0,0.0,0.0,0.0,0.0,0.0,1.0,0.0,0.0,0.0,0.0,0.0
0.2721314060012031,1.4497792983672986,-0.3522628723624293,-0.3573503224713576,-0.5,-0.9877565039839765,0.15600348982427448,1.0,0.0,0.0,0.0,0.0,0.0,0.0,0.0,0.0,0.0,0.0,0.0,0.0,1.0,0.0,0.0,0.0,0.0,1.0,0.0,0.0,1.0,0.0,0.0
-0.9891887700681472,0.0,0.0,0.0,-0.5,0.8996212996852195,-0.4366709483726579,0.0,0.0,1.0,0.0,0.0,1.0,0.0,0.0,0.0,0.0,0.0,0.0,0.0,0.0,0.0,0.0,0.0,0.0,0.0,0.0,1.0,0.0,0.0,1.0
-0.7516086098878731,0.04523542129148478,0.5770296170614763,0.5549895263947249,0.0,0.9276191013958178,0.37352751267559314,0.0,0.0,1.0,0.0,0.0,0.0,0.0,0.0,0.0,0.0,0.0,0.0,0.0,1.0,0.0,0.0,0.0,0.0,0.0,1.0,0.0,0.0,0.0,1.0
0.7774431310723751,-0.2140334583056884,0.31949202587470327,0.32555353107169566,0.0,-0.9679470410118375,-0.2511543863770414,0.0,0.0,0.0,0.0,0.0,0.0,1.0,0.0,0.0,0.0,0.0,0.0,0.0,0.0,0.0,0.0,0.0,0.0,1.0,0.0,0.0,0.0,0.0,1.0
-0.7694248572877935,-0.21197915307400012,0.7821475947658739,0.773005780108,2.5,-0.5261520829016177,0.8503904901033931,0.0,1.0,0.0,0.0,0.0,0.0,0.0,0.0,0.0,0.0,0.0,0.0,1.0,0.0,0.0,0.0,0.0,0.0,1.0,0.0,0.0,0.0,0.0,0.0
0.912974769419014,-0.3843440955341423,-0.21648434494464874,-0.20023384854381765,0.0,-0.5965751134039661,-0.8025572465980512,0.0,0.0,0.0,0.0,0.0,0.0,0.0,0.0,0.0,0.0,0.0,1.0,0.0,0.0,0.0,0.0,0.0,1.0,0.0,0.0,0.0,0.0,1.0,0.0
0.9790867353119572,-0.5362065903053409,-0.2718123133095288,-0.2724542115461686,-0.5,0.6206917408141247,0.7840546938097696,0.0,1.0,0.0,0.0,0.0,0.0,0.0,0.0,0.0,0.0,0.0,0.0,0.0,0.0,0.0,1.0,0.0,0.0,0.0,0.0,1.0,0.0,0.0,1.0
0.9944550310697547,-0.2803465546119282,-0.9644855541756598,-0.9725289935009938,1.0,0.7867555002098394,0.6172647591508569,1.0,0.0,0.0,0.0,0.0,0.0,0.0,0.0,1.0,0.0,0.0,0.0,0.0,0.0,0.0,0.0,0.0,0.0,0.0,1.0,0.0,0.0,0.0,0.0
-0.9190960967246647,-0.46464089631335487,0.4394822207709993,0.41517619206980755,1.0,-0.9991136704711451,0.04209362751861637,0.0,0.0,0.0,0.0,1.0,0.0,0.0,0.0,0.0,0.0,0.0,0.0,0.0,0.0,0.0,0.0,0.0,0.0,0.0,0.0,1.0,0.0,1.0,0.0
-0.9958488781491829,0.0,-0.4180312359645056,-0.46229295520932745,0.0,0.8150013967840508,0.579458991853648,0.0,1.0,0.0,0.0,0.0,0.0,0.0,0.0,0.0,0.0,0.0,0.0,0.0,0.0,1.0,0.0,0.0,0.0,1.0,0.0,0.0,0.0,0.0,0.0
-0.7818159261988648,-0.1182434769142447,-0.09045494756797966,-0.11723827348711138,0.0,-0.40268012546470044,-0.9153407652649002,1.0,0.0,0.0,0.0,0.0,0.0,0.0,0.0,0.0,0.0,1.0,0.0,0.0,0.0,0.0,0.0,0.0,0.0,1.0,0.0,0.0,0.0,1.0,0.0
-0.6861834977979099,0.5234422014219764,-0.5838614140081343,0.0,1.0,0.4254502590251117,-0.9049818103671837,1.0,0.0,0.0,0.0,0.0,0.0,0.0,0.0,0.0,0.0,0.0,0.0,0.0,1.0,0.0,0.0,0.0,1.0,0.0,0.0,0.0,0.0,0.0,0.0
-0.8787230723475916,-0.48527654152501076,0.5382675095529063,0.5139048988377811,2.5,-0.9691413417734613,0.24650569905285138,0.0,1.0,0.0,0.0,0.0,0.0,1.0,0.0,0.0,0.0,0.0,0.0,0.0,0.0,0.0,0.0,0.0,0.0,0.0,0.0,1.0,0.0,0.0,1.0
-0.522284858720255,-0.6973004500358435,-0.9060407026586095,-0.9458553857468073,0.0,-0.19173692723212932,-0.981446356524686,1.0,0.0,0.0,0.0,0.0,0.0,0.0,0.0,1.0,0.0,0.0,0.0,0.0,0.0,0.0,0.0,0.0,1.0,0.0,0.0,0.0,1.0,0.0,0.0
0.5083026717635136,-0.4390353725030954,0.40158846687445976,0.3944520879039156,0.0,-0.5565977331986721,0.8307821395516997,0.0,1.0,0.0,0.0,1.0,0.0,0.0,0.0,0.0,0.0,0.0,0.0,0.0,0.0,0.0,0.0,0.0,0.0,1.0,0.0,0.0,0.0,0.0,1.0
0.4186643569590988,1.5630385999181984,-0.26035185728188404,-0.2923850485669546,0.0,-0.35156934484127905,0.9361618427215851,0.0,1.0,0.0,0.0,0.0,0.0,0.0,0.0,0.0,0.0,0.0,0.0,0.0,0.0,0.0,0.0,0.0,0.0,0.0,0.0,1.0,0.0,0.0,1.0
0.15423598945771247,0.39222549819541297,-0.9443963274278113,-0.975999537260832,2.5,0.12223023530596085,-0.992501773085091,0.0,1.0,0.0,0.0,0.0,0.0,0.0,0.0,0.0,0.0,0.0,0.0,1.0,0.0,0.0,0.0,0.0,0.0,0.0,0.0,1.0,0.0,0.0,1.0
-0.1082789361070914,-0.6156111071608381,-0.039770976513560666,-0.05405785065919661,-0.5,-0.8969049033023084,-0.44222346662324097,0.0,0.0,1.0,0.0,0.0,0.0,0.0,1.0,0.0,0.0,0.0,0.0,0.0,0.0,0.0,0.0,0.0,0.0,1.0,0.0,0.0,0.0,0.0,0.0
0.15818277779466122,0.42563384106253516,0.18651849828051453,0.18060048670244647,-0.5,-0.5473806568087962,-0.8368837533084096,0.0,0.0,1.0,0.0,0.0,0.0,0.0,0.0,0.0,0.0,0.0,1.0,0.0,0.0,0.0,0.0,0.0,0.0,1.0,0.0,0.0,1.0,0.0,0.0
-0.38589207497054656,0.8950127381577887,0.4556228398626538,0.44198201101484497,0.0,-0.6128495903383195,0.7901995821450135,1.0,0.0,0.0,0.0,0.0,0.0,0.0,0.0,0.0,0.0,0.0,0.0,1.0,0.0,0.0,0.0,0.0,0.0,0.0,0.0,1.0,0.0,1.0,0.0
0.6665736414435006,0.9029194175705888,0.2995758608713471,0.3038543693732777,-0.5,0.6034399699818187,-0.7974084289925344,1.0,0.0,0.0,0.0,0.0,0.0,0.0,1.0,0.0,0.0,0.0,0.0,0.0,0.0,0.0,0.0,0.0,0.0,0.0,0.0,1.0,0.0,0.0,1.0
-0.8862466500829305,-0.20005277660158705,0.45324264130358,0.4396848415738091,0.0,-0.8096150042771018,-0.5869612805367902,1.0,0.0,0.0,0.0,0.0,0.0,0.0,0.0,0.0,0.0,0.0,0.0,0.0,0.0,1.0,0.0,0.0,0.0,1.0,0.0,0.0,0.0,0.0,0.0
5.046258803130382,0.028306494074493774,0.5169638687543183,1.995209410131509,-0.5,0.9711689629229234,-0.2383922093005838,1.0,0.0,0.0,0.0,0.0,0.0,0.0,0.0,0.0,0.0,0.0,0.0,0.0,0.0,0.0,1.0,0.0,0.0,0.0,1.0,0.0,0.0,0.0,0.0
-0.6704100060108032,0.21633068549916226,0.1659016156706626,0.0,1.0,-0.9937354521187343,0.11175800285605861,0.0,1.0,0.0,0.0,0.0,0.0,0.0,0.0,0.0,0.0,0.0,0.0,0.0,0.0,0.0,1.0,0.0,0.0,1.0,0.0,0.0,0.0,0.0,0.0
0.2739156689594683,0.6994125040580799,-0.28732516878997494,-0.31281167755343187,2.5,0.9987703486803463,-0.04957610913473806,0.0,0.0,1.0,0.0,0.0,0.0,0.0,0.0,0.0,0.0,0.0,0.0,0.0,1.0,0.0,0.0,0.0,0.0,0.0,1.0,0.0,0.0,0.0,1.0
-0.8259218670104075,2.212794365944687,-0.5357140764136848,-0.568640331850089,2.5,-0.6014664953952209,-0.7988980253555461,0.0,1.0,0.0,0.0,0.0,0.0,0.0,1.0,0.0,0.0,0.0,0.0,0.0,0.0,0.0,0.0,0.0,0.0,1.0,0.0,0.0,0.0,1.0,0.0
-0.6653390591321323,-0.6162715325207498,0.8021072580437898,0.7964897928829064,0.0,0.9359059267573258,-0.3522500479212335,0.0,0.0,1.0,0.0,0.0,0.0,0.0,1.0,0.0,0.0,0.0,0.0,0.0,0.0,0.0,0.0,0.0,1.0,0.0,0.0,0.0,0.0,0.0,1.0
0.24923450775011702,-0.12469975237935388,0.9380093880843801,0.9464503361056369,0.0,-0.5105429179116063,0.859852271596873,0.0,0.0,1.0,0.0,0.0,0.0,0.0,0.0,0.0,0.0,0.0,0.0,0.0,0.0,0.0,0.0,0.0,0.0,0.0,1.0,0.0,0.0,1.0,0.0
-0.6364931572709384,-0.20357427037970635,-0.30349651743903006,-0.32623111342480693,1.0,-0.9199355846453852,0.39206953478069867,0.0,1.0,0.0,0.0,1.0,0.0,0.0,0.0,0.0,0.0,0.0,0.0,0.0,0.0,0.0,0.0,0.0,0.0,1.0,0.0,0.0,0.0,0.0,0.0
0.560434996035078,0.03633659698927971,-0.8010056633542174,-0.8221387639079976,-0.5,-0.8793370891651971,0.4761998358026577,0.0,1.0,0.0,0.0,0.0,0.0,0.0,0.0,0.0,0.0,0.0,0.0,1.0,0.0,0.0,0.0,0.0,0.0,0.0,1.0,0.0,0.0,0.0,0.0
0.5425499782749614,0.39452435009568587,-0.5774952178187831,-0.5924052934055537,1.0,0.1456513631848078,0.9893359795349642,0.0,0.0,0.0,0.0,0.0,0.0,0.0,0.0,0.0,0.0,0.0,0.0,1.0,0.0,0.0,0.0,0.0,0.0,0.0,0.0,1.0,0.0,0.0,0.0
-0.42838650480039075,1.719641513282895,0.33119417251787875,0.0,0.0,-0.42985460448699353,0.9028981221607066,1.0,0.0,0.0,0.0,0.0,0.0,0.0,0.0,0.0,0.0,0.0,1.0,0.0,0.0,0.0,0.0,0.0,0.0,0.0,1.0,0.0,0.0,0.0,1.0
0.03175763025568796,-0.5740974883083162,-0.678078949526522,-0.7048839640220297,-0.5,-0.9346447865308545,-0.355582793468263,0.0,1.0,0.0,0.0,0.0,0.0,0.0,0.0,0.0,0.0,0.0,0.0,0.0,0.0,0.0,0.0,1.0,1.0,0.0,0.0,0.0,0.0,0.0,0.0
1.5067880715685342,-0.5375056913599469,0.5531398730149446,0.612468341617191,0.0,-0.9997651893518362,-0.021669475311763112,0.0,0.0,0.0,1.0,0.0,0.0,0.0,1.0,0.0,0.0,0.0,0.0,0.0,0.0,0.0,0.0,0.0,0.0,1.0,0.0,0.0,1.0,0.0,0.0
0.5862047468138408,-0.10309876978184729,0.8429195078750402,0.8553898784070207,-0.5,-0.611642112515388,0.7911345815964016,0.0,1.0,0.0,0.0,0.0,0.0,0.0,0.0,1.0,0.0,0.0,0.0,0.0,0.0,0.0,0.0,0.0,0.0,1.0,0.0,0.0,0.0,0.0,0.0
0.3011257364488702,1.483961229444247,0.9252887316395106,0.9357577560455633,1.0,0.400482307878381,0.9163044914636213,0.0,0.0,1.0,0.0,1.0,0.0,0.0,0.0,0.0,0.0,0.0,0.0,0.0,0.0,0.0,0.0,0.0,0.0,1.0,0.0,0.0,1.0,0.0,0.0
1.1102575437733908,0.8051010852779124,-1.0098325119234923,-1.0003759755739825,0.0,-0.9983626814878306,0.05720101583388681,0.0,0.0,0.0,0.0,0.0,0.0,0.0,0.0,0.0,1.0,0.0,0.0,0.0,0.0,0.0,0.0,0.0,0.0,1.0,0.0,0.0,0.0,0.0,1.0
-0.6928043190110771,0.10815747051329208,0.9141415566619813,0.8992509409718351,0.0,0.560157153737607,-0.8283863610155487,0.0,1.0,0.0,0.0,0.0,0.0,0.0,1.0,0.0,0.0,0.0,0.0,0.0,0.0,0.0,0.0,0.0,0.0,1.0,0.0,0.0,1.0,0.0,0.0
0.8807362988473336,0.13296795793974167,0.4721767245568805,0.4708371034180726,-0.5,-0.36967918786884946,-0.9291594578201461,0.0,1.0,0.0,0.0,0.0,0.0,0.0,0.0,1.0,0.0,0.0,0.0,0.0,0.0,0.0,0.0,0.0,0.0,1.0,0.0,0.0,0.0,0.0,1.0
0.19834315656203183,-0.4836653796275097,-0.8583104912705355,-0.8878642521597938,1.0,-0.7582765839566868,-0.6519329890586744,0.0,1.0,0.0,0.0,0.0,0.0,0.0,0.0,0.0,0.0,0.0,0.0,0.0,0.0,1.0,0.0,0.0,0.0,0.0,0.0,1.0,1.0,0.0,0.0
1.03664906934826,-0.23161581693043867,-0.18674411224829976,-0.19102864438081768,0.0,0.6264337712853209,-0.7794746501286942,1.0,0.0,0.0,0.0,0.0,0.0,0.0,0.0,0.0,0.0,0.0,0.0,0.0,0.0,0.0,1.0,0.0,1.0,0.0,0.0,0.0,0.0,0.0,0.0
-0.4180995984656168,1.4178049674370898,0.3907652626828648,0.37447167168656037,0.0,0.2620488199084815,-0.9650546181354568,0.0,1.0,0.0,0.0,0.0,0.0,1.0,0.0,0.0,0.0,0.0,0.0,0.0,0.0,0.0,0.0,0.0,0.0,1.0,0.0,0.0,0.0,0.0,1.0
0.9864952931846597,-0.4831281169031326,0.9111634769202419,0.9515569933522561,0.0,-0.8601862369647048,-0.5099800366058469,0.0,0.0,1.0,0.0,0.0,0.0,0.0,0.0,1.0,0.0,0.0,0.0,0.0,0.0,0.0,0.0,0.0,0.0,1.0,0.0,0.0,1.0,0.0,0.0
-1.0859099665171457,0.0,-0.6959067568371893,-0.732929262881295,0.0,0.8035539593399367,0.5952319165074328,0.0,1.0,0.0,0.0,0.0,0.0,0.0,0.0,0.0,0.0,0.0,0.0,0.0,0.0,0.0,1.0,0.0,0.0,0.0,0.0,1.0,0.0,0.0,0.0
-0.3208469906350881,-0.3755217150878459,-0.7697327970859749,-0.8048356243053748,-0.5,-0.9732290386837158,-0.22983741702075042,1.0,0.0,0.0,0.0,1.0,0.0,0.0,0.0,0.0,0.0,0.0,0.0,0.0,0.0,0.0,0.0,0.0,0.0,1.0,0.0,0.0,0.0,0.0,0.0
0.13728877257734934,0.06666139121024553,-0.07094703271105421,-0.09175456645058398,1.0,-0.75651967465285,0.6539709335002176,0.0,0.0,0.0,1.0,0.0,1.0,0.0,0.0,0.0,0.0,0.0,0.0,0.0,0.0,0.0,0.0,0.0,0.0,1.0,0.0,0.0,0.0,0.0,1.0
0.423091414086906,0.34675933787735364,0.934306841635824,0.9530774220470425,-0.5,-0.9332412130657786,0.3592503837652984,0.0,0.0,0.0,0.0,0.0,0.0,1.0,0.0,0.0,0.0,0.0,0.0,0.0,0.0,0.0,0.0,0.0,0.0,1.0,0.0,0.0,1.0,0.0,0.0
-1.217790657796388,0.0,0.9409584678071601,0.9376417655151901,-0.5,-0.7158450872487653,-0.6982591288782464,0.0,0.0,1.0,0.0,0.0,0.0,0.0,0.0,0.0,0.0,0.0,1.0,0.0,0.0,0.0,0.0,0.0,0.0,0.0,1.0,0.0,0.0,0.0,1.0
-0.8502147016645004,0.1908805321383836,-0.56659124177219,-0.6044695645707061,1.0,-0.8611489554629244,-0.5083527087614604,1.0,0.0,0.0,0.0,0.0,1.0,0.0,0.0,0.0,0.0,0.0,0.0,0.0,0.0,0.0,0.0,0.0,1.0,0.0,0.0,0.0,0.0,0.0,1.0
-0.7616578939277477,1.9141773513000717,-0.38119045494431514,-0.39921169077455093,-0.5,0.034681462618113126,-0.9993984171243561,0.0,0.0,1.0,0.0,0.0,0.0,0.0,0.0,0.0,0.0,0.0,0.0,0.0,0.0,0.0,0.0,0.0,0.0,0.0,0.0,1.0,0.0,0.0,0.0
-0.6763397590437512,0.752829704335294,0.8125070072200523,0.8063560530001613,0.0,-0.8408028882685393,-0.5413413923572464,0.0,0.0,1.0,0.0,0.0,0.0,0.0,0.0,0.0,1.0,0.0,0.0,0.0,0.0,0.0,0.0,0.0,1.0,0.0,0.0,0.0,0.0,0.0,0.0
-0.5640476319118276,-0.4433500429271799,0.4613223989633773,0.4441800220627425,0.0,-0.5816498288225096,-0.8134392888413647,1.0,0.0,0.0,0.0,0.0,0.0,0.0,0.0,0.0,0.0,1.0,0.0,0.0,0.0,0.0,0.0,0.0,0.0,0.0,0.0,1.0,0.0,1.0,0.0
0.05862897953698071,-0.23718034408198962,0.9428588891956913,0.925957601523734,0.0,0.07055444529407842,-0.9975079299179755,0.0,1.0,0.0,0.0,0.0,0.0,0.0,1.0,0.0,0.0,0.0,0.0,0.0,0.0,0.0,0.0,0.0,1.0,0.0,0.0,0.0,0.0,0.0,0.0
1.0514938774043288,0.48645003175721946,0.7823269491937711,0.8100249135462761,1.0,0.39039639765703393,0.9206468664457677,0.0,0.0,0.0,0.0,0.0,0.0,0.0,0.0,0.0,1.0,0.0,0.0,0.0,0.0,0.0,0.0,0.0,1.0,0.0,0.0,0.0,0.0,0.0,1.0
-0.32043244497630796,0.4111613636709365,-0.5925841629829566,-0.6282345261261708,1.0,0.9318496371396823,-0.36284466891859174,1.0,0.0,0.0,0.0,0.0,0.0,0.0,0.0,0.0,0.0,0.0,0.0,1.0,0.0,0.0,0.0,0.0,0.0,0.0,0.0,1.0,1.0,0.0,0.0
1.1055635319036499,0.9079259182194006,0.5117833576883355,0.5339018414539927,1.0,0.9407575381753436,-0.33908001174688385,0.0,1.0,0.0,0.0,0.0,0.0,0.0,0.0,0.0,0.0,0.0,0.0,0.0,1.0,0.0,0.0,0.0,0.0,1.0,0.0,0.0,0.0,0.0,0.0
0.0009217813085483915,0.3786860399637261,-0.9302647061137674,-0.9685957105731767,1.0,0.9185614020065446,0.3952783206093793,1.0,0.0,0.0,0.0,0.0,0.0,0.0,0.0,0.0,0.0,0.0,0.0,0.0,1.0,0.0,0.0,0.0,0.0,1.0,0.0,0.0,0.0,0.0,1.0
-0.21032780737218598,1.5677282668220802,0.6296068245091506,0.6062048364506253,0.0,0.8557783782982491,0.5173426014134337,1.0,0.0,0.0,0.0,0.0,0.0,0.0,0.0,0.0,0.0,0.0,1.0,0.0,0.0,0.0,0.0,0.0,0.0,0.0,0.0,1.0,0.0,0.0,0.0
0.7185659142245677,-0.4859656224447617,0.1910561514512047,0.21289307006779964,0.0,0.984528675617669,-0.17522353405441496,0.0,0.0,0.0,0.0,0.0,0.0,0.0,0.0,0.0,0.0,0.0,0.0,0.0,0.0,0.0,1.0,0.0,0.0,0.0,1.0,0.0,0.0,0.0,1.0
-0.16997256789049886,-0.14841417573670895,0.9099782043223149,0.9015481104128708,0.0,0.8129737421666622,-0.5823003473702668,0.0,0.0,1.0,0.0,0.0,0.0,0.0,0.0,0.0,0.0,0.0,0.0,0.0,0.0,1.0,0.0,0.0,0.0,0.0,0.0,1.0,0.0,0.0,0.0
-0.5835902564844697,0.288827379823754,0.9179502340341067,0.9181736676623821,0.0,-0.9394685678743131,0.34263509740857995,0.0,0.0,0.0,0.0,0.0,0.0,0.0,0.0,0.0,0.0,0.0,0.0,0.0,1.0,0.0,0.0,0.0,1.0,0.0,0.0,0.0,0.0,0.0,1.0
0.9350588308033652,1.4971766922106202,-0.9257025484916046,-0.9388647190305613,2.5,0.9469535027287307,-0.32137060175098126,0.0,1.0,0.0,0.0,1.0,0.0,0.0,0.0,0.0,0.0,0.0,0.0,0.0,0.0,0.0,0.0,0.0,0.0,0.0,0.0,0.0,0.0,0.0,0.0
-0.08705574714355753,1.3829113965333473,-0.7032469748668346,-0.7578510723567057,1.0,0.28561867546535147,0.9583433477754297,1.0,0.0,0.0,0.0,1.0,0.0,0.0,0.0,0.0,0.0,0.0,0.0,0.0,0.0,0.0,0.0,0.0,0.0,1.0,0.0,0.0,0.0,0.0,1.0
1.2968100987303974,-0.083971864083735,-0.04689809531552125,-0.020112627408206116,-0.5,0.920533265787881,-0.39066418645417006,1.0,0.0,0.0,0.0,0.0,0.0,1.0,0.0,0.0,0.0,0.0,0.0,0.0,0.0,0.0,0.0,0.0,1.0,0.0,0.0,0.0,0.0,0.0,1.0
-0.3066631596701107,1.1810648499742769,0.7546385419058583,0.7489268169742644,-0.5,-0.7175187259176973,-0.6965392149458954,0.0,1.0,0.0,0.0,0.0,0.0,0.0,0.0,0.0,0.0,0.0,0.0,1.0,0.0,0.0,0.0,0.0,1.0,0.0,0.0,0.0,0.0,0.0,0.0
-0.8948408819597056,-0.025463268240789913,0.622737591994833,0.6062544156471947,-0.5,0.8774602813564671,0.47964930380625964,0.0,1.0,0.0,0.0,0.0,0.0,0.0,0.0,0.0,1.0,0.0,0.0,0.0,0.0,0.0,0.0,0.0,0.0,0.0,0.0,0.0,0.0,0.0,1.0
-0.5758055519369191,-0.40237307568184394,0.9267456828435283,0.9336423769919476,-0.5,0.7780604485537578,-0.6281894128336812,0.0,0.0,0.0,0.0,0.0,0.0,0.0,0.0,0.0,1.0,0.0,0.0,0.0,0.0,0.0,0.0,0.0,0.0,0.0,0.0,0.0,0.0,0.0,0.0
-0.5139375330327653,0.4038103180629054,0.22456926417200745,0.22150332387197014,-0.5,0.29904079225608665,0.9542403285162769,0.0,1.0,0.0,0.0,0.0,0.0,0.0,0.0,0.0,0.0,0.0,0.0,0.0,0.0,0.0,1.0,0.0,1.0,0.0,0.0,0.0,0.0,0.0,1.0
-0.12757696112400843,0.8346895422397128,-0.5084990810582727,-0.5348768989865186,0.0,0.9751815669141036,-0.22140666555222227,0.0,0.0,1.0,0.0,0.0,0.0,0.0,0.0,0.0,0.0,0.0,0.0,0.0,0.0,0.0,1.0,0.0,0.0,1.0,0.0,0.0,0.0,0.0,0.0
-0.5911168683299155,-0.6292807879446172,-0.9778325386956481,-1.0150018385618726,1.0,-0.4226182617406993,-0.90630778703665,0.0,1.0,0.0,0.0,0.0,0.0,0.0,0.0,0.0,0.0,0.0,0.0,0.0,0.0,0.0,1.0,0.0,1.0,0.0,0.0,0.0,0.0,0.0,1.0
-0.8540453236399415,2.389699514407265,-0.5767060967528524,-0.6204505922648189,1.0,-0.9882395042773885,-0.15291396988366185,0.0,1.0,0.0,0.0,0.0,0.0,0.0,1.0,0.0,0.0,0.0,0.0,0.0,0.0,0.0,0.0,0.0,0.0,1.0,0.0,0.0,0.0,0.0,0.0
-0.2849871665407173,0.29316517493679495,0.340533624549919,0.31671190768353596,-0.5,-0.3410632569702128,-0.9400403474026371,0.0,1.0,0.0,0.0,0.0,0.0,0.0,0.0,0.0,0.0,0.0,0.0,1.0,0.0,0.0,0.0,0.0,1.0,0.0,0.0,0.0,0.0,0.0,1.0
0.0056864557573946565,1.4879987594912345,0.8494986667118772,0.8420530745299273,0.0,-0.509416936840842,0.8605198338560789,0.0,0.0,1.0,0.0,0.0,0.0,0.0,1.0,0.0,0.0,0.0,0.0,0.0,0.0,0.0,0.0,0.0,0.0,0.0,1.0,0.0,0.0,0.0,0.0
4.4059207615317355,0.12662468960837178,-0.37803424458649326,1.995209410131509,0.0,0.35911464553362743,0.9332934540450057,0.0,0.0,0.0,0.0,0.0,0.0,1.0,0.0,0.0,0.0,0.0,0.0,0.0,0.0,0.0,0.0,0.0,0.0,0.0,0.0,1.0,0.0,0.0,1.0
-0.07180356949086464,-0.19539320640041266,0.7469550553336356,0.737622760156505,1.0,-0.1369403050844873,0.9905793016429162,1.0,0.0,0.0,0.0,0.0,0.0,1.0,0.0,0.0,0.0,0.0,0.0,0.0,0.0,0.0,0.0,0.0,0.0,0.0,0.0,1.0,0.0,0.0,0.0
0.9661122801862897,-0.04587291549823522,-0.22799276578436312,-0.21395075959460733,1.0,0.9876997142187617,0.15636263790361357,1.0,0.0,0.0,0.0,0.0,0.0,0.0,0.0,1.0,0.0,0.0,0.0,0.0,0.0,0.0,0.0,0.0,0.0,0.0,0.0,1.0,0.0,1.0,0.0
-0.01591721969660233,-0.13745004762250362,-0.4036494537283464,-0.43525576668030086,2.5,-0.8368041311676172,0.5475023708266561,0.0,1.0,0.0,0.0,0.0,0.0,0.0,0.0,0.0,1.0,0.0,0.0,0.0,0.0,0.0,0.0,0.0,0.0,0.0,0.0,1.0,0.0,1.0,0.0
-1.2470688626490447,-0.3729341218585145,0.003059633923900075,-0.029235199576924092,0.0,-0.14680240901306696,0.989165836807944,0.0,0.0,1.0,0.0,0.0,0.0,0.0,0.0,0.0,0.0,0.0,0.0,0.0,0.0,1.0,0.0,0.0,0.0,1.0,0.0,0.0,0.0,0.0,0.0
0.12112322766815867,-0.3208605805992345,-0.1319282759336311,-0.1549184628796424,1.0,0.16131674957872205,0.986902683300312,1.0,0.0,0.0,0.0,0.0,1.0,0.0,0.0,0.0,0.0,0.0,0.0,0.0,0.0,0.0,0.0,0.0,1.0,0.0,0.0,0.0,0.0,0.0,1.0
-0.05455726128170547,-0.6010347980898983,0.8242027512008476,0.8166850522853946,-0.5,-0.9313473984103197,-0.36413187648752937,0.0,0.0,0.0,0.0,0.0,0.0,0.0,0.0,0.0,0.0,0.0,0.0,0.0,1.0,0.0,0.0,0.0,0.0,0.0,1.0,0.0,0.0,0.0,0.0
0.4823055891191261,1.4653975133788133,-0.07924068776238032,-0.09643153732693747,0.0,0.8528300938244967,0.5221885014698238,0.0,1.0,0.0,0.0,0.0,0.0,0.0,0.0,0.0,0.0,1.0,0.0,0.0,0.0,0.0,0.0,0.0,0.0,0.0,1.0,0.0,0.0,0.0,0.0
-0.7816562116454489,-0.32720457086545407,-0.46637921636140456,-0.48539686081053723,-0.5,0.5486580759873992,0.8360468381937732,1.0,0.0,0.0,0.0,0.0,0.0,0.0,1.0,0.0,0.0,0.0,0.0,0.0,0.0,0.0,0.0,0.0,0.0,1.0,0.0,0.0,0.0,0.0,1.0
0.7310373175573878,0.39801441709585245,0.6797584119514902,0.6895144130856027,0.0,-0.5687413095220686,0.8225164574907439,0.0,1.0,0.0,0.0,0.0,0.0,0.0,0.0,0.0,0.0,1.0,0.0,0.0,0.0,0.0,0.0,0.0,0.0,0.0,1.0,0.0,0.0,0.0,1.0
0.13313152643562837,0.3493112996991632,0.9964582042745729,0.99715332779699,1.0,-0.6194936380894009,0.7850016766649345,1.0,0.0,0.0,0.0,0.0,0.0,0.0,1.0,0.0,0.0,0.0,0.0,0.0,0.0,0.0,0.0,0.0,1.0,0.0,0.0,0.0,0.0,0.0,1.0
0.03753007497970236,-0.4274874025016847,0.2855783709570024,0.0,0.0,0.81693524761656,0.5767294003271115,0.0,0.0,1.0,0.0,0.0,0.0,0.0,0.0,0.0,0.0,0.0,1.0,0.0,0.0,0.0,0.0,0.0,0.0,1.0,0.0,0.0,0.0,0.0,0.0
0.6368581545691513,1.8137978768362726,-0.5208726318089778,-0.528563814623384,-0.5,-0.20385534087993842,-0.9790010214472322,1.0,0.0,0.0,0.0,0.0,0.0,0.0,0.0,0.0,1.0,0.0,0.0,0.0,0.0,0.0,0.0,0.0,0.0,1.0,0.0,0.0,0.0,0.0,0.0
0.8064840378930838,0.3939004862278352,-0.5444882376860943,-0.5540971008564806,-0.5,0.9655105095122277,0.26036408358573276,1.0,0.0,0.0,0.0,0.0,0.0,1.0,0.0,0.0,0.0,0.0,0.0,0.0,0.0,0.0,0.0,0.0,0.0,1.0,0.0,0.0,0.0,0.0,0.0
0.731493935013832,0.6768347112310121,-0.9117282287646303,-0.9286514045373228,-0.5,-0.9665814615718302,0.2563596655982849,1.0,0.0,0.0,0.0,0.0,1.0,0.0,0.0,0.0,0.0,0.0,0.0,0.0,0.0,0.0,0.0,0.0,0.0,0.0,1.0,0.0,0.0,0.0,1.0
-1.2949055824597513,0.0,-0.8720122965731351,-0.9043410718195978,-0.5,-0.2974443054560593,-0.9547391712670862,1.0,0.0,0.0,0.0,0.0,0.0,0.0,0.0,0.0,0.0,1.0,0.0,0.0,0.0,0.0,0.0,0.0,0.0,0.0,0.0,1.0,0.0,0.0,1.0
-0.9404916658627169,-0.49543582564982963,0.8266020225556985,0.8094464895863029,-0.5,0.9946953392027168,-0.10286487334553066,0.0,0.0,0.0,0.0,0.0,0.0,0.0,0.0,0.0,0.0,0.0,0.0,0.0,0.0,0.0,1.0,0.0,1.0,0.0,0.0,0.0,0.0,0.0,1.0
-0.36366531436833577,-0.2668290449551384,0.0,0.0,-0.5,-0.9857768926152088,0.1680592692650514,0.0,0.0,0.0,0.0,0.0,0.0,0.0,0.0,1.0,0.0,0.0,0.0,0.0,0.0,0.0,0.0,0.0,0.0,1.0,0.0,0.0,0.0,0.0,0.0
-0.8197616358285807,1.0035067719549904,-0.046620699082358844,-0.06995624635902764,-0.5,-0.08860455650831506,-0.9960668815727008,1.0,0.0,0.0,0.0,0.0,0.0,0.0,0.0,0.0,0.0,0.0,0.0,0.0,1.0,0.0,0.0,0.0,1.0,0.0,0.0,0.0,0.0,0.0,0.0
-0.52949790261545,-0.048757368797536775,0.3868645172298852,0.3660927874663791,2.5,-0.7354075724057156,-0.6776250456176574,0.0,0.0,0.0,0.0,0.0,0.0,0.0,0.0,0.0,0.0,0.0,0.0,1.0,0.0,0.0,0.0,0.0,0.0,1.0,0.0,0.0,0.0,0.0,0.0
-0.0962137313916057,0.5603388081900617,0.6955528642119827,0.6876304036159759,0.0,-0.7884135342918965,-0.6151455916653882,1.0,0.0,0.0,0.0,0.0,0.0,0.0,0.0,0.0,0.0,0.0,0.0,0.0,0.0,0.0,1.0,0.0,0.0,0.0,0.0,1.0,0.0,0.0,0.0
-0.38374713861733506,-0.6110664175440792,-0.6814498978768833,-0.7245669050599701,-0.5,-0.7601697693634275,0.6497244968030322,0.0,0.0,1.0,0.0,0.0,0.0,0.0,0.0,0.0,0.0,0.0,0.0,0.0,0.0,1.0,0.0,0.0,0.0,0.0,0.0,1.0,0.0,0.0,0.0
-0.07696095135098271,0.11353001872081471,0.0,0.0,0.0,0.9958381326724676,0.09113952773310233,1.0,0.0,0.0,0.0,0.0,0.0,0.0,0.0,0.0,0.0,0.0,1.0,0.0,0.0,0.0,0.0,0.0,0.0,1.0,0.0,0.0,0.0,1.0,0.0
4.559643654285759,2.705358795495663,-0.518806721452243,1.995209410131509,1.0,0.32494924430920036,-0.9457314569278531,0.0,1.0,0.0,0.0,0.0,0.0,0.0,0.0,0.0,0.0,0.0,0.0,1.0,0.0,0.0,0.0,0.0,1.0,0.0,0.0,0.0,0.0,1.0,0.0
1.288704354139454,-0.37068932632453017,-0.510000476833946,-0.4943211161929787,1.0,0.5682626926220573,0.8228471985575021,0.0,0.0,0.0,0.0,0.0,0.0,0.0,0.0,0.0,0.0,0.0,0.0,0.0,0.0,0.0,1.0,0.0,0.0,1.0,0.0,0.0,0.0,0.0,1.0
0.21141352964295695,0.1106599642236235,-0.41263626201402276,-0.4391725232092613,0.0,0.8244967240959915,-0.5658667263189968,0.0,1.0,0.0,0.0,0.0,0.0,0.0,0.0,1.0,0.0,0.0,0.0,0.0,0.0,0.0,0.0,0.0,1.0,0.0,0.0,0.0,0.0,0.0,1.0
-0.33631604196926623,-0.2792312621437094,-0.9951274396835168,-1.0419729214954738,1.0,0.8545343820868463,-0.5193948303857594,1.0,0.0,0.0,0.0,1.0,0.0,0.0,0.0,0.0,0.0,0.0,0.0,0.0,0.0,0.0,0.0,0.0,0.0,0.0,0.0,1.0,0.0,1.0,0.0
-0.4846535264823833,1.0351834150870167,-0.19987204536520362,-0.23406338700281362,1.0,0.389391895645855,0.9210721750250235,0.0,0.0,1.0,0.0,0.0,0.0,0.0,0.0,0.0,0.0,0.0,0.0,0.0,0.0,1.0,0.0,0.0,0.0,1.0,0.0,0.0,0.0,0.0,0.0
-0.11308180609642791,0.5562319502432358,-0.6498999777256074,-0.6918115825266384,1.0,-0.6978425489437993,0.7162511967763971,0.0,0.0,1.0,0.0,0.0,0.0,0.0,0.0,0.0,0.0,0.0,0.0,0.0,0.0,1.0,0.0,0.0,0.0,1.0,0.0,0.0,1.0,0.0,0.0
-0.27781225290918354,-0.29841681540717535,0.9323188791792547,0.9233299041055707,1.0,-0.3399008483558001,-0.9404612768673718,0.0,0.0,0.0,0.0,0.0,1.0,0.0,0.0,0.0,0.0,0.0,0.0,0.0,0.0,0.0,0.0,0.0,0.0,0.0,1.0,0.0,0.0,0.0,1.0
0.4372936590632212,-0.3143355021956057,0.15287874188770675,0.14401103963443604,1.0,-0.11045711081539707,-0.9938808915912988,0.0,0.0,1.0,0.0,0.0,0.0,0.0,0.0,0.0,0.0,0.0,1.0,0.0,0.0,0.0,0.0,0.0,0.0,1.0,0.0,0.0,0.0,0.0,0.0
-0.04953036940897162,1.0831815792507353,0.731526292721988,0.7319707317476255,0.0,-0.6684818354539511,0.7437284690450653,0.0,0.0,1.0,0.0,0.0,0.0,0.0,0.0,0.0,1.0,0.0,0.0,0.0,0.0,0.0,0.0,0.0,1.0,0.0,0.0,0.0,1.0,0.0,0.0
1.077125073840814,0.8188597573925908,-0.6319345374461253,-0.630944855538616,0.0,-0.999194395114446,0.04013179253255971,0.0,1.0,0.0,0.0,0.0,1.0,0.0,0.0,0.0,0.0,0.0,0.0,0.0,0.0,0.0,0.0,0.0,0.0,0.0,0.0,0.0,0.0,0.0,0.0
0.02595397751132048,1.66954862523274,0.6137558508382278,0.5992472225320925,1.0,0.9296961514430762,-0.3683273896846836,1.0,0.0,0.0,0.0,0.0,0.0,0.0,0.0,0.0,0.0,0.0,0.0,0.0,0.0,0.0,0.0,0.0,0.0,1.0,0.0,0.0,0.0,0.0,1.0
-0.5368818706730443,0.6422917259334574,-0.18767283050936798,-0.2178179369269987,1.0,0.05378834815758831,0.9985523589689617,0.0,1.0,0.0,0.0,0.0,0.0,1.0,0.0,0.0,0.0,0.0,0.0,0.0,0.0,0.0,0.0,0.0,0.0,1.0,0.0,0.0,0.0,0.0,1.0
-0.3856539385333751,-0.40850424091665855,-0.6684242516082061,-0.7071646070642091,-0.5,-0.9466961217482281,0.3221280072686385,0.0,0.0,1.0,0.0,1.0,0.0,0.0,0.0,0.0,0.0,0.0,0.0,0.0,0.0,0.0,0.0,0.0,1.0,0.0,0.0,0.0,0.0,0.0,0.0
-0.4648928684866888,1.3759762950595282,0.5148621564625189,0.4972132359928441,2.5,0.9605165552667341,-0.2782228370542702,1.0,0.0,0.0,0.0,0.0,0.0,0.0,0.0,0.0,0.0,0.0,1.0,0.0,0.0,0.0,0.0,0.0,0.0,0.0,1.0,0.0,0.0,0.0,1.0
0.47917205458065626,0.7601917467349479,0.5164151898180658,0.5131116316926752,-0.5,0.2707404609520384,0.962652379004736,0.0,0.0,1.0,0.0,0.0,0.0,0.0,0.0,0.0,0.0,0.0,0.0,0.0,1.0,0.0,0.0,0.0,0.0,0.0,1.0,0.0,0.0,0.0,1.0
-0.13426359917154834,-0.4855342968879356,0.99065562509551,0.9971368013981335,0.0,-0.96524493021377,0.26134694315528983,0.0,1.0,0.0,0.0,1.0,0.0,0.0,0.0,0.0,0.0,0.0,0.0,0.0,0.0,0.0,0.0,0.0,0.0,0.0,0.0,1.0,0.0,0.0,1.0
0.02500476370619319,-0.6607418167467838,0.5547924550503586,0.5530559377285292,1.0,-0.19080899537654467,0.981627183447664,0.0,1.0,0.0,0.0,0.0,0.0,0.0,0.0,0.0,0.0,0.0,0.0,1.0,0.0,0.0,0.0,0.0,1.0,0.0,0.0,0.0,0.0,0.0,0.0
0.24481882187850165,1.9053244422219342,-0.7341785422850331,-0.7491747129571098,-0.5,0.1703528191344199,0.9853831320927691,0.0,0.0,1.0,0.0,0.0,0.0,0.0,0.0,0.0,0.0,1.0,0.0,0.0,0.0,0.0,0.0,0.0,0.0,1.0,0.0,0.0,1.0,0.0,0.0
0.33476674052236616,0.7031003291965519,-0.37470657872250795,-0.4019715993835653,0.0,0.9203058308063377,0.39119966485652385,0.0,1.0,0.0,0.0,0.0,1.0,0.0,0.0,0.0,0.0,0.0,0.0,0.0,0.0,0.0,0.0,0.0,0.0,0.0,0.0,0.0,0.0,0.0,0.0
0.7283090482228629,-0.07903893768001256,-0.1127592255900765,-0.12665832083524417,-0.5,0.036425688201479144,-0.9993363644134284,0.0,1.0,0.0,0.0,0.0,0.0,1.0,0.0,0.0,0.0,0.0,0.0,0.0,0.0,0.0,0.0,0.0,0.0,0.0,1.0,0.0,0.0,0.0,0.0
0.1838507215482408,2.2054154685733245,-0.7719237176529956,-0.8048521507042312,0.0,0.2550941941524769,0.9669162073880541,0.0,1.0,0.0,0.0,0.0,0.0,0.0,0.0,0.0,0.0,0.0,1.0,0.0,0.0,0.0,0.0,0.0,0.0,1.0,0.0,0.0,0.0,0.0,0.0
-0.6902866828507027,0.8491509011358895,0.5691928537431715,0.5665580055941861,-0.5,-0.6111241851755082,-0.7915347309458829,1.0,0.0,0.0,0.0,0.0,0.0,0.0,1.0,0.0,0.0,0.0,0.0,0.0,0.0,0.0,0.0,0.0,0.0,1.0,0.0,0.0,0.0,0.0,0.0
-0.3945315437922963,-0.6959502824773948,0.03926343159927804,0.00123947991422799,0.0,-0.8089314959187222,0.5879029128271933,0.0,0.0,1.0,0.0,0.0,0.0,0.0,0.0,0.0,0.0,0.0,0.0,0.0,0.0,0.0,1.0,0.0,0.0,1.0,0.0,0.0,0.0,0.0,0.0
-0.39519199758286516,0.44537964965963334,0.8863522537114674,0.8824435933349034,0.0,-0.780521336941543,-0.6251291407213283,1.0,0.0,0.0,0.0,0.0,0.0,0.0,0.0,0.0,0.0,0.0,0.0,0.0,0.0,1.0,0.0,0.0,0.0,1.0,0.0,0.0,1.0,0.0,0.0
-0.5498883724273321,0.17722169115312908,0.16621918744433686,0.14427546201613814,2.5,0.9851842505989351,-0.17149924889577423,1.0,0.0,0.0,0.0,0.0,0.0,0.0,0.0,0.0,0.0,0.0,0.0,0.0,0.0,0.0,0.0,0.0,1.0,0.0,0.0,0.0,0.0,0.0,0.0
0.7129973076248971,-0.47389705563796075,0.031559141433699874,0.0342096456326926,2.5,-0.42781803516371425,0.9038648841440069,1.0,0.0,0.0,0.0,0.0,0.0,0.0,1.0,0.0,0.0,0.0,0.0,0.0,0.0,0.0,0.0,0.0,0.0,0.0,0.0,1.0,0.0,0.0,0.0
-0.1645987686073127,0.8600241490678313,-0.8839108196508813,0.0,-0.5,-0.6800280285652326,-0.7331861157753079,0.0,0.0,0.0,0.0,0.0,0.0,0.0,0.0,0.0,0.0,0.0,0.0,0.0,0.0,0.0,0.0,0.0,0.0,1.0,0.0,0.0,0.0,0.0,0.0
0.06862447123273173,-0.5135353295518867,-0.7259081024517048,-0.7514223032015765,1.0,0.20947634788008695,-0.9778137142006246,0.0,0.0,1.0,0.0,0.0,0.0,0.0,0.0,0.0,1.0,0.0,0.0,0.0,0.0,0.0,0.0,0.0,0.0,1.0,0.0,0.0,0.0,0.0,1.0
0.18258101382411962,0.2954392290939436,0.6938724671691896,0.6953482318819024,-0.5,0.7098781236552903,0.7043245342565061,0.0,1.0,0.0,0.0,0.0,0.0,0.0,0.0,1.0,0.0,0.0,0.0,0.0,0.0,0.0,0.0,0.0,0.0,0.0,0.0,0.0,0.0,1.0,0.0
0.09087984205385635,1.149675062388513,0.9800872087412963,1.0047058920743523,-0.5,0.9672308349482545,0.2538986252922659,0.0,1.0,0.0,0.0,1.0,0.0,0.0,0.0,0.0,0.0,0.0,0.0,0.0,0.0,0.0,0.0,0.0,0.0,0.0,0.0,1.0,0.0,0.0,0.0
0.16474211857888268,-0.4811934213953713,-0.1868684791405032,-0.19137569875680158,-0.5,-0.806186520001266,0.591661469903397,0.0,1.0,0.0,0.0,1.0,0.0,0.0,0.0,0.0,0.0,0.0,0.0,0.0,0.0,0.0,0.0,0.0,0.0,0.0,0.0,1.0,0.0,0.0,0.0
1.780618548309546,0.1855250385374337,0.6138985718251491,0.7199725661778986,2.5,-0.5321991997077336,-0.8466191657589899,0.0,0.0,1.0,0.0,0.0,0.0,0.0,0.0,0.0,0.0,0.0,0.0,1.0,0.0,0.0,0.0,0.0,0.0,1.0,0.0,0.0,0.0,0.0,0.0
0.43786024942912466,-0.32725405775022004,0.24383610074333428,0.23361717423369158,2.5,-0.9954517907097659,-0.09526663829862171,0.0,0.0,0.0,0.0,0.0,0.0,0.0,0.0,0.0,1.0,0.0,0.0,0.0,0.0,0.0,0.0,0.0,0.0,0.0,0.0,0.0,0.0,0.0,0.0
-0.6674569852679924,0.36931139463043156,0.9159768782291049,0.9071670860240378,-0.5,0.03489949670250097,0.9993908270190958,0.0,1.0,0.0,0.0,0.0,0.0,1.0,0.0,0.0,0.0,0.0,0.0,0.0,0.0,0.0,0.0,0.0,1.0,0.0,0.0,0.0,0.0,0.0,0.0
0.1694479810642921,-0.2779515323183256,-0.5458627214658459,-0.5622446154926726,-0.5,-0.4921703630643002,-0.8704988993221962,0.0,1.0,0.0,0.0,0.0,0.0,0.0,0.0,0.0,0.0,0.0,1.0,0.0,0.0,0.0,0.0,0.0,0.0,1.0,0.0,0.0,0.0,0.0,1.0
0.015963790301545558,-0.44414593578778316,0.07604089605488659,0.06952655998876213,-0.5,0.6905668913927419,0.7232685313990683,0.0,1.0,0.0,0.0,0.0,0.0,0.0,1.0,0.0,0.0,0.0,0.0,0.0,0.0,0.0,0.0,0.0,0.0,1.0,0.0,0.0,0.0,0.0,0.0
-0.9238700899708003,-0.26255917783862864,-0.19981216220955353,-0.23424517739023376,0.0,0.843039603425617,-0.5378514916368443,0.0,0.0,1.0,0.0,0.0,0.0,0.0,0.0,0.0,0.0,0.0,1.0,0.0,0.0,0.0,0.0,0.0,0.0,1.0,0.0,0.0,0.0,0.0,1.0
-1.3054984150318985,0.0,0.06971483193767962,0.029995413924317506,0.0,0.23705009956496736,0.9714974268088614,1.0,0.0,0.0,0.0,0.0,0.0,0.0,0.0,1.0,0.0,0.0,0.0,0.0,0.0,0.0,0.0,0.0,0.0,1.0,0.0,0.0,0.0,0.0,0.0
0.0419458233821643,-0.07534739453390646,-0.48356895081607687,-0.5251593764589711,-0.5,-0.7339274749213546,-0.6792278421528114,0.0,0.0,0.0,0.0,0.0,0.0,0.0,0.0,0.0,0.0,0.0,0.0,0.0,0.0,1.0,0.0,0.0,0.0,0.0,0.0,1.0,1.0,0.0,0.0
-0.2556788028691425,2.441003725686212,-0.019444343061103608,-0.030491205890008442,1.0,0.8332832562077545,-0.5528462850773277,0.0,0.0,1.0,0.0,0.0,0.0,0.0,0.0,0.0,0.0,0.0,0.0,0.0,0.0,1.0,0.0,0.0,0.0,0.0,1.0,0.0,1.0,0.0,0.0
-0.7979743685054045,0.3308090519589675,0.2381957104160113,0.2305928432429754,0.0,0.9320605739006256,-0.36230247940089577,1.0,0.0,0.0,0.0,0.0,0.0,0.0,0.0,0.0,1.0,0.0,0.0,0.0,0.0,0.0,0.0,0.0,0.0,0.0,0.0,1.0,0.0,0.0,1.0
-0.43035584566736473,0.45961563698803937,-0.8640578013989395,-0.9016142160082962,2.5,0.8413142893967052,0.5405462667125888,0.0,1.0,0.0,0.0,0.0,0.0,0.0,0.0,1.0,0.0,0.0,0.0,0.0,0.0,0.0,0.0,0.0,1.0,0.0,0.0,0.0,0.0,0.0,0.0
-0.2414784155451693,0.013290568407218808,0.47783985811787766,0.4691514107347224,1.0,-0.02392327260176443,-0.999713797558092,0.0,1.0,0.0,0.0,0.0,0.0,0.0,0.0,1.0,0.0,0.0,0.0,0.0,0.0,0.0,0.0,0.0,0.0,0.0,0.0,1.0,0.0,0.0,0.0
-0.45768508818716847,-0.44752964318431093,0.4038998997338045,0.4044175064143086,0.0,0.9751654631884132,-0.22147758217148633,0.0,0.0,1.0,0.0,0.0,0.0,0.0,0.0,0.0,0.0,0.0,0.0,0.0,0.0,1.0,0.0,0.0,1.0,0.0,0.0,0.0,0.0,0.0,1.0
0.13661179724902273,0.2381347235028794,0.7565934345820492,0.7711548234360864,1.0,-0.8263031437346613,0.5632256338752842,0.0,0.0,0.0,0.0,0.0,0.0,0.0,0.0,1.0,0.0,0.0,0.0,0.0,0.0,0.0,0.0,0.0,1.0,0.0,0.0,0.0,0.0,0.0,1.0
0.06640382034458589,0.6330779077076042,-0.16521749807125266,-0.17980721955734033,1.0,-0.9935800854193465,-0.11313095888431324,0.0,0.0,1.0,0.0,0.0,0.0,1.0,0.0,0.0,0.0,0.0,0.0,0.0,0.0,0.0,0.0,0.0,0.0,1.0,0.0,0.0,0.0,0.0,1.0
0.5304387979463101,-0.5244248260692073,-0.9036934536671164,-0.9292463548961523,0.0,-0.7067467337899607,-0.7074666453460704,0.0,0.0,1.0,0.0,0.0,1.0,0.0,0.0,0.0,0.0,0.0,0.0,0.0,0.0,0.0,0.0,0.0,0.0,0.0,0.0,1.0,0.0,1.0,0.0
0.8046055667659494,-0.16298599086289906,-0.0930208136329337,-0.09806765081371843,0.0,-0.8969370603286491,-0.44215824068878473,0.0,1.0,0.0,0.0,0.0,0.0,0.0,0.0,0.0,1.0,0.0,0.0,0.0,0.0,0.0,0.0,0.0,0.0,0.0,0.0,1.0,1.0,0.0,0.0
0.4135751583119915,2.1114353886364885,-0.7497070987218579,-0.7773026438106571,2.5,-0.771069206683126,0.6367513474701524,0.0,0.0,1.0,0.0,0.0,0.0,0.0,0.0,0.0,0.0,1.0,0.0,0.0,0.0,0.0,0.0,0.0,0.0,1.0,0.0,0.0,0.0,0.0,0.0
-0.5210878528428978,0.42012771307748337,0.2841090619456795,0.2609022587455637,-0.5,-0.38791778823179185,-0.9216939782668403,0.0,0.0,0.0,0.0,0.0,0.0,0.0,0.0,0.0,0.0,0.0,0.0,0.0,0.0,1.0,0.0,0.0,0.0,0.0,0.0,1.0,0.0,0.0,1.0
0.061248465562877906,0.9336584882581991,-0.9331718863394756,-0.9623817846031805,-0.5,0.9948143545540261,0.10170742339306597,1.0,0.0,0.0,0.0,0.0,0.0,1.0,0.0,0.0,0.0,0.0,0.0,0.0,0.0,0.0,0.0,0.0,0.0,0.0,0.0,1.0,0.0,0.0,0.0
-1.0264437550832648,0.0,-0.2703761843619793,-0.3004499312088647,0.0,0.13758860834460326,-0.990489462262873,0.0,0.0,1.0,0.0,0.0,0.0,0.0,0.0,1.0,0.0,0.0,0.0,0.0,0.0,0.0,0.0,0.0,0.0,0.0,0.0,0.0,0.0,0.0,0.0
-0.3870325618153578,-0.3295678754505361,-0.8607586454823192,-0.9048864429818582,1.0,-0.3900616152095423,0.9207887577181441,0.0,0.0,1.0,0.0,0.0,0.0,0.0,0.0,0.0,0.0,0.0,0.0,0.0,0.0,1.0,0.0,0.0,0.0,0.0,0.0,1.0,0.0,0.0,1.0
-1.3449821206226915,0.0,-1.0219159367929436,-1.056202150910811,1.0,-0.9970135688861468,-0.07722657222037421,0.0,0.0,1.0,0.0,0.0,0.0,0.0,0.0,0.0,0.0,0.0,0.0,0.0,0.0,1.0,0.0,0.0,1.0,0.0,0.0,0.0,0.0,0.0,0.0
-0.3051482471902068,-0.343198710801996,0.9190143258979147,0.9199585187388707,2.5,0.9964256029553556,0.08447495353686739,0.0,0.0,0.0,0.0,0.0,0.0,0.0,0.0,1.0,0.0,0.0,0.0,0.0,0.0,0.0,0.0,0.0,0.0,0.0,0.0,1.0,0.0,1.0,0.0
-0.4267471506989023,0.55991967740076,0.9911411485698506,0.9901791874796004,0.0,-0.6205776981167853,-0.7841449614708189,0.0,0.0,0.0,0.0,0.0,0.0,0.0,0.0,0.0,1.0,0.0,0.0,0.0,0.0,0.0,0.0,0.0,1.0,0.0,0.0,0.0,0.0,0.0,0.0
0.4489234043094642,1.6969422080400411,0.0976711792360386,0.08765601953420359,-0.5,0.9605570109785542,-0.2780831326419238,0.0,0.0,1.0,0.0,0.0,0.0,0.0,1.0,0.0,0.0,0.0,0.0,0.0,0.0,0.0,0.0,0.0,0.0,0.0,0.0,1.0,0.0,0.0,1.0
-0.694865450705067,1.1161975092004168,-0.5442027873376571,-0.5734660403161499,0.0,-0.4814987464428885,0.8764467794304038,0.0,1.0,0.0,0.0,0.0,0.0,0.0,0.0,0.0,0.0,0.0,0.0,0.0,0.0,0.0,1.0,0.0,0.0,0.0,1.0,0.0,0.0,0.0,1.0
0.06315035874635236,0.9171472125383369,0.8187261774050183,0.8139416700752364,1.0,-0.09504946214200694,0.9954725509759248,1.0,0.0,0.0,0.0,0.0,1.0,0.0,0.0,0.0,0.0,0.0,0.0,0.0,0.0,0.0,0.0,0.0,0.0,0.0,0.0,1.0,0.0,0.0,1.0
-0.3225557087613821,0.16182761595018313,0.842932398601425,0.860645273243347,-0.5,0.3733925919959059,-0.9276734189587298,0.0,1.0,0.0,0.0,0.0,0.0,0.0,0.0,0.0,0.0,0.0,0.0,0.0,0.0,0.0,1.0,0.0,0.0,0.0,0.0,1.0,0.0,0.0,0.0
-0.35386354551131916,0.2076905077898952,0.7039762995271794,0.714865908931279,-0.5,-0.9128044801902676,-0.4083968424762554,0.0,1.0,0.0,0.0,0.0,0.0,0.0,0.0,0.0,0.0,0.0,0.0,1.0,0.0,0.0,0.0,0.0,0.0,0.0,0.0,1.0,0.0,1.0,0.0
-0.5754261450663005,0.44714330812317915,0.07509646087854216,0.047381185521222086,-0.5,-0.8853598191457469,0.46490643213684446,1.0,0.0,0.0,0.0,0.0,0.0,0.0,0.0,0.0,0.0,1.0,0.0,0.0,0.0,0.0,0.0,0.0,0.0,0.0,0.0,1.0,0.0,0.0,1.0
0.15760432120396772,0.05269079425904643,0.0,0.0,0.0,0.9874712493715467,0.1577990230153425,1.0,0.0,0.0,0.0,1.0,0.0,0.0,0.0,0.0,0.0,0.0,0.0,0.0,0.0,0.0,0.0,0.0,0.0,1.0,0.0,0.0,0.0,0.0,1.0
-0.17338973425256932,-0.6760275800349802,-0.8494113756923357,-0.8923594326487272,1.0,0.738013852611336,0.6747855610145886,1.0,0.0,0.0,0.0,0.0,0.0,0.0,0.0,0.0,1.0,0.0,0.0,0.0,0.0,0.0,0.0,0.0,0.0,1.0,0.0,0.0,0.0,0.0,0.0
-0.6891637761889201,1.3748661349272067,0.7893660821658427,0.765701111813483,1.0,0.6812001713311886,-0.7320972111532452,0.0,0.0,1.0,0.0,0.0,0.0,0.0,0.0,0.0,1.0,0.0,0.0,0.0,0.0,0.0,0.0,0.0,0.0,1.0,0.0,0.0,0.0,0.0,1.0
0.03482669334756731,2.819356120951259,0.7472034878107017,0.7577188611658549,2.5,-0.5682626926220576,-0.8228471985575018,1.0,0.0,0.0,0.0,0.0,0.0,1.0,0.0,0.0,0.0,0.0,0.0,0.0,0.0,0.0,0.0,0.0,0.0,0.0,1.0,0.0,0.0,1.0,0.0
0.16206079680007843,-0.2688409843820209,-0.14789921819585855,-0.16770989559447527,-0.5,0.18480905336921555,-0.9827744470593314,0.0,1.0,0.0,0.0,0.0,0.0,0.0,0.0,0.0,0.0,0.0,0.0,1.0,0.0,0.0,0.0,0.0,0.0,1.0,0.0,0.0,0.0,0.0,1.0
1.091509985095986,-0.6606595072817473,-0.3633312275432491,-0.3648202547544383,2.5,-0.9621783817953928,0.27242019309441656,0.0,1.0,0.0,0.0,0.0,0.0,0.0,0.0,0.0,0.0,0.0,0.0,0.0,0.0,0.0,0.0,0.0,0.0,1.0,0.0,0.0,0.0,1.0,0.0
-0.32878279782097913,-0.0951646107084921,0.6076163708738105,0.5998586992897781,0.0,0.1457233093423199,0.9893253848528918,0.0,0.0,0.0,0.0,0.0,0.0,0.0,0.0,0.0,0.0,0.0,0.0,1.0,0.0,0.0,0.0,0.0,0.0,1.0,0.0,0.0,0.0,0.0,0.0
-0.8740995372589466,1.5128980766333897,0.45492175119581907,0.44284138375537635,2.5,-0.9974718846258905,0.07106222189654766,0.0,0.0,1.0,0.0,1.0,0.0,0.0,0.0,0.0,0.0,0.0,0.0,0.0,0.0,0.0,0.0,0.0,0.0,0.0,0.0,1.0,0.0,0.0,0.0
-0.36881757954869504,0.4054347463905961,0.2195380879664824,0.20583629775612833,0.0,0.9247122189155081,0.38066693077854463,1.0,0.0,0.0,0.0,0.0,0.0,0.0,0.0,0.0,1.0,0.0,0.0,0.0,0.0,0.0,0.0,0.0,0.0,1.0,0.0,0.0,0.0,0.0,0.0
-0.7485414663111967,-0.4196716007053794,-0.5592988877698712,-0.5839933563876597,1.0,0.8722827227876176,0.48900189317242954,0.0,0.0,0.0,0.0,0.0,1.0,0.0,0.0,0.0,0.0,0.0,0.0,0.0,0.0,0.0,0.0,0.0,0.0,0.0,1.0,0.0,0.0,0.0,1.0
0.763758657242069,-0.06483072426341727,-0.49645159222209945,-0.49959303742816175,1.0,0.49710016713975613,-0.8676931622581951,0.0,0.0,0.0,0.0,0.0,0.0,0.0,0.0,0.0,0.0,0.0,1.0,0.0,0.0,0.0,0.0,0.0,0.0,0.0,1.0,0.0,0.0,1.0,0.0
0.3160960900886012,0.2709082241929218,0.43947555168624886,0.42378644587397807,1.0,-0.17579627993435484,0.9844265680898916,0.0,0.0,0.0,0.0,0.0,0.0,0.0,0.0,0.0,0.0,0.0,0.0,0.0,0.0,0.0,1.0,0.0,0.0,0.0,1.0,0.0,0.0,0.0,0.0
-0.757792279615791,2.369220777886041,0.5987590255803178,0.57779595681652,0.0,-0.8473923223769623,0.5309672795724596,0.0,1.0,0.0,0.0,0.0,0.0,0.0,0.0,0.0,0.0,0.0,0.0,1.0,0.0,0.0,0.0,0.0,0.0,0.0,0.0,1.0,0.0,0.0,1.0
-0.7006354832736479,0.33777635272390366,-0.7932506699470973,-0.8228989782553907,-0.5,-0.9390442588856169,-0.3437962766726285,0.0,1.0,0.0,0.0,1.0,0.0,0.0,0.0,0.0,0.0,0.0,0.0,0.0,0.0,0.0,0.0,0.0,1.0,0.0,0.0,0.0,0.0,0.0,1.0
4.725092324223094,-0.46776116563075165,-0.6489532024649138,1.995209410131509,0.0,0.09048773372529434,-0.9958975700569112,0.0,0.0,0.0,0.0,0.0,0.0,0.0,0.0,1.0,0.0,0.0,0.0,0.0,0.0,0.0,0.0,0.0,0.0,1.0,0.0,0.0,0.0,0.0,1.0
4.82167480008957,3.1756995500604472,0.35107189898401553,1.995209410131509,0.0,-0.4166113723131394,0.9090846849767973,1.0,0.0,0.0,0.0,0.0,0.0,0.0,0.0,0.0,0.0,1.0,0.0,0.0,0.0,0.0,0.0,0.0,0.0,1.0,0.0,0.0,0.0,0.0,0.0
-0.4752877647243791,-0.32268916974830875,-0.23998005359237842,-0.2776435007870697,1.0,0.9997172664830694,0.023777869871365844,0.0,0.0,0.0,0.0,0.0,0.0,0.0,0.0,0.0,1.0,0.0,0.0,0.0,0.0,0.0,0.0,0.0,0.0,1.0,0.0,0.0,0.0,0.0,0.0
-0.18330191947798,-0.6388827771572717,0.11346707213712358,0.10353788883517825,1.0,-0.9756622801842142,-0.21927862418790364,0.0,0.0,1.0,0.0,0.0,0.0,0.0,0.0,0.0,0.0,0.0,0.0,0.0,0.0,1.0,0.0,0.0,0.0,0.0,0.0,1.0,0.0,0.0,0.0
1.0957914765687073,-0.3828179205115013,0.21794026158108462,0.24417754310291404,2.5,-0.9565383305385095,0.2916066223709626,0.0,0.0,0.0,0.0,0.0,0.0,0.0,0.0,0.0,0.0,0.0,0.0,0.0,0.0,1.0,0.0,0.0,0.0,0.0,0.0,1.0,0.0,0.0,0.0
0.24255363721868367,1.458337309013683,0.5451935692693072,0.5418675657027645,-0.5,-0.918273704634921,0.3959462127310451,0.0,0.0,1.0,0.0,0.0,0.0,0.0,0.0,0.0,0.0,0.0,1.0,0.0,0.0,0.0,0.0,0.0,0.0,0.0,0.0,1.0,0.0,0.0,0.0
-0.9529184058195115,0.23907715791370382,0.6050391233566815,0.5847700971339096,1.0,0.30797936900535766,0.9513930356414544,0.0,1.0,0.0,0.0,0.0,0.0,0.0,0.0,1.0,0.0,0.0,0.0,0.0,0.0,0.0,0.0,0.0,0.0,1.0,0.0,0.0,0.0,0.0,0.0
-1.1220329056256249,0.0,-0.4607809250127814,-0.4940566938112768,2.5,-0.8703198835866689,-0.49248685285364424,0.0,0.0,1.0,0.0,0.0,0.0,0.0,1.0,0.0,0.0,0.0,0.0,0.0,0.0,0.0,0.0,0.0,0.0,0.0,0.0,1.0,0.0,0.0,1.0
0.007604579174845453,-0.47817289771489835,0.0,0.0,1.0,0.8795793868257359,-0.47575214373795777,0.0,0.0,0.0,0.0,0.0,1.0,0.0,0.0,0.0,0.0,0.0,0.0,0.0,0.0,0.0,0.0,0.0,1.0,0.0,0.0,0.0,0.0,0.0,0.0
1.6967517107378531,-0.6751831572053207,-0.7782682342147879,-0.7221375244280832,-0.5,0.9955208073358878,-0.09454270020103178,1.0,0.0,0.0,0.0,0.0,0.0,0.0,0.0,1.0,0.0,0.0,0.0,0.0,0.0,0.0,0.0,0.0,0.0,0.0,0.0,1.0,1.0,0.0,0.0
0.9580170195240673,0.9233730850498022,0.6786423281815934,0.7039584856860729,-0.5,-0.20869408612143964,-0.9779809703761813,0.0,1.0,0.0,0.0,0.0,0.0,0.0,0.0,0.0,1.0,0.0,0.0,0.0,0.0,0.0,0.0,0.0,1.0,0.0,0.0,0.0,0.0,0.0,0.0
0.21393579169680357,-0.010382933045385866,0.6856030788923863,0.6794002569855024,-0.5,-0.8359670302687456,0.5487796682673786,0.0,1.0,0.0,0.0,0.0,0.0,0.0,0.0,0.0,0.0,0.0,0.0,1.0,0.0,0.0,0.0,0.0,0.0,1.0,0.0,0.0,0.0,0.0,0.0
0.5201085851178433,1.4619679259307057,-0.42142363557659834,-0.43360312679466356,1.0,-0.110457110815397,0.9938808915912989,0.0,1.0,0.0,0.0,0.0,0.0,0.0,0.0,0.0,0.0,0.0,0.0,1.0,0.0,0.0,0.0,0.0,1.0,0.0,0.0,0.0,0.0,0.0,0.0
0.5773964885016399,0.17423294558351884,-0.7030467929805505,-0.720666674929866,1.0,-0.9888864987445046,0.14867243389692242,0.0,0.0,1.0,0.0,1.0,0.0,0.0,0.0,0.0,0.0,0.0,0.0,0.0,0.0,0.0,0.0,0.0,0.0,0.0,0.0,1.0,0.0,0.0,0.0
-1.0400209695638984,0.0,-0.8866145516523833,-0.9390299830191251,2.5,0.6285288459388806,0.777786275157089,0.0,0.0,0.0,0.0,0.0,0.0,0.0,0.0,1.0,0.0,0.0,0.0,0.0,0.0,0.0,0.0,0.0,0.0,1.0,0.0,0.0,0.0,1.0,0.0
0.08985689744755289,2.4203079924305877,0.1371582775239711,0.13936712155579525,0.0,-0.9500628658769278,0.31205856963352036,0.0,1.0,0.0,0.0,0.0,0.0,1.0,0.0,0.0,0.0,0.0,0.0,0.0,0.0,0.0,0.0,0.0,0.0,1.0,0.0,0.0,0.0,0.0,0.0
0.9251856610538478,-0.3484935600090807,-0.8433501221449624,-0.8488784772576093,0.0,0.24918291640746387,0.9684564389639169,1.0,0.0,0.0,0.0,0.0,1.0,0.0,0.0,0.0,0.0,0.0,0.0,0.0,0.0,0.0,0.0,0.0,0.0,0.0,0.0,1.0,1.0,0.0,0.0
1.5319039659432654,-0.6024778820006961,0.35132451929423103,0.39691452133351524,1.0,-0.6864531932478832,0.7271739912014072,0.0,0.0,0.0,0.0,0.0,0.0,0.0,0.0,0.0,0.0,0.0,0.0,0.0,0.0,1.0,0.0,0.0,1.0,0.0,0.0,0.0,0.0,1.0,0.0
0.30984194327944387,0.7327229513557788,0.3463191672687025,0.3275366989344605,1.0,0.2927889435438746,0.9561770937114431,0.0,0.0,1.0,0.0,1.0,0.0,0.0,0.0,0.0,0.0,0.0,0.0,0.0,0.0,0.0,0.0,0.0,0.0,0.0,0.0,1.0,0.0,0.0,1.0
-0.9087637411393051,0.7579428594456368,0.2162622176964441,0.20975305428508878,2.5,-0.1052516722955413,-0.9944456171551022,0.0,0.0,1.0,0.0,0.0,0.0,0.0,0.0,0.0,1.0,0.0,0.0,0.0,0.0,0.0,0.0,0.0,0.0,1.0,0.0,0.0,0.0,0.0,1.0
0.35872803860511976,-0.5045890377141937,0.7486911452911428,0.7517032519821352,1.0,0.45677449592932823,-0.889582519988173,0.0,0.0,1.0,0.0,0.0,0.0,1.0,0.0,0.0,0.0,0.0,0.0,0.0,0.0,0.0,0.0,0.0,0.0,0.0,1.0,0.0,0.0,0.0,1.0
0.3464087125652764,-0.3945996323078447,-0.2616887822128703,-0.274602643397497,0.0,0.7429014736019585,-0.6694007772030434,1.0,0.0,0.0,0.0,0.0,0.0,0.0,0.0,0.0,0.0,0.0,0.0,0.0,0.0,1.0,0.0,0.0,1.0,0.0,0.0,0.0,0.0,0.0,0.0
0.5839830048226011,-0.3756761332664494,0.8008223749332383,0.8118758702181899,1.0,0.5252241379245837,-0.8509639269330856,1.0,0.0,0.0,0.0,0.0,0.0,0.0,0.0,0.0,0.0,1.0,0.0,0.0,0.0,0.0,0.0,0.0,0.0,0.0,0.0,1.0,0.0,0.0,1.0
0.23585527130194908,-0.4966639731527683,-0.9538672752516868,-0.9773216491693419,1.0,-0.5122302486626684,0.8588481660660288,0.0,0.0,1.0,0.0,0.0,0.0,1.0,0.0,0.0,0.0,0.0,0.0,0.0,0.0,0.0,0.0,0.0,0.0,0.0,0.0,1.0,0.0,0.0,0.0
1.3508556779332552,0.7940863437318869,-0.8001007682022491,-0.7721298809686121,0.0,-0.11674296219854907,-0.9931621623768739,0.0,0.0,1.0,0.0,0.0,0.0,0.0,0.0,0.0,0.0,1.0,0.0,0.0,0.0,0.0,0.0,0.0,0.0,1.0,0.0,0.0,0.0,0.0,0.0
0.07711944960822707,-0.6280437484704513,0.0,0.0,-0.5,-0.32543063091175123,0.9455659175670301,0.0,0.0,0.0,0.0,0.0,0.0,0.0,0.0,0.0,0.0,0.0,0.0,0.0,1.0,0.0,0.0,0.0,0.0,0.0,0.0,1.0,0.0,0.0,1.0
-0.017395384504115076,0.7428063707423085,0.1757188756318938,0.16501609258088643,-0.5,0.8222682189897752,-0.569100145878898,0.0,0.0,1.0,0.0,0.0,0.0,0.0,0.0,0.0,0.0,0.0,0.0,0.0,0.0,0.0,1.0,0.0,0.0,0.0,0.0,1.0,0.0,0.0,1.0
-0.24345460773701807,-0.026254215515064096,-0.9630929312244302,-1.012936038704826,-0.5,0.3589788997052494,0.9333456752813549,0.0,0.0,0.0,0.0,0.0,0.0,1.0,0.0,0.0,0.0,0.0,0.0,0.0,0.0,0.0,0.0,0.0,0.0,0.0,0.0,0.0,0.0,1.0,0.0
0.009970990125222009,1.8798743686707464,0.12186515214636026,0.09732396286518175,1.0,0.5106054467832992,-0.8598151415945333,0.0,1.0,0.0,0.0,0.0,0.0,0.0,0.0,0.0,0.0,0.0,0.0,0.0,0.0,0.0,1.0,0.0,0.0,0.0,0.0,1.0,0.0,0.0,0.0
0.14233880881726851,0.3887014452598219,-0.4054195312017232,-0.4315869061341861,-0.5,0.9919773937279152,-0.12641538803790006,1.0,0.0,0.0,0.0,0.0,0.0,0.0,0.0,0.0,0.0,0.0,0.0,0.0,0.0,0.0,1.0,0.0,0.0,0.0,0.0,1.0,0.0,1.0,0.0
0.027945709634547858,2.267837969075304,0.7701573794048799,0.752860099902081,-0.5,-0.46045802033709643,0.8876814808855945,0.0,1.0,0.0,0.0,0.0,0.0,0.0,0.0,0.0,0.0,0.0,0.0,0.0,0.0,0.0,1.0,0.0,0.0,0.0,0.0,1.0,0.0,0.0,0.0
0.5182293426439235,-0.05281849166685856,0.052618210168846095,0.0383412453467859,0.0,-0.8498160413841254,-0.5270794018041443,0.0,1.0,0.0,0.0,0.0,0.0,0.0,0.0,0.0,0.0,0.0,1.0,0.0,0.0,0.0,0.0,0.0,0.0,0.0,1.0,0.0,0.0,0.0,0.0
-1.2107096349319222,0.0,0.16335148951127257,0.12411325541136277,0.0,-0.946859979747703,0.32164604575865596,0.0,0.0,1.0,0.0,0.0,0.0,0.0,0.0,0.0,0.0,0.0,1.0,0.0,0.0,0.0,0.0,0.0,1.0,0.0,0.0,0.0,0.0,0.0,0.0
-0.1559977487101168,-0.6990044103827991,0.8887292511024798,0.0,0.0,0.7615383075367367,0.6481199010631309,0.0,0.0,0.0,1.0,0.0,0.0,0.0,0.0,0.0,1.0,0.0,0.0,0.0,0.0,0.0,0.0,0.0,0.0,0.0,0.0,1.0,0.0,0.0,1.0
0.31863793722236494,-0.28289232518694324,0.5207949557771713,0.0,1.0,0.5820047032886727,-0.8131854188005735,0.0,1.0,0.0,0.0,0.0,0.0,0.0,0.0,0.0,0.0,0.0,0.0,0.0,1.0,0.0,0.0,0.0,1.0,0.0,0.0,0.0,0.0,0.0,0.0
0.14401958849330285,-0.144394433710335,-0.1400396788991303,-0.15845511223490624,-0.5,-0.017597828204668074,-0.9998451462313946,1.0,0.0,0.0,0.0,0.0,0.0,0.0,0.0,0.0,0.0,1.0,0.0,0.0,0.0,0.0,0.0,0.0,0.0,0.0,0.0,1.0,0.0,0.0,1.0
-0.8650487292716956,-0.6125656495398729,-0.0617561940056026,-0.08611906444056076,-0.5,-0.919192626061543,-0.3938082226085235,0.0,0.0,0.0,0.0,0.0,0.0,0.0,0.0,0.0,0.0,0.0,0.0,1.0,0.0,0.0,0.0,0.0,0.0,0.0,0.0,1.0,0.0,1.0,0.0
0.3280818895345106,1.0138126519959698,0.2850764036389429,0.2744043266112207,0.0,0.5531492388662155,-0.8330821805450688,0.0,1.0,0.0,0.0,0.0,0.0,0.0,0.0,0.0,1.0,0.0,0.0,0.0,0.0,0.0,0.0,0.0,0.0,1.0,0.0,0.0,0.0,0.0,1.0
-0.024518883103203225,-0.06114145270767533,-0.6227910094992827,-0.6445460817974111,0.0,0.375011118019009,-0.9270203133492453,0.0,0.0,1.0,0.0,0.0,0.0,0.0,0.0,0.0,0.0,0.0,0.0,0.0,1.0,0.0,0.0,0.0,0.0,0.0,0.0,1.0,0.0,0.0,1.0
0.5044141158476666,-0.035987618123174615,-0.8489816721512047,-0.8744117634907058,0.0,-0.31330193130972694,-0.9496535683277324,0.0,0.0,1.0,0.0,0.0,0.0,0.0,0.0,0.0,0.0,0.0,0.0,0.0,0.0,1.0,0.0,0.0,0.0,1.0,0.0,0.0,0.0,1.0,0.0
0.17551000425896693,0.06645585324952308,0.5496126766119787,0.5456521110408741,1.0,0.9694453498951389,-0.24530738587880285,0.0,1.0,0.0,0.0,0.0,0.0,0.0,0.0,0.0,0.0,0.0,0.0,0.0,0.0,1.0,0.0,0.0,0.0,1.0,0.0,0.0,0.0,0.0,1.0
-0.057309161592586456,3.7964964847037215,-0.5069574355062868,-0.5221515718671113,1.0,-0.998967268259602,-0.045435635199128174,1.0,0.0,0.0,0.0,0.0,0.0,0.0,0.0,0.0,0.0,1.0,0.0,0.0,0.0,0.0,0.0,0.0,0.0,0.0,1.0,0.0,0.0,0.0,0.0
0.14720314831152828,0.1773427379594992,-0.7635970332708653,-0.8056619442481935,-0.5,0.7080831287585941,-0.7061290836436637,0.0,0.0,0.0,0.0,0.0,0.0,0.0,0.0,0.0,0.0,0.0,0.0,0.0,0.0,1.0,0.0,0.0,0.0,0.0,0.0,1.0,0.0,1.0,0.0
0.148680303392771,1.9172662284628559,-0.5846221597853256,-0.6193102707437292,-0.5,0.9066148840320444,-0.42195906442635245,0.0,0.0,1.0,0.0,0.0,0.0,0.0,0.0,0.0,1.0,0.0,0.0,0.0,0.0,0.0,0.0,0.0,0.0,0.0,0.0,1.0,0.0,0.0,1.0
0.936111534915187,0.9308506306687944,0.3480356680748713,0.3596144391146809,2.5,0.7331861157753081,-0.6800280285652323,0.0,1.0,0.0,0.0,0.0,0.0,0.0,0.0,1.0,0.0,0.0,0.0,0.0,0.0,0.0,0.0,0.0,0.0,0.0,0.0,1.0,0.0,0.0,0.0
2.239450587639367,-0.5078740709507457,0.2161824253948664,0.41907642219991165,1.0,-0.9437288220682776,-0.33072029027203814,0.0,0.0,0.0,0.0,0.0,0.0,0.0,0.0,0.0,0.0,0.0,0.0,0.0,0.0,0.0,1.0,0.0,0.0,1.0,0.0,0.0,0.0,0.0,0.0
-0.7563004561912187,0.20011793480109893,0.366978951117364,0.3541607274920778,0.0,-0.45314795128855334,0.8914353225237303,0.0,1.0,0.0,0.0,0.0,0.0,0.0,1.0,0.0,0.0,0.0,0.0,0.0,0.0,0.0,0.0,0.0,0.0,0.0,0.0,1.0,0.0,1.0,0.0
-1.3700115945576943,0.0,-0.37589608742478176,-0.41562240483892954,1.0,0.012798731734084915,0.9999180928786112,0.0,0.0,0.0,0.0,0.0,0.0,0.0,0.0,0.0,0.0,0.0,0.0,0.0,0.0,1.0,0.0,0.0,0.0,1.0,0.0,0.0,0.0,0.0,0.0
-0.42180093139458325,-0.438782007314319,0.7979562598855626,0.7869210079450665,1.0,0.45716260603385267,-0.8893831298401923,0.0,1.0,0.0,0.0,0.0,0.0,0.0,0.0,0.0,0.0,1.0,0.0,0.0,0.0,0.0,0.0,0.0,0.0,0.0,0.0,1.0,1.0,0.0,0.0
-0.6795726057933187,0.24529438466382672,-0.11267114066142861,-0.13716911050789757,1.0,-0.9761225555066912,0.21722052534483588,1.0,0.0,0.0,0.0,0.0,0.0,0.0,0.0,0.0,0.0,1.0,0.0,0.0,0.0,0.0,0.0,0.0,0.0,0.0,0.0,1.0,0.0,0.0,0.0
0.5626420268520457,-0.475808520972795,0.012932253101035152,0.0062139259699963085,0.0,0.9999898355262329,-0.00450875195789264,1.0,0.0,0.0,0.0,0.0,0.0,0.0,1.0,0.0,0.0,0.0,0.0,0.0,0.0,0.0,0.0,0.0,1.0,0.0,0.0,0.0,0.0,1.0,0.0
1.0638212307073944,-0.6602485113211092,0.8951899524770437,0.9460702289319403,0.0,-0.9993958923745669,0.034754140830166994,1.0,0.0,0.0,0.0,0.0,0.0,0.0,0.0,0.0,0.0,0.0,1.0,0.0,0.0,0.0,0.0,0.0,0.0,1.0,0.0,0.0,0.0,0.0,0.0
0.5431147405458028,-0.43733407062515756,0.9569736338945606,0.9730908910621103,-0.5,0.840054104215834,-0.5425026285559662,0.0,1.0,0.0,0.0,0.0,0.0,0.0,0.0,1.0,0.0,0.0,0.0,0.0,0.0,0.0,0.0,0.0,0.0,1.0,0.0,0.0,0.0,0.0,1.0
-0.278904800470659,0.3406438715094853,0.31269185153983947,0.2852291178621451,2.5,0.9952203009214821,0.09765527447995108,1.0,0.0,0.0,0.0,1.0,0.0,0.0,0.0,0.0,0.0,0.0,0.0,0.0,0.0,0.0,0.0,0.0,0.0,0.0,0.0,1.0,0.0,1.0,0.0
0.48010123116445536,-0.07525400255250057,0.8870895861473085,0.8854679243256196,1.0,-0.1591632797289132,0.9872522729201163,0.0,0.0,0.0,0.0,0.0,0.0,0.0,1.0,0.0,0.0,0.0,0.0,0.0,0.0,0.0,0.0,0.0,0.0,0.0,1.0,0.0,0.0,0.0,1.0
0.849124462378479,-0.33521336917179084,0.06929186728275792,0.06139557175142659,-0.5,-0.2538282856097207,-0.9672492964197131,0.0,0.0,0.0,1.0,1.0,0.0,0.0,0.0,0.0,0.0,0.0,0.0,0.0,0.0,0.0,0.0,0.0,1.0,0.0,0.0,0.0,0.0,0.0,1.0
0.4296042781174728,0.6191859061282492,-0.4056534729667108,-0.410813222771725,2.5,0.42136559603776425,0.906890861391678,1.0,0.0,0.0,0.0,0.0,0.0,0.0,0.0,0.0,0.0,0.0,0.0,0.0,0.0,0.0,0.0,0.0,0.0,0.0,0.0,1.0,0.0,0.0,0.0
0.3439728254374845,0.6211538242333854,-0.3898170361717963,-0.41863020943078944,2.5,-0.6103180001658427,-0.7921565114758361,1.0,0.0,0.0,0.0,0.0,0.0,0.0,0.0,0.0,0.0,0.0,0.0,0.0,0.0,0.0,0.0,0.0,0.0,0.0,0.0,1.0,0.0,0.0,0.0
-0.14118956273656447,0.1477903386419743,0.1046418024154784,0.09203551523114244,2.5,0.3994158683330004,0.9167698534113102,0.0,0.0,1.0,0.0,0.0,0.0,0.0,0.0,1.0,0.0,0.0,0.0,0.0,0.0,0.0,0.0,0.0,0.0,1.0,0.0,0.0,0.0,0.0,0.0
-0.8356749574425055,0.3676571086772975,0.19811137149451097,0.18241839057664738,1.0,-0.6732276349972344,-0.7394352922846126,0.0,0.0,0.0,0.0,0.0,0.0,0.0,0.0,0.0,0.0,0.0,0.0,0.0,1.0,0.0,0.0,0.0,0.0,0.0,0.0,0.0,0.0,0.0,1.0
0.7580155026830915,-0.4760369994670598,-0.13731479955656506,-0.15349719257799427,2.5,-0.6562236654645442,0.7545664323863591,0.0,0.0,1.0,0.0,0.0,0.0,0.0,0.0,1.0,0.0,0.0,0.0,0.0,0.0,0.0,0.0,0.0,1.0,0.0,0.0,0.0,0.0,0.0,0.0
1.2213734731348802,-0.10529855737225276,0.763313112671598,0.7970847432417357,-0.5,0.8489332562641387,-0.5285000722883263,1.0,0.0,0.0,0.0,0.0,0.0,0.0,0.0,0.0,0.0,0.0,0.0,1.0,0.0,0.0,0.0,0.0,0.0,1.0,0.0,0.0,0.0,0.0,0.0
-0.9182510000623066,-0.5172257940969195,-0.16351507800190704,-0.19240033548589672,1.0,-0.3197862717074512,-0.9474897046551208,1.0,0.0,0.0,0.0,0.0,0.0,0.0,0.0,0.0,0.0,0.0,0.0,0.0,0.0,1.0,0.0,0.0,0.0,0.0,0.0,1.0,0.0,0.0,1.0
0.5056041237313249,1.281987814055246,-0.4743111929996538,-0.5053772770278924,1.0,0.5008814487356344,0.8655159006699369,0.0,0.0,1.0,0.0,0.0,0.0,0.0,0.0,0.0,0.0,0.0,0.0,0.0,0.0,0.0,1.0,0.0,0.0,1.0,0.0,0.0,0.0,0.0,1.0
-0.595900446267472,0.09057565092547795,-1.0125570340973213,-1.039146907291034,-0.5,-0.771670838260829,0.6360221044726586,0.0,1.0,0.0,0.0,0.0,0.0,0.0,0.0,0.0,1.0,0.0,0.0,0.0,0.0,0.0,0.0,0.0,0.0,0.0,1.0,0.0,0.0,0.0,1.0
0.28059070680630865,1.0436319027882073,0.9393161291577559,0.9443349570520212,-0.5,0.3960797660391568,0.918216106880274,0.0,0.0,1.0,0.0,0.0,0.0,0.0,0.0,0.0,0.0,0.0,0.0,0.0,1.0,0.0,0.0,0.0,0.0,1.0,0.0,0.0,0.0,0.0,0.0
-0.9291099497292822,0.7136466231181903,0.6427475768481377,0.6441990274214272,2.5,0.5478066051950441,0.8366049983741916,1.0,0.0,0.0,0.0,0.0,0.0,0.0,1.0,0.0,0.0,0.0,0.0,0.0,0.0,0.0,0.0,0.0,0.0,0.0,0.0,1.0,0.0,0.0,0.0
0.516740436823376,0.01589879544903743,0.21945017878500642,0.2329065390828676,0.0,-0.8244967240959908,0.5658667263189978,0.0,0.0,0.0,0.0,0.0,0.0,0.0,0.0,0.0,0.0,0.0,0.0,0.0,0.0,0.0,0.0,1.0,0.0,1.0,0.0,0.0,1.0,0.0,0.0
0.2515690991405981,2.7197041576227403,0.655378285357829,0.6545115003078041,1.0,-0.15980940069416827,-0.987147889350816,0.0,1.0,0.0,0.0,1.0,0.0,0.0,0.0,0.0,0.0,0.0,0.0,0.0,0.0,0.0,0.0,0.0,1.0,0.0,0.0,0.0,0.0,0.0,0.0
0.5519789053199649,0.4744279996152776,0.6143104993575617,0.6208968050339412,-0.5,-0.5092917739166871,-0.8605939164442159,0.0,0.0,1.0,0.0,0.0,0.0,0.0,0.0,0.0,0.0,0.0,1.0,0.0,0.0,0.0,0.0,0.0,1.0,0.0,0.0,0.0,0.0,1.0,0.0
0.4159938642197272,0.25881158974856994,0.8608052354464464,0.8591083181497047,-0.5,0.9999559973844911,0.009381007130764271,1.0,0.0,0.0,0.0,0.0,0.0,0.0,0.0,0.0,0.0,0.0,0.0,1.0,0.0,0.0,0.0,0.0,1.0,0.0,0.0,0.0,0.0,1.0,0.0
0.07454242887169357,0.6934167452293459,-0.2458988206586493,-0.25648971025091194,0.0,-0.9993625896697194,0.03569894072143038,0.0,0.0,1.0,0.0,0.0,0.0,0.0,0.0,0.0,0.0,0.0,0.0,1.0,0.0,0.0,0.0,0.0,0.0,0.0,0.0,1.0,0.0,1.0,0.0
0.5224917496152154,-0.1546920862755412,0.09635171224039749,0.08902771063928243,-0.5,-0.4236725124155017,0.9058154349664929,0.0,1.0,0.0,0.0,0.0,1.0,0.0,0.0,0.0,0.0,0.0,0.0,0.0,0.0,0.0,0.0,0.0,0.0,0.0,1.0,0.0,0.0,0.0,0.0
-0.3676135058724102,-0.11280085955878413,-0.8287505781355238,-0.8688919462726773,1.0,-0.9819036655178568,-0.1893810751965382,0.0,0.0,1.0,0.0,0.0,0.0,0.0,0.0,0.0,0.0,0.0,0.0,0.0,0.0,0.0,1.0,0.0,0.0,1.0,0.0,0.0,0.0,1.0,0.0
0.3620574666917678,0.4284564251339289,0.928662703213566,0.9272631870333874,0.0,-0.36298019711615437,-0.931796853665818,0.0,0.0,1.0,0.0,0.0,0.0,1.0,0.0,0.0,0.0,0.0,0.0,0.0,0.0,0.0,0.0,0.0,0.0,1.0,0.0,0.0,0.0,1.0,0.0
-0.4380638308346725,-0.44472957674276425,0.9688354868995889,0.9658688547618753,-0.5,-0.4124420528009625,0.9109838379912829,0.0,0.0,1.0,0.0,0.0,0.0,0.0,0.0,0.0,0.0,0.0,1.0,0.0,0.0,0.0,0.0,0.0,0.0,1.0,0.0,0.0,0.0,0.0,1.0
0.39914924385483264,-0.33857622771097234,0.5713123924581811,0.575498787375484,-0.5,0.998269888750704,-0.05879820757180431,0.0,0.0,1.0,0.0,0.0,0.0,1.0,0.0,0.0,0.0,0.0,0.0,0.0,0.0,0.0,0.0,0.0,0.0,0.0,0.0,0.0,0.0,0.0,0.0
-0.19445294783876893,-0.3659925587385532,-0.10790469196682476,-0.128112643934605,0.0,0.8460768904215417,0.5330608740984604,0.0,0.0,1.0,0.0,0.0,0.0,0.0,1.0,0.0,0.0,0.0,0.0,0.0,0.0,0.0,0.0,0.0,0.0,0.0,0.0,1.0,0.0,0.0,0.0
0.2972606275666961,1.388021235986611,-0.02183587887800403,-0.0320116345847949,-0.5,-0.45858493120283905,-0.8886505842420221,0.0,0.0,0.0,0.0,0.0,0.0,0.0,0.0,0.0,0.0,1.0,0.0,0.0,0.0,0.0,0.0,0.0,1.0,0.0,0.0,0.0,0.0,0.0,0.0
-0.2604250071545835,-0.41981482343102833,-0.1459329553927221,-0.17084991137718614,1.0,-0.8713565723724003,-0.4906503070246893,0.0,1.0,0.0,0.0,0.0,0.0,0.0,0.0,0.0,1.0,0.0,0.0,0.0,0.0,0.0,0.0,0.0,1.0,0.0,0.0,0.0,0.0,0.0,1.0
-0.2471925064007905,-0.4041636638779086,-0.43398562759289155,-0.4582274610906597,0.0,0.9806289055593351,-0.195874831414096,0.0,0.0,0.0,0.0,0.0,0.0,1.0,0.0,0.0,0.0,0.0,0.0,0.0,0.0,0.0,0.0,0.0,0.0,1.0,0.0,0.0,0.0,0.0,1.0
-0.2166322039902884,0.26099516023328195,0.04147947869324784,0.02609518379421341,-0.5,-0.7137090403952537,0.7004422928822089,1.0,0.0,0.0,0.0,0.0,0.0,1.0,0.0,0.0,0.0,0.0,0.0,0.0,0.0,0.0,0.0,0.0,0.0,1.0,0.0,0.0,0.0,0.0,0.0
-0.8946627243505046,0.05726834692941195,-0.9203696828474769,-0.9510777277854213,0.0,0.014762040385218146,-0.9998910351451628,0.0,1.0,0.0,0.0,0.0,0.0,0.0,0.0,0.0,1.0,0.0,0.0,0.0,0.0,0.0,0.0,0.0,0.0,1.0,0.0,0.0,0.0,0.0,1.0
0.5812326490005094,1.0899069766735006,0.9825429676426332,1.000359449175126,-0.5,0.4014816025562957,0.9158670879602719,0.0,1.0,0.0,0.0,0.0,0.0,0.0,0.0,0.0,0.0,0.0,0.0,0.0,1.0,0.0,0.0,0.0,0.0,0.0,0.0,1.0,0.0,0.0,0.0
-0.026733556799339607,0.6106716329426437,-0.16888043420904686,-0.1889793709226274,-0.5,0.5268321780419947,-0.8499693266109831,1.0,0.0,0.0,0.0,0.0,0.0,0.0,0.0,0.0,0.0,0.0,0.0,0.0,0.0,0.0,1.0,0.0,0.0,1.0,0.0,0.0,0.0,0.0,1.0
-0.873067726043885,0.8961660031985667,0.8517124692194821,0.847490259753674,-0.5,0.9737612589359446,-0.22757198991854066,0.0,0.0,0.0,0.0,0.0,1.0,0.0,0.0,0.0,0.0,0.0,0.0,0.0,0.0,0.0,0.0,0.0,0.0,1.0,0.0,0.0,1.0,0.0,0.0
-0.4317247567818197,-0.5628992365008391,0.43988916778804327,0.4169775695451523,1.0,0.9949539359643013,0.10033277285685407,0.0,0.0,1.0,0.0,0.0,0.0,0.0,0.0,1.0,0.0,0.0,0.0,0.0,0.0,0.0,0.0,0.0,0.0,0.0,1.0,0.0,0.0,0.0,0.0
-0.4679660252125668,0.8629924512800894,-0.44081447412014185,-0.46027673454885,2.5,0.6755902076156602,0.7372773368101241,0.0,0.0,0.0,0.0,0.0,1.0,0.0,0.0,0.0,0.0,0.0,0.0,0.0,0.0,0.0,0.0,0.0,0.0,0.0,1.0,0.0,0.0,0.0,0.0
0.23089551114207343,0.09373796746176342,-0.5784780796095444,-0.6060560988609179,1.0,0.06591108517473405,0.9978255002008563,1.0,0.0,0.0,0.0,1.0,0.0,0.0,0.0,0.0,0.0,0.0,0.0,0.0,0.0,0.0,0.0,0.0,0.0,1.0,0.0,0.0,0.0,0.0,0.0
-0.20708003506986622,0.10327849700672545,0.9902247857294314,0.9876671748534317,0.0,0.9989339623844308,0.04616209261873486,1.0,0.0,0.0,0.0,0.0,0.0,0.0,0.0,0.0,0.0,0.0,0.0,1.0,0.0,0.0,0.0,0.0,0.0,1.0,0.0,0.0,0.0,0.0,1.0
0.6128434558007997,-0.6699900118883579,0.5369262618910375,0.5367278556584324,0.0,0.36453821877640313,0.9311884272537579,0.0,1.0,0.0,0.0,0.0,0.0,0.0,0.0,0.0,0.0,0.0,1.0,0.0,0.0,0.0,0.0,0.0,0.0,1.0,0.0,0.0,0.0,0.0,1.0
-0.8230909757132946,0.3521967695432206,-0.5224946072976545,-0.5629221978457839,0.0,-0.976859298345141,0.2138829381616004,1.0,0.0,0.0,0.0,0.0,0.0,1.0,0.0,0.0,0.0,0.0,0.0,0.0,0.0,0.0,0.0,0.0,1.0,0.0,0.0,0.0,1.0,0.0,0.0
0.2560075794946887,-0.45770518650696923,-0.8919814215109381,-0.9296925676652743,1.0,-0.428278096077034,-0.9036469844029973,1.0,0.0,0.0,0.0,0.0,0.0,1.0,0.0,0.0,0.0,0.0,0.0,0.0,0.0,0.0,0.0,0.0,1.0,0.0,0.0,0.0,0.0,0.0,0.0
0.19734323142781587,0.26432309683052685,0.3844206200157312,0.3673983729760327,2.5,-0.9726915479890901,0.23210159945719402,0.0,1.0,0.0,0.0,1.0,0.0,0.0,0.0,0.0,0.0,0.0,0.0,0.0,0.0,0.0,0.0,0.0,0.0,1.0,0.0,0.0,1.0,0.0,0.0
-0.35059988770372996,2.4536170897351184,-0.4143047859853308,-0.44508897399984293,-0.5,0.9935141003536694,-0.11370898116876636,0.0,1.0,0.0,0.0,0.0,0.0,0.0,0.0,0.0,0.0,0.0,0.0,0.0,0.0,1.0,0.0,0.0,0.0,1.0,0.0,0.0,0.0,0.0,0.0
0.12414794785811029,0.16819657899411336,-0.5799417107315866,-0.6002222800646182,-0.5,0.5284383347223472,-0.8489716876291414,0.0,0.0,1.0,0.0,0.0,0.0,0.0,0.0,0.0,0.0,0.0,0.0,0.0,0.0,0.0,0.0,0.0,1.0,0.0,0.0,0.0,0.0,0.0,1.0
-0.08597812468539867,-0.02657274650188186,0.461516908118167,0.4510715303858502,1.0,0.024577578581502973,0.999697925691091,0.0,0.0,1.0,0.0,0.0,1.0,0.0,0.0,0.0,0.0,0.0,0.0,0.0,0.0,0.0,0.0,0.0,0.0,0.0,0.0,1.0,0.0,0.0,0.0
0.843927263538829,0.8134725176269515,0.3486204887417412,0.3624404533191207,1.0,-0.9999612858084543,-0.008799254758368234,0.0,0.0,0.0,1.0,0.0,0.0,1.0,0.0,0.0,0.0,0.0,0.0,0.0,0.0,0.0,0.0,0.0,0.0,1.0,0.0,0.0,0.0,1.0,0.0
0.0009740100424303159,-0.6167506986637613,-0.05256434526448882,-0.06749381292942801,1.0,0.9540879768630175,-0.29952651369358657,1.0,0.0,0.0,0.0,0.0,0.0,0.0,0.0,0.0,0.0,0.0,0.0,0.0,0.0,1.0,0.0,0.0,0.0,0.0,0.0,1.0,0.0,0.0,1.0
0.7896320976826718,1.59749791917494,0.8827152326899732,0.8951358676565981,1.0,0.15384816987279032,-0.9880944998464434,0.0,0.0,1.0,0.0,0.0,0.0,0.0,0.0,0.0,0.0,0.0,0.0,0.0,0.0,0.0,1.0,0.0,0.0,1.0,0.0,0.0,0.0,0.0,1.0
0.5572424077683783,0.8078014825524175,0.34938503323933207,0.35830885360502746,2.5,-0.1259825442271341,-0.9920324584155794,1.0,0.0,0.0,0.0,0.0,0.0,0.0,0.0,0.0,1.0,0.0,0.0,0.0,0.0,0.0,0.0,0.0,0.0,0.0,0.0,1.0,0.0,1.0,0.0
-0.8501755418148008,0.7552233493665366,0.7828768663503656,0.7822770898664256,0.0,0.9999901607677061,-0.004436030633049739,0.0,0.0,1.0,0.0,1.0,0.0,0.0,0.0,0.0,0.0,0.0,0.0,0.0,0.0,0.0,0.0,0.0,1.0,0.0,0.0,0.0,0.0,0.0,0.0
-0.11898125704512678,1.8829869261810672,-0.6423511075607712,-0.6667245090626639,2.5,-0.2965415749755711,0.9550199444571866,0.0,0.0,0.0,0.0,1.0,0.0,0.0,0.0,0.0,0.0,0.0,0.0,0.0,0.0,0.0,0.0,0.0,1.0,0.0,0.0,0.0,0.0,0.0,0.0
0.5557371737715873,0.5994908425131161,-0.4272225731912689,-0.439602209579527,2.5,0.08940132437890236,0.9959956843276472,0.0,1.0,0.0,0.0,0.0,0.0,0.0,0.0,0.0,0.0,0.0,1.0,0.0,0.0,0.0,0.0,0.0,0.0,0.0,0.0,1.0,0.0,1.0,0.0
0.11657621980418725,-0.5647265005210039,-0.8168029343845159,-0.8512913314906397,1.0,-0.2361315530441405,0.971721096640884,1.0,0.0,0.0,0.0,0.0,0.0,0.0,0.0,1.0,0.0,0.0,0.0,0.0,0.0,0.0,0.0,0.0,0.0,0.0,1.0,0.0,0.0,0.0,0.0
-0.001145071104858767,1.4448951984482143,-0.41113433742437666,0.0,0.0,-0.9563260153046722,-0.29230215950534444,0.0,0.0,0.0,0.0,1.0,0.0,0.0,0.0,0.0,0.0,0.0,0.0,0.0,0.0,0.0,0.0,0.0,0.0,0.0,0.0,1.0,0.0,0.0,0.0
0.043375236647045956,-0.06287876124500254,0.9417677655447518,0.9416576804372885,-0.5,-0.5881381965846751,0.8087604476716984,1.0,0.0,0.0,0.0,0.0,0.0,0.0,0.0,0.0,0.0,0.0,1.0,0.0,0.0,0.0,0.0,0.0,1.0,0.0,0.0,0.0,0.0,0.0,1.0
0.38533207582314444,2.6111304666282904,0.9236761360531682,0.9404016741242042,0.0,-0.9880497054242566,-0.1541355883987849,0.0,0.0,1.0,0.0,1.0,0.0,0.0,0.0,0.0,0.0,0.0,0.0,0.0,0.0,0.0,0.0,0.0,0.0,0.0,0.0,1.0,0.0,0.0,1.0
-0.32836829185279615,0.532924351138655,0.5131206397491731,0.5109962526390595,0.0,-0.33065165950096237,0.9437528702310047,0.0,0.0,1.0,0.0,0.0,0.0,0.0,0.0,0.0,0.0,0.0,0.0,0.0,1.0,0.0,0.0,0.0,0.0,0.0,1.0,0.0,0.0,0.0,0.0
-0.2600199468304315,0.4847913050772287,0.027806165077130667,-0.004015914922098605,1.0,0.6053518733414486,-0.7959579822088593,0.0,1.0,0.0,0.0,0.0,0.0,0.0,1.0,0.0,0.0,0.0,0.0,0.0,0.0,0.0,0.0,0.0,0.0,0.0,1.0,0.0,0.0,0.0,0.0
0.5607918292208952,-0.6649984496950027,0.5544731616381262,0.5592368109008127,-0.5,-0.4755602379632591,-0.8796831589091202,1.0,0.0,0.0,0.0,1.0,0.0,0.0,0.0,0.0,0.0,0.0,0.0,0.0,0.0,0.0,0.0,0.0,0.0,1.0,0.0,0.0,0.0,0.0,0.0
0.09025415409065497,-0.22123465591807143,0.09358326273229098,0.0579580807893009,0.0,0.0071267007835710845,-0.9999746047455113,1.0,0.0,0.0,0.0,0.0,0.0,0.0,0.0,0.0,0.0,0.0,1.0,0.0,0.0,0.0,0.0,0.0,0.0,0.0,1.0,0.0,0.0,0.0,1.0
-0.033948039088339675,-0.47569489585972435,-0.01173709837555082,-0.035862285518329734,-0.5,0.30977768602007494,-0.9508090161773014,0.0,1.0,0.0,0.0,0.0,0.0,0.0,0.0,0.0,0.0,0.0,0.0,0.0,0.0,0.0,0.0,0.0,1.0,0.0,0.0,0.0,1.0,0.0,0.0
0.3142961187507743,0.004419918399687821,0.18571648081141834,0.18048480191045177,0.0,0.900033720500134,0.43582026336861246,0.0,0.0,0.0,0.0,0.0,0.0,0.0,0.0,0.0,0.0,1.0,0.0,0.0,0.0,0.0,0.0,0.0,0.0,1.0,0.0,0.0,0.0,0.0,1.0
-0.07249179673666023,-0.3346724911166215,-0.48987465413340747,-0.5267293843503266,0.0,0.6889873220616205,0.724773392198111,0.0,1.0,0.0,0.0,0.0,0.0,0.0,1.0,0.0,0.0,0.0,0.0,0.0,0.0,0.0,0.0,0.0,1.0,0.0,0.0,0.0,0.0,0.0,0.0
0.05497326522728287,-0.528111188575405,-0.6165164893652024,-0.6579159384722171,1.0,0.4183294996923886,-0.9082953427641891,1.0,0.0,0.0,0.0,0.0,0.0,0.0,0.0,0.0,0.0,0.0,0.0,1.0,0.0,0.0,0.0,0.0,0.0,0.0,1.0,0.0,1.0,0.0,0.0
-1.0741521036712431,-0.578400408517546,-0.47352960658746546,-0.5105335134710808,-0.5,-0.4804148496204226,-0.8770413743171908,1.0,0.0,0.0,0.0,0.0,0.0,0.0,1.0,0.0,0.0,0.0,0.0,0.0,0.0,0.0,0.0,0.0,0.0,1.0,0.0,0.0,0.0,0.0,1.0
0.1163046843541678,-0.5792044665670517,0.23581028740100124,0.2236848085210113,1.0,-0.9326914910858843,0.36067517582443853,1.0,0.0,0.0,0.0,0.0,0.0,0.0,0.0,0.0,0.0,0.0,0.0,0.0,0.0,0.0,1.0,0.0,0.0,0.0,1.0,0.0,0.0,0.0,0.0
-0.1515881389173373,0.27085864506218055,-0.7325627063321338,-0.7800790788185278,0.0,-0.9620792634141422,-0.2727700330104128,0.0,1.0,0.0,0.0,0.0,0.0,0.0,0.0,1.0,0.0,0.0,0.0,0.0,0.0,0.0,0.0,0.0,0.0,1.0,0.0,0.0,1.0,0.0,0.0
0.6229320286448606,0.059149009179051804,0.4318934814980126,0.4433867549176367,2.5,-0.998226865523942,-0.05952415430937073,1.0,0.0,0.0,0.0,0.0,0.0,0.0,0.0,0.0,0.0,1.0,0.0,0.0,0.0,0.0,0.0,0.0,0.0,1.0,0.0,0.0,0.0,1.0,0.0
-0.09548090361190717,-0.4312329084442826,-0.17166920838527536,-0.19549077207203852,0.0,0.5970419212977199,0.8022100374672004,0.0,0.0,0.0,0.0,1.0,0.0,0.0,0.0,0.0,0.0,0.0,0.0,0.0,0.0,0.0,0.0,0.0,0.0,0.0,0.0,1.0,0.0,0.0,1.0
1.056492033314062,-0.40377447301659736,-0.3122459873543699,-0.3056061676520531,0.0,0.8190686123140684,0.5736955711193058,0.0,0.0,0.0,0.0,0.0,0.0,0.0,0.0,0.0,1.0,0.0,0.0,0.0,0.0,0.0,0.0,0.0,0.0,0.0,0.0,1.0,0.0,0.0,1.0
0.3891779674993165,0.03726327269752403,0.6081098071066845,0.6167486789209915,-0.5,0.9257606362101971,-0.37811009566486187,0.0,1.0,0.0,0.0,0.0,0.0,0.0,0.0,0.0,0.0,0.0,0.0,0.0,0.0,1.0,0.0,0.0,0.0,0.0,0.0,1.0,0.0,0.0,0.0
-0.5601290487542163,-0.3715823166510368,-0.002579486560908549,-0.030970471456843392,-0.5,0.36792169816324255,0.9298567760793465,0.0,0.0,0.0,0.0,0.0,0.0,0.0,0.0,0.0,0.0,0.0,0.0,0.0,0.0,1.0,0.0,0.0,0.0,1.0,0.0,0.0,0.0,0.0,0.0
-0.8441742858167505,2.3739183217048394,-0.2614457206127017,-0.2775112895962187,0.0,0.920220462378054,0.39140043513097994,1.0,0.0,0.0,0.0,0.0,0.0,1.0,0.0,0.0,0.0,0.0,0.0,0.0,0.0,0.0,0.0,0.0,0.0,0.0,1.0,0.0,0.0,0.0,1.0
-0.11845148131815361,-0.046554101952160205,0.7519237898627054,0.7467949115217923,-0.5,-0.1286513624917968,0.9916898844543108,1.0,0.0,0.0,0.0,0.0,0.0,1.0,0.0,0.0,0.0,0.0,0.0,0.0,0.0,0.0,0.0,0.0,0.0,1.0,0.0,0.0,0.0,0.0,0.0
-0.03952504792155838,1.222213084457841,-0.28202506970663643,-0.29911129290149846,0.0,-0.7657171300395483,0.6431774846525626,0.0,1.0,0.0,0.0,0.0,0.0,0.0,0.0,0.0,0.0,0.0,0.0,0.0,0.0,1.0,0.0,0.0,0.0,1.0,0.0,0.0,0.0,0.0,1.0
-1.0669866327790858,-0.06146627324136802,0.7130836564990469,0.7060077591442632,0.0,-0.4557391106968593,0.8901133989448962,0.0,1.0,0.0,0.0,0.0,0.0,0.0,0.0,0.0,0.0,0.0,0.0,0.0,0.0,0.0,1.0,0.0,0.0,1.0,0.0,0.0,0.0,1.0,0.0
-0.09674819087553348,1.303237522766112,-0.006360303771182314,-0.019782099431078577,0.0,0.9870780653780727,0.1602401099896062,0.0,0.0,1.0,0.0,0.0,1.0,0.0,0.0,0.0,0.0,0.0,0.0,0.0,0.0,0.0,0.0,0.0,0.0,0.0,0.0,1.0,0.0,1.0,0.0
-0.2891524533210518,0.4662334627274966,-0.606958688187857,-0.6382825766308456,-0.5,0.7296651928813761,0.6838045819511479,1.0,0.0,0.0,0.0,0.0,0.0,0.0,0.0,0.0,1.0,0.0,0.0,0.0,0.0,0.0,0.0,0.0,0.0,0.0,1.0,0.0,0.0,0.0,1.0
0.08509717356693591,0.5226673898485655,0.2138913501486227,0.19712688555881966,1.0,0.8081184073729841,-0.5890200672854462,1.0,0.0,0.0,0.0,0.0,0.0,0.0,0.0,1.0,0.0,0.0,0.0,0.0,0.0,0.0,0.0,0.0,1.0,0.0,0.0,0.0,0.0,1.0,0.0
1.4738655411569963,2.892745705348443,-0.4501813789151866,0.0,2.5,-0.9459910950443835,-0.32419260956525237,0.0,0.0,1.0,0.0,0.0,0.0,0.0,0.0,0.0,0.0,0.0,0.0,0.0,0.0,1.0,0.0,0.0,1.0,0.0,0.0,0.0,0.0,1.0,0.0
-1.0550508776009095,0.0,-0.7303504113518855,-0.7681470188442262,-0.5,-0.5935944730661451,-0.8047643142842043,0.0,0.0,0.0,0.0,0.0,1.0,0.0,0.0,0.0,0.0,0.0,0.0,0.0,0.0,0.0,0.0,0.0,0.0,1.0,0.0,0.0,0.0,0.0,1.0
0.6416885536372221,-0.21728199471303056,-0.8532834514978145,-0.8836500204514185,-0.5,0.9880721130861826,0.1539918807645587,0.0,1.0,0.0,0.0,0.0,0.0,1.0,0.0,0.0,0.0,0.0,0.0,0.0,0.0,0.0,0.0,0.0,0.0,0.0,0.0,1.0,0.0,0.0,0.0
5.035941233713709,0.6003746622078444,-0.5386437776696374,1.995209410131509,2.5,-0.8553265859115448,-0.5180892118476323,0.0,0.0,1.0,0.0,0.0,0.0,0.0,0.0,0.0,0.0,0.0,0.0,0.0,1.0,0.0,0.0,0.0,0.0,0.0,0.0,1.0,0.0,0.0,0.0
-0.40153449902938776,1.5902737011129202,0.46479621729424064,0.4494849960956383,-0.5,-0.9623762369090082,-0.27172040525668373,0.0,1.0,0.0,0.0,1.0,0.0,0.0,0.0,0.0,0.0,0.0,0.0,0.0,0.0,0.0,0.0,0.0,0.0,0.0,0.0,1.0,0.0,0.0,0.0
-0.04257385819345856,0.06113489473082018,0.6704990490859809,0.6503468477959982,2.5,-0.7019459033103682,-0.712230263907531,0.0,0.0,0.0,0.0,0.0,0.0,0.0,0.0,0.0,0.0,1.0,0.0,0.0,0.0,0.0,0.0,0.0,0.0,1.0,0.0,0.0,0.0,0.0,0.0
0.6178533816366906,-0.011936579967045237,0.7186002402242412,0.7190801406396545,-0.5,-0.8967440470248228,0.44254956120816835,0.0,0.0,1.0,0.0,0.0,0.0,0.0,0.0,0.0,1.0,0.0,0.0,0.0,0.0,0.0,0.0,0.0,1.0,0.0,0.0,0.0,0.0,0.0,0.0
0.019952467884384636,1.0895129947122322,-0.48095278546303544,-0.5238042117527486,1.0,-0.35333878522181816,0.935495431767558,1.0,0.0,0.0,0.0,0.0,0.0,0.0,0.0,1.0,0.0,0.0,0.0,0.0,0.0,0.0,0.0,0.0,0.0,0.0,0.0,1.0,0.0,0.0,0.0
-1.1623108877922625,2.4183186484838597,0.3115364617961854,0.2866669145626496,0.0,0.5364406658334057,0.8439380380337246,0.0,1.0,0.0,0.0,0.0,0.0,0.0,0.0,1.0,0.0,0.0,0.0,0.0,0.0,0.0,0.0,0.0,1.0,0.0,0.0,0.0,0.0,0.0,1.0
0.20497224530963984,-0.516342855659053,-0.5616449470000803,-0.5727388787664696,2.5,0.35374693845905003,-0.9353411695904597,0.0,1.0,0.0,0.0,0.0,0.0,0.0,0.0,0.0,0.0,1.0,0.0,0.0,0.0,0.0,0.0,0.0,0.0,0.0,0.0,1.0,1.0,0.0,0.0
